latitude,longitude,ph,moisture,nitrogen,cec
8260500.000000001,-10749250.0,66.0,487.0,824.0,336.0
8260500.000000001,-10449250.0,63.0,505.0,868.0,422.0
8260500.000000001,-10349250.0,65.0,487.0,924.0,422.0
8260500.000000001,-10149250.0,65.0,502.0,1006.0,444.0
8260500.000000001,1650750.0,64.0,468.0,1047.0,444.0
8260500.000000001,1850750.0,64.0,473.0,1031.0,373.0
8160500.000000001,-10949250.0,65.0,514.0,972.0,459.0
8160500.000000001,-10749250.0,63.0,526.0,759.0,367.0
8160500.000000001,-10549250.0,63.0,517.0,799.0,355.0
8160500.000000001,-10349250.0,65.0,495.0,764.0,363.0
8160500.000000001,-10249250.0,67.0,476.0,669.0,301.0
8160500.000000001,1550750.0,63.0,470.0,1227.0,402.0
8160500.000000001,5550750.0,65.0,449.0,1023.0,477.0
8060500.000000001,-11149250.0,68.0,545.0,1066.0,453.0
8060500.000000001,-10949250.0,67.0,528.0,986.0,397.0
8060500.000000001,-10549250.0,61.0,560.0,751.0,378.0
8060500.000000001,1450750.0,65.0,457.0,1086.0,476.0
8060500.000000001,2750750.0,61.0,423.0,869.0,414.0
8060500.000000001,3050750.0,61.0,454.0,963.0,405.0
7960500.000000001,-11949250.0,68.0,517.0,1039.0,347.0
7960500.000000001,-10949250.0,68.0,494.0,745.0,326.0
7960500.000000001,-10749250.0,66.0,523.0,696.0,351.0
7960500.000000001,-10649250.0,62.0,519.0,649.0,340.0
7960500.000000001,-10549250.0,62.0,557.0,769.0,347.0
7960500.000000001,-9849250.0,66.0,509.0,714.0,435.0
7960500.000000001,1250750.0,63.0,476.0,1155.0,493.0
7960500.000000001,4750750.0,65.0,441.0,1144.0,443.0
7960500.000000001,4850750.0,65.0,474.0,1305.0,506.0
7960500.000000001,6150750.0,60.0,499.0,1566.0,613.0
7960500.000000001,6250750.0,63.0,478.0,1239.0,498.0
7960500.000000001,6350750.0,63.0,462.0,1166.0,456.0
7960500.000000001,6450750.0,62.0,478.0,1255.0,491.0
7860500.000000001,-11849250.0,69.0,484.0,728.0,336.0
7860500.000000001,-11749250.0,70.0,493.0,726.0,339.0
7860500.000000001,-11649250.0,71.0,476.0,751.0,268.0
7860500.000000001,-11549250.0,72.0,497.0,982.0,295.0
7860500.000000001,-11449250.0,71.0,502.0,930.0,318.0
7860500.000000001,-11149250.0,71.0,498.0,772.0,304.0
7860500.000000001,-10949250.0,68.0,504.0,799.0,398.0
7860500.000000001,-10749250.0,65.0,553.0,602.0,347.0
7860500.000000001,-10649250.0,65.0,546.0,681.0,280.0
7860500.000000001,-10549250.0,63.0,568.0,763.0,361.0
7860500.000000001,1150750.0,62.0,454.0,921.0,325.0
7860500.000000001,1250750.0,67.0,446.0,1255.0,500.0
7860500.000000001,5850750.0,63.0,471.0,1312.0,537.0
7860500.000000001,5950750.0,61.0,478.0,1406.0,576.0
7860500.000000001,6050750.0,62.0,476.0,1204.0,492.0
7860500.000000001,6150750.0,62.0,512.0,1323.0,637.0
7860500.000000001,6250750.0,60.0,500.0,1350.0,578.0
7860500.000000001,6350750.0,61.0,492.0,1374.0,466.0
7860500.000000001,6450750.0,61.0,487.0,1245.0,449.0
7860500.000000001,6550750.0,63.0,490.0,1051.0,421.0
7860500.000000001,6650750.0,61.0,492.0,995.0,413.0
7860500.000000001,6750750.0,61.0,523.0,924.0,405.0
7860500.000000001,7850750.0,64.0,460.0,1022.0,392.0
7860500.000000001,8050750.0,66.0,499.0,963.0,369.0
7860500.000000001,8250750.0,67.0,508.0,1013.0,371.0
7760500.000000001,-12149250.0,72.0,498.0,789.0,332.0
7760500.000000001,-12049250.0,70.0,489.0,565.0,252.0
7760500.000000001,-11949250.0,72.0,501.0,714.0,341.0
7760500.000000001,-11049250.0,74.0,512.0,592.0,273.0
7760500.000000001,-10849250.0,69.0,518.0,751.0,394.0
7760500.000000001,-10749250.0,70.0,553.0,665.0,327.0
7760500.000000001,950750.0,62.0,466.0,1136.0,403.0
7760500.000000001,1050750.0,64.0,523.0,1021.0,400.0
7760500.000000001,4450750.0,62.0,467.0,1263.0,463.0
7760500.000000001,4550750.0,62.0,472.0,1386.0,612.0
7760500.000000001,5950750.0,61.0,571.0,1404.0,427.0
7760500.000000001,6050750.0,62.0,557.0,1231.0,582.0
7760500.000000001,6150750.0,62.0,517.0,1245.0,528.0
7760500.000000001,6250750.0,61.0,560.0,1145.0,489.0
7760500.000000001,6350750.0,61.0,586.0,1497.0,578.0
7760500.000000001,6450750.0,61.0,593.0,1543.0,576.0
7760500.000000001,6550750.0,62.0,558.0,1483.0,692.0
7760500.000000001,6650750.0,64.0,556.0,1241.0,605.0
7760500.000000001,6750750.0,63.0,576.0,1277.0,549.0
7660500.000000001,-12249250.0,70.0,500.0,613.0,294.0
7660500.000000001,-12049250.0,70.0,500.0,705.0,210.0
7660500.000000001,-11949250.0,72.0,502.0,530.0,211.0
7660500.000000001,-11849250.0,75.0,476.0,645.0,217.0
7660500.000000001,-11749250.0,74.0,485.0,517.0,214.0
7660500.000000001,-11449250.0,73.0,487.0,787.0,254.0
7660500.000000001,-11049250.0,73.0,513.0,701.0,289.0
7660500.000000001,-10549250.0,62.0,574.0,565.0,425.0
7660500.000000001,-10449250.0,61.0,581.0,597.0,470.0
7660500.000000001,-10349250.0,64.0,577.0,522.0,430.0
7660500.000000001,-10249250.0,63.0,563.0,485.0,443.0
7660500.000000001,850750.0,62.0,462.0,986.0,406.0
7660500.000000001,4450750.0,60.0,486.0,1273.0,526.0
7660500.000000001,5250750.0,62.0,562.0,1428.0,534.0
7660500.000000001,5750750.0,60.0,534.0,1226.0,409.0
7660500.000000001,5850750.0,61.0,592.0,1296.0,521.0
7660500.000000001,5950750.0,62.0,574.0,1290.0,408.0
7660500.000000001,6050750.0,59.0,604.0,1262.0,421.0
7660500.000000001,6150750.0,59.0,585.0,1309.0,415.0
7660500.000000001,6250750.0,61.0,600.0,1486.0,603.0
7660500.000000001,6350750.0,61.0,594.0,1397.0,612.0
7660500.000000001,6450750.0,60.0,570.0,1330.0,484.0
7660500.000000001,6550750.0,60.0,607.0,1529.0,662.0
7660500.000000001,6650750.0,62.0,609.0,1607.0,596.0
7660500.000000001,6750750.0,61.0,623.0,1583.0,688.0
7660500.000000001,6850750.0,63.0,616.0,1431.0,532.0
7660500.000000001,6950750.0,63.0,617.0,1584.0,657.0
7660500.000000001,7150750.0,62.0,628.0,1488.0,627.0
7660500.000000001,7250750.0,62.0,615.0,1125.0,573.0
7660500.000000001,7350750.0,64.0,568.0,1050.0,540.0
7660500.000000001,7450750.0,64.0,577.0,1006.0,465.0
7660500.000000001,7550750.0,61.0,582.0,970.0,455.0
7660500.000000001,7650750.0,56.0,596.0,695.0,280.0
7660500.000000001,7750750.0,60.0,614.0,906.0,467.0
7660500.000000001,7850750.0,59.0,610.0,860.0,352.0
7560500.000000001,-14949250.0,66.0,473.0,1149.0,493.0
7560500.000000001,-12249250.0,65.0,538.0,529.0,334.0
7560500.000000001,-12149250.0,65.0,479.0,602.0,279.0
7560500.000000001,-11949250.0,66.0,493.0,452.0,217.0
7560500.000000001,-11849250.0,66.0,507.0,519.0,263.0
7560500.000000001,-11749250.0,64.0,503.0,570.0,263.0
7560500.000000001,-11649250.0,73.0,503.0,718.0,272.0
7560500.000000001,-11349250.0,73.0,511.0,696.0,239.0
7560500.000000001,-11049250.0,73.0,519.0,756.0,290.0
7560500.000000001,-10849250.0,67.0,510.0,518.0,354.0
7560500.000000001,-10549250.0,65.0,549.0,516.0,376.0
7560500.000000001,-10449250.0,65.0,561.0,467.0,414.0
7560500.000000001,-10349250.0,64.0,588.0,522.0,482.0
7560500.000000001,-10249250.0,64.0,590.0,516.0,522.0
7560500.000000001,-10149250.0,61.0,580.0,521.0,506.0
7560500.000000001,-10049250.0,63.0,591.0,524.0,416.0
7560500.000000001,-9949250.0,62.0,568.0,557.0,416.0
7560500.000000001,-8949250.0,62.0,548.0,736.0,382.0
7560500.000000001,550750.0,57.0,469.0,852.0,394.0
7560500.000000001,650750.0,58.0,469.0,758.0,317.0
7560500.000000001,750750.0,62.0,452.0,1160.0,434.0
7560500.000000001,4450750.0,62.0,551.0,1501.0,400.0
7560500.000000001,4550750.0,62.0,510.0,1505.0,444.0
7560500.000000001,5250750.0,59.0,616.0,1522.0,646.0
7560500.000000001,5350750.0,58.0,599.0,1422.0,638.0
7560500.000000001,5450750.0,59.0,607.0,1440.0,575.0
7560500.000000001,5650750.0,57.0,597.0,1417.0,539.0
7560500.000000001,5750750.0,58.0,600.0,1419.0,590.0
7560500.000000001,5850750.0,57.0,618.0,1482.0,578.0
7560500.000000001,5950750.0,59.0,633.0,1355.0,456.0
7560500.000000001,6050750.0,60.0,635.0,1463.0,438.0
7560500.000000001,6150750.0,59.0,630.0,1455.0,462.0
7560500.000000001,6250750.0,59.0,613.0,1345.0,591.0
7560500.000000001,6350750.0,59.0,614.0,1573.0,622.0
7560500.000000001,6450750.0,58.0,646.0,1418.0,692.0
7560500.000000001,6550750.0,59.0,615.0,1294.0,648.0
7560500.000000001,6750750.0,62.0,624.0,1316.0,663.0
7560500.000000001,6850750.0,60.0,604.0,1179.0,623.0
7560500.000000001,6950750.0,62.0,597.0,1208.0,608.0
7560500.000000001,7050750.0,60.0,598.0,1306.0,611.0
7560500.000000001,7150750.0,59.0,605.0,1237.0,507.0
7560500.000000001,7250750.0,60.0,615.0,738.0,535.0
7560500.000000001,7350750.0,60.0,593.0,693.0,496.0
7560500.000000001,7450750.0,61.0,606.0,844.0,494.0
7560500.000000001,7550750.0,62.0,587.0,892.0,486.0
7560500.000000001,7650750.0,61.0,592.0,862.0,511.0
7560500.000000001,7750750.0,60.0,607.0,899.0,575.0
7560500.000000001,7850750.0,59.0,600.0,540.0,340.0
7560500.000000001,7950750.0,59.0,608.0,719.0,508.0
7560500.000000001,8050750.0,57.0,607.0,783.0,445.0
7560500.000000001,8450750.0,65.0,602.0,991.0,321.0
7560500.000000001,8750750.0,58.0,558.0,848.0,384.0
7560500.000000001,8850750.0,60.0,550.0,786.0,349.0
7560500.000000001,8950750.0,60.0,524.0,738.0,346.0
7560500.000000001,9050750.0,60.0,550.0,704.0,363.0
7560500.000000001,9150750.0,62.0,499.0,738.0,286.0
7460500.000000001,-14249250.0,65.0,452.0,1202.0,665.0
7460500.000000001,-14049250.0,60.0,476.0,1056.0,648.0
7460500.000000001,-13949250.0,57.0,477.0,1146.0,646.0
7460500.000000001,-13749250.0,59.0,485.0,1262.0,575.0
7460500.000000001,-13649250.0,67.0,470.0,1212.0,661.0
7460500.000000001,-11849250.0,70.0,501.0,511.0,368.0
7460500.000000001,-11649250.0,74.0,524.0,642.0,311.0
7460500.000000001,-11549250.0,71.0,506.0,741.0,288.0
7460500.000000001,-11349250.0,72.0,503.0,704.0,339.0
7460500.000000001,-11249250.0,72.0,529.0,753.0,361.0
7460500.000000001,-10949250.0,71.0,512.0,576.0,468.0
7460500.000000001,-10849250.0,70.0,506.0,521.0,308.0
7460500.000000001,-10749250.0,64.0,584.0,493.0,452.0
7460500.000000001,-10449250.0,64.0,579.0,513.0,380.0
7460500.000000001,-10349250.0,65.0,591.0,445.0,493.0
7460500.000000001,-10249250.0,64.0,597.0,468.0,523.0
7460500.000000001,-10149250.0,65.0,591.0,504.0,497.0
7460500.000000001,-9949250.0,59.0,585.0,542.0,505.0
7460500.000000001,-9649250.0,61.0,544.0,624.0,378.0
7460500.000000001,-8749250.0,56.0,602.0,782.0,454.0
7460500.000000001,-8649250.0,61.0,458.0,1030.0,485.0
7460500.000000001,450750.0,58.0,471.0,863.0,291.0
7460500.000000001,2950750.0,56.0,464.0,1028.0,324.0
7460500.000000001,3050750.0,57.0,471.0,919.0,295.0
7460500.000000001,3150750.0,55.0,481.0,927.0,297.0
7460500.000000001,3250750.0,53.0,572.0,1185.0,303.0
7460500.000000001,3350750.0,57.0,540.0,963.0,290.0
7460500.000000001,5250750.0,58.0,596.0,1525.0,621.0
7460500.000000001,5350750.0,55.0,620.0,1551.0,663.0
7460500.000000001,5650750.0,56.0,611.0,1401.0,561.0
7460500.000000001,5750750.0,56.0,608.0,1353.0,532.0
7460500.000000001,5850750.0,57.0,630.0,1361.0,640.0
7460500.000000001,5950750.0,56.0,643.0,1247.0,566.0
7460500.000000001,6050750.0,58.0,610.0,1273.0,534.0
7460500.000000001,6150750.0,58.0,651.0,1515.0,564.0
7460500.000000001,6250750.0,57.0,636.0,1339.0,599.0
7460500.000000001,6350750.0,58.0,623.0,1338.0,588.0
7460500.000000001,6450750.0,55.0,608.0,1143.0,529.0
7460500.000000001,6550750.0,54.0,590.0,1105.0,546.0
7460500.000000001,6650750.0,53.0,614.0,1085.0,491.0
7460500.000000001,6750750.0,56.0,619.0,1128.0,484.0
7460500.000000001,6850750.0,56.0,594.0,1053.0,502.0
7460500.000000001,6950750.0,60.0,590.0,1211.0,538.0
7460500.000000001,7050750.0,57.0,615.0,1075.0,618.0
7460500.000000001,7150750.0,58.0,602.0,1201.0,536.0
7460500.000000001,7250750.0,58.0,621.0,963.0,607.0
7460500.000000001,7350750.0,58.0,633.0,733.0,411.0
7460500.000000001,7450750.0,55.0,643.0,760.0,488.0
7460500.000000001,7550750.0,57.0,639.0,830.0,520.0
7460500.000000001,7650750.0,58.0,623.0,822.0,591.0
7460500.000000001,7750750.0,56.0,621.0,722.0,558.0
7460500.000000001,7850750.0,55.0,612.0,634.0,601.0
7460500.000000001,7950750.0,64.0,643.0,694.0,560.0
7460500.000000001,8050750.0,59.0,643.0,711.0,584.0
7460500.000000001,8150750.0,56.0,633.0,732.0,518.0
7460500.000000001,8250750.0,53.0,640.0,792.0,548.0
7460500.000000001,8350750.0,54.0,574.0,674.0,446.0
7460500.000000001,8450750.0,55.0,646.0,638.0,458.0
7460500.000000001,8550750.0,58.0,577.0,812.0,529.0
7460500.000000001,8650750.0,55.0,619.0,718.0,381.0
7460500.000000001,8750750.0,58.0,623.0,927.0,478.0
7460500.000000001,8850750.0,57.0,626.0,1027.0,399.0
7460500.000000001,8950750.0,57.0,594.0,1094.0,483.0
7460500.000000001,9050750.0,58.0,569.0,1077.0,489.0
7460500.000000001,9150750.0,55.0,546.0,798.0,459.0
7460500.000000001,9250750.0,59.0,552.0,797.0,466.0
7460500.000000001,9350750.0,56.0,586.0,494.0,353.0
7460500.000000001,9450750.0,57.0,513.0,517.0,337.0
7460500.000000001,9550750.0,57.0,492.0,589.0,363.0
7460500.000000001,9650750.0,60.0,509.0,715.0,426.0
7460500.000000001,9750750.0,62.0,512.0,852.0,458.0
7460500.000000001,9850750.0,64.0,516.0,830.0,514.0
7360500.000000001,-14449250.0,60.0,447.0,1374.0,685.0
7360500.000000001,-14349250.0,54.0,441.0,1359.0,659.0
7360500.000000001,-14249250.0,58.0,455.0,1408.0,704.0
7360500.000000001,-14149250.0,57.0,454.0,1366.0,731.0
7360500.000000001,-14049250.0,57.0,461.0,1251.0,666.0
7360500.000000001,-13949250.0,58.0,452.0,1276.0,737.0
7360500.000000001,-13849250.0,56.0,441.0,1273.0,733.0
7360500.000000001,-13749250.0,54.0,438.0,1264.0,714.0
7360500.000000001,-13649250.0,60.0,431.0,1345.0,696.0
7360500.000000001,-13549250.0,59.0,442.0,826.0,513.0
7360500.000000001,-13449250.0,63.0,445.0,1034.0,663.0
7360500.000000001,-13349250.0,60.0,442.0,930.0,517.0
7360500.000000001,-13249250.0,61.0,484.0,799.0,508.0
7360500.000000001,-13149250.0,57.0,565.0,1043.0,488.0
7360500.000000001,-12949250.0,55.0,630.0,532.0,415.0
7360500.000000001,-12749250.0,58.0,573.0,609.0,472.0
7360500.000000001,-12649250.0,56.0,558.0,480.0,458.0
7360500.000000001,-12549250.0,59.0,562.0,447.0,471.0
7360500.000000001,-12449250.0,60.0,551.0,543.0,565.0
7360500.000000001,-12349250.0,60.0,596.0,504.0,432.0
7360500.000000001,-12249250.0,59.0,546.0,526.0,437.0
7360500.000000001,-12149250.0,61.0,539.0,520.0,346.0
7360500.000000001,-11749250.0,67.0,511.0,533.0,362.0
7360500.000000001,-11649250.0,69.0,519.0,587.0,285.0
7360500.000000001,-11549250.0,69.0,509.0,475.0,285.0
7360500.000000001,-11249250.0,70.0,514.0,710.0,335.0
7360500.000000001,-10949250.0,71.0,526.0,664.0,377.0
7360500.000000001,-10649250.0,63.0,602.0,557.0,488.0
7360500.000000001,-10549250.0,66.0,586.0,678.0,488.0
7360500.000000001,-10349250.0,65.0,542.0,487.0,408.0
7360500.000000001,-10249250.0,65.0,560.0,550.0,433.0
7360500.000000001,-9849250.0,60.0,571.0,482.0,421.0
7360500.000000001,-9749250.0,59.0,615.0,503.0,594.0
7360500.000000001,-9649250.0,58.0,585.0,552.0,529.0
7360500.000000001,-8549250.0,62.0,578.0,817.0,477.0
7360500.000000001,250750.0,59.0,491.0,883.0,313.0
7360500.000000001,350750.0,59.0,429.0,830.0,232.0
7360500.000000001,2650750.0,52.0,507.0,929.0,316.0
7360500.000000001,2750750.0,52.0,489.0,761.0,269.0
7360500.000000001,2850750.0,55.0,440.0,980.0,399.0
7360500.000000001,2950750.0,51.0,544.0,1021.0,454.0
7360500.000000001,3050750.0,51.0,547.0,937.0,502.0
7360500.000000001,3150750.0,52.0,605.0,1063.0,462.0
7360500.000000001,3350750.0,48.0,625.0,1092.0,507.0
7360500.000000001,3550750.0,50.0,607.0,961.0,356.0
7360500.000000001,3650750.0,51.0,553.0,1093.0,357.0
7360500.000000001,4350750.0,60.0,574.0,1246.0,524.0
7360500.000000001,5050750.0,57.0,599.0,1942.0,455.0
7360500.000000001,5350750.0,55.0,598.0,1653.0,690.0
7360500.000000001,5450750.0,56.0,658.0,1476.0,680.0
7360500.000000001,5550750.0,57.0,633.0,1489.0,634.0
7360500.000000001,5850750.0,55.0,663.0,1199.0,529.0
7360500.000000001,5950750.0,56.0,653.0,1330.0,568.0
7360500.000000001,6050750.0,55.0,673.0,1399.0,551.0
7360500.000000001,6150750.0,53.0,682.0,1393.0,592.0
7360500.000000001,6250750.0,52.0,674.0,1306.0,549.0
7360500.000000001,6350750.0,54.0,637.0,1266.0,553.0
7360500.000000001,6450750.0,53.0,605.0,1288.0,556.0
7360500.000000001,6550750.0,53.0,544.0,1120.0,524.0
7360500.000000001,6650750.0,53.0,557.0,1060.0,464.0
7360500.000000001,6750750.0,53.0,485.0,1027.0,479.0
7360500.000000001,6850750.0,52.0,598.0,958.0,432.0
7360500.000000001,6950750.0,54.0,636.0,1045.0,524.0
7360500.000000001,7050750.0,56.0,620.0,976.0,550.0
7360500.000000001,7150750.0,59.0,636.0,1021.0,406.0
7360500.000000001,7250750.0,56.0,617.0,726.0,366.0
7360500.000000001,7350750.0,57.0,620.0,658.0,374.0
7360500.000000001,7450750.0,54.0,663.0,661.0,426.0
7360500.000000001,7550750.0,55.0,647.0,593.0,404.0
7360500.000000001,7650750.0,55.0,642.0,659.0,525.0
7360500.000000001,7750750.0,55.0,646.0,699.0,537.0
7360500.000000001,7850750.0,57.0,640.0,902.0,565.0
7360500.000000001,8050750.0,56.0,643.0,846.0,637.0
7360500.000000001,8150750.0,54.0,650.0,805.0,671.0
7360500.000000001,8350750.0,56.0,645.0,806.0,504.0
7360500.000000001,8450750.0,53.0,568.0,710.0,336.0
7360500.000000001,8550750.0,52.0,639.0,595.0,343.0
7360500.000000001,8650750.0,54.0,635.0,803.0,406.0
7360500.000000001,8750750.0,56.0,582.0,1060.0,586.0
7360500.000000001,8850750.0,53.0,631.0,862.0,390.0
7360500.000000001,8950750.0,55.0,629.0,1026.0,471.0
7360500.000000001,9050750.0,54.0,610.0,724.0,282.0
7360500.000000001,9150750.0,53.0,630.0,1281.0,525.0
7360500.000000001,9250750.0,56.0,594.0,1009.0,521.0
7360500.000000001,9350750.0,57.0,570.0,875.0,674.0
7360500.000000001,9450750.0,58.0,584.0,857.0,565.0
7360500.000000001,9850750.0,61.0,528.0,817.0,517.0
7360500.000000001,9950750.0,59.0,516.0,798.0,589.0
7360500.000000001,10050750.0,60.0,500.0,737.0,507.0
7360500.000000001,10250750.0,57.0,505.0,790.0,430.0
7360500.000000001,10350750.0,58.0,544.0,662.0,401.0
7360500.000000001,10450750.0,56.0,524.0,658.0,435.0
7360500.000000001,10550750.0,58.0,500.0,614.0,517.0
7360500.000000001,10750750.0,58.0,509.0,718.0,516.0
7360500.000000001,10850750.0,62.0,536.0,676.0,454.0
7360500.000000001,10950750.0,57.0,531.0,643.0,469.0
7360500.000000001,11050750.0,62.0,517.0,676.0,456.0
7360500.000000001,11150750.0,62.0,525.0,834.0,454.0
7260500.000000001,-15449250.0,59.0,465.0,996.0,582.0
7260500.000000001,-15349250.0,57.0,451.0,1143.0,674.0
7260500.000000001,-14549250.0,55.0,438.0,1269.0,599.0
7260500.000000001,-14449250.0,62.0,467.0,1226.0,597.0
7260500.000000001,-14349250.0,55.0,437.0,1323.0,651.0
7260500.000000001,-14249250.0,55.0,443.0,1318.0,654.0
7260500.000000001,-14149250.0,59.0,458.0,1387.0,744.0
7260500.000000001,-14049250.0,58.0,446.0,889.0,489.0
7260500.000000001,-13949250.0,54.0,449.0,1072.0,615.0
7260500.000000001,-13849250.0,53.0,445.0,874.0,448.0
7260500.000000001,-13749250.0,55.0,443.0,1104.0,728.0
7260500.000000001,-13649250.0,62.0,437.0,1016.0,642.0
7260500.000000001,-13549250.0,60.0,438.0,805.0,538.0
7260500.000000001,-13449250.0,61.0,468.0,831.0,513.0
7260500.000000001,-13349250.0,59.0,494.0,708.0,509.0
7260500.000000001,-13249250.0,58.0,572.0,951.0,423.0
7260500.000000001,-13149250.0,55.0,555.0,685.0,419.0
7260500.000000001,-13049250.0,55.0,606.0,466.0,329.0
7260500.000000001,-12949250.0,53.0,648.0,415.0,370.0
7260500.000000001,-12849250.0,57.0,577.0,353.0,447.0
7260500.000000001,-12749250.0,55.0,573.0,410.0,489.0
7260500.000000001,-12649250.0,58.0,570.0,325.0,518.0
7260500.000000001,-12549250.0,57.0,564.0,382.0,663.0
7260500.000000001,-12449250.0,57.0,581.0,290.0,583.0
7260500.000000001,-12349250.0,61.0,547.0,426.0,507.0
7260500.000000001,-12249250.0,61.0,573.0,464.0,495.0
7260500.000000001,-12149250.0,61.0,609.0,478.0,492.0
7260500.000000001,-12049250.0,57.0,560.0,531.0,591.0
7260500.000000001,-11849250.0,67.0,535.0,517.0,491.0
7260500.000000001,-11449250.0,68.0,525.0,497.0,424.0
7260500.000000001,-11049250.0,69.0,537.0,720.0,354.0
7260500.000000001,-10949250.0,68.0,527.0,711.0,380.0
7260500.000000001,-10849250.0,68.0,524.0,571.0,575.0
7260500.000000001,-10749250.0,61.0,609.0,443.0,496.0
7260500.000000001,-10649250.0,59.0,611.0,525.0,513.0
7260500.000000001,-10549250.0,60.0,597.0,610.0,441.0
7260500.000000001,-10249250.0,63.0,587.0,471.0,470.0
7260500.000000001,-9749250.0,62.0,574.0,670.0,473.0
7260500.000000001,-9649250.0,61.0,592.0,541.0,505.0
7260500.000000001,-9449250.0,60.0,600.0,610.0,426.0
7260500.000000001,-9349250.0,58.0,509.0,755.0,328.0
7260500.000000001,-9249250.0,62.0,562.0,716.0,391.0
7260500.000000001,-8549250.0,57.0,618.0,901.0,452.0
7260500.000000001,-8449250.0,60.0,593.0,737.0,492.0
7260500.000000001,-49250.0,60.0,526.0,940.0,364.0
7260500.000000001,2650750.0,58.0,449.0,750.0,329.0
7260500.000000001,2750750.0,54.0,475.0,942.0,479.0
7260500.000000001,2850750.0,47.0,563.0,775.0,450.0
7260500.000000001,2950750.0,47.0,602.0,937.0,500.0
7260500.000000001,3050750.0,48.0,642.0,985.0,482.0
7260500.000000001,3150750.0,47.0,611.0,967.0,430.0
7260500.000000001,3250750.0,46.0,599.0,915.0,415.0
7260500.000000001,3350750.0,48.0,619.0,990.0,469.0
7260500.000000001,3450750.0,54.0,575.0,928.0,397.0
7260500.000000001,3650750.0,47.0,619.0,1092.0,420.0
7260500.000000001,3750750.0,51.0,597.0,1250.0,376.0
7260500.000000001,3850750.0,55.0,575.0,1299.0,425.0
7260500.000000001,4150750.0,50.0,655.0,1311.0,512.0
7260500.000000001,4450750.0,47.0,647.0,1268.0,601.0
7260500.000000001,4550750.0,46.0,676.0,1489.0,702.0
7260500.000000001,4650750.0,48.0,665.0,1756.0,660.0
7260500.000000001,4750750.0,49.0,643.0,2002.0,612.0
7260500.000000001,4850750.0,50.0,645.0,1654.0,665.0
7260500.000000001,4950750.0,51.0,651.0,1698.0,533.0
7260500.000000001,5050750.0,49.0,640.0,1407.0,609.0
7260500.000000001,5150750.0,50.0,637.0,1434.0,458.0
7260500.000000001,5250750.0,49.0,596.0,1373.0,542.0
7260500.000000001,5350750.0,53.0,633.0,1266.0,649.0
7260500.000000001,5450750.0,52.0,681.0,1513.0,609.0
7260500.000000001,5550750.0,55.0,656.0,1474.0,660.0
7260500.000000001,5650750.0,55.0,665.0,1362.0,697.0
7260500.000000001,5850750.0,53.0,670.0,1375.0,490.0
7260500.000000001,5950750.0,54.0,666.0,1233.0,577.0
7260500.000000001,6050750.0,51.0,685.0,1410.0,546.0
7260500.000000001,6150750.0,53.0,666.0,1350.0,473.0
7260500.000000001,6250750.0,53.0,671.0,1468.0,518.0
7260500.000000001,6350750.0,51.0,656.0,1461.0,567.0
7260500.000000001,6550750.0,50.0,651.0,1453.0,586.0
7260500.000000001,6650750.0,52.0,636.0,1244.0,481.0
7260500.000000001,6750750.0,51.0,574.0,1103.0,406.0
7260500.000000001,6850750.0,51.0,576.0,1119.0,477.0
7260500.000000001,6950750.0,52.0,627.0,980.0,418.0
7260500.000000001,7050750.0,53.0,637.0,880.0,435.0
7260500.000000001,7150750.0,55.0,632.0,763.0,410.0
7260500.000000001,7350750.0,58.0,623.0,828.0,427.0
7260500.000000001,7450750.0,55.0,629.0,713.0,404.0
7260500.000000001,7550750.0,54.0,641.0,791.0,507.0
7260500.000000001,7650750.0,54.0,648.0,680.0,376.0
7260500.000000001,7750750.0,54.0,655.0,805.0,539.0
7260500.000000001,7850750.0,54.0,650.0,847.0,525.0
7260500.000000001,7950750.0,57.0,636.0,858.0,530.0
7260500.000000001,8050750.0,54.0,646.0,762.0,594.0
7260500.000000001,8150750.0,55.0,663.0,861.0,654.0
7260500.000000001,8250750.0,55.0,657.0,821.0,683.0
7260500.000000001,8350750.0,56.0,662.0,1047.0,519.0
7260500.000000001,8450750.0,52.0,654.0,694.0,546.0
7260500.000000001,8550750.0,53.0,622.0,777.0,529.0
7260500.000000001,8650750.0,52.0,578.0,733.0,414.0
7260500.000000001,8750750.0,53.0,667.0,732.0,441.0
7260500.000000001,8850750.0,52.0,647.0,1139.0,532.0
7260500.000000001,8950750.0,55.0,596.0,1130.0,606.0
7260500.000000001,9050750.0,52.0,635.0,938.0,496.0
7260500.000000001,9150750.0,53.0,614.0,570.0,299.0
7260500.000000001,9250750.0,55.0,646.0,1384.0,542.0
7260500.000000001,9350750.0,57.0,631.0,1271.0,610.0
7260500.000000001,9450750.0,57.0,595.0,1121.0,606.0
7260500.000000001,9550750.0,57.0,592.0,1151.0,628.0
7260500.000000001,9650750.0,56.0,602.0,1073.0,523.0
7260500.000000001,9750750.0,55.0,605.0,906.0,566.0
7260500.000000001,9850750.0,56.0,574.0,822.0,593.0
7260500.000000001,10050750.0,60.0,583.0,836.0,619.0
7260500.000000001,10150750.0,60.0,555.0,882.0,568.0
7260500.000000001,10250750.0,60.0,567.0,793.0,530.0
7260500.000000001,10350750.0,58.0,536.0,588.0,388.0
7260500.000000001,10450750.0,58.0,513.0,965.0,487.0
7260500.000000001,10550750.0,60.0,519.0,719.0,506.0
7260500.000000001,10650750.0,58.0,526.0,793.0,525.0
7260500.000000001,10750750.0,58.0,539.0,749.0,413.0
7260500.000000001,10850750.0,55.0,538.0,675.0,467.0
7260500.000000001,10950750.0,57.0,543.0,647.0,585.0
7260500.000000001,11050750.0,58.0,556.0,699.0,482.0
7260500.000000001,11150750.0,59.0,567.0,632.0,484.0
7260500.000000001,11250750.0,57.0,564.0,778.0,451.0
7260500.000000001,11350750.0,57.0,521.0,807.0,498.0
7160500.000000001,-15549250.0,56.0,433.0,1040.0,467.0
7160500.000000001,-15449250.0,56.0,444.0,1130.0,530.0
7160500.000000001,-15349250.0,54.0,461.0,1310.0,658.0
7160500.000000001,-15249250.0,56.0,467.0,1335.0,553.0
7160500.000000001,-15149250.0,59.0,451.0,1280.0,642.0
7160500.000000001,-14549250.0,54.0,453.0,1272.0,704.0
7160500.000000001,-14449250.0,56.0,451.0,1262.0,585.0
7160500.000000001,-14349250.0,55.0,442.0,1283.0,613.0
7160500.000000001,-14249250.0,56.0,431.0,1241.0,617.0
7160500.000000001,-14149250.0,53.0,446.0,997.0,585.0
7160500.000000001,-14049250.0,56.0,439.0,1044.0,452.0
7160500.000000001,-13949250.0,49.0,448.0,1224.0,610.0
7160500.000000001,-13849250.0,53.0,444.0,1021.0,567.0
7160500.000000001,-13749250.0,61.0,440.0,951.0,508.0
7160500.000000001,-13649250.0,64.0,435.0,884.0,516.0
7160500.000000001,-13549250.0,58.0,451.0,1085.0,550.0
7160500.000000001,-13449250.0,55.0,464.0,835.0,424.0
7160500.000000001,-13349250.0,52.0,502.0,675.0,411.0
7160500.000000001,-13249250.0,55.0,591.0,726.0,423.0
7160500.000000001,-13149250.0,51.0,581.0,575.0,299.0
7160500.000000001,-13049250.0,53.0,656.0,734.0,445.0
7160500.000000001,-12949250.0,55.0,643.0,535.0,390.0
7160500.000000001,-12749250.0,57.0,584.0,355.0,506.0
7160500.000000001,-12649250.0,63.0,588.0,267.0,548.0
7160500.000000001,-12549250.0,59.0,598.0,323.0,657.0
7160500.000000001,-12449250.0,60.0,583.0,356.0,690.0
7160500.000000001,-12149250.0,58.0,576.0,322.0,602.0
7160500.000000001,-12049250.0,57.0,613.0,369.0,648.0
7160500.000000001,-11849250.0,60.0,592.0,351.0,645.0
7160500.000000001,-11749250.0,55.0,607.0,531.0,549.0
7160500.000000001,-11649250.0,57.0,598.0,376.0,503.0
7160500.000000001,-11449250.0,61.0,542.0,552.0,593.0
7160500.000000001,-11349250.0,61.0,547.0,491.0,559.0
7160500.000000001,-11149250.0,65.0,547.0,677.0,434.0
7160500.000000001,-11049250.0,64.0,563.0,797.0,462.0
7160500.000000001,-10949250.0,64.0,552.0,711.0,476.0
7160500.000000001,-10849250.0,61.0,607.0,541.0,557.0
7160500.000000001,-10749250.0,61.0,628.0,602.0,522.0
7160500.000000001,-10649250.0,59.0,636.0,523.0,494.0
7160500.000000001,-10549250.0,60.0,625.0,655.0,453.0
7160500.000000001,-10449250.0,61.0,607.0,606.0,457.0
7160500.000000001,-10349250.0,61.0,594.0,529.0,463.0
7160500.000000001,-10249250.0,59.0,567.0,586.0,444.0
7160500.000000001,-10149250.0,64.0,565.0,602.0,435.0
7160500.000000001,-9549250.0,61.0,595.0,665.0,399.0
7160500.000000001,-9449250.0,61.0,571.0,687.0,543.0
7160500.000000001,-9349250.0,58.0,613.0,720.0,439.0
7160500.000000001,-9249250.0,54.0,617.0,806.0,554.0
7160500.000000001,-9149250.0,57.0,541.0,730.0,380.0
7160500.000000001,-9049250.0,57.0,523.0,813.0,366.0
7160500.000000001,-8449250.0,54.0,641.0,806.0,533.0
7160500.000000001,-349250.0,56.0,471.0,982.0,397.0
7160500.000000001,-249250.0,58.0,454.0,790.0,304.0
7160500.000000001,2450750.0,53.0,402.0,1052.0,318.0
7160500.000000001,2550750.0,57.0,500.0,818.0,290.0
7160500.000000001,2650750.0,50.0,547.0,911.0,429.0
7160500.000000001,2750750.0,47.0,566.0,726.0,433.0
7160500.000000001,2850750.0,45.0,588.0,990.0,479.0
7160500.000000001,2950750.0,46.0,596.0,944.0,491.0
7160500.000000001,3050750.0,46.0,637.0,894.0,539.0
7160500.000000001,3150750.0,46.0,622.0,900.0,405.0
7160500.000000001,3250750.0,47.0,622.0,962.0,427.0
7160500.000000001,3350750.0,47.0,629.0,800.0,437.0
7160500.000000001,3550750.0,47.0,619.0,1057.0,439.0
7160500.000000001,3650750.0,50.0,630.0,1081.0,505.0
7160500.000000001,3750750.0,47.0,644.0,1072.0,456.0
7160500.000000001,3850750.0,49.0,651.0,1221.0,506.0
7160500.000000001,3950750.0,49.0,628.0,1090.0,416.0
7160500.000000001,4250750.0,49.0,663.0,1251.0,577.0
7160500.000000001,4350750.0,47.0,671.0,1101.0,548.0
7160500.000000001,4450750.0,47.0,662.0,1138.0,640.0
7160500.000000001,4550750.0,47.0,644.0,1117.0,630.0
7160500.000000001,4650750.0,46.0,672.0,1282.0,636.0
7160500.000000001,4750750.0,46.0,665.0,1448.0,621.0
7160500.000000001,4850750.0,48.0,653.0,1492.0,529.0
7160500.000000001,4950750.0,48.0,682.0,1178.0,613.0
7160500.000000001,5050750.0,48.0,670.0,1334.0,608.0
7160500.000000001,5150750.0,51.0,656.0,1339.0,535.0
7160500.000000001,5250750.0,53.0,615.0,1194.0,550.0
7160500.000000001,5350750.0,51.0,624.0,1112.0,464.0
7160500.000000001,5450750.0,53.0,637.0,1034.0,523.0
7160500.000000001,5650750.0,51.0,679.0,1317.0,516.0
7160500.000000001,5850750.0,53.0,668.0,1380.0,499.0
7160500.000000001,5950750.0,53.0,675.0,1393.0,487.0
7160500.000000001,6050750.0,50.0,688.0,1269.0,514.0
7160500.000000001,6150750.0,52.0,682.0,1300.0,524.0
7160500.000000001,6250750.0,51.0,670.0,1103.0,523.0
7160500.000000001,6350750.0,50.0,677.0,1505.0,474.0
7160500.000000001,6450750.0,51.0,652.0,1354.0,504.0
7160500.000000001,6550750.0,50.0,640.0,1345.0,515.0
7160500.000000001,6650750.0,49.0,643.0,1229.0,501.0
7160500.000000001,6750750.0,51.0,643.0,1381.0,484.0
7160500.000000001,6850750.0,51.0,629.0,988.0,467.0
7160500.000000001,6950750.0,52.0,550.0,1054.0,446.0
7160500.000000001,7050750.0,51.0,626.0,887.0,462.0
7160500.000000001,7150750.0,51.0,638.0,885.0,441.0
7160500.000000001,7250750.0,57.0,646.0,761.0,438.0
7160500.000000001,7350750.0,55.0,642.0,780.0,398.0
7160500.000000001,7450750.0,57.0,643.0,815.0,429.0
7160500.000000001,7550750.0,57.0,642.0,835.0,451.0
7160500.000000001,7650750.0,54.0,647.0,714.0,449.0
7160500.000000001,7750750.0,55.0,647.0,714.0,453.0
7160500.000000001,7850750.0,54.0,644.0,763.0,455.0
7160500.000000001,7950750.0,52.0,649.0,728.0,444.0
7160500.000000001,8050750.0,55.0,652.0,880.0,480.0
7160500.000000001,8150750.0,56.0,663.0,967.0,523.0
7160500.000000001,8250750.0,58.0,676.0,962.0,577.0
7160500.000000001,8350750.0,57.0,659.0,894.0,561.0
7160500.000000001,8450750.0,57.0,665.0,960.0,598.0
7160500.000000001,8550750.0,60.0,641.0,991.0,408.0
7160500.000000001,8650750.0,55.0,652.0,1000.0,477.0
7160500.000000001,8750750.0,54.0,611.0,734.0,421.0
7160500.000000001,8850750.0,51.0,655.0,615.0,445.0
7160500.000000001,8950750.0,51.0,658.0,728.0,459.0
7160500.000000001,9050750.0,56.0,660.0,1214.0,562.0
7160500.000000001,9150750.0,49.0,659.0,1211.0,580.0
7160500.000000001,9250750.0,52.0,641.0,1091.0,465.0
7160500.000000001,9350750.0,53.0,606.0,1229.0,520.0
7160500.000000001,9450750.0,52.0,604.0,1035.0,387.0
7160500.000000001,9550750.0,56.0,616.0,1525.0,628.0
7160500.000000001,9650750.0,48.0,657.0,1524.0,494.0
7160500.000000001,9750750.0,53.0,644.0,907.0,412.0
7160500.000000001,9850750.0,56.0,586.0,1138.0,560.0
7160500.000000001,9950750.0,58.0,590.0,1006.0,560.0
7160500.000000001,10050750.0,57.0,584.0,887.0,577.0
7160500.000000001,10150750.0,60.0,600.0,928.0,609.0
7160500.000000001,10250750.0,57.0,629.0,746.0,578.0
7160500.000000001,10350750.0,57.0,597.0,721.0,618.0
7160500.000000001,10450750.0,59.0,536.0,749.0,460.0
7160500.000000001,10550750.0,57.0,563.0,712.0,452.0
7160500.000000001,10650750.0,58.0,554.0,538.0,386.0
7160500.000000001,10750750.0,60.0,547.0,758.0,490.0
7160500.000000001,10850750.0,63.0,534.0,660.0,518.0
7160500.000000001,10950750.0,56.0,572.0,762.0,410.0
7160500.000000001,11050750.0,55.0,551.0,619.0,427.0
7160500.000000001,11150750.0,51.0,633.0,686.0,526.0
7160500.000000001,11250750.0,54.0,597.0,629.0,487.0
7160500.000000001,11350750.0,52.0,635.0,579.0,496.0
7160500.000000001,11450750.0,57.0,574.0,739.0,425.0
7160500.000000001,11550750.0,56.0,614.0,778.0,475.0
7160500.000000001,11650750.0,56.0,580.0,729.0,450.0
7060500.000000001,-15549250.0,54.0,483.0,975.0,516.0
7060500.000000001,-15449250.0,56.0,461.0,1134.0,565.0
7060500.000000001,-15349250.0,55.0,461.0,1124.0,591.0
7060500.000000001,-15249250.0,56.0,459.0,1407.0,666.0
7060500.000000001,-14949250.0,56.0,460.0,1358.0,659.0
7060500.000000001,-14849250.0,54.0,476.0,1302.0,656.0
7060500.000000001,-14749250.0,52.0,465.0,1315.0,661.0
7060500.000000001,-14649250.0,52.0,479.0,1149.0,631.0
7060500.000000001,-14549250.0,54.0,439.0,1383.0,666.0
7060500.000000001,-14449250.0,53.0,447.0,1162.0,590.0
7060500.000000001,-14249250.0,48.0,456.0,733.0,459.0
7060500.000000001,-14149250.0,51.0,459.0,961.0,422.0
7060500.000000001,-14049250.0,50.0,469.0,859.0,437.0
7060500.000000001,-13949250.0,55.0,435.0,792.0,499.0
7060500.000000001,-13849250.0,52.0,447.0,1023.0,522.0
7060500.000000001,-13749250.0,49.0,452.0,972.0,578.0
7060500.000000001,-13649250.0,50.0,449.0,864.0,448.0
7060500.000000001,-13549250.0,52.0,451.0,828.0,515.0
7060500.000000001,-13449250.0,54.0,438.0,749.0,466.0
7060500.000000001,-13349250.0,53.0,484.0,571.0,373.0
7060500.000000001,-13249250.0,51.0,574.0,443.0,330.0
7060500.000000001,-13149250.0,55.0,618.0,510.0,320.0
7060500.000000001,-12949250.0,51.0,629.0,453.0,341.0
7060500.000000001,-12849250.0,56.0,634.0,409.0,390.0
7060500.000000001,-12749250.0,58.0,636.0,416.0,473.0
7060500.000000001,-12649250.0,57.0,629.0,389.0,456.0
7060500.000000001,-12549250.0,57.0,590.0,338.0,548.0
7060500.000000001,-12449250.0,61.0,629.0,344.0,602.0
7060500.000000001,-12249250.0,57.0,612.0,371.0,652.0
7060500.000000001,-12049250.0,58.0,615.0,309.0,615.0
7060500.000000001,-11749250.0,58.0,627.0,433.0,641.0
7060500.000000001,-11649250.0,57.0,635.0,465.0,595.0
7060500.000000001,-11549250.0,60.0,635.0,453.0,514.0
7060500.000000001,-11449250.0,59.0,621.0,620.0,513.0
7060500.000000001,-11349250.0,61.0,616.0,523.0,550.0
7060500.000000001,-11149250.0,60.0,581.0,534.0,589.0
7060500.000000001,-11049250.0,61.0,620.0,674.0,577.0
7060500.000000001,-10949250.0,60.0,633.0,788.0,520.0
7060500.000000001,-10849250.0,62.0,602.0,589.0,538.0
7060500.000000001,-10649250.0,58.0,647.0,632.0,501.0
7060500.000000001,-10549250.0,60.0,628.0,675.0,440.0
7060500.000000001,-10449250.0,61.0,573.0,564.0,529.0
7060500.000000001,-10249250.0,61.0,570.0,559.0,449.0
7060500.000000001,-9549250.0,60.0,618.0,687.0,404.0
7060500.000000001,-9449250.0,58.0,628.0,701.0,479.0
7060500.000000001,-9349250.0,59.0,633.0,633.0,398.0
7060500.000000001,-9049250.0,56.0,602.0,769.0,458.0
7060500.000000001,-8349250.0,56.0,557.0,1037.0,513.0
7060500.000000001,-549250.0,59.0,493.0,903.0,358.0
7060500.000000001,350750.0,60.0,474.0,640.0,267.0
7060500.000000001,550750.0,58.0,477.0,677.0,260.0
7060500.000000001,650750.0,58.0,485.0,863.0,370.0
7060500.000000001,750750.0,60.0,491.0,577.0,287.0
7060500.000000001,2450750.0,56.0,454.0,896.0,346.0
7060500.000000001,2550750.0,49.0,553.0,1035.0,452.0
7060500.000000001,2650750.0,46.0,591.0,703.0,433.0
7060500.000000001,2750750.0,46.0,616.0,925.0,444.0
7060500.000000001,2850750.0,45.0,574.0,928.0,449.0
7060500.000000001,3150750.0,46.0,643.0,1042.0,481.0
7060500.000000001,3250750.0,49.0,636.0,1136.0,483.0
7060500.000000001,3350750.0,46.0,638.0,985.0,431.0
7060500.000000001,3550750.0,48.0,670.0,918.0,548.0
7060500.000000001,3950750.0,49.0,636.0,1091.0,457.0
7060500.000000001,4050750.0,49.0,655.0,1106.0,603.0
7060500.000000001,4150750.0,48.0,672.0,1161.0,611.0
7060500.000000001,4250750.0,50.0,670.0,1512.0,601.0
7060500.000000001,4350750.0,49.0,657.0,1402.0,653.0
7060500.000000001,4450750.0,47.0,673.0,1276.0,743.0
7060500.000000001,4550750.0,47.0,664.0,1204.0,637.0
7060500.000000001,4650750.0,46.0,672.0,1410.0,734.0
7060500.000000001,4750750.0,49.0,668.0,1407.0,563.0
7060500.000000001,4850750.0,49.0,651.0,1339.0,561.0
7060500.000000001,4950750.0,48.0,662.0,1290.0,553.0
7060500.000000001,5050750.0,48.0,653.0,1005.0,649.0
7060500.000000001,5150750.0,51.0,616.0,1207.0,515.0
7060500.000000001,5250750.0,48.0,658.0,1021.0,579.0
7060500.000000001,5350750.0,53.0,673.0,1139.0,523.0
7060500.000000001,5450750.0,51.0,663.0,1142.0,515.0
7060500.000000001,5550750.0,49.0,681.0,1297.0,469.0
7060500.000000001,5650750.0,48.0,664.0,1265.0,419.0
7060500.000000001,5750750.0,48.0,690.0,1296.0,481.0
7060500.000000001,5850750.0,48.0,688.0,1317.0,486.0
7060500.000000001,5950750.0,47.0,683.0,1312.0,465.0
7060500.000000001,6050750.0,53.0,678.0,1348.0,525.0
7060500.000000001,6250750.0,52.0,661.0,1258.0,543.0
7060500.000000001,6350750.0,51.0,666.0,953.0,498.0
7060500.000000001,6450750.0,51.0,665.0,1218.0,552.0
7060500.000000001,6550750.0,50.0,658.0,1146.0,507.0
7060500.000000001,6650750.0,52.0,658.0,1289.0,511.0
7060500.000000001,6750750.0,50.0,633.0,1344.0,485.0
7060500.000000001,6850750.0,49.0,628.0,1163.0,491.0
7060500.000000001,6950750.0,52.0,646.0,930.0,543.0
7060500.000000001,7050750.0,50.0,627.0,1005.0,483.0
7060500.000000001,7150750.0,51.0,633.0,953.0,456.0
7060500.000000001,7250750.0,50.0,640.0,799.0,441.0
7060500.000000001,7350750.0,53.0,666.0,664.0,394.0
7060500.000000001,7450750.0,54.0,642.0,811.0,440.0
7060500.000000001,7550750.0,53.0,648.0,792.0,495.0
7060500.000000001,7650750.0,58.0,644.0,856.0,457.0
7060500.000000001,7750750.0,52.0,637.0,798.0,398.0
7060500.000000001,7850750.0,53.0,642.0,819.0,468.0
7060500.000000001,7950750.0,53.0,648.0,749.0,411.0
7060500.000000001,8050750.0,54.0,661.0,809.0,438.0
7060500.000000001,8150750.0,54.0,646.0,798.0,430.0
7060500.000000001,8250750.0,56.0,662.0,834.0,485.0
7060500.000000001,8350750.0,57.0,666.0,949.0,580.0
7060500.000000001,8450750.0,55.0,653.0,861.0,546.0
7060500.000000001,8550750.0,56.0,662.0,919.0,571.0
7060500.000000001,8650750.0,58.0,644.0,830.0,487.0
7060500.000000001,8850750.0,54.0,654.0,1161.0,530.0
7060500.000000001,8950750.0,53.0,629.0,707.0,421.0
7060500.000000001,9050750.0,53.0,635.0,737.0,404.0
7060500.000000001,9150750.0,50.0,643.0,888.0,458.0
7060500.000000001,9250750.0,52.0,644.0,966.0,462.0
7060500.000000001,9350750.0,50.0,653.0,1101.0,472.0
7060500.000000001,9450750.0,52.0,656.0,1382.0,485.0
7060500.000000001,9550750.0,53.0,666.0,1141.0,452.0
7060500.000000001,9650750.0,53.0,617.0,891.0,404.0
7060500.000000001,9750750.0,51.0,634.0,951.0,394.0
7060500.000000001,9850750.0,54.0,648.0,1162.0,442.0
7060500.000000001,9950750.0,53.0,666.0,1132.0,430.0
7060500.000000001,10050750.0,54.0,654.0,1148.0,472.0
7060500.000000001,10150750.0,55.0,615.0,931.0,346.0
7060500.000000001,10250750.0,58.0,598.0,888.0,633.0
7060500.000000001,10350750.0,53.0,661.0,781.0,653.0
7060500.000000001,10450750.0,54.0,669.0,766.0,521.0
7060500.000000001,10550750.0,60.0,563.0,843.0,585.0
7060500.000000001,10650750.0,57.0,576.0,742.0,437.0
7060500.000000001,10750750.0,61.0,562.0,712.0,478.0
7060500.000000001,10850750.0,53.0,581.0,706.0,395.0
7060500.000000001,10950750.0,58.0,558.0,679.0,446.0
7060500.000000001,11050750.0,53.0,616.0,692.0,362.0
7060500.000000001,11150750.0,52.0,601.0,756.0,417.0
7060500.000000001,11250750.0,53.0,601.0,550.0,420.0
7060500.000000001,11350750.0,55.0,555.0,658.0,414.0
7060500.000000001,11450750.0,57.0,593.0,518.0,483.0
7060500.000000001,11650750.0,57.0,593.0,521.0,489.0
7060500.000000001,11750750.0,55.0,606.0,660.0,498.0
7060500.000000001,11850750.0,58.0,607.0,873.0,563.0
6960500.000000001,-14949250.0,50.0,472.0,1284.0,784.0
6960500.000000001,-14649250.0,51.0,467.0,1248.0,674.0
6960500.000000001,-14549250.0,58.0,440.0,1142.0,461.0
6960500.000000001,-14449250.0,53.0,441.0,980.0,487.0
6960500.000000001,-14349250.0,54.0,447.0,804.0,448.0
6960500.000000001,-14249250.0,51.0,438.0,631.0,526.0
6960500.000000001,-14149250.0,53.0,440.0,543.0,470.0
6960500.000000001,-14049250.0,54.0,444.0,874.0,451.0
6960500.000000001,-13949250.0,59.0,450.0,715.0,378.0
6960500.000000001,-13849250.0,50.0,458.0,1111.0,492.0
6960500.000000001,-13749250.0,50.0,467.0,1113.0,556.0
6960500.000000001,-13649250.0,53.0,457.0,1106.0,508.0
6960500.000000001,-13549250.0,53.0,440.0,722.0,476.0
6960500.000000001,-13449250.0,53.0,456.0,654.0,447.0
6960500.000000001,-13349250.0,53.0,473.0,648.0,520.0
6960500.000000001,-13249250.0,55.0,541.0,536.0,390.0
6960500.000000001,-13149250.0,53.0,597.0,632.0,510.0
6960500.000000001,-13049250.0,54.0,572.0,655.0,457.0
6960500.000000001,-12949250.0,54.0,602.0,609.0,501.0
6960500.000000001,-12849250.0,53.0,633.0,607.0,474.0
6960500.000000001,-12749250.0,54.0,602.0,663.0,467.0
6960500.000000001,-12649250.0,52.0,659.0,385.0,409.0
6960500.000000001,-12549250.0,56.0,655.0,309.0,433.0
6960500.000000001,-12449250.0,58.0,639.0,400.0,564.0
6960500.000000001,-12349250.0,59.0,622.0,310.0,661.0
6960500.000000001,-12149250.0,62.0,630.0,451.0,670.0
6960500.000000001,-12049250.0,56.0,630.0,310.0,612.0
6960500.000000001,-11849250.0,53.0,618.0,340.0,615.0
6960500.000000001,-11749250.0,62.0,605.0,380.0,531.0
6960500.000000001,-11649250.0,57.0,649.0,431.0,608.0
6960500.000000001,-11549250.0,57.0,648.0,489.0,577.0
6960500.000000001,-11449250.0,57.0,647.0,636.0,688.0
6960500.000000001,-11349250.0,60.0,624.0,600.0,642.0
6960500.000000001,-11249250.0,58.0,646.0,640.0,563.0
6960500.000000001,-11149250.0,55.0,609.0,686.0,554.0
6960500.000000001,-10949250.0,61.0,629.0,731.0,534.0
6960500.000000001,-10849250.0,60.0,612.0,731.0,604.0
6960500.000000001,-10549250.0,59.0,594.0,654.0,567.0
6960500.000000001,-10449250.0,64.0,605.0,613.0,529.0
6960500.000000001,-10149250.0,63.0,522.0,622.0,436.0
6960500.000000001,-9749250.0,59.0,608.0,840.0,412.0
6960500.000000001,-9649250.0,60.0,627.0,854.0,405.0
6960500.000000001,-9549250.0,57.0,631.0,725.0,505.0
6960500.000000001,-9449250.0,58.0,614.0,716.0,492.0
6960500.000000001,-9349250.0,58.0,622.0,831.0,499.0
6960500.000000001,-9249250.0,54.0,642.0,797.0,498.0
6960500.000000001,-9149250.0,54.0,631.0,889.0,521.0
6960500.000000001,450750.0,58.0,435.0,825.0,315.0
6960500.000000001,2350750.0,54.0,513.0,830.0,328.0
6960500.000000001,2450750.0,47.0,580.0,1044.0,398.0
6960500.000000001,2550750.0,46.0,613.0,888.0,422.0
6960500.000000001,2650750.0,48.0,600.0,930.0,449.0
6960500.000000001,2750750.0,45.0,597.0,996.0,435.0
6960500.000000001,3050750.0,45.0,618.0,978.0,492.0
6960500.000000001,3250750.0,46.0,614.0,1063.0,458.0
6960500.000000001,3350750.0,49.0,580.0,1189.0,420.0
6960500.000000001,3550750.0,47.0,658.0,976.0,600.0
6960500.000000001,3750750.0,52.0,637.0,964.0,485.0
6960500.000000001,3850750.0,48.0,640.0,950.0,658.0
6960500.000000001,4050750.0,47.0,627.0,907.0,566.0
6960500.000000001,4150750.0,48.0,622.0,964.0,679.0
6960500.000000001,4250750.0,48.0,626.0,880.0,616.0
6960500.000000001,4350750.0,48.0,613.0,1068.0,616.0
6960500.000000001,4450750.0,48.0,643.0,1230.0,642.0
6960500.000000001,4550750.0,48.0,612.0,1147.0,708.0
6960500.000000001,4650750.0,46.0,656.0,1393.0,728.0
6960500.000000001,4750750.0,48.0,658.0,1322.0,751.0
6960500.000000001,4850750.0,47.0,646.0,1167.0,608.0
6960500.000000001,4950750.0,47.0,641.0,1111.0,660.0
6960500.000000001,5050750.0,48.0,545.0,1213.0,462.0
6960500.000000001,5150750.0,50.0,653.0,782.0,565.0
6960500.000000001,5250750.0,49.0,666.0,750.0,685.0
6960500.000000001,5350750.0,48.0,653.0,923.0,505.0
6960500.000000001,5550750.0,48.0,668.0,816.0,599.0
6960500.000000001,5650750.0,52.0,683.0,1169.0,514.0
6960500.000000001,5750750.0,50.0,681.0,1185.0,487.0
6960500.000000001,5850750.0,52.0,670.0,1106.0,510.0
6960500.000000001,5950750.0,52.0,658.0,1060.0,488.0
6960500.000000001,6050750.0,51.0,679.0,1111.0,502.0
6960500.000000001,6150750.0,50.0,684.0,941.0,485.0
6960500.000000001,6250750.0,51.0,673.0,1050.0,498.0
6960500.000000001,6350750.0,49.0,665.0,1174.0,518.0
6960500.000000001,6450750.0,49.0,638.0,1352.0,492.0
6960500.000000001,6550750.0,50.0,660.0,1366.0,536.0
6960500.000000001,6650750.0,51.0,668.0,1306.0,571.0
6960500.000000001,6750750.0,50.0,642.0,1168.0,528.0
6960500.000000001,6850750.0,50.0,587.0,1166.0,467.0
6960500.000000001,6950750.0,49.0,646.0,1304.0,546.0
6960500.000000001,7050750.0,50.0,640.0,983.0,457.0
6960500.000000001,7150750.0,50.0,642.0,867.0,494.0
6960500.000000001,7250750.0,50.0,635.0,909.0,479.0
6960500.000000001,7350750.0,51.0,636.0,745.0,443.0
6960500.000000001,7450750.0,53.0,647.0,734.0,421.0
6960500.000000001,7550750.0,53.0,651.0,746.0,415.0
6960500.000000001,7650750.0,53.0,651.0,770.0,404.0
6960500.000000001,7750750.0,56.0,666.0,907.0,424.0
6960500.000000001,7850750.0,53.0,653.0,613.0,362.0
6960500.000000001,7950750.0,53.0,654.0,637.0,421.0
6960500.000000001,8050750.0,56.0,660.0,813.0,429.0
6960500.000000001,8150750.0,55.0,651.0,820.0,440.0
6960500.000000001,8250750.0,56.0,661.0,867.0,430.0
6960500.000000001,8350750.0,59.0,650.0,776.0,427.0
6960500.000000001,8450750.0,59.0,643.0,914.0,505.0
6960500.000000001,8550750.0,58.0,648.0,849.0,450.0
6960500.000000001,8750750.0,57.0,662.0,1026.0,505.0
6960500.000000001,8850750.0,60.0,643.0,971.0,482.0
6960500.000000001,9050750.0,53.0,648.0,806.0,428.0
6960500.000000001,9150750.0,54.0,623.0,790.0,375.0
6960500.000000001,9250750.0,53.0,636.0,925.0,421.0
6960500.000000001,9350750.0,51.0,602.0,1055.0,473.0
6960500.000000001,9450750.0,50.0,629.0,699.0,381.0
6960500.000000001,9550750.0,51.0,643.0,1180.0,482.0
6960500.000000001,9650750.0,54.0,658.0,1220.0,458.0
6960500.000000001,9750750.0,52.0,645.0,1179.0,539.0
6960500.000000001,9850750.0,52.0,643.0,1197.0,518.0
6960500.000000001,9950750.0,54.0,610.0,1286.0,467.0
6960500.000000001,10050750.0,54.0,607.0,1401.0,486.0
6960500.000000001,10150750.0,51.0,644.0,857.0,465.0
6960500.000000001,10250750.0,51.0,649.0,910.0,481.0
6960500.000000001,10350750.0,51.0,633.0,1208.0,499.0
6960500.000000001,10450750.0,52.0,619.0,812.0,503.0
6960500.000000001,10550750.0,52.0,686.0,826.0,448.0
6960500.000000001,10650750.0,63.0,608.0,779.0,482.0
6960500.000000001,10750750.0,51.0,601.0,805.0,481.0
6960500.000000001,10850750.0,58.0,583.0,767.0,464.0
6960500.000000001,10950750.0,53.0,604.0,738.0,380.0
6960500.000000001,11050750.0,58.0,595.0,632.0,383.0
6960500.000000001,11250750.0,56.0,595.0,474.0,426.0
6960500.000000001,11350750.0,53.0,604.0,585.0,395.0
6960500.000000001,11450750.0,53.0,570.0,625.0,352.0
6960500.000000001,11550750.0,53.0,593.0,531.0,382.0
6960500.000000001,11650750.0,55.0,625.0,625.0,475.0
6960500.000000001,11750750.0,54.0,620.0,627.0,444.0
6960500.000000001,11950750.0,58.0,574.0,732.0,510.0
6860500.000000001,-15449250.0,58.0,459.0,1167.0,565.0
6860500.000000001,-14849250.0,50.0,470.0,1254.0,654.0
6860500.000000001,-14749250.0,52.0,464.0,1161.0,662.0
6860500.000000001,-14649250.0,55.0,489.0,1107.0,550.0
6860500.000000001,-14549250.0,52.0,464.0,953.0,494.0
6860500.000000001,-14449250.0,50.0,470.0,1007.0,548.0
6860500.000000001,-14349250.0,51.0,458.0,869.0,558.0
6860500.000000001,-14249250.0,50.0,467.0,956.0,675.0
6860500.000000001,-14149250.0,57.0,445.0,918.0,436.0
6860500.000000001,-14049250.0,56.0,476.0,974.0,429.0
6860500.000000001,-13849250.0,54.0,448.0,1112.0,583.0
6860500.000000001,-13749250.0,58.0,469.0,1038.0,527.0
6860500.000000001,-13649250.0,52.0,473.0,947.0,569.0
6860500.000000001,-13549250.0,51.0,480.0,677.0,436.0
6860500.000000001,-13449250.0,56.0,485.0,485.0,345.0
6860500.000000001,-13349250.0,56.0,565.0,378.0,401.0
6860500.000000001,-13249250.0,61.0,562.0,486.0,406.0
6860500.000000001,-13149250.0,55.0,617.0,421.0,444.0
6860500.000000001,-13049250.0,55.0,595.0,559.0,432.0
6860500.000000001,-12949250.0,54.0,624.0,608.0,478.0
6860500.000000001,-12849250.0,54.0,619.0,783.0,522.0
6860500.000000001,-12749250.0,52.0,643.0,578.0,468.0
6860500.000000001,-12649250.0,53.0,641.0,481.0,388.0
6860500.000000001,-12549250.0,55.0,662.0,581.0,419.0
6860500.000000001,-12449250.0,58.0,643.0,324.0,403.0
6860500.000000001,-12349250.0,58.0,640.0,265.0,490.0
6860500.000000001,-12149250.0,64.0,635.0,387.0,804.0
6860500.000000001,-12049250.0,63.0,612.0,467.0,797.0
6860500.000000001,-11949250.0,60.0,620.0,387.0,759.0
6860500.000000001,-11749250.0,57.0,600.0,466.0,551.0
6860500.000000001,-11349250.0,60.0,636.0,611.0,606.0
6860500.000000001,-11249250.0,60.0,644.0,680.0,598.0
6860500.000000001,-11149250.0,57.0,638.0,652.0,597.0
6860500.000000001,-11049250.0,57.0,633.0,707.0,534.0
6860500.000000001,-10949250.0,58.0,608.0,770.0,603.0
6860500.000000001,-10849250.0,60.0,603.0,738.0,563.0
6860500.000000001,-10749250.0,60.0,605.0,712.0,539.0
6860500.000000001,-10249250.0,64.0,571.0,839.0,481.0
6860500.000000001,-9349250.0,57.0,603.0,698.0,469.0
6860500.000000001,-9249250.0,55.0,589.0,780.0,468.0
6860500.000000001,-9149250.0,56.0,611.0,865.0,479.0
6860500.000000001,-9049250.0,55.0,619.0,912.0,445.0
6860500.000000001,-8149250.0,58.0,573.0,1007.0,388.0
6860500.000000001,2150750.0,48.0,511.0,858.0,286.0
6860500.000000001,2250750.0,53.0,553.0,879.0,360.0
6860500.000000001,2350750.0,45.0,601.0,1139.0,430.0
6860500.000000001,2450750.0,48.0,612.0,951.0,371.0
6860500.000000001,2650750.0,45.0,607.0,1183.0,463.0
6860500.000000001,2950750.0,51.0,584.0,994.0,434.0
6860500.000000001,3050750.0,46.0,580.0,984.0,402.0
6860500.000000001,3150750.0,46.0,605.0,1063.0,475.0
6860500.000000001,3250750.0,45.0,627.0,1176.0,564.0
6860500.000000001,3350750.0,46.0,619.0,1305.0,569.0
6860500.000000001,3450750.0,47.0,652.0,1179.0,573.0
6860500.000000001,3750750.0,46.0,622.0,915.0,528.0
6860500.000000001,3850750.0,47.0,647.0,818.0,664.0
6860500.000000001,3950750.0,49.0,623.0,912.0,633.0
6860500.000000001,4050750.0,49.0,643.0,827.0,606.0
6860500.000000001,4150750.0,48.0,630.0,920.0,595.0
6860500.000000001,4250750.0,48.0,615.0,915.0,705.0
6860500.000000001,4350750.0,47.0,612.0,980.0,627.0
6860500.000000001,4450750.0,46.0,614.0,1044.0,797.0
6860500.000000001,4550750.0,46.0,637.0,1083.0,728.0
6860500.000000001,4650750.0,52.0,655.0,1233.0,637.0
6860500.000000001,4750750.0,46.0,644.0,1155.0,685.0
6860500.000000001,4850750.0,49.0,641.0,1169.0,709.0
6860500.000000001,4950750.0,47.0,641.0,1120.0,642.0
6860500.000000001,5050750.0,51.0,619.0,1218.0,520.0
6860500.000000001,5150750.0,49.0,633.0,1008.0,559.0
6860500.000000001,5250750.0,49.0,629.0,681.0,620.0
6860500.000000001,5350750.0,54.0,661.0,884.0,584.0
6860500.000000001,5450750.0,54.0,659.0,1083.0,476.0
6860500.000000001,5550750.0,48.0,657.0,1086.0,602.0
6860500.000000001,5650750.0,51.0,656.0,985.0,538.0
6860500.000000001,5750750.0,50.0,656.0,913.0,559.0
6860500.000000001,5950750.0,50.0,649.0,889.0,597.0
6860500.000000001,6050750.0,52.0,670.0,1022.0,515.0
6860500.000000001,6150750.0,53.0,656.0,1008.0,533.0
6860500.000000001,6250750.0,52.0,664.0,1047.0,534.0
6860500.000000001,6350750.0,50.0,658.0,866.0,470.0
6860500.000000001,6450750.0,48.0,645.0,1031.0,506.0
6860500.000000001,6550750.0,54.0,654.0,1168.0,489.0
6860500.000000001,6650750.0,50.0,638.0,1162.0,549.0
6860500.000000001,6750750.0,57.0,667.0,1203.0,491.0
6860500.000000001,6850750.0,49.0,645.0,1303.0,557.0
6860500.000000001,6950750.0,49.0,593.0,1007.0,463.0
6860500.000000001,7050750.0,53.0,650.0,1186.0,487.0
6860500.000000001,7150750.0,49.0,625.0,1132.0,465.0
6860500.000000001,7250750.0,51.0,652.0,1037.0,440.0
6860500.000000001,7350750.0,51.0,649.0,1052.0,447.0
6860500.000000001,7450750.0,53.0,641.0,782.0,464.0
6860500.000000001,7550750.0,51.0,657.0,613.0,466.0
6860500.000000001,7650750.0,50.0,639.0,600.0,392.0
6860500.000000001,7750750.0,54.0,649.0,906.0,453.0
6860500.000000001,7850750.0,58.0,642.0,855.0,466.0
6860500.000000001,8050750.0,56.0,660.0,744.0,439.0
6860500.000000001,8150750.0,59.0,644.0,793.0,468.0
6860500.000000001,8250750.0,57.0,651.0,873.0,466.0
6860500.000000001,8350750.0,57.0,656.0,750.0,425.0
6860500.000000001,8450750.0,58.0,635.0,764.0,426.0
6860500.000000001,8550750.0,58.0,630.0,784.0,492.0
6860500.000000001,8650750.0,58.0,650.0,900.0,495.0
6860500.000000001,8750750.0,57.0,641.0,881.0,518.0
6860500.000000001,8850750.0,63.0,637.0,937.0,441.0
6860500.000000001,8950750.0,62.0,650.0,886.0,479.0
6860500.000000001,9050750.0,62.0,640.0,875.0,560.0
6860500.000000001,9450750.0,61.0,651.0,1317.0,451.0
6860500.000000001,9550750.0,63.0,636.0,1126.0,428.0
6860500.000000001,9650750.0,62.0,615.0,1344.0,448.0
6860500.000000001,9750750.0,56.0,654.0,1203.0,395.0
6860500.000000001,9850750.0,53.0,613.0,1373.0,507.0
6860500.000000001,9950750.0,52.0,646.0,897.0,387.0
6860500.000000001,10050750.0,55.0,591.0,1204.0,478.0
6860500.000000001,10150750.0,54.0,626.0,1307.0,470.0
6860500.000000001,10250750.0,51.0,623.0,830.0,403.0
6860500.000000001,10350750.0,51.0,627.0,998.0,487.0
6860500.000000001,10450750.0,54.0,638.0,804.0,499.0
6860500.000000001,10550750.0,50.0,654.0,678.0,409.0
6860500.000000001,10650750.0,51.0,620.0,712.0,376.0
6860500.000000001,10750750.0,52.0,678.0,802.0,438.0
6860500.000000001,10850750.0,57.0,668.0,741.0,516.0
6860500.000000001,10950750.0,54.0,590.0,750.0,524.0
6860500.000000001,11050750.0,52.0,606.0,622.0,407.0
6860500.000000001,11150750.0,51.0,621.0,679.0,429.0
6860500.000000001,11250750.0,53.0,631.0,492.0,404.0
6860500.000000001,11350750.0,54.0,561.0,589.0,356.0
6860500.000000001,11450750.0,57.0,611.0,483.0,478.0
6860500.000000001,11550750.0,54.0,633.0,574.0,465.0
6860500.000000001,11650750.0,53.0,603.0,580.0,429.0
6860500.000000001,11750750.0,50.0,630.0,581.0,443.0
6860500.000000001,11850750.0,52.0,622.0,671.0,475.0
6860500.000000001,11950750.0,53.0,615.0,499.0,427.0
6860500.000000001,12050750.0,56.0,579.0,613.0,422.0
6860500.000000001,12150750.0,55.0,607.0,1003.0,500.0
6860500.000000001,12250750.0,54.0,620.0,1156.0,463.0
6760500.000000001,-15049250.0,50.0,476.0,1173.0,625.0
6760500.000000001,-14949250.0,53.0,477.0,1134.0,599.0
6760500.000000001,-14849250.0,52.0,466.0,1184.0,576.0
6760500.000000001,-14749250.0,50.0,474.0,1042.0,572.0
6760500.000000001,-14649250.0,49.0,486.0,1084.0,559.0
6760500.000000001,-14549250.0,49.0,479.0,1100.0,563.0
6760500.000000001,-14449250.0,53.0,482.0,1085.0,508.0
6760500.000000001,-14349250.0,49.0,486.0,869.0,435.0
6760500.000000001,-14249250.0,48.0,509.0,827.0,334.0
6760500.000000001,-14149250.0,54.0,486.0,1037.0,358.0
6760500.000000001,-14049250.0,54.0,479.0,1036.0,522.0
6760500.000000001,-13949250.0,60.0,488.0,879.0,439.0
6760500.000000001,-13849250.0,55.0,475.0,1024.0,433.0
6760500.000000001,-13749250.0,54.0,467.0,1020.0,524.0
6760500.000000001,-13649250.0,50.0,476.0,818.0,442.0
6760500.000000001,-13549250.0,55.0,458.0,695.0,417.0
6760500.000000001,-13449250.0,54.0,471.0,579.0,467.0
6760500.000000001,-13349250.0,59.0,571.0,460.0,372.0
6760500.000000001,-13249250.0,54.0,600.0,464.0,404.0
6760500.000000001,-13149250.0,55.0,621.0,476.0,421.0
6760500.000000001,-13049250.0,55.0,601.0,471.0,432.0
6760500.000000001,-12949250.0,52.0,638.0,792.0,467.0
6760500.000000001,-12849250.0,55.0,613.0,638.0,433.0
6760500.000000001,-12749250.0,53.0,615.0,806.0,454.0
6760500.000000001,-12649250.0,54.0,645.0,792.0,543.0
6760500.000000001,-12549250.0,61.0,639.0,430.0,363.0
6760500.000000001,-12449250.0,59.0,644.0,426.0,432.0
6760500.000000001,-12349250.0,57.0,649.0,381.0,490.0
6760500.000000001,-12249250.0,66.0,622.0,362.0,565.0
6760500.000000001,-12149250.0,70.0,623.0,272.0,485.0
6760500.000000001,-11949250.0,68.0,623.0,312.0,629.0
6760500.000000001,-11749250.0,61.0,649.0,413.0,551.0
6760500.000000001,-11649250.0,59.0,657.0,529.0,529.0
6760500.000000001,-11449250.0,58.0,615.0,579.0,580.0
6760500.000000001,-11249250.0,60.0,636.0,590.0,473.0
6760500.000000001,-11149250.0,60.0,630.0,688.0,501.0
6760500.000000001,-11049250.0,59.0,615.0,587.0,560.0
6760500.000000001,-10949250.0,60.0,600.0,583.0,531.0
6760500.000000001,-10849250.0,60.0,588.0,594.0,454.0
6760500.000000001,-10749250.0,62.0,594.0,713.0,487.0
6760500.000000001,-9749250.0,59.0,617.0,799.0,524.0
6760500.000000001,-9649250.0,60.0,608.0,691.0,387.0
6760500.000000001,-9149250.0,57.0,598.0,702.0,458.0
6760500.000000001,1850750.0,49.0,439.0,1285.0,446.0
6760500.000000001,1950750.0,53.0,479.0,860.0,391.0
6760500.000000001,2050750.0,56.0,501.0,901.0,341.0
6760500.000000001,2150750.0,48.0,553.0,732.0,485.0
6760500.000000001,2250750.0,48.0,553.0,1054.0,420.0
6760500.000000001,2350750.0,48.0,581.0,818.0,457.0
6760500.000000001,2550750.0,45.0,573.0,784.0,395.0
6760500.000000001,2850750.0,46.0,556.0,1148.0,532.0
6760500.000000001,2950750.0,46.0,566.0,1009.0,538.0
6760500.000000001,3050750.0,45.0,586.0,1025.0,577.0
6760500.000000001,3150750.0,47.0,586.0,1076.0,605.0
6760500.000000001,3250750.0,46.0,591.0,1318.0,597.0
6760500.000000001,3350750.0,45.0,638.0,1240.0,668.0
6760500.000000001,3550750.0,47.0,602.0,1053.0,657.0
6760500.000000001,3650750.0,47.0,580.0,1236.0,575.0
6760500.000000001,3750750.0,48.0,625.0,957.0,550.0
6760500.000000001,3850750.0,47.0,640.0,942.0,611.0
6760500.000000001,3950750.0,51.0,600.0,955.0,612.0
6760500.000000001,4050750.0,49.0,587.0,861.0,675.0
6760500.000000001,4150750.0,47.0,617.0,900.0,616.0
6760500.000000001,4250750.0,49.0,642.0,982.0,644.0
6760500.000000001,4350750.0,46.0,614.0,938.0,725.0
6760500.000000001,4450750.0,46.0,611.0,956.0,642.0
6760500.000000001,4550750.0,45.0,633.0,1005.0,595.0
6760500.000000001,4650750.0,46.0,645.0,817.0,669.0
6760500.000000001,4750750.0,48.0,645.0,1029.0,589.0
6760500.000000001,4850750.0,47.0,646.0,1265.0,676.0
6760500.000000001,4950750.0,48.0,609.0,1245.0,621.0
6760500.000000001,5050750.0,46.0,652.0,1104.0,635.0
6760500.000000001,5150750.0,48.0,615.0,1258.0,631.0
6760500.000000001,5250750.0,51.0,607.0,787.0,558.0
6760500.000000001,5350750.0,50.0,610.0,668.0,573.0
6760500.000000001,5450750.0,51.0,643.0,967.0,552.0
6760500.000000001,5550750.0,50.0,624.0,940.0,558.0
6760500.000000001,5650750.0,49.0,613.0,875.0,620.0
6760500.000000001,5750750.0,52.0,647.0,1003.0,477.0
6760500.000000001,5850750.0,52.0,670.0,940.0,492.0
6760500.000000001,6050750.0,52.0,664.0,936.0,482.0
6760500.000000001,6350750.0,52.0,650.0,846.0,494.0
6760500.000000001,6450750.0,49.0,645.0,869.0,476.0
6760500.000000001,6550750.0,53.0,642.0,1140.0,514.0
6760500.000000001,6650750.0,53.0,628.0,1097.0,495.0
6760500.000000001,6750750.0,51.0,660.0,1123.0,534.0
6760500.000000001,6850750.0,50.0,644.0,1106.0,533.0
6760500.000000001,6950750.0,48.0,643.0,1131.0,580.0
6760500.000000001,7050750.0,50.0,623.0,1041.0,598.0
6760500.000000001,7150750.0,47.0,625.0,1153.0,523.0
6760500.000000001,7250750.0,49.0,603.0,1031.0,462.0
6760500.000000001,7350750.0,48.0,631.0,926.0,517.0
6760500.000000001,7450750.0,52.0,642.0,823.0,438.0
6760500.000000001,7550750.0,53.0,656.0,840.0,478.0
6760500.000000001,7650750.0,55.0,645.0,634.0,471.0
6760500.000000001,7750750.0,55.0,658.0,594.0,414.0
6760500.000000001,7850750.0,55.0,649.0,772.0,455.0
6760500.000000001,7950750.0,56.0,641.0,643.0,420.0
6760500.000000001,8050750.0,56.0,639.0,669.0,395.0
6760500.000000001,8150750.0,56.0,648.0,682.0,401.0
6760500.000000001,8250750.0,58.0,640.0,795.0,484.0
6760500.000000001,8350750.0,56.0,649.0,882.0,482.0
6760500.000000001,8450750.0,59.0,634.0,797.0,469.0
6760500.000000001,8550750.0,59.0,625.0,707.0,416.0
6760500.000000001,8650750.0,60.0,624.0,676.0,425.0
6760500.000000001,8750750.0,62.0,614.0,764.0,429.0
6760500.000000001,8850750.0,63.0,620.0,702.0,385.0
6760500.000000001,8950750.0,57.0,632.0,862.0,459.0
6760500.000000001,9050750.0,59.0,660.0,716.0,496.0
6760500.000000001,9150750.0,58.0,647.0,1083.0,513.0
6760500.000000001,9250750.0,62.0,637.0,903.0,504.0
6760500.000000001,9350750.0,61.0,639.0,931.0,476.0
6760500.000000001,9450750.0,64.0,632.0,957.0,451.0
6760500.000000001,9550750.0,63.0,631.0,1118.0,429.0
6760500.000000001,9650750.0,62.0,652.0,1225.0,468.0
6760500.000000001,9750750.0,63.0,636.0,1234.0,460.0
6760500.000000001,9850750.0,60.0,653.0,1187.0,469.0
6760500.000000001,9950750.0,58.0,646.0,1248.0,410.0
6760500.000000001,10050750.0,56.0,600.0,1302.0,441.0
6760500.000000001,10150750.0,52.0,600.0,1141.0,481.0
6760500.000000001,10250750.0,53.0,641.0,978.0,409.0
6760500.000000001,10350750.0,55.0,624.0,958.0,447.0
6760500.000000001,10450750.0,58.0,629.0,1054.0,409.0
6760500.000000001,10550750.0,55.0,620.0,973.0,459.0
6760500.000000001,10650750.0,52.0,607.0,992.0,520.0
6760500.000000001,10750750.0,49.0,653.0,791.0,485.0
6760500.000000001,10850750.0,48.0,672.0,810.0,470.0
6760500.000000001,10950750.0,50.0,664.0,638.0,442.0
6760500.000000001,11050750.0,49.0,668.0,879.0,460.0
6760500.000000001,11150750.0,53.0,636.0,790.0,473.0
6760500.000000001,11250750.0,53.0,595.0,743.0,476.0
6760500.000000001,11350750.0,55.0,597.0,578.0,386.0
6760500.000000001,11450750.0,52.0,654.0,651.0,517.0
6760500.000000001,11550750.0,55.0,602.0,528.0,424.0
6760500.000000001,11750750.0,52.0,655.0,568.0,479.0
6760500.000000001,11850750.0,54.0,629.0,720.0,455.0
6760500.000000001,11950750.0,52.0,589.0,635.0,425.0
6760500.000000001,12050750.0,54.0,578.0,728.0,456.0
6760500.000000001,12150750.0,55.0,575.0,688.0,419.0
6760500.000000001,12250750.0,53.0,583.0,809.0,389.0
6760500.000000001,12350750.0,54.0,652.0,806.0,511.0
6660500.000000001,-15249250.0,55.0,485.0,1258.0,709.0
6660500.000000001,-14849250.0,47.0,481.0,1074.0,546.0
6660500.000000001,-14749250.0,48.0,470.0,1153.0,613.0
6660500.000000001,-14649250.0,49.0,469.0,1193.0,582.0
6660500.000000001,-14549250.0,55.0,465.0,1094.0,395.0
6660500.000000001,-14449250.0,54.0,490.0,780.0,352.0
6660500.000000001,-14349250.0,48.0,496.0,802.0,469.0
6660500.000000001,-14249250.0,55.0,493.0,778.0,374.0
6660500.000000001,-14049250.0,57.0,431.0,950.0,364.0
6660500.000000001,-13949250.0,56.0,442.0,903.0,356.0
6660500.000000001,-13849250.0,52.0,471.0,816.0,442.0
6660500.000000001,-13749250.0,58.0,418.0,901.0,334.0
6660500.000000001,-13549250.0,55.0,454.0,634.0,488.0
6660500.000000001,-13449250.0,58.0,456.0,474.0,436.0
6660500.000000001,-13349250.0,64.0,573.0,493.0,447.0
6660500.000000001,-13249250.0,56.0,592.0,465.0,439.0
6660500.000000001,-13149250.0,56.0,604.0,540.0,494.0
6660500.000000001,-13049250.0,54.0,599.0,667.0,471.0
6660500.000000001,-12949250.0,53.0,573.0,934.0,411.0
6660500.000000001,-12849250.0,52.0,638.0,863.0,487.0
6660500.000000001,-12749250.0,54.0,621.0,634.0,361.0
6660500.000000001,-12649250.0,60.0,607.0,405.0,377.0
6660500.000000001,-12549250.0,63.0,602.0,235.0,262.0
6660500.000000001,-12449250.0,63.0,603.0,175.0,301.0
6660500.000000001,-12349250.0,63.0,625.0,198.0,361.0
6660500.000000001,-12249250.0,68.0,602.0,259.0,439.0
6660500.000000001,-12149250.0,68.0,642.0,318.0,444.0
6660500.000000001,-11949250.0,68.0,630.0,494.0,440.0
6660500.000000001,-11849250.0,66.0,627.0,340.0,451.0
6660500.000000001,-11649250.0,62.0,645.0,382.0,496.0
6660500.000000001,-11549250.0,60.0,652.0,395.0,387.0
6660500.000000001,-11449250.0,60.0,622.0,511.0,574.0
6660500.000000001,-11349250.0,60.0,622.0,439.0,476.0
6660500.000000001,-11249250.0,57.0,628.0,594.0,510.0
6660500.000000001,-11149250.0,58.0,618.0,603.0,480.0
6660500.000000001,-10949250.0,60.0,598.0,570.0,479.0
6660500.000000001,-9549250.0,57.0,630.0,764.0,511.0
6660500.000000001,-9449250.0,55.0,601.0,801.0,476.0
6660500.000000001,-9349250.0,59.0,571.0,763.0,359.0
6660500.000000001,-7649250.0,60.0,497.0,889.0,388.0
6660500.000000001,1850750.0,52.0,383.0,1035.0,311.0
6660500.000000001,1950750.0,53.0,508.0,944.0,406.0
6660500.000000001,2050750.0,52.0,518.0,957.0,476.0
6660500.000000001,2150750.0,47.0,569.0,965.0,590.0
6660500.000000001,2250750.0,45.0,559.0,820.0,384.0
6660500.000000001,2350750.0,47.0,581.0,863.0,402.0
6660500.000000001,2450750.0,44.0,570.0,998.0,439.0
6660500.000000001,2850750.0,55.0,605.0,1097.0,563.0
6660500.000000001,2950750.0,50.0,584.0,1085.0,649.0
6660500.000000001,3150750.0,47.0,569.0,1045.0,544.0
6660500.000000001,3550750.0,46.0,603.0,1151.0,559.0
6660500.000000001,3650750.0,50.0,634.0,1128.0,598.0
6660500.000000001,3750750.0,52.0,604.0,1035.0,503.0
6660500.000000001,3850750.0,47.0,613.0,970.0,621.0
6660500.000000001,3950750.0,49.0,576.0,955.0,584.0
6660500.000000001,4050750.0,50.0,592.0,970.0,569.0
6660500.000000001,4150750.0,49.0,616.0,950.0,629.0
6660500.000000001,4250750.0,48.0,601.0,935.0,571.0
6660500.000000001,4350750.0,48.0,613.0,858.0,645.0
6660500.000000001,4450750.0,48.0,603.0,879.0,545.0
6660500.000000001,4550750.0,46.0,602.0,1038.0,526.0
6660500.000000001,4650750.0,45.0,639.0,931.0,626.0
6660500.000000001,4750750.0,46.0,607.0,867.0,515.0
6660500.000000001,4850750.0,46.0,629.0,1272.0,503.0
6660500.000000001,4950750.0,47.0,618.0,1071.0,592.0
6660500.000000001,5050750.0,46.0,630.0,953.0,573.0
6660500.000000001,5150750.0,48.0,605.0,1145.0,477.0
6660500.000000001,5250750.0,49.0,617.0,832.0,538.0
6660500.000000001,5350750.0,57.0,626.0,768.0,551.0
6660500.000000001,5550750.0,54.0,629.0,959.0,588.0
6660500.000000001,5650750.0,52.0,635.0,874.0,544.0
6660500.000000001,5750750.0,52.0,667.0,842.0,584.0
6660500.000000001,5850750.0,56.0,667.0,883.0,545.0
6660500.000000001,5950750.0,52.0,665.0,906.0,504.0
6660500.000000001,6250750.0,55.0,660.0,876.0,501.0
6660500.000000001,6350750.0,53.0,639.0,756.0,490.0
6660500.000000001,6450750.0,54.0,645.0,811.0,482.0
6660500.000000001,6550750.0,52.0,644.0,870.0,470.0
6660500.000000001,6650750.0,49.0,625.0,1010.0,488.0
6660500.000000001,6750750.0,54.0,639.0,1045.0,465.0
6660500.000000001,6850750.0,49.0,616.0,910.0,508.0
6660500.000000001,6950750.0,50.0,609.0,972.0,528.0
6660500.000000001,7050750.0,50.0,615.0,1186.0,525.0
6660500.000000001,7150750.0,49.0,599.0,1017.0,471.0
6660500.000000001,7250750.0,46.0,621.0,799.0,520.0
6660500.000000001,7350750.0,50.0,632.0,752.0,494.0
6660500.000000001,7450750.0,50.0,643.0,820.0,463.0
6660500.000000001,7650750.0,52.0,651.0,714.0,479.0
6660500.000000001,7750750.0,53.0,638.0,662.0,454.0
6660500.000000001,7850750.0,57.0,652.0,715.0,443.0
6660500.000000001,7950750.0,57.0,655.0,773.0,452.0
6660500.000000001,8050750.0,57.0,648.0,788.0,426.0
6660500.000000001,8150750.0,59.0,647.0,799.0,440.0
6660500.000000001,8250750.0,58.0,629.0,793.0,424.0
6660500.000000001,8350750.0,57.0,649.0,747.0,463.0
6660500.000000001,8450750.0,56.0,659.0,660.0,443.0
6660500.000000001,8550750.0,56.0,658.0,598.0,510.0
6660500.000000001,8650750.0,57.0,635.0,704.0,469.0
6660500.000000001,8750750.0,60.0,627.0,667.0,436.0
6660500.000000001,8850750.0,57.0,625.0,846.0,439.0
6660500.000000001,8950750.0,58.0,635.0,741.0,467.0
6660500.000000001,9050750.0,58.0,623.0,725.0,426.0
6660500.000000001,9150750.0,55.0,637.0,792.0,460.0
6660500.000000001,9250750.0,60.0,652.0,912.0,504.0
6660500.000000001,9350750.0,61.0,646.0,959.0,478.0
6660500.000000001,9450750.0,61.0,643.0,851.0,468.0
6660500.000000001,9650750.0,61.0,620.0,921.0,451.0
6660500.000000001,9750750.0,62.0,636.0,1096.0,483.0
6660500.000000001,9850750.0,65.0,656.0,999.0,476.0
6660500.000000001,9950750.0,63.0,658.0,1165.0,458.0
6660500.000000001,10050750.0,61.0,665.0,1261.0,468.0
6660500.000000001,10150750.0,52.0,656.0,1300.0,405.0
6660500.000000001,10250750.0,56.0,586.0,1142.0,458.0
6660500.000000001,10350750.0,55.0,625.0,968.0,421.0
6660500.000000001,10450750.0,59.0,623.0,937.0,403.0
6660500.000000001,10550750.0,57.0,616.0,908.0,415.0
6660500.000000001,10650750.0,56.0,635.0,787.0,458.0
6660500.000000001,10750750.0,54.0,579.0,789.0,339.0
6660500.000000001,10850750.0,49.0,614.0,873.0,511.0
6660500.000000001,10950750.0,49.0,648.0,677.0,503.0
6660500.000000001,11050750.0,51.0,651.0,841.0,455.0
6660500.000000001,11150750.0,50.0,659.0,809.0,474.0
6660500.000000001,11250750.0,52.0,609.0,782.0,392.0
6660500.000000001,11650750.0,54.0,626.0,554.0,413.0
6660500.000000001,11850750.0,52.0,666.0,780.0,478.0
6660500.000000001,11950750.0,50.0,652.0,868.0,455.0
6660500.000000001,12050750.0,51.0,652.0,534.0,440.0
6660500.000000001,12150750.0,53.0,608.0,757.0,479.0
6660500.000000001,12250750.0,52.0,623.0,647.0,507.0
6660500.000000001,12350750.0,56.0,574.0,766.0,340.0
6560500.000000001,-15149250.0,55.0,482.0,1212.0,709.0
6560500.000000001,-15049250.0,52.0,476.0,1244.0,579.0
6560500.000000001,-14849250.0,46.0,484.0,1118.0,551.0
6560500.000000001,-14749250.0,50.0,472.0,1145.0,558.0
6560500.000000001,-14649250.0,53.0,475.0,912.0,552.0
6560500.000000001,-14549250.0,48.0,492.0,869.0,376.0
6560500.000000001,-14449250.0,50.0,482.0,641.0,359.0
6560500.000000001,-13749250.0,53.0,405.0,879.0,290.0
6560500.000000001,-13549250.0,55.0,465.0,662.0,409.0
6560500.000000001,-13449250.0,55.0,468.0,540.0,436.0
6560500.000000001,-13349250.0,66.0,536.0,371.0,397.0
6560500.000000001,-13249250.0,59.0,571.0,520.0,433.0
6560500.000000001,-13149250.0,56.0,555.0,721.0,485.0
6560500.000000001,-13049250.0,57.0,601.0,584.0,387.0
6560500.000000001,-12949250.0,56.0,597.0,511.0,399.0
6560500.000000001,-12849250.0,56.0,618.0,606.0,329.0
6560500.000000001,-12749250.0,58.0,598.0,465.0,353.0
6560500.000000001,-12649250.0,63.0,592.0,303.0,302.0
6560500.000000001,-12549250.0,61.0,616.0,247.0,330.0
6560500.000000001,-12449250.0,60.0,594.0,227.0,276.0
6560500.000000001,-12349250.0,60.0,599.0,203.0,333.0
6560500.000000001,-12249250.0,62.0,609.0,254.0,325.0
6560500.000000001,-12049250.0,65.0,584.0,262.0,338.0
6560500.000000001,-11949250.0,65.0,607.0,399.0,349.0
6560500.000000001,-11849250.0,65.0,606.0,248.0,340.0
6560500.000000001,-11749250.0,62.0,629.0,319.0,378.0
6560500.000000001,-11649250.0,61.0,641.0,374.0,385.0
6560500.000000001,-11549250.0,62.0,632.0,378.0,413.0
6560500.000000001,-11349250.0,56.0,647.0,492.0,441.0
6560500.000000001,-11249250.0,62.0,631.0,379.0,400.0
6560500.000000001,-11149250.0,59.0,617.0,423.0,383.0
6560500.000000001,-11049250.0,60.0,605.0,527.0,345.0
6560500.000000001,-10949250.0,61.0,601.0,432.0,386.0
6560500.000000001,-10849250.0,62.0,594.0,537.0,339.0
6560500.000000001,-9449250.0,56.0,612.0,794.0,529.0
6560500.000000001,-9349250.0,57.0,588.0,763.0,461.0
6560500.000000001,-9249250.0,59.0,592.0,687.0,458.0
6560500.000000001,-8849250.0,57.0,565.0,733.0,484.0
6560500.000000001,-7549250.0,57.0,475.0,716.0,291.0
6560500.000000001,1850750.0,54.0,415.0,913.0,366.0
6560500.000000001,1950750.0,56.0,528.0,826.0,327.0
6560500.000000001,2050750.0,47.0,506.0,712.0,439.0
6560500.000000001,2150750.0,47.0,541.0,882.0,379.0
6560500.000000001,2250750.0,46.0,519.0,860.0,346.0
6560500.000000001,2350750.0,46.0,560.0,787.0,380.0
6560500.000000001,2450750.0,46.0,573.0,1000.0,410.0
6560500.000000001,2550750.0,48.0,539.0,994.0,308.0
6560500.000000001,2950750.0,47.0,562.0,1053.0,413.0
6560500.000000001,3350750.0,49.0,635.0,1265.0,504.0
6560500.000000001,3450750.0,53.0,580.0,1178.0,468.0
6560500.000000001,3550750.0,47.0,635.0,1190.0,473.0
6560500.000000001,3650750.0,46.0,607.0,1014.0,521.0
6560500.000000001,3750750.0,49.0,589.0,1307.0,662.0
6560500.000000001,3950750.0,50.0,596.0,943.0,510.0
6560500.000000001,4050750.0,51.0,599.0,980.0,574.0
6560500.000000001,4150750.0,49.0,584.0,858.0,615.0
6560500.000000001,4250750.0,51.0,589.0,1052.0,535.0
6560500.000000001,4350750.0,46.0,599.0,785.0,513.0
6560500.000000001,4450750.0,53.0,597.0,1227.0,554.0
6560500.000000001,4550750.0,48.0,597.0,828.0,536.0
6560500.000000001,4650750.0,55.0,589.0,897.0,495.0
6560500.000000001,4750750.0,51.0,565.0,917.0,489.0
6560500.000000001,4850750.0,49.0,564.0,944.0,504.0
6560500.000000001,4950750.0,49.0,588.0,909.0,575.0
6560500.000000001,5050750.0,51.0,606.0,942.0,551.0
6560500.000000001,5150750.0,49.0,628.0,980.0,515.0
6560500.000000001,5250750.0,52.0,550.0,746.0,490.0
6560500.000000001,5350750.0,57.0,610.0,680.0,543.0
6560500.000000001,5450750.0,56.0,585.0,763.0,582.0
6560500.000000001,5550750.0,56.0,627.0,745.0,541.0
6560500.000000001,5750750.0,53.0,631.0,838.0,531.0
6560500.000000001,5850750.0,55.0,642.0,872.0,520.0
6560500.000000001,5950750.0,56.0,636.0,849.0,592.0
6560500.000000001,6050750.0,51.0,623.0,862.0,553.0
6560500.000000001,6150750.0,52.0,647.0,824.0,537.0
6560500.000000001,6250750.0,52.0,618.0,867.0,512.0
6560500.000000001,6350750.0,52.0,623.0,718.0,468.0
6560500.000000001,6450750.0,54.0,630.0,802.0,464.0
6560500.000000001,6550750.0,55.0,621.0,761.0,511.0
6560500.000000001,6650750.0,52.0,605.0,752.0,480.0
6560500.000000001,6750750.0,53.0,610.0,917.0,457.0
6560500.000000001,6850750.0,49.0,601.0,803.0,427.0
6560500.000000001,6950750.0,51.0,588.0,892.0,426.0
6560500.000000001,7050750.0,51.0,593.0,903.0,414.0
6560500.000000001,7150750.0,57.0,613.0,920.0,498.0
6560500.000000001,7250750.0,46.0,623.0,979.0,447.0
6560500.000000001,7350750.0,47.0,629.0,869.0,467.0
6560500.000000001,7450750.0,49.0,647.0,856.0,479.0
6560500.000000001,7550750.0,52.0,636.0,865.0,435.0
6560500.000000001,7650750.0,54.0,637.0,860.0,471.0
6560500.000000001,7750750.0,55.0,649.0,691.0,453.0
6560500.000000001,7850750.0,57.0,640.0,735.0,422.0
6560500.000000001,7950750.0,59.0,636.0,689.0,472.0
6560500.000000001,8050750.0,58.0,622.0,690.0,505.0
6560500.000000001,8150750.0,58.0,649.0,744.0,381.0
6560500.000000001,8250750.0,60.0,632.0,716.0,428.0
6560500.000000001,8350750.0,60.0,642.0,634.0,471.0
6560500.000000001,8450750.0,59.0,656.0,579.0,418.0
6560500.000000001,8550750.0,57.0,639.0,660.0,442.0
6560500.000000001,8650750.0,58.0,643.0,618.0,458.0
6560500.000000001,8750750.0,57.0,643.0,692.0,487.0
6560500.000000001,8850750.0,60.0,637.0,621.0,420.0
6560500.000000001,8950750.0,61.0,619.0,676.0,401.0
6560500.000000001,9050750.0,55.0,646.0,823.0,396.0
6560500.000000001,9150750.0,65.0,618.0,620.0,440.0
6560500.000000001,9250750.0,59.0,641.0,771.0,419.0
6560500.000000001,9350750.0,57.0,659.0,615.0,410.0
6560500.000000001,9450750.0,58.0,659.0,583.0,428.0
6560500.000000001,9550750.0,61.0,654.0,825.0,426.0
6560500.000000001,9650750.0,59.0,647.0,771.0,402.0
6560500.000000001,9750750.0,59.0,632.0,929.0,434.0
6560500.000000001,9850750.0,60.0,627.0,963.0,452.0
6560500.000000001,9950750.0,61.0,629.0,1028.0,428.0
6560500.000000001,10050750.0,64.0,616.0,1061.0,481.0
6560500.000000001,10150750.0,62.0,637.0,1096.0,439.0
6560500.000000001,10250750.0,59.0,613.0,1116.0,436.0
6560500.000000001,10350750.0,56.0,642.0,845.0,362.0
6560500.000000001,10450750.0,60.0,625.0,884.0,430.0
6560500.000000001,10550750.0,59.0,627.0,841.0,374.0
6560500.000000001,10650750.0,55.0,566.0,893.0,382.0
6560500.000000001,10750750.0,57.0,588.0,953.0,296.0
6560500.000000001,10850750.0,49.0,622.0,924.0,372.0
6560500.000000001,10950750.0,55.0,625.0,948.0,398.0
6560500.000000001,11050750.0,47.0,665.0,990.0,390.0
6560500.000000001,11150750.0,48.0,634.0,721.0,290.0
6560500.000000001,11250750.0,50.0,628.0,783.0,413.0
6560500.000000001,11350750.0,54.0,570.0,771.0,305.0
6560500.000000001,11950750.0,50.0,606.0,1030.0,416.0
6560500.000000001,12050750.0,53.0,606.0,720.0,353.0
6560500.000000001,12150750.0,52.0,576.0,664.0,424.0
6460500.000000001,-15149250.0,50.0,477.0,1182.0,600.0
6460500.000000001,-15049250.0,44.0,482.0,1296.0,470.0
6460500.000000001,-14949250.0,48.0,487.0,1026.0,545.0
6460500.000000001,-14849250.0,50.0,491.0,1054.0,585.0
6460500.000000001,-14749250.0,49.0,480.0,1078.0,528.0
6460500.000000001,-13449250.0,54.0,412.0,700.0,434.0
6460500.000000001,-13349250.0,52.0,482.0,798.0,447.0
6460500.000000001,-13249250.0,55.0,500.0,810.0,446.0
6460500.000000001,-13149250.0,54.0,498.0,807.0,481.0
6460500.000000001,-13049250.0,57.0,563.0,771.0,403.0
6460500.000000001,-12949250.0,58.0,591.0,587.0,402.0
6460500.000000001,-12849250.0,55.0,618.0,800.0,445.0
6460500.000000001,-12749250.0,60.0,581.0,489.0,287.0
6460500.000000001,-12649250.0,62.0,593.0,357.0,304.0
6460500.000000001,-12549250.0,60.0,603.0,317.0,315.0
6460500.000000001,-12449250.0,63.0,591.0,208.0,267.0
6460500.000000001,-12349250.0,64.0,604.0,267.0,357.0
6460500.000000001,-12249250.0,65.0,588.0,232.0,362.0
6460500.000000001,-12149250.0,60.0,607.0,278.0,320.0
6460500.000000001,-12049250.0,64.0,600.0,218.0,334.0
6460500.000000001,-11949250.0,65.0,573.0,322.0,355.0
6460500.000000001,-11649250.0,66.0,599.0,469.0,463.0
6460500.000000001,-11549250.0,64.0,593.0,294.0,385.0
6460500.000000001,-11449250.0,62.0,610.0,395.0,437.0
6460500.000000001,-11349250.0,61.0,621.0,296.0,335.0
6460500.000000001,-11249250.0,59.0,612.0,299.0,345.0
6460500.000000001,-11149250.0,60.0,622.0,260.0,350.0
6460500.000000001,-11049250.0,61.0,606.0,358.0,407.0
6460500.000000001,-10949250.0,61.0,605.0,306.0,323.0
6460500.000000001,-10849250.0,64.0,598.0,575.0,438.0
6460500.000000001,-9649250.0,59.0,595.0,946.0,470.0
6460500.000000001,-9549250.0,54.0,591.0,920.0,500.0
6460500.000000001,-9449250.0,59.0,616.0,842.0,475.0
6460500.000000001,-9349250.0,56.0,600.0,806.0,427.0
6460500.000000001,-9249250.0,57.0,588.0,689.0,389.0
6460500.000000001,-9149250.0,57.0,606.0,684.0,407.0
6460500.000000001,-8849250.0,56.0,581.0,811.0,468.0
6460500.000000001,-8749250.0,56.0,534.0,789.0,396.0
6460500.000000001,1850750.0,55.0,420.0,803.0,309.0
6460500.000000001,1950750.0,49.0,515.0,758.0,365.0
6460500.000000001,2050750.0,49.0,514.0,698.0,370.0
6460500.000000001,2150750.0,47.0,531.0,609.0,266.0
6460500.000000001,2350750.0,59.0,602.0,767.0,288.0
6460500.000000001,2450750.0,46.0,522.0,834.0,344.0
6460500.000000001,2550750.0,48.0,529.0,777.0,342.0
6460500.000000001,2950750.0,61.0,584.0,846.0,377.0
6460500.000000001,3050750.0,59.0,602.0,897.0,317.0
6460500.000000001,3150750.0,56.0,577.0,1115.0,361.0
6460500.000000001,3250750.0,50.0,612.0,1286.0,343.0
6460500.000000001,3350750.0,50.0,614.0,1160.0,373.0
6460500.000000001,3450750.0,59.0,589.0,1204.0,356.0
6460500.000000001,3550750.0,47.0,635.0,1242.0,449.0
6460500.000000001,3650750.0,51.0,615.0,1084.0,537.0
6460500.000000001,3750750.0,50.0,633.0,1243.0,675.0
6460500.000000001,3850750.0,52.0,625.0,1291.0,496.0
6460500.000000001,3950750.0,51.0,600.0,924.0,562.0
6460500.000000001,4050750.0,50.0,587.0,1018.0,517.0
6460500.000000001,4150750.0,51.0,547.0,975.0,572.0
6460500.000000001,4250750.0,51.0,561.0,1005.0,560.0
6460500.000000001,4350750.0,50.0,546.0,969.0,547.0
6460500.000000001,4450750.0,49.0,566.0,881.0,503.0
6460500.000000001,4550750.0,51.0,518.0,1099.0,512.0
6460500.000000001,4650750.0,52.0,551.0,1044.0,533.0
6460500.000000001,4750750.0,51.0,569.0,1012.0,531.0
6460500.000000001,4850750.0,51.0,586.0,948.0,494.0
6460500.000000001,4950750.0,54.0,616.0,841.0,527.0
6460500.000000001,5050750.0,54.0,581.0,983.0,498.0
6460500.000000001,5150750.0,51.0,618.0,975.0,462.0
6460500.000000001,5250750.0,49.0,635.0,1102.0,440.0
6460500.000000001,5350750.0,59.0,619.0,651.0,456.0
6460500.000000001,5450750.0,56.0,599.0,700.0,511.0
6460500.000000001,5550750.0,55.0,600.0,676.0,518.0
6460500.000000001,5650750.0,57.0,633.0,836.0,555.0
6460500.000000001,5750750.0,58.0,638.0,820.0,524.0
6460500.000000001,5850750.0,56.0,636.0,824.0,536.0
6460500.000000001,5950750.0,55.0,615.0,754.0,544.0
6460500.000000001,6050750.0,57.0,627.0,754.0,498.0
6460500.000000001,6150750.0,53.0,627.0,798.0,509.0
6460500.000000001,6250750.0,52.0,612.0,785.0,498.0
6460500.000000001,6350750.0,56.0,626.0,751.0,488.0
6460500.000000001,6450750.0,54.0,579.0,683.0,415.0
6460500.000000001,6550750.0,54.0,590.0,691.0,394.0
6460500.000000001,6650750.0,52.0,605.0,670.0,403.0
6460500.000000001,6750750.0,56.0,610.0,665.0,404.0
6460500.000000001,6850750.0,53.0,606.0,820.0,454.0
6460500.000000001,6950750.0,53.0,604.0,745.0,385.0
6460500.000000001,7050750.0,53.0,600.0,738.0,346.0
6460500.000000001,7150750.0,55.0,599.0,895.0,346.0
6460500.000000001,7250750.0,50.0,598.0,748.0,397.0
6460500.000000001,7350750.0,53.0,627.0,642.0,406.0
6460500.000000001,7450750.0,49.0,634.0,711.0,425.0
6460500.000000001,7550750.0,53.0,652.0,590.0,375.0
6460500.000000001,7650750.0,53.0,638.0,613.0,363.0
6460500.000000001,7750750.0,55.0,622.0,595.0,389.0
6460500.000000001,7850750.0,60.0,628.0,595.0,333.0
6460500.000000001,7950750.0,56.0,628.0,496.0,383.0
6460500.000000001,8050750.0,58.0,627.0,653.0,390.0
6460500.000000001,8150750.0,57.0,645.0,729.0,431.0
6460500.000000001,8250750.0,60.0,625.0,753.0,401.0
6460500.000000001,8350750.0,59.0,623.0,617.0,414.0
6460500.000000001,8450750.0,60.0,633.0,704.0,448.0
6460500.000000001,8550750.0,59.0,663.0,733.0,449.0
6460500.000000001,8650750.0,58.0,616.0,641.0,375.0
6460500.000000001,8750750.0,59.0,621.0,592.0,421.0
6460500.000000001,8850750.0,54.0,635.0,676.0,376.0
6460500.000000001,8950750.0,55.0,639.0,809.0,371.0
6460500.000000001,9050750.0,54.0,645.0,1031.0,418.0
6460500.000000001,9150750.0,55.0,656.0,1003.0,473.0
6460500.000000001,9250750.0,60.0,628.0,962.0,358.0
6460500.000000001,9350750.0,63.0,641.0,953.0,364.0
6460500.000000001,9450750.0,59.0,654.0,771.0,375.0
6460500.000000001,9550750.0,56.0,657.0,753.0,382.0
6460500.000000001,9650750.0,59.0,639.0,717.0,352.0
6460500.000000001,9750750.0,63.0,648.0,939.0,384.0
6460500.000000001,9850750.0,62.0,658.0,925.0,374.0
6460500.000000001,9950750.0,61.0,629.0,838.0,393.0
6460500.000000001,10050750.0,63.0,608.0,787.0,436.0
6460500.000000001,10150750.0,60.0,661.0,1074.0,375.0
6460500.000000001,10250750.0,61.0,646.0,1050.0,383.0
6460500.000000001,10350750.0,55.0,642.0,1002.0,397.0
6460500.000000001,10450750.0,53.0,650.0,1031.0,329.0
6460500.000000001,10550750.0,57.0,625.0,847.0,384.0
6460500.000000001,10650750.0,56.0,631.0,946.0,341.0
6460500.000000001,11450750.0,46.0,579.0,847.0,309.0
6460500.000000001,11950750.0,57.0,616.0,867.0,409.0
6460500.000000001,12050750.0,49.0,560.0,968.0,306.0
6360500.000000001,-14949250.0,54.0,480.0,949.0,486.0
6360500.000000001,-14649250.0,47.0,431.0,1073.0,413.0
6360500.000000001,-13549250.0,46.0,461.0,670.0,389.0
6360500.000000001,-13449250.0,46.0,425.0,555.0,514.0
6360500.000000001,-13349250.0,52.0,447.0,707.0,489.0
6360500.000000001,-13249250.0,51.0,491.0,789.0,432.0
6360500.000000001,-13149250.0,55.0,556.0,698.0,486.0
6360500.000000001,-13049250.0,53.0,554.0,727.0,415.0
6360500.000000001,-12949250.0,56.0,583.0,831.0,437.0
6360500.000000001,-12849250.0,57.0,561.0,804.0,406.0
6360500.000000001,-12749250.0,55.0,613.0,607.0,366.0
6360500.000000001,-12649250.0,57.0,583.0,353.0,331.0
6360500.000000001,-12549250.0,64.0,572.0,299.0,277.0
6360500.000000001,-12449250.0,60.0,571.0,197.0,222.0
6360500.000000001,-12349250.0,61.0,580.0,169.0,206.0
6360500.000000001,-12249250.0,64.0,557.0,167.0,263.0
6360500.000000001,-12149250.0,64.0,556.0,279.0,251.0
6360500.000000001,-12049250.0,65.0,568.0,243.0,283.0
6360500.000000001,-11949250.0,60.0,579.0,304.0,331.0
6360500.000000001,-11849250.0,65.0,578.0,213.0,214.0
6360500.000000001,-11749250.0,62.0,586.0,236.0,294.0
6360500.000000001,-11449250.0,60.0,608.0,358.0,413.0
6360500.000000001,-11249250.0,61.0,595.0,261.0,406.0
6360500.000000001,-11149250.0,60.0,602.0,299.0,355.0
6360500.000000001,-11049250.0,60.0,604.0,247.0,345.0
6360500.000000001,-10949250.0,59.0,604.0,348.0,313.0
6360500.000000001,-10849250.0,61.0,607.0,587.0,511.0
6360500.000000001,-9549250.0,50.0,613.0,978.0,463.0
6360500.000000001,-9449250.0,54.0,611.0,849.0,463.0
6360500.000000001,-9349250.0,57.0,611.0,781.0,419.0
6360500.000000001,-9249250.0,52.0,619.0,853.0,460.0
6360500.000000001,-9149250.0,55.0,610.0,708.0,446.0
6360500.000000001,-9049250.0,53.0,592.0,684.0,401.0
6360500.000000001,-8949250.0,53.0,612.0,829.0,402.0
6360500.000000001,-8849250.0,52.0,610.0,867.0,459.0
6360500.000000001,-8749250.0,55.0,575.0,804.0,454.0
6360500.000000001,850750.0,44.0,464.0,1683.0,363.0
6360500.000000001,1050750.0,42.0,476.0,1479.0,376.0
6360500.000000001,1850750.0,47.0,483.0,596.0,375.0
6360500.000000001,2150750.0,44.0,507.0,547.0,247.0
6360500.000000001,2250750.0,50.0,553.0,677.0,304.0
6360500.000000001,2350750.0,44.0,540.0,739.0,328.0
6360500.000000001,2450750.0,58.0,499.0,763.0,340.0
6360500.000000001,3050750.0,54.0,620.0,1312.0,343.0
6360500.000000001,3150750.0,54.0,585.0,1213.0,395.0
6360500.000000001,3250750.0,55.0,545.0,1083.0,315.0
6360500.000000001,3350750.0,51.0,558.0,1443.0,371.0
6360500.000000001,3450750.0,54.0,568.0,1321.0,413.0
6360500.000000001,3550750.0,52.0,624.0,1210.0,428.0
6360500.000000001,3650750.0,52.0,606.0,1185.0,536.0
6360500.000000001,3750750.0,50.0,607.0,1275.0,474.0
6360500.000000001,3850750.0,50.0,585.0,1154.0,459.0
6360500.000000001,3950750.0,50.0,590.0,1046.0,526.0
6360500.000000001,4050750.0,52.0,567.0,1311.0,428.0
6360500.000000001,4150750.0,52.0,549.0,1202.0,454.0
6360500.000000001,4250750.0,52.0,574.0,1127.0,527.0
6360500.000000001,4350750.0,52.0,569.0,882.0,497.0
6360500.000000001,4450750.0,55.0,575.0,1132.0,512.0
6360500.000000001,4550750.0,52.0,563.0,1179.0,499.0
6360500.000000001,4650750.0,53.0,548.0,1002.0,396.0
6360500.000000001,4750750.0,57.0,600.0,1092.0,561.0
6360500.000000001,4850750.0,59.0,619.0,940.0,382.0
6360500.000000001,4950750.0,54.0,579.0,801.0,449.0
6360500.000000001,5050750.0,57.0,604.0,973.0,509.0
6360500.000000001,5250750.0,51.0,603.0,811.0,389.0
6360500.000000001,5350750.0,54.0,616.0,669.0,490.0
6360500.000000001,5450750.0,56.0,586.0,599.0,457.0
6360500.000000001,5550750.0,58.0,596.0,538.0,461.0
6360500.000000001,5650750.0,57.0,597.0,729.0,495.0
6360500.000000001,5750750.0,57.0,627.0,649.0,441.0
6360500.000000001,5850750.0,56.0,631.0,671.0,471.0
6360500.000000001,5950750.0,56.0,618.0,658.0,483.0
6360500.000000001,6050750.0,57.0,610.0,735.0,479.0
6360500.000000001,6150750.0,57.0,629.0,750.0,518.0
6360500.000000001,6250750.0,56.0,631.0,773.0,520.0
6360500.000000001,6350750.0,55.0,622.0,718.0,492.0
6360500.000000001,6450750.0,55.0,618.0,709.0,404.0
6360500.000000001,6550750.0,55.0,594.0,751.0,416.0
6360500.000000001,6650750.0,53.0,594.0,546.0,366.0
6360500.000000001,6750750.0,60.0,616.0,658.0,433.0
6360500.000000001,6850750.0,62.0,610.0,601.0,409.0
6360500.000000001,6950750.0,54.0,603.0,523.0,339.0
6360500.000000001,7050750.0,54.0,598.0,502.0,245.0
6360500.000000001,7150750.0,54.0,610.0,507.0,327.0
6360500.000000001,7250750.0,54.0,598.0,470.0,373.0
6360500.000000001,7350750.0,54.0,609.0,467.0,330.0
6360500.000000001,7450750.0,55.0,625.0,464.0,353.0
6360500.000000001,7550750.0,58.0,618.0,353.0,417.0
6360500.000000001,7650750.0,57.0,611.0,415.0,334.0
6360500.000000001,7750750.0,56.0,653.0,427.0,377.0
6360500.000000001,7850750.0,58.0,574.0,611.0,430.0
6360500.000000001,7950750.0,60.0,633.0,585.0,358.0
6360500.000000001,8050750.0,60.0,635.0,585.0,405.0
6360500.000000001,8150750.0,60.0,609.0,521.0,398.0
6360500.000000001,8250750.0,59.0,658.0,738.0,381.0
6360500.000000001,8350750.0,58.0,629.0,817.0,425.0
6360500.000000001,8450750.0,59.0,620.0,696.0,365.0
6360500.000000001,8550750.0,60.0,607.0,664.0,405.0
6360500.000000001,8650750.0,59.0,604.0,631.0,358.0
6360500.000000001,8750750.0,61.0,615.0,610.0,327.0
6360500.000000001,8850750.0,55.0,588.0,696.0,360.0
6360500.000000001,8950750.0,56.0,640.0,762.0,326.0
6360500.000000001,9050750.0,54.0,638.0,784.0,339.0
6360500.000000001,9150750.0,55.0,628.0,919.0,395.0
6360500.000000001,9250750.0,55.0,631.0,1055.0,408.0
6360500.000000001,9350750.0,53.0,628.0,922.0,379.0
6360500.000000001,9450750.0,55.0,634.0,922.0,344.0
6360500.000000001,9550750.0,54.0,643.0,864.0,272.0
6360500.000000001,9650750.0,56.0,648.0,756.0,412.0
6360500.000000001,9750750.0,45.0,606.0,912.0,351.0
6360500.000000001,9850750.0,50.0,630.0,868.0,315.0
6360500.000000001,9950750.0,51.0,614.0,1024.0,354.0
6360500.000000001,10050750.0,54.0,654.0,857.0,291.0
6360500.000000001,10150750.0,55.0,660.0,1083.0,334.0
6360500.000000001,10250750.0,60.0,639.0,849.0,328.0
6360500.000000001,10350750.0,62.0,637.0,976.0,416.0
6360500.000000001,10450750.0,59.0,655.0,972.0,386.0
6360500.000000001,10550750.0,55.0,641.0,1054.0,393.0
6360500.000000001,10650750.0,57.0,634.0,884.0,347.0
6360500.000000001,10750750.0,64.0,510.0,818.0,392.0
6360500.000000001,12050750.0,51.0,634.0,819.0,429.0
6360500.000000001,12150750.0,52.0,571.0,1002.0,291.0
6260500.000000001,-15049250.0,50.0,467.0,1303.0,477.0
6260500.000000001,-13549250.0,47.0,438.0,522.0,466.0
6260500.000000001,-13349250.0,53.0,422.0,638.0,382.0
6260500.000000001,-13149250.0,57.0,445.0,614.0,389.0
6260500.000000001,-13049250.0,57.0,530.0,759.0,370.0
6260500.000000001,-12949250.0,57.0,525.0,766.0,401.0
6260500.000000001,-12849250.0,56.0,595.0,758.0,337.0
6260500.000000001,-12749250.0,53.0,595.0,663.0,331.0
6260500.000000001,-12649250.0,58.0,591.0,349.0,226.0
6260500.000000001,-12549250.0,60.0,576.0,246.0,208.0
6260500.000000001,-12449250.0,58.0,576.0,257.0,231.0
6260500.000000001,-12349250.0,59.0,548.0,186.0,168.0
6260500.000000001,-12249250.0,60.0,512.0,133.0,130.0
6260500.000000001,-12149250.0,61.0,516.0,152.0,224.0
6260500.000000001,-12049250.0,60.0,532.0,155.0,243.0
6260500.000000001,-11949250.0,64.0,530.0,241.0,213.0
6260500.000000001,-11849250.0,59.0,527.0,219.0,282.0
6260500.000000001,-11749250.0,62.0,528.0,182.0,269.0
6260500.000000001,-11649250.0,62.0,544.0,198.0,246.0
6260500.000000001,-11549250.0,60.0,568.0,388.0,334.0
6260500.000000001,-11449250.0,60.0,573.0,277.0,339.0
6260500.000000001,-11349250.0,61.0,553.0,294.0,374.0
6260500.000000001,-10949250.0,59.0,582.0,429.0,430.0
6260500.000000001,-10749250.0,61.0,599.0,577.0,531.0
6260500.000000001,-10649250.0,65.0,575.0,904.0,647.0
6260500.000000001,-10549250.0,62.0,571.0,719.0,523.0
6260500.000000001,-9349250.0,57.0,622.0,788.0,433.0
6260500.000000001,-9249250.0,55.0,622.0,836.0,424.0
6260500.000000001,-9149250.0,52.0,620.0,744.0,473.0
6260500.000000001,-9049250.0,55.0,607.0,726.0,447.0
6260500.000000001,-8949250.0,52.0,623.0,711.0,436.0
6260500.000000001,-8749250.0,55.0,614.0,785.0,494.0
6260500.000000001,-8649250.0,57.0,592.0,767.0,359.0
6260500.000000001,-8549250.0,53.0,615.0,673.0,263.0
6260500.000000001,950750.0,43.0,465.0,1457.0,411.0
6260500.000000001,1050750.0,42.0,472.0,1562.0,356.0
6260500.000000001,1950750.0,59.0,480.0,645.0,351.0
6260500.000000001,2150750.0,47.0,498.0,548.0,279.0
6260500.000000001,2250750.0,46.0,512.0,834.0,269.0
6260500.000000001,2350750.0,42.0,511.0,595.0,252.0
6260500.000000001,2450750.0,61.0,480.0,950.0,401.0
6260500.000000001,2850750.0,66.0,589.0,1176.0,332.0
6260500.000000001,2950750.0,67.0,546.0,875.0,374.0
6260500.000000001,3050750.0,53.0,570.0,1031.0,325.0
6260500.000000001,3150750.0,64.0,587.0,1174.0,352.0
6260500.000000001,3250750.0,57.0,590.0,1378.0,306.0
6260500.000000001,3350750.0,56.0,604.0,1392.0,381.0
6260500.000000001,3450750.0,51.0,544.0,1198.0,367.0
6260500.000000001,3550750.0,56.0,604.0,1263.0,413.0
6260500.000000001,3650750.0,53.0,612.0,1078.0,405.0
6260500.000000001,3750750.0,51.0,596.0,1130.0,429.0
6260500.000000001,3850750.0,52.0,614.0,1000.0,455.0
6260500.000000001,3950750.0,53.0,508.0,1077.0,357.0
6260500.000000001,4050750.0,54.0,543.0,970.0,361.0
6260500.000000001,4150750.0,57.0,549.0,917.0,437.0
6260500.000000001,4250750.0,52.0,553.0,1143.0,455.0
6260500.000000001,4350750.0,51.0,531.0,1042.0,416.0
6260500.000000001,4450750.0,50.0,570.0,1101.0,422.0
6260500.000000001,4550750.0,49.0,522.0,716.0,337.0
6260500.000000001,4650750.0,56.0,623.0,771.0,447.0
6260500.000000001,4750750.0,56.0,526.0,1103.0,387.0
6260500.000000001,4850750.0,57.0,616.0,950.0,426.0
6260500.000000001,4950750.0,56.0,576.0,685.0,368.0
6260500.000000001,5150750.0,59.0,620.0,779.0,441.0
6260500.000000001,5250750.0,53.0,591.0,863.0,404.0
6260500.000000001,5350750.0,54.0,567.0,879.0,436.0
6260500.000000001,5450750.0,56.0,605.0,771.0,476.0
6260500.000000001,5550750.0,60.0,617.0,437.0,399.0
6260500.000000001,5650750.0,60.0,607.0,504.0,414.0
6260500.000000001,5750750.0,59.0,607.0,616.0,434.0
6260500.000000001,5850750.0,57.0,629.0,810.0,419.0
6260500.000000001,5950750.0,59.0,621.0,894.0,424.0
6260500.000000001,6050750.0,62.0,635.0,684.0,417.0
6260500.000000001,6150750.0,61.0,636.0,636.0,440.0
6260500.000000001,6250750.0,58.0,619.0,832.0,493.0
6260500.000000001,6350750.0,59.0,616.0,566.0,422.0
6260500.000000001,6450750.0,59.0,607.0,689.0,443.0
6260500.000000001,6550750.0,57.0,609.0,561.0,478.0
6260500.000000001,6650750.0,56.0,599.0,512.0,350.0
6260500.000000001,6750750.0,57.0,606.0,571.0,380.0
6260500.000000001,6850750.0,58.0,600.0,354.0,407.0
6260500.000000001,6950750.0,57.0,592.0,511.0,359.0
6260500.000000001,7050750.0,60.0,597.0,651.0,373.0
6260500.000000001,7150750.0,56.0,592.0,380.0,345.0
6260500.000000001,7250750.0,59.0,600.0,347.0,383.0
6260500.000000001,7350750.0,57.0,598.0,444.0,455.0
6260500.000000001,7450750.0,57.0,621.0,484.0,391.0
6260500.000000001,7550750.0,59.0,602.0,394.0,345.0
6260500.000000001,7650750.0,60.0,623.0,349.0,376.0
6260500.000000001,7750750.0,64.0,623.0,580.0,451.0
6260500.000000001,7850750.0,57.0,626.0,494.0,375.0
6260500.000000001,7950750.0,57.0,632.0,567.0,386.0
6260500.000000001,8050750.0,58.0,611.0,564.0,368.0
6260500.000000001,8150750.0,60.0,630.0,596.0,387.0
6260500.000000001,8250750.0,57.0,630.0,691.0,412.0
6260500.000000001,8450750.0,61.0,585.0,755.0,371.0
6260500.000000001,8550750.0,59.0,612.0,594.0,377.0
6260500.000000001,8650750.0,62.0,607.0,762.0,364.0
6260500.000000001,8750750.0,56.0,540.0,813.0,356.0
6260500.000000001,8850750.0,54.0,611.0,775.0,322.0
6260500.000000001,8950750.0,56.0,642.0,886.0,431.0
6260500.000000001,9050750.0,52.0,533.0,756.0,360.0
6260500.000000001,9150750.0,52.0,561.0,1026.0,358.0
6260500.000000001,9350750.0,57.0,525.0,807.0,398.0
6260500.000000001,9450750.0,54.0,546.0,795.0,355.0
6260500.000000001,9550750.0,51.0,593.0,1254.0,389.0
6260500.000000001,9650750.0,44.0,598.0,965.0,266.0
6260500.000000001,9750750.0,45.0,600.0,750.0,296.0
6260500.000000001,9850750.0,45.0,619.0,885.0,318.0
6260500.000000001,9950750.0,47.0,608.0,929.0,362.0
6260500.000000001,10050750.0,47.0,606.0,816.0,296.0
6260500.000000001,10150750.0,51.0,624.0,947.0,334.0
6260500.000000001,10250750.0,57.0,635.0,1114.0,353.0
6260500.000000001,10350750.0,58.0,638.0,1125.0,337.0
6260500.000000001,10450750.0,54.0,633.0,852.0,349.0
6260500.000000001,10550750.0,56.0,631.0,865.0,360.0
6260500.000000001,10650750.0,53.0,583.0,964.0,370.0
6260500.000000001,10750750.0,53.0,560.0,882.0,370.0
6260500.000000001,12050750.0,47.0,658.0,951.0,387.0
6260500.000000001,12150750.0,55.0,664.0,731.0,411.0
6260500.000000001,12250750.0,54.0,599.0,820.0,371.0
6260500.000000001,12350750.0,55.0,623.0,1102.0,371.0
6160500.000000001,-13449250.0,43.0,449.0,613.0,510.0
6160500.000000001,-13349250.0,42.0,448.0,704.0,547.0
6160500.000000001,-13249250.0,53.0,401.0,654.0,316.0
6160500.000000001,-13149250.0,48.0,528.0,733.0,367.0
6160500.000000001,-13049250.0,51.0,541.0,749.0,372.0
6160500.000000001,-12949250.0,56.0,505.0,761.0,354.0
6160500.000000001,-12849250.0,57.0,573.0,683.0,314.0
6160500.000000001,-12749250.0,57.0,543.0,755.0,284.0
6160500.000000001,-12649250.0,62.0,548.0,301.0,219.0
6160500.000000001,-12549250.0,62.0,547.0,396.0,214.0
6160500.000000001,-12449250.0,60.0,486.0,264.0,195.0
6160500.000000001,-12349250.0,66.0,497.0,340.0,304.0
6160500.000000001,-12249250.0,60.0,502.0,279.0,199.0
6160500.000000001,-12149250.0,58.0,430.0,175.0,250.0
6160500.000000001,-12049250.0,60.0,442.0,209.0,254.0
6160500.000000001,-11949250.0,59.0,475.0,394.0,334.0
6160500.000000001,-11849250.0,60.0,456.0,226.0,315.0
6160500.000000001,-11649250.0,61.0,467.0,298.0,293.0
6160500.000000001,-11549250.0,60.0,504.0,323.0,356.0
6160500.000000001,-11449250.0,59.0,484.0,318.0,310.0
6160500.000000001,-11349250.0,58.0,535.0,237.0,298.0
6160500.000000001,-11249250.0,61.0,533.0,245.0,396.0
6160500.000000001,-11149250.0,60.0,542.0,224.0,489.0
6160500.000000001,-11049250.0,60.0,555.0,274.0,320.0
6160500.000000001,-10949250.0,61.0,547.0,334.0,317.0
6160500.000000001,-10849250.0,62.0,547.0,360.0,338.0
6160500.000000001,-10749250.0,60.0,533.0,274.0,229.0
6160500.000000001,-10649250.0,63.0,542.0,593.0,585.0
6160500.000000001,-10549250.0,64.0,547.0,656.0,362.0
6160500.000000001,-10449250.0,61.0,590.0,544.0,431.0
6160500.000000001,-10349250.0,59.0,577.0,778.0,392.0
6160500.000000001,-9449250.0,50.0,621.0,966.0,452.0
6160500.000000001,-9249250.0,51.0,610.0,896.0,425.0
6160500.000000001,-9149250.0,58.0,613.0,817.0,441.0
6160500.000000001,-9049250.0,52.0,599.0,832.0,395.0
6160500.000000001,-8949250.0,55.0,608.0,935.0,439.0
6160500.000000001,-8749250.0,52.0,634.0,1028.0,418.0
6160500.000000001,-8549250.0,51.0,619.0,763.0,368.0
6160500.000000001,-8449250.0,53.0,538.0,668.0,294.0
6160500.000000001,950750.0,47.0,458.0,1355.0,319.0
6160500.000000001,1850750.0,53.0,490.0,511.0,357.0
6160500.000000001,1950750.0,55.0,460.0,857.0,344.0
6160500.000000001,2150750.0,65.0,527.0,455.0,267.0
6160500.000000001,2250750.0,64.0,488.0,853.0,355.0
6160500.000000001,2350750.0,64.0,487.0,924.0,388.0
6160500.000000001,2750750.0,63.0,533.0,689.0,245.0
6160500.000000001,2850750.0,62.0,507.0,786.0,255.0
6160500.000000001,2950750.0,71.0,539.0,1041.0,379.0
6160500.000000001,3050750.0,56.0,581.0,1101.0,326.0
6160500.000000001,3150750.0,57.0,575.0,1163.0,314.0
6160500.000000001,3250750.0,52.0,560.0,1196.0,343.0
6160500.000000001,3450750.0,54.0,562.0,1355.0,367.0
6160500.000000001,3550750.0,52.0,525.0,1139.0,319.0
6160500.000000001,3650750.0,57.0,583.0,1094.0,392.0
6160500.000000001,3750750.0,54.0,605.0,1116.0,468.0
6160500.000000001,3850750.0,51.0,558.0,973.0,350.0
6160500.000000001,3950750.0,53.0,555.0,990.0,425.0
6160500.000000001,4050750.0,59.0,521.0,808.0,353.0
6160500.000000001,4150750.0,53.0,555.0,1047.0,351.0
6160500.000000001,4250750.0,58.0,614.0,1031.0,365.0
6160500.000000001,4350750.0,53.0,559.0,1026.0,435.0
6160500.000000001,4550750.0,59.0,583.0,684.0,306.0
6160500.000000001,4650750.0,58.0,570.0,765.0,362.0
6160500.000000001,4750750.0,59.0,619.0,1066.0,444.0
6160500.000000001,4850750.0,57.0,560.0,778.0,359.0
6160500.000000001,4950750.0,58.0,566.0,592.0,374.0
6160500.000000001,5050750.0,62.0,597.0,774.0,437.0
6160500.000000001,5150750.0,59.0,586.0,839.0,360.0
6160500.000000001,5250750.0,56.0,607.0,498.0,365.0
6160500.000000001,5350750.0,61.0,609.0,739.0,409.0
6160500.000000001,5450750.0,55.0,622.0,644.0,335.0
6160500.000000001,5550750.0,60.0,602.0,435.0,409.0
6160500.000000001,5650750.0,64.0,592.0,530.0,438.0
6160500.000000001,5750750.0,65.0,595.0,556.0,421.0
6160500.000000001,5850750.0,64.0,617.0,526.0,448.0
6160500.000000001,5950750.0,64.0,614.0,657.0,471.0
6160500.000000001,6050750.0,63.0,625.0,503.0,441.0
6160500.000000001,6150750.0,63.0,624.0,728.0,478.0
6160500.000000001,6350750.0,60.0,616.0,719.0,455.0
6160500.000000001,6550750.0,63.0,615.0,586.0,492.0
6160500.000000001,6650750.0,62.0,609.0,473.0,479.0
6160500.000000001,6750750.0,62.0,603.0,641.0,431.0
6160500.000000001,6850750.0,61.0,596.0,448.0,416.0
6160500.000000001,6950750.0,62.0,587.0,554.0,476.0
6160500.000000001,7050750.0,61.0,574.0,577.0,402.0
6160500.000000001,7150750.0,68.0,559.0,486.0,410.0
6160500.000000001,7250750.0,66.0,606.0,532.0,385.0
6160500.000000001,7350750.0,64.0,574.0,434.0,430.0
6160500.000000001,7450750.0,61.0,590.0,387.0,416.0
6160500.000000001,7550750.0,63.0,602.0,374.0,378.0
6160500.000000001,7650750.0,59.0,618.0,484.0,394.0
6160500.000000001,7750750.0,59.0,628.0,352.0,318.0
6160500.000000001,7850750.0,62.0,621.0,490.0,346.0
6160500.000000001,7950750.0,63.0,618.0,526.0,376.0
6160500.000000001,8050750.0,60.0,601.0,547.0,432.0
6160500.000000001,8150750.0,61.0,590.0,643.0,351.0
6160500.000000001,8250750.0,56.0,600.0,665.0,356.0
6160500.000000001,8450750.0,61.0,612.0,630.0,369.0
6160500.000000001,8550750.0,59.0,620.0,717.0,373.0
6160500.000000001,8650750.0,56.0,610.0,615.0,369.0
6160500.000000001,8750750.0,65.0,603.0,790.0,366.0
6160500.000000001,8850750.0,54.0,547.0,873.0,356.0
6160500.000000001,8950750.0,55.0,569.0,740.0,326.0
6160500.000000001,9050750.0,57.0,614.0,1515.0,455.0
6160500.000000001,9150750.0,54.0,605.0,1029.0,414.0
6160500.000000001,9250750.0,48.0,589.0,1143.0,368.0
6160500.000000001,9350750.0,57.0,636.0,1258.0,387.0
6160500.000000001,9450750.0,54.0,603.0,826.0,371.0
6160500.000000001,9550750.0,48.0,608.0,1186.0,373.0
6160500.000000001,9650750.0,47.0,599.0,1203.0,342.0
6160500.000000001,9750750.0,53.0,597.0,1318.0,339.0
6160500.000000001,9850750.0,48.0,617.0,1150.0,352.0
6160500.000000001,9950750.0,48.0,614.0,981.0,289.0
6160500.000000001,10050750.0,55.0,612.0,951.0,351.0
6160500.000000001,10150750.0,54.0,599.0,928.0,321.0
6160500.000000001,10250750.0,49.0,607.0,1026.0,343.0
6160500.000000001,10350750.0,51.0,614.0,1058.0,312.0
6160500.000000001,10450750.0,55.0,596.0,999.0,382.0
6160500.000000001,10550750.0,55.0,575.0,1040.0,427.0
6160500.000000001,10650750.0,59.0,609.0,940.0,359.0
6160500.000000001,10750750.0,51.0,644.0,930.0,308.0
6160500.000000001,12150750.0,57.0,626.0,1002.0,426.0
6160500.000000001,12250750.0,53.0,627.0,712.0,401.0
6160500.000000001,12350750.0,52.0,636.0,729.0,318.0
6160500.000000001,12450750.0,55.0,640.0,891.0,305.0
6060500.000000001,-13449250.0,44.0,452.0,350.0,394.0
6060500.000000001,-13349250.0,45.0,453.0,670.0,403.0
6060500.000000001,-13149250.0,56.0,478.0,562.0,337.0
6060500.000000001,-13049250.0,54.0,540.0,672.0,323.0
6060500.000000001,-12949250.0,60.0,544.0,723.0,349.0
6060500.000000001,-12849250.0,58.0,546.0,811.0,335.0
6060500.000000001,-12749250.0,51.0,548.0,753.0,258.0
6060500.000000001,-12649250.0,62.0,583.0,631.0,305.0
6060500.000000001,-12549250.0,53.0,513.0,248.0,197.0
6060500.000000001,-12449250.0,60.0,410.0,208.0,186.0
6060500.000000001,-12349250.0,59.0,432.0,341.0,259.0
6060500.000000001,-12249250.0,55.0,445.0,183.0,199.0
6060500.000000001,-12149250.0,59.0,445.0,295.0,304.0
6060500.000000001,-12049250.0,59.0,424.0,251.0,196.0
6060500.000000001,-11949250.0,59.0,407.0,199.0,239.0
6060500.000000001,-11849250.0,58.0,420.0,206.0,162.0
6060500.000000001,-11749250.0,60.0,391.0,220.0,267.0
6060500.000000001,-11549250.0,62.0,445.0,242.0,299.0
6060500.000000001,-11449250.0,61.0,473.0,201.0,306.0
6060500.000000001,-11249250.0,61.0,470.0,229.0,427.0
6060500.000000001,-11149250.0,61.0,461.0,352.0,304.0
6060500.000000001,-11049250.0,59.0,495.0,250.0,379.0
6060500.000000001,-10549250.0,58.0,507.0,531.0,351.0
6060500.000000001,-10449250.0,60.0,518.0,652.0,381.0
6060500.000000001,-10349250.0,62.0,519.0,656.0,317.0
6060500.000000001,-10249250.0,62.0,552.0,732.0,442.0
6060500.000000001,-10149250.0,61.0,567.0,737.0,349.0
6060500.000000001,-10049250.0,60.0,571.0,843.0,465.0
6060500.000000001,-9949250.0,65.0,580.0,811.0,433.0
6060500.000000001,-9549250.0,55.0,598.0,876.0,368.0
6060500.000000001,-9449250.0,52.0,616.0,921.0,401.0
6060500.000000001,-9349250.0,53.0,610.0,897.0,406.0
6060500.000000001,-9249250.0,55.0,616.0,925.0,427.0
6060500.000000001,-9149250.0,55.0,610.0,824.0,439.0
6060500.000000001,-9049250.0,51.0,602.0,1001.0,429.0
6060500.000000001,-8849250.0,54.0,615.0,805.0,389.0
6060500.000000001,-8749250.0,56.0,634.0,901.0,350.0
6060500.000000001,-8649250.0,52.0,622.0,966.0,375.0
6060500.000000001,-8549250.0,59.0,584.0,859.0,391.0
6060500.000000001,-8449250.0,53.0,604.0,737.0,292.0
6060500.000000001,-8349250.0,57.0,583.0,785.0,374.0
6060500.000000001,650750.0,45.0,451.0,1435.0,321.0
6060500.000000001,750750.0,50.0,453.0,1096.0,350.0
6060500.000000001,950750.0,48.0,461.0,1154.0,334.0
6060500.000000001,1050750.0,50.0,456.0,1055.0,325.0
6060500.000000001,1850750.0,54.0,462.0,468.0,311.0
6060500.000000001,1950750.0,60.0,463.0,704.0,274.0
6060500.000000001,2050750.0,67.0,492.0,723.0,325.0
6060500.000000001,2750750.0,66.0,497.0,743.0,240.0
6060500.000000001,2850750.0,67.0,485.0,788.0,240.0
6060500.000000001,2950750.0,52.0,547.0,873.0,305.0
6060500.000000001,3050750.0,51.0,560.0,870.0,388.0
6060500.000000001,3150750.0,54.0,544.0,1216.0,370.0
6060500.000000001,3250750.0,58.0,583.0,1084.0,376.0
6060500.000000001,3350750.0,55.0,598.0,1209.0,381.0
6060500.000000001,3450750.0,53.0,616.0,1216.0,349.0
6060500.000000001,3550750.0,55.0,561.0,1213.0,376.0
6060500.000000001,3650750.0,57.0,559.0,1062.0,344.0
6060500.000000001,3750750.0,50.0,595.0,1041.0,379.0
6060500.000000001,3850750.0,53.0,553.0,1128.0,338.0
6060500.000000001,3950750.0,60.0,580.0,1143.0,353.0
6060500.000000001,4050750.0,54.0,599.0,1068.0,406.0
6060500.000000001,4150750.0,53.0,538.0,897.0,381.0
6060500.000000001,4250750.0,52.0,548.0,869.0,330.0
6060500.000000001,4350750.0,60.0,551.0,1022.0,307.0
6060500.000000001,4450750.0,59.0,614.0,812.0,365.0
6060500.000000001,4550750.0,58.0,609.0,508.0,350.0
6060500.000000001,4650750.0,62.0,585.0,567.0,378.0
6060500.000000001,4750750.0,62.0,584.0,713.0,385.0
6060500.000000001,4850750.0,58.0,552.0,742.0,325.0
6060500.000000001,4950750.0,63.0,579.0,673.0,386.0
6060500.000000001,5050750.0,65.0,581.0,553.0,455.0
6060500.000000001,5150750.0,66.0,576.0,832.0,425.0
6060500.000000001,5250750.0,56.0,571.0,762.0,372.0
6060500.000000001,5350750.0,55.0,594.0,599.0,328.0
6060500.000000001,5450750.0,56.0,582.0,664.0,409.0
6060500.000000001,5650750.0,65.0,566.0,496.0,421.0
6060500.000000001,5750750.0,67.0,581.0,626.0,448.0
6060500.000000001,5850750.0,67.0,563.0,509.0,441.0
6060500.000000001,5950750.0,67.0,584.0,593.0,440.0
6060500.000000001,6050750.0,66.0,589.0,630.0,461.0
6060500.000000001,6150750.0,64.0,610.0,549.0,442.0
6060500.000000001,6250750.0,64.0,624.0,596.0,466.0
6060500.000000001,6350750.0,61.0,634.0,680.0,423.0
6060500.000000001,6450750.0,63.0,617.0,600.0,442.0
6060500.000000001,6550750.0,63.0,603.0,581.0,462.0
6060500.000000001,6650750.0,67.0,588.0,513.0,379.0
6060500.000000001,6750750.0,63.0,578.0,662.0,485.0
6060500.000000001,6850750.0,65.0,557.0,497.0,430.0
6060500.000000001,6950750.0,62.0,538.0,626.0,409.0
6060500.000000001,7050750.0,64.0,533.0,581.0,439.0
6060500.000000001,7150750.0,63.0,497.0,372.0,367.0
6060500.000000001,7250750.0,61.0,515.0,479.0,393.0
6060500.000000001,7350750.0,58.0,509.0,326.0,317.0
6060500.000000001,7450750.0,58.0,537.0,651.0,380.0
6060500.000000001,7550750.0,65.0,557.0,409.0,357.0
6060500.000000001,7650750.0,67.0,559.0,641.0,406.0
6060500.000000001,7750750.0,56.0,571.0,596.0,382.0
6060500.000000001,7850750.0,59.0,610.0,658.0,403.0
6060500.000000001,7950750.0,63.0,586.0,637.0,398.0
6060500.000000001,8050750.0,60.0,617.0,918.0,425.0
6060500.000000001,8150750.0,60.0,630.0,879.0,367.0
6060500.000000001,8250750.0,61.0,632.0,1149.0,419.0
6060500.000000001,8350750.0,63.0,632.0,943.0,390.0
6060500.000000001,8450750.0,63.0,616.0,853.0,383.0
6060500.000000001,8550750.0,62.0,594.0,832.0,376.0
6060500.000000001,8650750.0,62.0,624.0,1038.0,411.0
6060500.000000001,8750750.0,60.0,629.0,974.0,412.0
6060500.000000001,8850750.0,61.0,615.0,1001.0,408.0
6060500.000000001,9050750.0,52.0,561.0,754.0,373.0
6060500.000000001,9150750.0,59.0,667.0,1184.0,466.0
6060500.000000001,9250750.0,50.0,639.0,1316.0,382.0
6060500.000000001,9350750.0,58.0,615.0,1246.0,356.0
6060500.000000001,9450750.0,59.0,623.0,1234.0,363.0
6060500.000000001,9550750.0,59.0,603.0,1375.0,364.0
6060500.000000001,9650750.0,50.0,624.0,1214.0,333.0
6060500.000000001,9750750.0,51.0,594.0,1315.0,339.0
6060500.000000001,9850750.0,60.0,598.0,1036.0,329.0
6060500.000000001,9950750.0,50.0,620.0,1254.0,366.0
6060500.000000001,10050750.0,44.0,557.0,1205.0,267.0
6060500.000000001,10150750.0,50.0,596.0,1088.0,302.0
6060500.000000001,10250750.0,51.0,615.0,1120.0,355.0
6060500.000000001,10350750.0,49.0,584.0,1275.0,321.0
6060500.000000001,10450750.0,59.0,572.0,980.0,369.0
6060500.000000001,10550750.0,50.0,625.0,959.0,390.0
6060500.000000001,10650750.0,51.0,582.0,914.0,333.0
6060500.000000001,10750750.0,52.0,568.0,858.0,297.0
6060500.000000001,10950750.0,54.0,409.0,873.0,341.0
6060500.000000001,12250750.0,52.0,636.0,1017.0,433.0
6060500.000000001,12350750.0,51.0,625.0,897.0,368.0
6060500.000000001,12450750.0,53.0,604.0,650.0,371.0
6060500.000000001,12550750.0,58.0,516.0,618.0,328.0
6060500.000000001,12650750.0,55.0,583.0,848.0,306.0
5960500.000000001,-13249250.0,48.0,477.0,534.0,389.0
5960500.000000001,-13149250.0,54.0,500.0,689.0,457.0
5960500.000000001,-13049250.0,54.0,548.0,662.0,330.0
5960500.000000001,-12949250.0,62.0,570.0,652.0,310.0
5960500.000000001,-12849250.0,61.0,540.0,594.0,307.0
5960500.000000001,-12649250.0,48.0,575.0,619.0,310.0
5960500.000000001,-12549250.0,56.0,520.0,574.0,268.0
5960500.000000001,-12449250.0,52.0,414.0,198.0,231.0
5960500.000000001,-12349250.0,52.0,431.0,138.0,159.0
5960500.000000001,-12249250.0,59.0,408.0,207.0,197.0
5960500.000000001,-12149250.0,65.0,468.0,584.0,340.0
5960500.000000001,-12049250.0,66.0,463.0,517.0,281.0
5960500.000000001,-11949250.0,66.0,420.0,471.0,316.0
5960500.000000001,-11849250.0,63.0,404.0,349.0,443.0
5960500.000000001,-11749250.0,70.0,431.0,558.0,559.0
5960500.000000001,-11649250.0,62.0,433.0,206.0,383.0
5960500.000000001,-11549250.0,61.0,431.0,119.0,200.0
5960500.000000001,-11449250.0,60.0,417.0,99.0,184.0
5960500.000000001,-11349250.0,61.0,440.0,199.0,258.0
5960500.000000001,-11249250.0,63.0,464.0,229.0,343.0
5960500.000000001,-11049250.0,63.0,468.0,461.0,393.0
5960500.000000001,-10949250.0,64.0,452.0,453.0,349.0
5960500.000000001,-10849250.0,60.0,482.0,269.0,202.0
5960500.000000001,-10749250.0,61.0,477.0,226.0,186.0
5960500.000000001,-10649250.0,60.0,500.0,280.0,348.0
5960500.000000001,-10549250.0,58.0,502.0,378.0,268.0
5960500.000000001,-10449250.0,63.0,550.0,435.0,397.0
5960500.000000001,-10349250.0,58.0,535.0,597.0,361.0
5960500.000000001,-10249250.0,60.0,520.0,774.0,343.0
5960500.000000001,-10149250.0,62.0,543.0,752.0,370.0
5960500.000000001,-10049250.0,61.0,528.0,759.0,402.0
5960500.000000001,-9949250.0,61.0,539.0,791.0,431.0
5960500.000000001,-9549250.0,56.0,610.0,935.0,427.0
5960500.000000001,-9449250.0,54.0,618.0,926.0,415.0
5960500.000000001,-9349250.0,54.0,622.0,825.0,395.0
5960500.000000001,-9149250.0,53.0,600.0,830.0,428.0
5960500.000000001,-9049250.0,52.0,604.0,864.0,384.0
5960500.000000001,-8849250.0,53.0,617.0,789.0,401.0
5960500.000000001,-8749250.0,57.0,622.0,805.0,361.0
5960500.000000001,-8449250.0,55.0,599.0,788.0,308.0
5960500.000000001,-8349250.0,55.0,586.0,893.0,344.0
5960500.000000001,-8249250.0,52.0,592.0,674.0,366.0
5960500.000000001,-8149250.0,59.0,502.0,606.0,286.0
5960500.000000001,550750.0,50.0,454.0,1162.0,350.0
5960500.000000001,650750.0,56.0,445.0,875.0,341.0
5960500.000000001,750750.0,48.0,456.0,1187.0,343.0
5960500.000000001,850750.0,58.0,456.0,683.0,350.0
5960500.000000001,1050750.0,46.0,452.0,1119.0,370.0
5960500.000000001,1150750.0,62.0,454.0,696.0,293.0
5960500.000000001,1850750.0,54.0,471.0,639.0,272.0
5960500.000000001,1950750.0,62.0,478.0,574.0,284.0
5960500.000000001,2050750.0,64.0,451.0,662.0,333.0
5960500.000000001,2150750.0,56.0,459.0,877.0,349.0
5960500.000000001,2350750.0,60.0,539.0,656.0,251.0
5960500.000000001,2450750.0,51.0,518.0,679.0,274.0
5960500.000000001,2550750.0,66.0,539.0,830.0,338.0
5960500.000000001,2650750.0,52.0,512.0,736.0,288.0
5960500.000000001,2750750.0,53.0,507.0,888.0,379.0
5960500.000000001,2850750.0,63.0,573.0,1539.0,275.0
5960500.000000001,2950750.0,52.0,559.0,1143.0,338.0
5960500.000000001,3050750.0,52.0,553.0,1189.0,340.0
5960500.000000001,3150750.0,56.0,577.0,1283.0,346.0
5960500.000000001,3250750.0,50.0,550.0,1012.0,303.0
5960500.000000001,3350750.0,51.0,567.0,1131.0,368.0
5960500.000000001,3450750.0,58.0,582.0,1043.0,325.0
5960500.000000001,3550750.0,56.0,574.0,959.0,346.0
5960500.000000001,3650750.0,57.0,556.0,1021.0,341.0
5960500.000000001,3750750.0,57.0,589.0,1113.0,355.0
5960500.000000001,3850750.0,59.0,584.0,1122.0,366.0
5960500.000000001,3950750.0,62.0,569.0,950.0,367.0
5960500.000000001,4050750.0,60.0,595.0,1064.0,367.0
5960500.000000001,4150750.0,60.0,600.0,895.0,364.0
5960500.000000001,4350750.0,56.0,561.0,783.0,338.0
5960500.000000001,4450750.0,56.0,533.0,786.0,341.0
5960500.000000001,4550750.0,61.0,574.0,866.0,290.0
5960500.000000001,4650750.0,60.0,581.0,558.0,295.0
5960500.000000001,4750750.0,66.0,579.0,741.0,297.0
5960500.000000001,4850750.0,65.0,585.0,825.0,331.0
5960500.000000001,4950750.0,66.0,577.0,675.0,360.0
5960500.000000001,5050750.0,68.0,569.0,397.0,391.0
5960500.000000001,5150750.0,69.0,570.0,577.0,417.0
5960500.000000001,5250750.0,65.0,521.0,738.0,365.0
5960500.000000001,5350750.0,56.0,584.0,740.0,326.0
5960500.000000001,5450750.0,66.0,559.0,458.0,401.0
5960500.000000001,5550750.0,69.0,451.0,302.0,353.0
5960500.000000001,5650750.0,68.0,506.0,588.0,409.0
5960500.000000001,5750750.0,69.0,507.0,478.0,391.0
5960500.000000001,5850750.0,68.0,526.0,550.0,426.0
5960500.000000001,5950750.0,68.0,532.0,594.0,440.0
5960500.000000001,6050750.0,66.0,542.0,608.0,396.0
5960500.000000001,6150750.0,67.0,570.0,597.0,439.0
5960500.000000001,6250750.0,68.0,577.0,611.0,482.0
5960500.000000001,6350750.0,65.0,602.0,666.0,383.0
5960500.000000001,6450750.0,65.0,598.0,586.0,427.0
5960500.000000001,6550750.0,66.0,583.0,546.0,422.0
5960500.000000001,6650750.0,66.0,578.0,538.0,461.0
5960500.000000001,6750750.0,68.0,541.0,524.0,435.0
5960500.000000001,6850750.0,68.0,507.0,525.0,409.0
5960500.000000001,6950750.0,66.0,545.0,687.0,486.0
5960500.000000001,7050750.0,65.0,464.0,338.0,330.0
5960500.000000001,7150750.0,61.0,455.0,432.0,342.0
5960500.000000001,7250750.0,60.0,463.0,339.0,383.0
5960500.000000001,7350750.0,57.0,447.0,316.0,315.0
5960500.000000001,7450750.0,59.0,495.0,387.0,347.0
5960500.000000001,7550750.0,54.0,521.0,634.0,277.0
5960500.000000001,7650750.0,56.0,545.0,668.0,346.0
5960500.000000001,7850750.0,55.0,528.0,718.0,372.0
5960500.000000001,7950750.0,55.0,504.0,690.0,411.0
5960500.000000001,8050750.0,46.0,591.0,826.0,432.0
5960500.000000001,8150750.0,48.0,603.0,1035.0,357.0
5960500.000000001,8250750.0,56.0,625.0,1130.0,376.0
5960500.000000001,8350750.0,59.0,592.0,1317.0,470.0
5960500.000000001,8450750.0,65.0,597.0,1086.0,446.0
5960500.000000001,8550750.0,62.0,634.0,927.0,400.0
5960500.000000001,8650750.0,62.0,627.0,901.0,398.0
5960500.000000001,8750750.0,58.0,623.0,1066.0,343.0
5960500.000000001,8850750.0,60.0,642.0,1253.0,450.0
5960500.000000001,8950750.0,56.0,626.0,1027.0,362.0
5960500.000000001,9050750.0,57.0,524.0,1099.0,362.0
5960500.000000001,9150750.0,61.0,577.0,1227.0,395.0
5960500.000000001,9250750.0,60.0,641.0,1045.0,314.0
5960500.000000001,9350750.0,62.0,581.0,911.0,318.0
5960500.000000001,9450750.0,59.0,573.0,1385.0,356.0
5960500.000000001,9550750.0,55.0,583.0,1232.0,365.0
5960500.000000001,9650750.0,59.0,600.0,1286.0,381.0
5960500.000000001,9750750.0,65.0,600.0,965.0,365.0
5960500.000000001,9850750.0,53.0,618.0,1348.0,338.0
5960500.000000001,9950750.0,54.0,559.0,1243.0,316.0
5960500.000000001,10050750.0,55.0,548.0,1230.0,264.0
5960500.000000001,10150750.0,57.0,530.0,1333.0,294.0
5960500.000000001,10250750.0,51.0,576.0,906.0,317.0
5960500.000000001,10450750.0,61.0,496.0,1134.0,333.0
5960500.000000001,10550750.0,59.0,547.0,1230.0,371.0
5960500.000000001,10650750.0,54.0,569.0,1190.0,359.0
5960500.000000001,10750750.0,60.0,542.0,976.0,306.0
5960500.000000001,10850750.0,55.0,501.0,896.0,325.0
5960500.000000001,10950750.0,58.0,535.0,885.0,331.0
5960500.000000001,11150750.0,65.0,522.0,847.0,374.0
5960500.000000001,12450750.0,53.0,585.0,900.0,369.0
5960500.000000001,12550750.0,56.0,531.0,796.0,263.0
5960500.000000001,12650750.0,54.0,537.0,853.0,292.0
5860500.000000001,-13449250.0,47.0,481.0,801.0,378.0
5860500.000000001,-13249250.0,45.0,477.0,667.0,528.0
5860500.000000001,-13149250.0,48.0,476.0,568.0,314.0
5860500.000000001,-13049250.0,54.0,564.0,754.0,346.0
5860500.000000001,-12949250.0,59.0,565.0,626.0,359.0
5860500.000000001,-12849250.0,62.0,561.0,309.0,324.0
5860500.000000001,-12749250.0,56.0,498.0,526.0,222.0
5860500.000000001,-12649250.0,52.0,469.0,599.0,281.0
5860500.000000001,-12549250.0,58.0,472.0,690.0,287.0
5860500.000000001,-12449250.0,56.0,409.0,518.0,255.0
5860500.000000001,-12349250.0,56.0,398.0,115.0,165.0
5860500.000000001,-12249250.0,58.0,398.0,166.0,186.0
5860500.000000001,-12149250.0,62.0,423.0,466.0,233.0
5860500.000000001,-12049250.0,64.0,439.0,522.0,257.0
5860500.000000001,-11949250.0,69.0,420.0,380.0,241.0
5860500.000000001,-11849250.0,68.0,424.0,361.0,287.0
5860500.000000001,-11749250.0,69.0,434.0,445.0,292.0
5860500.000000001,-11649250.0,64.0,421.0,283.0,296.0
5860500.000000001,-11549250.0,68.0,458.0,477.0,317.0
5860500.000000001,-11449250.0,67.0,478.0,384.0,309.0
5860500.000000001,-11349250.0,61.0,420.0,140.0,262.0
5860500.000000001,-11249250.0,64.0,448.0,189.0,385.0
5860500.000000001,-10849250.0,62.0,483.0,313.0,337.0
5860500.000000001,-10749250.0,59.0,486.0,351.0,277.0
5860500.000000001,-10549250.0,56.0,512.0,403.0,222.0
5860500.000000001,-10449250.0,55.0,512.0,478.0,281.0
5860500.000000001,-10349250.0,56.0,502.0,479.0,286.0
5860500.000000001,-10249250.0,56.0,521.0,539.0,375.0
5860500.000000001,-10149250.0,62.0,518.0,625.0,495.0
5860500.000000001,-10049250.0,63.0,520.0,653.0,413.0
5860500.000000001,-9949250.0,61.0,538.0,735.0,299.0
5860500.000000001,-9849250.0,62.0,546.0,780.0,429.0
5860500.000000001,-9449250.0,56.0,611.0,907.0,388.0
5860500.000000001,-9349250.0,52.0,626.0,722.0,409.0
5860500.000000001,-9249250.0,54.0,616.0,803.0,337.0
5860500.000000001,-9149250.0,53.0,594.0,676.0,380.0
5860500.000000001,-8949250.0,53.0,614.0,827.0,390.0
5860500.000000001,-8749250.0,52.0,618.0,856.0,333.0
5860500.000000001,-8649250.0,51.0,610.0,722.0,335.0
5860500.000000001,-8549250.0,55.0,585.0,701.0,303.0
5860500.000000001,-8449250.0,53.0,589.0,729.0,282.0
5860500.000000001,-8349250.0,50.0,581.0,727.0,388.0
5860500.000000001,-8249250.0,54.0,561.0,604.0,316.0
5860500.000000001,-8149250.0,49.0,593.0,735.0,343.0
5860500.000000001,-8049250.0,58.0,573.0,751.0,426.0
5860500.000000001,-7949250.0,53.0,535.0,525.0,311.0
5860500.000000001,550750.0,60.0,448.0,751.0,289.0
5860500.000000001,650750.0,61.0,448.0,669.0,287.0
5860500.000000001,850750.0,51.0,449.0,680.0,301.0
5860500.000000001,950750.0,58.0,461.0,676.0,321.0
5860500.000000001,1150750.0,66.0,445.0,723.0,283.0
5860500.000000001,1550750.0,71.0,484.0,575.0,302.0
5860500.000000001,1650750.0,59.0,478.0,643.0,315.0
5860500.000000001,1850750.0,53.0,486.0,616.0,275.0
5860500.000000001,1950750.0,50.0,494.0,544.0,275.0
5860500.000000001,2050750.0,49.0,500.0,715.0,260.0
5860500.000000001,2150750.0,49.0,507.0,789.0,312.0
5860500.000000001,2250750.0,62.0,493.0,605.0,323.0
5860500.000000001,2350750.0,47.0,494.0,651.0,314.0
5860500.000000001,2450750.0,60.0,478.0,511.0,235.0
5860500.000000001,2550750.0,49.0,489.0,687.0,313.0
5860500.000000001,2650750.0,59.0,537.0,855.0,311.0
5860500.000000001,2750750.0,52.0,574.0,694.0,323.0
5860500.000000001,2850750.0,54.0,509.0,1079.0,327.0
5860500.000000001,2950750.0,51.0,548.0,1350.0,305.0
5860500.000000001,3150750.0,54.0,552.0,1590.0,293.0
5860500.000000001,3250750.0,49.0,546.0,796.0,337.0
5860500.000000001,3350750.0,52.0,539.0,1275.0,306.0
5860500.000000001,3450750.0,56.0,566.0,1335.0,345.0
5860500.000000001,3550750.0,56.0,568.0,1498.0,384.0
5860500.000000001,3650750.0,51.0,550.0,1114.0,378.0
5860500.000000001,3750750.0,60.0,563.0,1292.0,387.0
5860500.000000001,3850750.0,53.0,589.0,1072.0,383.0
5860500.000000001,3950750.0,61.0,544.0,1195.0,341.0
5860500.000000001,4050750.0,59.0,570.0,1250.0,385.0
5860500.000000001,4150750.0,60.0,582.0,1187.0,353.0
5860500.000000001,4250750.0,65.0,588.0,896.0,350.0
5860500.000000001,4350750.0,62.0,597.0,805.0,352.0
5860500.000000001,4450750.0,63.0,558.0,843.0,311.0
5860500.000000001,4550750.0,59.0,589.0,821.0,304.0
5860500.000000001,4650750.0,67.0,587.0,768.0,348.0
5860500.000000001,4850750.0,73.0,553.0,641.0,342.0
5860500.000000001,4950750.0,70.0,559.0,735.0,306.0
5860500.000000001,5050750.0,70.0,526.0,429.0,379.0
5860500.000000001,5150750.0,63.0,512.0,599.0,336.0
5860500.000000001,5250750.0,61.0,412.0,669.0,283.0
5860500.000000001,5350750.0,60.0,419.0,692.0,296.0
5860500.000000001,5450750.0,69.0,504.0,391.0,427.0
5860500.000000001,5550750.0,67.0,497.0,249.0,396.0
5860500.000000001,5650750.0,69.0,488.0,358.0,339.0
5860500.000000001,5850750.0,70.0,490.0,598.0,364.0
5860500.000000001,5950750.0,70.0,515.0,485.0,411.0
5860500.000000001,6050750.0,65.0,509.0,351.0,473.0
5860500.000000001,6150750.0,65.0,544.0,459.0,429.0
5860500.000000001,6250750.0,67.0,561.0,534.0,408.0
5860500.000000001,6350750.0,69.0,551.0,391.0,438.0
5860500.000000001,6450750.0,68.0,540.0,535.0,440.0
5860500.000000001,6550750.0,69.0,563.0,544.0,386.0
5860500.000000001,6650750.0,68.0,548.0,516.0,449.0
5860500.000000001,6750750.0,68.0,511.0,694.0,459.0
5860500.000000001,6850750.0,67.0,495.0,483.0,354.0
5860500.000000001,7050750.0,69.0,504.0,385.0,259.0
5860500.000000001,7150750.0,68.0,513.0,441.0,321.0
5860500.000000001,7250750.0,71.0,487.0,426.0,265.0
5860500.000000001,7350750.0,68.0,490.0,486.0,362.0
5860500.000000001,7450750.0,60.0,417.0,478.0,252.0
5860500.000000001,7550750.0,55.0,425.0,558.0,326.0
5860500.000000001,7650750.0,52.0,477.0,727.0,329.0
5860500.000000001,7850750.0,64.0,499.0,549.0,387.0
5860500.000000001,7950750.0,57.0,511.0,474.0,364.0
5860500.000000001,8050750.0,56.0,575.0,796.0,416.0
5860500.000000001,8150750.0,58.0,579.0,1057.0,368.0
5860500.000000001,8250750.0,52.0,610.0,1133.0,428.0
5860500.000000001,8350750.0,55.0,617.0,984.0,375.0
5860500.000000001,8450750.0,58.0,609.0,1151.0,377.0
5860500.000000001,8550750.0,61.0,561.0,938.0,396.0
5860500.000000001,8650750.0,65.0,582.0,1013.0,440.0
5860500.000000001,8750750.0,63.0,592.0,1175.0,453.0
5860500.000000001,8850750.0,69.0,562.0,899.0,370.0
5860500.000000001,9050750.0,61.0,455.0,1102.0,430.0
5860500.000000001,9150750.0,63.0,535.0,1092.0,401.0
5860500.000000001,9250750.0,66.0,574.0,989.0,360.0
5860500.000000001,9350750.0,63.0,558.0,852.0,255.0
5860500.000000001,9450750.0,56.0,608.0,1379.0,350.0
5860500.000000001,9550750.0,62.0,500.0,1265.0,274.0
5860500.000000001,9650750.0,57.0,602.0,1298.0,369.0
5860500.000000001,9750750.0,63.0,538.0,1251.0,408.0
5860500.000000001,9850750.0,61.0,478.0,1407.0,349.0
5860500.000000001,9950750.0,60.0,511.0,1312.0,305.0
5860500.000000001,10050750.0,57.0,578.0,1317.0,341.0
5860500.000000001,10150750.0,57.0,503.0,1245.0,319.0
5860500.000000001,10250750.0,55.0,539.0,1297.0,328.0
5860500.000000001,10350750.0,56.0,478.0,1340.0,305.0
5860500.000000001,10450750.0,58.0,561.0,1356.0,344.0
5860500.000000001,10550750.0,55.0,538.0,1214.0,308.0
5860500.000000001,10650750.0,58.0,493.0,1218.0,325.0
5860500.000000001,10750750.0,54.0,554.0,1153.0,335.0
5860500.000000001,10850750.0,54.0,522.0,1269.0,319.0
5860500.000000001,10950750.0,54.0,555.0,1133.0,344.0
5860500.000000001,11050750.0,57.0,553.0,866.0,369.0
5860500.000000001,11150750.0,54.0,543.0,837.0,351.0
5860500.000000001,11250750.0,54.0,547.0,942.0,351.0
5860500.000000001,11350750.0,53.0,522.0,885.0,305.0
5860500.000000001,11550750.0,58.0,525.0,1102.0,349.0
5860500.000000001,12550750.0,54.0,607.0,994.0,365.0
5860500.000000001,12650750.0,57.0,591.0,855.0,285.0
5760500.000000001,-13149250.0,49.0,485.0,679.0,402.0
5760500.000000001,-13049250.0,57.0,505.0,1024.0,282.0
5760500.000000001,-12949250.0,60.0,551.0,539.0,361.0
5760500.000000001,-12849250.0,65.0,523.0,417.0,302.0
5760500.000000001,-12749250.0,60.0,476.0,458.0,280.0
5760500.000000001,-12649250.0,60.0,461.0,654.0,378.0
5760500.000000001,-12549250.0,54.0,401.0,774.0,278.0
5760500.000000001,-12449250.0,59.0,376.0,712.0,330.0
5760500.000000001,-12349250.0,62.0,406.0,412.0,279.0
5760500.000000001,-12249250.0,56.0,406.0,169.0,228.0
5760500.000000001,-12149250.0,65.0,412.0,535.0,278.0
5760500.000000001,-12049250.0,67.0,422.0,395.0,219.0
5760500.000000001,-11949250.0,67.0,441.0,447.0,248.0
5760500.000000001,-11849250.0,69.0,435.0,386.0,211.0
5760500.000000001,-11749250.0,69.0,420.0,338.0,237.0
5760500.000000001,-11649250.0,69.0,382.0,361.0,261.0
5760500.000000001,-11549250.0,70.0,451.0,431.0,329.0
5760500.000000001,-11449250.0,66.0,466.0,413.0,324.0
5760500.000000001,-11349250.0,66.0,421.0,529.0,280.0
5760500.000000001,-11249250.0,65.0,452.0,539.0,283.0
5760500.000000001,-11149250.0,69.0,434.0,264.0,311.0
5760500.000000001,-11049250.0,66.0,418.0,167.0,295.0
5760500.000000001,-10849250.0,64.0,424.0,323.0,400.0
5760500.000000001,-10649250.0,56.0,496.0,356.0,198.0
5760500.000000001,-10449250.0,53.0,522.0,429.0,227.0
5760500.000000001,-10349250.0,54.0,529.0,566.0,301.0
5760500.000000001,-10249250.0,55.0,509.0,521.0,224.0
5760500.000000001,-10149250.0,57.0,472.0,681.0,264.0
5760500.000000001,-10049250.0,60.0,525.0,891.0,379.0
5760500.000000001,-9949250.0,60.0,527.0,943.0,321.0
5760500.000000001,-9849250.0,62.0,557.0,635.0,369.0
5760500.000000001,-9449250.0,53.0,592.0,766.0,391.0
5760500.000000001,-9249250.0,53.0,630.0,754.0,396.0
5760500.000000001,-9149250.0,55.0,614.0,688.0,356.0
5760500.000000001,-9049250.0,53.0,601.0,686.0,330.0
5760500.000000001,-8949250.0,52.0,600.0,770.0,351.0
5760500.000000001,-8849250.0,50.0,616.0,660.0,295.0
5760500.000000001,-8749250.0,51.0,626.0,705.0,360.0
5760500.000000001,-8649250.0,51.0,609.0,658.0,352.0
5760500.000000001,-8549250.0,52.0,598.0,730.0,315.0
5760500.000000001,-8449250.0,50.0,585.0,615.0,353.0
5760500.000000001,-8349250.0,56.0,602.0,785.0,377.0
5760500.000000001,-8249250.0,52.0,581.0,745.0,445.0
5760500.000000001,-8149250.0,47.0,553.0,669.0,367.0
5760500.000000001,-8049250.0,47.0,538.0,628.0,340.0
5760500.000000001,-7949250.0,52.0,559.0,609.0,368.0
5760500.000000001,450750.0,57.0,448.0,739.0,310.0
5760500.000000001,550750.0,55.0,443.0,691.0,313.0
5760500.000000001,850750.0,49.0,477.0,711.0,408.0
5760500.000000001,950750.0,59.0,458.0,562.0,269.0
5760500.000000001,1050750.0,63.0,457.0,625.0,290.0
5760500.000000001,1150750.0,66.0,468.0,623.0,271.0
5760500.000000001,1450750.0,66.0,481.0,621.0,361.0
5760500.000000001,1550750.0,42.0,470.0,210.0,231.0
5760500.000000001,1650750.0,54.0,483.0,518.0,310.0
5760500.000000001,1750750.0,56.0,450.0,606.0,303.0
5760500.000000001,1850750.0,67.0,469.0,517.0,262.0
5760500.000000001,1950750.0,67.0,473.0,854.0,311.0
5760500.000000001,2050750.0,59.0,483.0,573.0,286.0
5760500.000000001,2150750.0,45.0,494.0,924.0,327.0
5760500.000000001,2250750.0,50.0,512.0,742.0,259.0
5760500.000000001,2350750.0,63.0,505.0,648.0,313.0
5760500.000000001,2450750.0,59.0,510.0,570.0,267.0
5760500.000000001,2550750.0,54.0,546.0,640.0,307.0
5760500.000000001,2650750.0,57.0,543.0,611.0,297.0
5760500.000000001,2750750.0,49.0,517.0,650.0,294.0
5760500.000000001,2850750.0,55.0,495.0,926.0,263.0
5760500.000000001,2950750.0,53.0,526.0,1407.0,278.0
5760500.000000001,3050750.0,55.0,494.0,850.0,267.0
5760500.000000001,3150750.0,58.0,541.0,1009.0,279.0
5760500.000000001,3250750.0,54.0,488.0,863.0,281.0
5760500.000000001,3350750.0,56.0,541.0,1367.0,315.0
5760500.000000001,3450750.0,54.0,521.0,1146.0,312.0
5760500.000000001,3550750.0,51.0,512.0,1072.0,333.0
5760500.000000001,3650750.0,62.0,561.0,1632.0,341.0
5760500.000000001,3750750.0,55.0,530.0,1214.0,312.0
5760500.000000001,3850750.0,64.0,549.0,1242.0,407.0
5760500.000000001,3950750.0,63.0,536.0,1032.0,377.0
5760500.000000001,4050750.0,63.0,549.0,1010.0,378.0
5760500.000000001,4150750.0,63.0,563.0,1026.0,385.0
5760500.000000001,4250750.0,61.0,568.0,1265.0,343.0
5760500.000000001,4350750.0,66.0,562.0,1034.0,332.0
5760500.000000001,4450750.0,67.0,585.0,720.0,318.0
5760500.000000001,4550750.0,68.0,591.0,634.0,297.0
5760500.000000001,4650750.0,70.0,558.0,896.0,325.0
5760500.000000001,4750750.0,71.0,553.0,608.0,299.0
5760500.000000001,4850750.0,71.0,513.0,550.0,281.0
5760500.000000001,4950750.0,71.0,525.0,578.0,288.0
5760500.000000001,5050750.0,72.0,473.0,370.0,389.0
5760500.000000001,5150750.0,72.0,488.0,342.0,298.0
5760500.000000001,5250750.0,71.0,473.0,636.0,294.0
5760500.000000001,5350750.0,65.0,403.0,612.0,316.0
5760500.000000001,5450750.0,71.0,450.0,359.0,306.0
5760500.000000001,5550750.0,70.0,463.0,670.0,303.0
5760500.000000001,5650750.0,72.0,483.0,375.0,217.0
5760500.000000001,5850750.0,72.0,468.0,633.0,244.0
5760500.000000001,5950750.0,71.0,481.0,577.0,271.0
5760500.000000001,6050750.0,70.0,471.0,432.0,296.0
5760500.000000001,6150750.0,70.0,499.0,465.0,352.0
5760500.000000001,6250750.0,69.0,495.0,553.0,431.0
5760500.000000001,6350750.0,67.0,508.0,413.0,479.0
5760500.000000001,6450750.0,69.0,490.0,404.0,429.0
5760500.000000001,6550750.0,68.0,500.0,509.0,431.0
5760500.000000001,6650750.0,70.0,508.0,455.0,437.0
5760500.000000001,6750750.0,72.0,490.0,430.0,289.0
5760500.000000001,6850750.0,70.0,485.0,590.0,239.0
5760500.000000001,6950750.0,76.0,431.0,395.0,251.0
5760500.000000001,7050750.0,69.0,491.0,431.0,289.0
5760500.000000001,7150750.0,68.0,469.0,351.0,276.0
5760500.000000001,7250750.0,70.0,448.0,530.0,291.0
5760500.000000001,7350750.0,66.0,480.0,449.0,294.0
5760500.000000001,7450750.0,68.0,477.0,562.0,348.0
5760500.000000001,7550750.0,59.0,389.0,764.0,243.0
5760500.000000001,7650750.0,53.0,496.0,641.0,307.0
5760500.000000001,7750750.0,57.0,540.0,689.0,305.0
5760500.000000001,7850750.0,59.0,522.0,694.0,331.0
5760500.000000001,7950750.0,55.0,507.0,782.0,344.0
5760500.000000001,8050750.0,68.0,537.0,864.0,393.0
5760500.000000001,8150750.0,57.0,559.0,932.0,375.0
5760500.000000001,8250750.0,62.0,533.0,1317.0,371.0
5760500.000000001,8350750.0,62.0,542.0,1198.0,391.0
5760500.000000001,8450750.0,62.0,553.0,1093.0,338.0
5760500.000000001,8550750.0,58.0,604.0,1035.0,363.0
5760500.000000001,8650750.0,58.0,580.0,956.0,368.0
5760500.000000001,8750750.0,55.0,569.0,1119.0,394.0
5760500.000000001,8850750.0,60.0,569.0,1180.0,357.0
5760500.000000001,9050750.0,64.0,530.0,1218.0,339.0
5760500.000000001,9150750.0,63.0,536.0,1307.0,304.0
5760500.000000001,9250750.0,67.0,529.0,1134.0,365.0
5760500.000000001,9350750.0,66.0,555.0,987.0,227.0
5760500.000000001,9550750.0,62.0,609.0,1113.0,310.0
5760500.000000001,9650750.0,60.0,544.0,1494.0,237.0
5760500.000000001,9750750.0,72.0,510.0,954.0,289.0
5760500.000000001,9850750.0,60.0,594.0,1563.0,307.0
5760500.000000001,9950750.0,58.0,598.0,1314.0,286.0
5760500.000000001,10050750.0,60.0,496.0,1383.0,308.0
5760500.000000001,10150750.0,56.0,524.0,1280.0,283.0
5760500.000000001,10250750.0,55.0,585.0,1155.0,296.0
5760500.000000001,10350750.0,55.0,597.0,1209.0,286.0
5760500.000000001,10450750.0,60.0,539.0,1071.0,328.0
5760500.000000001,10550750.0,59.0,462.0,1375.0,312.0
5760500.000000001,10650750.0,59.0,470.0,1402.0,394.0
5760500.000000001,10750750.0,60.0,535.0,1327.0,298.0
5760500.000000001,10850750.0,56.0,524.0,1144.0,282.0
5760500.000000001,10950750.0,56.0,563.0,1232.0,299.0
5760500.000000001,11050750.0,53.0,515.0,1160.0,354.0
5760500.000000001,11150750.0,55.0,561.0,1043.0,317.0
5760500.000000001,11250750.0,60.0,568.0,1085.0,307.0
5760500.000000001,11350750.0,56.0,565.0,834.0,315.0
5760500.000000001,11550750.0,55.0,494.0,866.0,303.0
5760500.000000001,11650750.0,61.0,512.0,862.0,374.0
5760500.000000001,12750750.0,57.0,634.0,724.0,342.0
5660500.000000001,-13149250.0,48.0,474.0,678.0,367.0
5660500.000000001,-13049250.0,53.0,485.0,918.0,283.0
5660500.000000001,-12849250.0,62.0,544.0,560.0,315.0
5660500.000000001,-12749250.0,62.0,389.0,295.0,318.0
5660500.000000001,-12649250.0,58.0,374.0,513.0,261.0
5660500.000000001,-12549250.0,60.0,398.0,604.0,257.0
5660500.000000001,-12449250.0,55.0,386.0,618.0,341.0
5660500.000000001,-12349250.0,63.0,399.0,451.0,204.0
5660500.000000001,-12249250.0,66.0,384.0,235.0,231.0
5660500.000000001,-12149250.0,71.0,417.0,415.0,217.0
5660500.000000001,-12049250.0,71.0,405.0,277.0,183.0
5660500.000000001,-11949250.0,68.0,441.0,352.0,189.0
5660500.000000001,-11849250.0,70.0,452.0,291.0,258.0
5660500.000000001,-11749250.0,72.0,433.0,253.0,269.0
5660500.000000001,-11649250.0,70.0,430.0,272.0,269.0
5660500.000000001,-11549250.0,70.0,439.0,352.0,275.0
5660500.000000001,-11449250.0,70.0,426.0,443.0,266.0
5660500.000000001,-11349250.0,68.0,415.0,445.0,282.0
5660500.000000001,-11249250.0,69.0,390.0,473.0,323.0
5660500.000000001,-11149250.0,70.0,441.0,561.0,355.0
5660500.000000001,-11049250.0,69.0,405.0,333.0,270.0
5660500.000000001,-10949250.0,69.0,423.0,431.0,365.0
5660500.000000001,-10849250.0,66.0,424.0,502.0,456.0
5660500.000000001,-10749250.0,60.0,475.0,326.0,314.0
5660500.000000001,-10649250.0,55.0,488.0,338.0,249.0
5660500.000000001,-10549250.0,55.0,525.0,438.0,233.0
5660500.000000001,-10449250.0,53.0,503.0,511.0,179.0
5660500.000000001,-10349250.0,53.0,511.0,520.0,247.0
5660500.000000001,-10249250.0,54.0,450.0,412.0,197.0
5660500.000000001,-9949250.0,63.0,501.0,867.0,440.0
5660500.000000001,-9849250.0,63.0,515.0,857.0,382.0
5660500.000000001,-9749250.0,58.0,516.0,863.0,291.0
5660500.000000001,-9649250.0,59.0,547.0,659.0,296.0
5660500.000000001,-9549250.0,56.0,490.0,847.0,323.0
5660500.000000001,-9449250.0,53.0,574.0,655.0,414.0
5660500.000000001,-9349250.0,53.0,578.0,647.0,248.0
5660500.000000001,-9249250.0,52.0,596.0,618.0,334.0
5660500.000000001,-8949250.0,54.0,591.0,861.0,357.0
5660500.000000001,-8849250.0,53.0,597.0,794.0,307.0
5660500.000000001,-8749250.0,51.0,589.0,691.0,286.0
5660500.000000001,-8649250.0,51.0,594.0,630.0,326.0
5660500.000000001,-8549250.0,51.0,589.0,658.0,328.0
5660500.000000001,-8449250.0,53.0,582.0,733.0,364.0
5660500.000000001,-7849250.0,48.0,538.0,480.0,254.0
5660500.000000001,950750.0,68.0,468.0,498.0,271.0
5660500.000000001,1050750.0,55.0,458.0,570.0,348.0
5660500.000000001,1150750.0,61.0,482.0,641.0,300.0
5660500.000000001,1350750.0,58.0,488.0,558.0,292.0
5660500.000000001,1450750.0,48.0,466.0,403.0,263.0
5660500.000000001,1550750.0,49.0,451.0,477.0,259.0
5660500.000000001,1650750.0,46.0,460.0,554.0,343.0
5660500.000000001,1750750.0,48.0,509.0,642.0,303.0
5660500.000000001,1850750.0,59.0,483.0,651.0,299.0
5660500.000000001,1950750.0,54.0,461.0,809.0,312.0
5660500.000000001,2050750.0,60.0,476.0,838.0,279.0
5660500.000000001,2150750.0,53.0,472.0,709.0,333.0
5660500.000000001,2250750.0,52.0,476.0,905.0,258.0
5660500.000000001,2350750.0,53.0,471.0,624.0,293.0
5660500.000000001,2450750.0,60.0,522.0,582.0,229.0
5660500.000000001,2550750.0,55.0,506.0,753.0,269.0
5660500.000000001,2650750.0,50.0,455.0,664.0,200.0
5660500.000000001,2750750.0,59.0,493.0,553.0,203.0
5660500.000000001,2850750.0,64.0,499.0,696.0,303.0
5660500.000000001,2950750.0,66.0,513.0,1273.0,291.0
5660500.000000001,3050750.0,58.0,493.0,1200.0,271.0
5660500.000000001,3150750.0,57.0,511.0,840.0,268.0
5660500.000000001,3250750.0,59.0,516.0,1144.0,241.0
5660500.000000001,3350750.0,57.0,512.0,1004.0,307.0
5660500.000000001,3450750.0,59.0,456.0,1384.0,279.0
5660500.000000001,3650750.0,68.0,553.0,1096.0,405.0
5660500.000000001,3750750.0,64.0,544.0,1227.0,315.0
5660500.000000001,3850750.0,69.0,550.0,1175.0,347.0
5660500.000000001,3950750.0,66.0,553.0,1012.0,342.0
5660500.000000001,4050750.0,67.0,545.0,1000.0,387.0
5660500.000000001,4150750.0,68.0,547.0,933.0,354.0
5660500.000000001,4250750.0,68.0,544.0,917.0,328.0
5660500.000000001,4350750.0,68.0,547.0,804.0,331.0
5660500.000000001,4450750.0,70.0,571.0,538.0,294.0
5660500.000000001,4550750.0,71.0,555.0,632.0,282.0
5660500.000000001,4650750.0,72.0,542.0,506.0,284.0
5660500.000000001,4750750.0,72.0,506.0,453.0,277.0
5660500.000000001,4850750.0,72.0,466.0,307.0,310.0
5660500.000000001,4950750.0,72.0,417.0,515.0,285.0
5660500.000000001,5050750.0,73.0,442.0,481.0,290.0
5660500.000000001,5150750.0,73.0,455.0,356.0,254.0
5660500.000000001,5250750.0,71.0,466.0,395.0,253.0
5660500.000000001,5350750.0,71.0,469.0,554.0,249.0
5660500.000000001,5450750.0,73.0,421.0,390.0,258.0
5660500.000000001,5550750.0,73.0,435.0,512.0,280.0
5660500.000000001,5650750.0,72.0,448.0,547.0,286.0
5660500.000000001,5750750.0,73.0,449.0,494.0,263.0
5660500.000000001,5850750.0,74.0,455.0,553.0,257.0
5660500.000000001,5950750.0,75.0,440.0,401.0,236.0
5660500.000000001,6050750.0,74.0,441.0,410.0,257.0
5660500.000000001,6150750.0,72.0,476.0,437.0,262.0
5660500.000000001,6250750.0,72.0,459.0,555.0,298.0
5660500.000000001,6350750.0,70.0,484.0,479.0,320.0
5660500.000000001,6450750.0,72.0,471.0,454.0,299.0
5660500.000000001,6550750.0,71.0,459.0,440.0,302.0
5660500.000000001,6650750.0,71.0,474.0,406.0,273.0
5660500.000000001,6750750.0,71.0,469.0,415.0,288.0
5660500.000000001,6850750.0,72.0,465.0,380.0,237.0
5660500.000000001,6950750.0,74.0,456.0,412.0,234.0
5660500.000000001,7050750.0,74.0,441.0,362.0,240.0
5660500.000000001,7150750.0,73.0,453.0,385.0,259.0
5660500.000000001,7250750.0,67.0,455.0,640.0,308.0
5660500.000000001,7350750.0,59.0,403.0,540.0,322.0
5660500.000000001,7450750.0,66.0,451.0,553.0,341.0
5660500.000000001,7550750.0,66.0,407.0,627.0,346.0
5660500.000000001,7650750.0,60.0,465.0,679.0,328.0
5660500.000000001,7750750.0,60.0,517.0,859.0,319.0
5660500.000000001,7850750.0,71.0,455.0,672.0,362.0
5660500.000000001,7950750.0,71.0,419.0,1008.0,378.0
5660500.000000001,8050750.0,62.0,522.0,887.0,340.0
5660500.000000001,8150750.0,73.0,485.0,1010.0,313.0
5660500.000000001,8250750.0,63.0,484.0,1295.0,325.0
5660500.000000001,8350750.0,63.0,514.0,1134.0,358.0
5660500.000000001,8450750.0,60.0,546.0,1141.0,291.0
5660500.000000001,8650750.0,66.0,577.0,1040.0,355.0
5660500.000000001,8750750.0,57.0,560.0,1176.0,407.0
5660500.000000001,8850750.0,61.0,554.0,866.0,308.0
5660500.000000001,8950750.0,58.0,520.0,846.0,392.0
5660500.000000001,9050750.0,73.0,541.0,999.0,375.0
5660500.000000001,9150750.0,77.0,518.0,920.0,354.0
5660500.000000001,9250750.0,65.0,527.0,1240.0,328.0
5660500.000000001,9350750.0,61.0,567.0,998.0,286.0
5660500.000000001,9450750.0,61.0,567.0,1131.0,255.0
5660500.000000001,9550750.0,57.0,536.0,1071.0,259.0
5660500.000000001,9650750.0,61.0,521.0,1164.0,272.0
5660500.000000001,9750750.0,74.0,476.0,799.0,313.0
5660500.000000001,9850750.0,68.0,468.0,1047.0,339.0
5660500.000000001,9950750.0,60.0,543.0,1355.0,332.0
5660500.000000001,10050750.0,67.0,533.0,1204.0,431.0
5660500.000000001,10150750.0,58.0,548.0,1383.0,293.0
5660500.000000001,10250750.0,62.0,596.0,1129.0,293.0
5660500.000000001,10350750.0,58.0,501.0,1117.0,250.0
5660500.000000001,10450750.0,62.0,534.0,989.0,308.0
5660500.000000001,10550750.0,64.0,589.0,887.0,354.0
5660500.000000001,10650750.0,60.0,522.0,1229.0,312.0
5660500.000000001,10750750.0,59.0,484.0,1339.0,333.0
5660500.000000001,10850750.0,61.0,489.0,1304.0,292.0
5660500.000000001,10950750.0,53.0,552.0,1268.0,310.0
5660500.000000001,11050750.0,56.0,522.0,1301.0,321.0
5660500.000000001,11150750.0,54.0,491.0,1058.0,316.0
5660500.000000001,11250750.0,54.0,533.0,985.0,323.0
5660500.000000001,11350750.0,62.0,505.0,1313.0,377.0
5660500.000000001,11450750.0,58.0,568.0,989.0,312.0
5660500.000000001,11550750.0,63.0,573.0,855.0,406.0
5660500.000000001,11750750.0,52.0,542.0,830.0,276.0
5660500.000000001,12850750.0,54.0,541.0,624.0,310.0
5560500.000000001,-13149250.0,48.0,478.0,636.0,408.0
5560500.000000001,-13049250.0,50.0,476.0,797.0,396.0
5560500.000000001,-12949250.0,48.0,443.0,724.0,316.0
5560500.000000001,-12849250.0,55.0,457.0,895.0,304.0
5560500.000000001,-12749250.0,61.0,399.0,579.0,247.0
5560500.000000001,-12649250.0,68.0,406.0,387.0,283.0
5560500.000000001,-12549250.0,61.0,402.0,523.0,217.0
5560500.000000001,-12449250.0,59.0,392.0,637.0,223.0
5560500.000000001,-12349250.0,63.0,395.0,395.0,304.0
5560500.000000001,-12249250.0,56.0,412.0,604.0,240.0
5560500.000000001,-12149250.0,71.0,406.0,305.0,214.0
5560500.000000001,-12049250.0,69.0,402.0,242.0,189.0
5560500.000000001,-11949250.0,70.0,402.0,239.0,188.0
5560500.000000001,-11849250.0,69.0,412.0,270.0,199.0
5560500.000000001,-11749250.0,72.0,418.0,251.0,225.0
5560500.000000001,-11649250.0,68.0,417.0,259.0,252.0
5560500.000000001,-11549250.0,69.0,430.0,297.0,280.0
5560500.000000001,-11449250.0,72.0,436.0,365.0,395.0
5560500.000000001,-11349250.0,69.0,415.0,444.0,267.0
5560500.000000001,-11249250.0,69.0,403.0,473.0,285.0
5560500.000000001,-11149250.0,67.0,412.0,484.0,329.0
5560500.000000001,-11049250.0,72.0,404.0,418.0,284.0
5560500.000000001,-10949250.0,71.0,392.0,535.0,384.0
5560500.000000001,-10849250.0,63.0,368.0,356.0,270.0
5560500.000000001,-10749250.0,62.0,394.0,310.0,257.0
5560500.000000001,-10649250.0,57.0,440.0,315.0,265.0
5560500.000000001,-10449250.0,57.0,503.0,546.0,244.0
5560500.000000001,-10349250.0,53.0,492.0,477.0,228.0
5560500.000000001,-10149250.0,53.0,503.0,503.0,220.0
5560500.000000001,-10049250.0,56.0,498.0,532.0,233.0
5560500.000000001,-9949250.0,56.0,446.0,581.0,298.0
5560500.000000001,-9849250.0,55.0,455.0,586.0,201.0
5560500.000000001,-9749250.0,57.0,508.0,587.0,252.0
5560500.000000001,-9649250.0,56.0,540.0,644.0,270.0
5560500.000000001,-9549250.0,53.0,529.0,542.0,192.0
5560500.000000001,-9449250.0,54.0,505.0,454.0,212.0
5560500.000000001,-9349250.0,51.0,513.0,547.0,277.0
5560500.000000001,-9249250.0,52.0,520.0,636.0,292.0
5560500.000000001,-9149250.0,52.0,515.0,452.0,283.0
5560500.000000001,-9049250.0,52.0,536.0,632.0,306.0
5560500.000000001,-8949250.0,53.0,489.0,666.0,305.0
5560500.000000001,-8849250.0,51.0,560.0,619.0,302.0
5560500.000000001,-8649250.0,48.0,550.0,595.0,358.0
5560500.000000001,-8349250.0,58.0,460.0,573.0,326.0
5560500.000000001,-8249250.0,53.0,462.0,447.0,375.0
5560500.000000001,-8149250.0,55.0,485.0,472.0,352.0
5560500.000000001,-7849250.0,47.0,523.0,482.0,350.0
5560500.000000001,1250750.0,69.0,488.0,465.0,255.0
5560500.000000001,1350750.0,52.0,482.0,527.0,223.0
5560500.000000001,1450750.0,58.0,461.0,581.0,283.0
5560500.000000001,1550750.0,54.0,475.0,662.0,307.0
5560500.000000001,1650750.0,61.0,480.0,540.0,273.0
5560500.000000001,1750750.0,65.0,488.0,491.0,264.0
5560500.000000001,1850750.0,66.0,529.0,522.0,298.0
5560500.000000001,1950750.0,55.0,508.0,689.0,351.0
5560500.000000001,2050750.0,61.0,486.0,729.0,273.0
5560500.000000001,2150750.0,70.0,477.0,468.0,256.0
5560500.000000001,2250750.0,68.0,473.0,464.0,287.0
5560500.000000001,2350750.0,50.0,491.0,775.0,274.0
5560500.000000001,2450750.0,63.0,507.0,701.0,275.0
5560500.000000001,2550750.0,53.0,522.0,848.0,270.0
5560500.000000001,2650750.0,61.0,521.0,1010.0,264.0
5560500.000000001,2750750.0,50.0,459.0,903.0,244.0
5560500.000000001,2850750.0,57.0,450.0,1050.0,270.0
5560500.000000001,2950750.0,66.0,533.0,1266.0,322.0
5560500.000000001,3050750.0,59.0,450.0,1139.0,301.0
5560500.000000001,3150750.0,64.0,431.0,1026.0,285.0
5560500.000000001,3250750.0,61.0,530.0,1086.0,298.0
5560500.000000001,3350750.0,66.0,541.0,910.0,306.0
5560500.000000001,3450750.0,65.0,449.0,850.0,280.0
5560500.000000001,3550750.0,67.0,524.0,797.0,297.0
5560500.000000001,3650750.0,68.0,541.0,853.0,357.0
5560500.000000001,3750750.0,68.0,536.0,1040.0,315.0
5560500.000000001,3850750.0,68.0,559.0,979.0,321.0
5560500.000000001,3950750.0,69.0,551.0,991.0,315.0
5560500.000000001,4050750.0,68.0,544.0,1034.0,327.0
5560500.000000001,4150750.0,69.0,548.0,998.0,347.0
5560500.000000001,4250750.0,69.0,537.0,706.0,346.0
5560500.000000001,4350750.0,69.0,531.0,737.0,313.0
5560500.000000001,4450750.0,71.0,527.0,670.0,303.0
5560500.000000001,4550750.0,71.0,496.0,402.0,291.0
5560500.000000001,4650750.0,73.0,447.0,517.0,294.0
5560500.000000001,4750750.0,74.0,430.0,489.0,292.0
5560500.000000001,4850750.0,73.0,437.0,753.0,307.0
5560500.000000001,4950750.0,71.0,435.0,491.0,286.0
5560500.000000001,5050750.0,76.0,441.0,600.0,269.0
5560500.000000001,5150750.0,76.0,453.0,383.0,278.0
5560500.000000001,5250750.0,73.0,462.0,579.0,243.0
5560500.000000001,5350750.0,73.0,428.0,407.0,241.0
5560500.000000001,5450750.0,73.0,425.0,431.0,253.0
5560500.000000001,5550750.0,73.0,423.0,341.0,240.0
5560500.000000001,5650750.0,74.0,434.0,301.0,248.0
5560500.000000001,5750750.0,76.0,419.0,324.0,216.0
5560500.000000001,5850750.0,77.0,404.0,330.0,227.0
5560500.000000001,5950750.0,78.0,423.0,363.0,249.0
5560500.000000001,6050750.0,78.0,423.0,350.0,222.0
5560500.000000001,6150750.0,75.0,424.0,456.0,237.0
5560500.000000001,6250750.0,75.0,443.0,479.0,232.0
5560500.000000001,6350750.0,75.0,429.0,447.0,253.0
5560500.000000001,6450750.0,74.0,436.0,416.0,249.0
5560500.000000001,6550750.0,72.0,451.0,483.0,263.0
5560500.000000001,6650750.0,70.0,455.0,474.0,250.0
5560500.000000001,6750750.0,70.0,453.0,476.0,249.0
5560500.000000001,6850750.0,73.0,451.0,432.0,245.0
5560500.000000001,6950750.0,74.0,434.0,354.0,246.0
5560500.000000001,7050750.0,76.0,445.0,382.0,257.0
5560500.000000001,7150750.0,77.0,423.0,265.0,249.0
5560500.000000001,7250750.0,71.0,441.0,316.0,270.0
5560500.000000001,7350750.0,62.0,405.0,686.0,263.0
5560500.000000001,7450750.0,64.0,410.0,570.0,296.0
5560500.000000001,7550750.0,69.0,418.0,576.0,292.0
5560500.000000001,7650750.0,62.0,443.0,826.0,301.0
5560500.000000001,7750750.0,66.0,456.0,790.0,338.0
5560500.000000001,7850750.0,70.0,450.0,720.0,321.0
5560500.000000001,7950750.0,75.0,396.0,697.0,269.0
5560500.000000001,8050750.0,75.0,414.0,799.0,344.0
5560500.000000001,8150750.0,74.0,406.0,762.0,327.0
5560500.000000001,8250750.0,73.0,474.0,904.0,415.0
5560500.000000001,8350750.0,68.0,545.0,1073.0,322.0
5560500.000000001,8450750.0,61.0,547.0,1151.0,321.0
5560500.000000001,8550750.0,61.0,506.0,1205.0,392.0
5560500.000000001,8650750.0,71.0,467.0,989.0,339.0
5560500.000000001,8750750.0,61.0,524.0,1038.0,351.0
5560500.000000001,8850750.0,58.0,544.0,1071.0,357.0
5560500.000000001,8950750.0,58.0,533.0,954.0,325.0
5560500.000000001,9050750.0,66.0,589.0,1072.0,299.0
5560500.000000001,9150750.0,68.0,455.0,1136.0,274.0
5560500.000000001,9250750.0,63.0,530.0,1053.0,297.0
5560500.000000001,9350750.0,61.0,525.0,1017.0,331.0
5560500.000000001,9450750.0,60.0,494.0,1161.0,292.0
5560500.000000001,9550750.0,60.0,527.0,1153.0,309.0
5560500.000000001,9650750.0,70.0,432.0,617.0,317.0
5560500.000000001,9750750.0,72.0,424.0,537.0,307.0
5560500.000000001,9850750.0,72.0,423.0,536.0,258.0
5560500.000000001,9950750.0,74.0,409.0,572.0,323.0
5560500.000000001,10050750.0,70.0,455.0,702.0,337.0
5560500.000000001,10150750.0,72.0,473.0,797.0,384.0
5560500.000000001,10250750.0,61.0,539.0,1294.0,298.0
5560500.000000001,10350750.0,62.0,532.0,1119.0,301.0
5560500.000000001,10450750.0,65.0,536.0,996.0,262.0
5560500.000000001,10550750.0,64.0,562.0,1118.0,286.0
5560500.000000001,10650750.0,57.0,504.0,1100.0,291.0
5560500.000000001,10750750.0,61.0,556.0,1255.0,341.0
5560500.000000001,10850750.0,59.0,528.0,1240.0,279.0
5560500.000000001,10950750.0,57.0,533.0,1271.0,280.0
5560500.000000001,11050750.0,57.0,482.0,1277.0,324.0
5560500.000000001,11150750.0,52.0,544.0,1078.0,274.0
5560500.000000001,11250750.0,58.0,541.0,1116.0,341.0
5560500.000000001,11350750.0,54.0,559.0,1138.0,307.0
5560500.000000001,11550750.0,53.0,531.0,854.0,308.0
5560500.000000001,11650750.0,50.0,563.0,853.0,309.0
5560500.000000001,11850750.0,52.0,450.0,842.0,290.0
5560500.000000001,11950750.0,51.0,532.0,955.0,281.0
5560500.000000001,12850750.0,56.0,513.0,981.0,273.0
5460500.000000001,-13049250.0,53.0,474.0,871.0,392.0
5460500.000000001,-12849250.0,47.0,450.0,545.0,375.0
5460500.000000001,-12749250.0,55.0,397.0,603.0,309.0
5460500.000000001,-12649250.0,61.0,393.0,373.0,231.0
5460500.000000001,-12549250.0,64.0,406.0,447.0,219.0
5460500.000000001,-12449250.0,52.0,394.0,723.0,208.0
5460500.000000001,-12349250.0,61.0,405.0,401.0,221.0
5460500.000000001,-12249250.0,60.0,386.0,475.0,243.0
5460500.000000001,-12149250.0,67.0,406.0,315.0,276.0
5460500.000000001,-12049250.0,71.0,388.0,302.0,207.0
5460500.000000001,-11949250.0,69.0,392.0,264.0,224.0
5460500.000000001,-11849250.0,68.0,396.0,270.0,252.0
5460500.000000001,-11749250.0,69.0,403.0,292.0,223.0
5460500.000000001,-11649250.0,69.0,395.0,298.0,232.0
5460500.000000001,-11549250.0,72.0,412.0,285.0,240.0
5460500.000000001,-11449250.0,69.0,406.0,392.0,266.0
5460500.000000001,-11349250.0,68.0,421.0,472.0,299.0
5460500.000000001,-11249250.0,71.0,420.0,460.0,267.0
5460500.000000001,-11149250.0,69.0,398.0,370.0,281.0
5460500.000000001,-11049250.0,68.0,410.0,368.0,305.0
5460500.000000001,-10949250.0,72.0,443.0,375.0,346.0
5460500.000000001,-10849250.0,65.0,408.0,380.0,222.0
5460500.000000001,-10749250.0,62.0,394.0,403.0,345.0
5460500.000000001,-10549250.0,53.0,444.0,488.0,249.0
5460500.000000001,-10449250.0,54.0,477.0,418.0,210.0
5460500.000000001,-10349250.0,54.0,460.0,490.0,203.0
5460500.000000001,-10249250.0,53.0,427.0,576.0,208.0
5460500.000000001,-10149250.0,52.0,493.0,436.0,251.0
5460500.000000001,-9949250.0,53.0,470.0,423.0,225.0
5460500.000000001,-9849250.0,54.0,456.0,409.0,179.0
5460500.000000001,-9649250.0,52.0,458.0,509.0,113.0
5460500.000000001,-9549250.0,53.0,468.0,629.0,203.0
5460500.000000001,-9449250.0,53.0,459.0,562.0,223.0
5460500.000000001,-9349250.0,53.0,497.0,579.0,243.0
5460500.000000001,-9149250.0,53.0,525.0,550.0,273.0
5460500.000000001,-9049250.0,54.0,534.0,513.0,276.0
5460500.000000001,-8949250.0,51.0,538.0,708.0,288.0
5460500.000000001,-8849250.0,52.0,529.0,582.0,279.0
5460500.000000001,-8749250.0,51.0,528.0,755.0,410.0
5460500.000000001,-8249250.0,49.0,517.0,519.0,330.0
5460500.000000001,-7849250.0,54.0,508.0,320.0,310.0
5460500.000000001,-7649250.0,45.0,503.0,322.0,323.0
5460500.000000001,950750.0,60.0,460.0,755.0,343.0
5460500.000000001,1150750.0,67.0,482.0,478.0,257.0
5460500.000000001,1250750.0,69.0,489.0,546.0,239.0
5460500.000000001,1350750.0,69.0,483.0,574.0,259.0
5460500.000000001,1450750.0,56.0,458.0,710.0,259.0
5460500.000000001,1550750.0,65.0,487.0,647.0,246.0
5460500.000000001,1650750.0,50.0,479.0,744.0,249.0
5460500.000000001,1750750.0,65.0,497.0,449.0,218.0
5460500.000000001,1850750.0,56.0,490.0,499.0,278.0
5460500.000000001,1950750.0,64.0,478.0,551.0,318.0
5460500.000000001,2050750.0,52.0,464.0,515.0,336.0
5460500.000000001,2150750.0,54.0,490.0,905.0,272.0
5460500.000000001,2250750.0,64.0,482.0,686.0,315.0
5460500.000000001,2350750.0,72.0,493.0,579.0,281.0
5460500.000000001,2450750.0,51.0,494.0,707.0,289.0
5460500.000000001,2550750.0,49.0,511.0,978.0,335.0
5460500.000000001,2650750.0,52.0,458.0,742.0,281.0
5460500.000000001,2750750.0,51.0,476.0,885.0,281.0
5460500.000000001,2850750.0,53.0,410.0,736.0,244.0
5460500.000000001,2950750.0,54.0,377.0,856.0,265.0
5460500.000000001,3050750.0,65.0,361.0,1021.0,248.0
5460500.000000001,3150750.0,63.0,355.0,1183.0,263.0
5460500.000000001,3250750.0,67.0,412.0,932.0,311.0
5460500.000000001,3350750.0,67.0,450.0,697.0,290.0
5460500.000000001,3650750.0,72.0,467.0,918.0,304.0
5460500.000000001,3750750.0,62.0,492.0,1151.0,307.0
5460500.000000001,3850750.0,69.0,494.0,997.0,317.0
5460500.000000001,3950750.0,71.0,526.0,892.0,292.0
5460500.000000001,4050750.0,69.0,542.0,805.0,297.0
5460500.000000001,4150750.0,71.0,517.0,945.0,311.0
5460500.000000001,4250750.0,69.0,502.0,614.0,315.0
5460500.000000001,4350750.0,70.0,489.0,457.0,303.0
5460500.000000001,4450750.0,70.0,485.0,551.0,287.0
5460500.000000001,4550750.0,72.0,452.0,470.0,292.0
5460500.000000001,4650750.0,73.0,438.0,503.0,323.0
5460500.000000001,4750750.0,77.0,429.0,470.0,290.0
5460500.000000001,4850750.0,78.0,419.0,715.0,307.0
5460500.000000001,4950750.0,77.0,426.0,773.0,299.0
5460500.000000001,5050750.0,77.0,435.0,741.0,282.0
5460500.000000001,5150750.0,78.0,425.0,600.0,261.0
5460500.000000001,5250750.0,76.0,420.0,376.0,254.0
5460500.000000001,5350750.0,76.0,417.0,464.0,244.0
5460500.000000001,5450750.0,75.0,432.0,374.0,231.0
5460500.000000001,5550750.0,76.0,383.0,351.0,223.0
5460500.000000001,5650750.0,79.0,381.0,289.0,244.0
5460500.000000001,5750750.0,77.0,364.0,293.0,237.0
5460500.000000001,5850750.0,78.0,360.0,378.0,253.0
5460500.000000001,5950750.0,77.0,372.0,445.0,230.0
5460500.000000001,6050750.0,79.0,374.0,311.0,214.0
5460500.000000001,6150750.0,77.0,403.0,254.0,220.0
5460500.000000001,6250750.0,76.0,409.0,419.0,233.0
5460500.000000001,6350750.0,76.0,416.0,329.0,235.0
5460500.000000001,6450750.0,76.0,424.0,441.0,262.0
5460500.000000001,6550750.0,75.0,429.0,450.0,236.0
5460500.000000001,6650750.0,73.0,431.0,470.0,237.0
5460500.000000001,6750750.0,73.0,433.0,459.0,206.0
5460500.000000001,6850750.0,72.0,423.0,392.0,234.0
5460500.000000001,6950750.0,71.0,433.0,425.0,240.0
5460500.000000001,7050750.0,73.0,407.0,317.0,240.0
5460500.000000001,7150750.0,74.0,437.0,278.0,258.0
5460500.000000001,7250750.0,71.0,419.0,269.0,273.0
5460500.000000001,7350750.0,69.0,429.0,307.0,261.0
5460500.000000001,7450750.0,67.0,420.0,426.0,312.0
5460500.000000001,7550750.0,68.0,412.0,437.0,314.0
5460500.000000001,7650750.0,61.0,411.0,623.0,287.0
5460500.000000001,7750750.0,68.0,417.0,567.0,306.0
5460500.000000001,7850750.0,74.0,371.0,406.0,258.0
5460500.000000001,7950750.0,72.0,414.0,540.0,297.0
5460500.000000001,8050750.0,72.0,389.0,496.0,282.0
5460500.000000001,8150750.0,79.0,373.0,326.0,264.0
5460500.000000001,8250750.0,75.0,401.0,562.0,296.0
5460500.000000001,8350750.0,73.0,460.0,838.0,350.0
5460500.000000001,8450750.0,72.0,473.0,1042.0,350.0
5460500.000000001,8550750.0,74.0,447.0,967.0,293.0
5460500.000000001,8650750.0,72.0,484.0,869.0,303.0
5460500.000000001,8750750.0,74.0,388.0,583.0,323.0
5460500.000000001,8850750.0,71.0,452.0,845.0,368.0
5460500.000000001,8950750.0,70.0,449.0,875.0,346.0
5460500.000000001,9050750.0,68.0,489.0,975.0,401.0
5460500.000000001,9150750.0,72.0,456.0,806.0,238.0
5460500.000000001,9250750.0,63.0,539.0,1302.0,332.0
5460500.000000001,9350750.0,61.0,524.0,1124.0,326.0
5460500.000000001,9450750.0,61.0,482.0,1214.0,295.0
5460500.000000001,9550750.0,68.0,495.0,982.0,300.0
5460500.000000001,9650750.0,71.0,421.0,538.0,277.0
5460500.000000001,9750750.0,72.0,412.0,432.0,269.0
5460500.000000001,9850750.0,75.0,385.0,387.0,227.0
5460500.000000001,9950750.0,75.0,386.0,405.0,258.0
5460500.000000001,10050750.0,74.0,382.0,411.0,219.0
5460500.000000001,10150750.0,75.0,390.0,545.0,271.0
5460500.000000001,10250750.0,73.0,443.0,657.0,282.0
5460500.000000001,10350750.0,59.0,505.0,1048.0,319.0
5460500.000000001,10450750.0,63.0,461.0,1087.0,290.0
5460500.000000001,10550750.0,65.0,519.0,990.0,291.0
5460500.000000001,10650750.0,66.0,524.0,1171.0,306.0
5460500.000000001,10750750.0,59.0,546.0,1081.0,297.0
5460500.000000001,10850750.0,59.0,458.0,1145.0,293.0
5460500.000000001,10950750.0,59.0,494.0,1183.0,315.0
5460500.000000001,11050750.0,58.0,489.0,1279.0,251.0
5460500.000000001,11150750.0,55.0,496.0,1132.0,270.0
5460500.000000001,11250750.0,54.0,490.0,882.0,283.0
5460500.000000001,11350750.0,56.0,458.0,1056.0,258.0
5460500.000000001,11450750.0,64.0,450.0,976.0,353.0
5460500.000000001,11550750.0,59.0,461.0,1038.0,268.0
5460500.000000001,11650750.0,50.0,479.0,796.0,308.0
5460500.000000001,11750750.0,51.0,573.0,859.0,294.0
5460500.000000001,11950750.0,50.0,480.0,834.0,298.0
5360500.000000001,-12849250.0,51.0,424.0,1131.0,264.0
5360500.000000001,-12749250.0,54.0,390.0,660.0,214.0
5360500.000000001,-12649250.0,68.0,397.0,315.0,129.0
5360500.000000001,-12549250.0,65.0,388.0,344.0,207.0
5360500.000000001,-12449250.0,60.0,436.0,733.0,340.0
5360500.000000001,-12349250.0,54.0,427.0,629.0,272.0
5360500.000000001,-12249250.0,69.0,408.0,393.0,277.0
5360500.000000001,-12149250.0,60.0,393.0,465.0,258.0
5360500.000000001,-12049250.0,72.0,391.0,229.0,203.0
5360500.000000001,-11949250.0,75.0,406.0,227.0,211.0
5360500.000000001,-11849250.0,66.0,395.0,316.0,250.0
5360500.000000001,-11749250.0,74.0,421.0,346.0,258.0
5360500.000000001,-11649250.0,72.0,395.0,210.0,221.0
5360500.000000001,-11549250.0,73.0,392.0,236.0,245.0
5360500.000000001,-11449250.0,72.0,399.0,281.0,223.0
5360500.000000001,-11349250.0,71.0,396.0,379.0,236.0
5360500.000000001,-11249250.0,71.0,403.0,450.0,253.0
5360500.000000001,-11149250.0,70.0,348.0,522.0,251.0
5360500.000000001,-11049250.0,73.0,421.0,465.0,310.0
5360500.000000001,-10949250.0,74.0,455.0,459.0,314.0
5360500.000000001,-10849250.0,70.0,409.0,351.0,331.0
5360500.000000001,-10749250.0,63.0,364.0,448.0,193.0
5360500.000000001,-10649250.0,53.0,407.0,437.0,406.0
5360500.000000001,-10549250.0,53.0,405.0,696.0,374.0
5360500.000000001,-10449250.0,52.0,428.0,529.0,265.0
5360500.000000001,-10349250.0,48.0,415.0,516.0,285.0
5360500.000000001,-10049250.0,51.0,419.0,539.0,303.0
5360500.000000001,-9949250.0,51.0,427.0,451.0,181.0
5360500.000000001,-9849250.0,51.0,481.0,420.0,191.0
5360500.000000001,-9749250.0,54.0,465.0,659.0,308.0
5360500.000000001,-9649250.0,54.0,472.0,461.0,235.0
5360500.000000001,-9549250.0,51.0,476.0,481.0,279.0
5360500.000000001,-9349250.0,53.0,474.0,461.0,266.0
5360500.000000001,-9249250.0,50.0,521.0,572.0,297.0
5360500.000000001,-9049250.0,52.0,526.0,613.0,305.0
5360500.000000001,-8949250.0,49.0,471.0,695.0,426.0
5360500.000000001,-8849250.0,50.0,460.0,671.0,412.0
5360500.000000001,-8649250.0,61.0,462.0,622.0,368.0
5360500.000000001,-8549250.0,45.0,455.0,755.0,399.0
5360500.000000001,-8449250.0,44.0,428.0,645.0,451.0
5360500.000000001,-7849250.0,46.0,515.0,428.0,331.0
5360500.000000001,-7749250.0,46.0,488.0,375.0,334.0
5360500.000000001,-7649250.0,48.0,501.0,491.0,303.0
5360500.000000001,-7549250.0,44.0,477.0,319.0,315.0
5360500.000000001,750750.0,57.0,474.0,763.0,327.0
5360500.000000001,850750.0,60.0,403.0,628.0,267.0
5360500.000000001,950750.0,60.0,450.0,570.0,272.0
5360500.000000001,1050750.0,63.0,486.0,614.0,257.0
5360500.000000001,1150750.0,69.0,432.0,527.0,236.0
5360500.000000001,1250750.0,70.0,391.0,680.0,291.0
5360500.000000001,1450750.0,67.0,384.0,467.0,294.0
5360500.000000001,1550750.0,53.0,443.0,714.0,298.0
5360500.000000001,1650750.0,54.0,485.0,587.0,315.0
5360500.000000001,1750750.0,60.0,494.0,706.0,428.0
5360500.000000001,1850750.0,65.0,453.0,533.0,278.0
5360500.000000001,1950750.0,63.0,449.0,610.0,293.0
5360500.000000001,2050750.0,67.0,470.0,462.0,321.0
5360500.000000001,2150750.0,57.0,481.0,712.0,265.0
5360500.000000001,2250750.0,58.0,441.0,580.0,230.0
5360500.000000001,2350750.0,55.0,361.0,801.0,243.0
5360500.000000001,2450750.0,68.0,349.0,538.0,277.0
5360500.000000001,2550750.0,66.0,408.0,480.0,231.0
5360500.000000001,2650750.0,68.0,414.0,445.0,260.0
5360500.000000001,2750750.0,62.0,368.0,536.0,257.0
5360500.000000001,2850750.0,50.0,432.0,797.0,281.0
5360500.000000001,2950750.0,60.0,381.0,739.0,242.0
5360500.000000001,3050750.0,66.0,372.0,617.0,287.0
5360500.000000001,3150750.0,66.0,385.0,684.0,313.0
5360500.000000001,3250750.0,63.0,367.0,715.0,276.0
5360500.000000001,3350750.0,69.0,385.0,633.0,308.0
5360500.000000001,3450750.0,70.0,387.0,774.0,302.0
5360500.000000001,3550750.0,71.0,370.0,712.0,298.0
5360500.000000001,3650750.0,71.0,403.0,816.0,337.0
5360500.000000001,3750750.0,70.0,480.0,776.0,328.0
5360500.000000001,3850750.0,71.0,481.0,793.0,329.0
5360500.000000001,4050750.0,69.0,474.0,712.0,326.0
5360500.000000001,4150750.0,71.0,475.0,625.0,319.0
5360500.000000001,4250750.0,68.0,477.0,967.0,316.0
5360500.000000001,4350750.0,68.0,439.0,446.0,292.0
5360500.000000001,4450750.0,69.0,438.0,558.0,308.0
5360500.000000001,4550750.0,71.0,441.0,443.0,342.0
5360500.000000001,4650750.0,76.0,433.0,456.0,301.0
5360500.000000001,4750750.0,80.0,418.0,557.0,298.0
5360500.000000001,4850750.0,80.0,407.0,651.0,281.0
5360500.000000001,4950750.0,78.0,424.0,716.0,267.0
5360500.000000001,5050750.0,77.0,422.0,651.0,270.0
5360500.000000001,5150750.0,79.0,420.0,644.0,245.0
5360500.000000001,5250750.0,77.0,420.0,622.0,262.0
5360500.000000001,5350750.0,77.0,416.0,342.0,242.0
5360500.000000001,5450750.0,78.0,404.0,410.0,234.0
5360500.000000001,5550750.0,77.0,376.0,237.0,204.0
5360500.000000001,5650750.0,78.0,353.0,362.0,229.0
5360500.000000001,5750750.0,80.0,349.0,198.0,232.0
5360500.000000001,5850750.0,80.0,349.0,244.0,250.0
5360500.000000001,5950750.0,78.0,342.0,278.0,260.0
5360500.000000001,6050750.0,79.0,363.0,263.0,228.0
5360500.000000001,6150750.0,76.0,379.0,253.0,220.0
5360500.000000001,6250750.0,77.0,383.0,303.0,229.0
5360500.000000001,6350750.0,75.0,393.0,298.0,222.0
5360500.000000001,6450750.0,77.0,415.0,347.0,218.0
5360500.000000001,6550750.0,76.0,418.0,293.0,227.0
5360500.000000001,6650750.0,76.0,381.0,324.0,229.0
5360500.000000001,6750750.0,75.0,413.0,338.0,225.0
5360500.000000001,6850750.0,76.0,402.0,327.0,226.0
5360500.000000001,6950750.0,76.0,405.0,308.0,228.0
5360500.000000001,7050750.0,75.0,411.0,275.0,239.0
5360500.000000001,7150750.0,72.0,408.0,301.0,241.0
5360500.000000001,7250750.0,73.0,398.0,298.0,252.0
5360500.000000001,7350750.0,69.0,393.0,318.0,266.0
5360500.000000001,7450750.0,75.0,394.0,532.0,264.0
5360500.000000001,7550750.0,74.0,364.0,239.0,256.0
5360500.000000001,7650750.0,69.0,397.0,297.0,226.0
5360500.000000001,7750750.0,70.0,374.0,452.0,295.0
5360500.000000001,7850750.0,70.0,409.0,475.0,315.0
5360500.000000001,7950750.0,73.0,383.0,464.0,283.0
5360500.000000001,8050750.0,69.0,436.0,752.0,284.0
5360500.000000001,8150750.0,76.0,376.0,372.0,222.0
5360500.000000001,8250750.0,76.0,357.0,348.0,244.0
5360500.000000001,8350750.0,76.0,369.0,371.0,229.0
5360500.000000001,8450750.0,77.0,401.0,523.0,299.0
5360500.000000001,8550750.0,73.0,447.0,666.0,310.0
5360500.000000001,8650750.0,71.0,459.0,746.0,367.0
5360500.000000001,8750750.0,70.0,461.0,883.0,287.0
5360500.000000001,8850750.0,70.0,459.0,722.0,370.0
5360500.000000001,8950750.0,63.0,450.0,961.0,380.0
5360500.000000001,9050750.0,71.0,434.0,659.0,326.0
5360500.000000001,9150750.0,70.0,457.0,765.0,307.0
5360500.000000001,9250750.0,71.0,480.0,767.0,339.0
5360500.000000001,9350750.0,70.0,537.0,1021.0,263.0
5360500.000000001,9450750.0,71.0,418.0,686.0,284.0
5360500.000000001,9550750.0,71.0,405.0,438.0,238.0
5360500.000000001,9650750.0,74.0,403.0,415.0,256.0
5360500.000000001,9750750.0,75.0,390.0,365.0,281.0
5360500.000000001,9850750.0,77.0,366.0,383.0,221.0
5360500.000000001,9950750.0,78.0,362.0,380.0,252.0
5360500.000000001,10050750.0,78.0,358.0,341.0,219.0
5360500.000000001,10150750.0,78.0,359.0,439.0,243.0
5360500.000000001,10250750.0,75.0,407.0,434.0,236.0
5360500.000000001,10350750.0,73.0,463.0,587.0,367.0
5360500.000000001,10450750.0,64.0,453.0,1005.0,315.0
5360500.000000001,10550750.0,68.0,427.0,670.0,294.0
5360500.000000001,10650750.0,71.0,444.0,477.0,254.0
5360500.000000001,10750750.0,68.0,487.0,558.0,273.0
5360500.000000001,10850750.0,65.0,530.0,1187.0,328.0
5360500.000000001,10950750.0,61.0,422.0,1041.0,284.0
5360500.000000001,11050750.0,57.0,436.0,1068.0,253.0
5360500.000000001,11150750.0,58.0,465.0,1000.0,273.0
5360500.000000001,11250750.0,58.0,468.0,1120.0,271.0
5360500.000000001,11350750.0,64.0,422.0,862.0,289.0
5360500.000000001,11450750.0,59.0,399.0,993.0,253.0
5360500.000000001,11550750.0,64.0,434.0,858.0,286.0
5360500.000000001,11650750.0,50.0,526.0,1105.0,307.0
5360500.000000001,11750750.0,49.0,541.0,844.0,315.0
5360500.000000001,11850750.0,51.0,448.0,791.0,300.0
5260500.000000001,-12849250.0,49.0,411.0,901.0,332.0
5260500.000000001,-12749250.0,60.0,375.0,467.0,199.0
5260500.000000001,-12649250.0,69.0,384.0,190.0,131.0
5260500.000000001,-12549250.0,65.0,406.0,208.0,170.0
5260500.000000001,-12449250.0,62.0,415.0,557.0,270.0
5260500.000000001,-12349250.0,55.0,443.0,775.0,293.0
5260500.000000001,-12249250.0,70.0,413.0,338.0,190.0
5260500.000000001,-12149250.0,58.0,394.0,611.0,277.0
5260500.000000001,-12049250.0,72.0,388.0,184.0,214.0
5260500.000000001,-11949250.0,67.0,370.0,367.0,270.0
5260500.000000001,-11849250.0,69.0,389.0,249.0,210.0
5260500.000000001,-11749250.0,69.0,380.0,253.0,208.0
5260500.000000001,-11649250.0,72.0,385.0,180.0,210.0
5260500.000000001,-11549250.0,73.0,379.0,237.0,159.0
5260500.000000001,-11449250.0,69.0,406.0,279.0,189.0
5260500.000000001,-11349250.0,67.0,391.0,379.0,216.0
5260500.000000001,-11249250.0,70.0,389.0,377.0,244.0
5260500.000000001,-11149250.0,70.0,410.0,494.0,268.0
5260500.000000001,-10949250.0,74.0,408.0,409.0,291.0
5260500.000000001,-10849250.0,73.0,387.0,345.0,282.0
5260500.000000001,-10749250.0,63.0,368.0,331.0,300.0
5260500.000000001,-10649250.0,57.0,383.0,422.0,245.0
5260500.000000001,-10549250.0,51.0,375.0,491.0,258.0
5260500.000000001,-10449250.0,49.0,381.0,548.0,318.0
5260500.000000001,-9849250.0,51.0,428.0,581.0,188.0
5260500.000000001,-9749250.0,52.0,448.0,479.0,262.0
5260500.000000001,-9649250.0,52.0,452.0,441.0,257.0
5260500.000000001,-9549250.0,52.0,438.0,446.0,199.0
5260500.000000001,-9449250.0,52.0,438.0,597.0,218.0
5260500.000000001,-9349250.0,53.0,460.0,640.0,243.0
5260500.000000001,-9249250.0,51.0,459.0,652.0,282.0
5260500.000000001,-9149250.0,52.0,487.0,685.0,368.0
5260500.000000001,-9049250.0,51.0,492.0,535.0,315.0
5260500.000000001,-8949250.0,46.0,420.0,837.0,516.0
5260500.000000001,-8849250.0,43.0,457.0,1043.0,415.0
5260500.000000001,-8749250.0,47.0,417.0,833.0,640.0
5260500.000000001,-8649250.0,46.0,484.0,531.0,511.0
5260500.000000001,-8549250.0,47.0,462.0,609.0,402.0
5260500.000000001,-8449250.0,52.0,402.0,514.0,347.0
5260500.000000001,-7449250.0,45.0,468.0,381.0,338.0
5260500.000000001,850750.0,59.0,342.0,685.0,358.0
5260500.000000001,950750.0,64.0,359.0,535.0,330.0
5260500.000000001,1050750.0,60.0,350.0,627.0,286.0
5260500.000000001,1150750.0,50.0,349.0,701.0,268.0
5260500.000000001,1250750.0,67.0,373.0,610.0,296.0
5260500.000000001,1350750.0,65.0,376.0,613.0,325.0
5260500.000000001,1450750.0,63.0,394.0,673.0,320.0
5260500.000000001,1550750.0,60.0,431.0,754.0,338.0
5260500.000000001,1750750.0,57.0,437.0,824.0,339.0
5260500.000000001,1850750.0,51.0,454.0,1128.0,494.0
5260500.000000001,1950750.0,57.0,449.0,1007.0,331.0
5260500.000000001,2050750.0,59.0,469.0,926.0,331.0
5260500.000000001,2150750.0,61.0,451.0,823.0,281.0
5260500.000000001,2250750.0,62.0,409.0,709.0,249.0
5260500.000000001,2350750.0,72.0,327.0,433.0,221.0
5260500.000000001,2450750.0,73.0,342.0,455.0,201.0
5260500.000000001,2550750.0,72.0,331.0,402.0,304.0
5260500.000000001,2650750.0,73.0,413.0,491.0,237.0
5260500.000000001,2750750.0,64.0,367.0,581.0,288.0
5260500.000000001,2850750.0,57.0,376.0,789.0,272.0
5260500.000000001,2950750.0,51.0,399.0,789.0,276.0
5260500.000000001,3150750.0,70.0,401.0,404.0,334.0
5260500.000000001,3250750.0,70.0,417.0,593.0,312.0
5260500.000000001,3350750.0,71.0,403.0,493.0,332.0
5260500.000000001,3450750.0,71.0,414.0,515.0,288.0
5260500.000000001,3550750.0,71.0,415.0,566.0,290.0
5260500.000000001,3650750.0,71.0,409.0,655.0,281.0
5260500.000000001,3750750.0,70.0,416.0,779.0,291.0
5260500.000000001,3850750.0,68.0,398.0,723.0,295.0
5260500.000000001,3950750.0,71.0,404.0,720.0,290.0
5260500.000000001,4050750.0,70.0,415.0,926.0,318.0
5260500.000000001,4150750.0,70.0,411.0,771.0,340.0
5260500.000000001,4250750.0,69.0,437.0,609.0,300.0
5260500.000000001,4350750.0,69.0,429.0,445.0,294.0
5260500.000000001,4450750.0,72.0,438.0,400.0,307.0
5260500.000000001,4550750.0,74.0,435.0,429.0,302.0
5260500.000000001,4650750.0,77.0,415.0,448.0,288.0
5260500.000000001,4750750.0,80.0,433.0,421.0,310.0
5260500.000000001,4850750.0,80.0,401.0,587.0,268.0
5260500.000000001,4950750.0,77.0,408.0,546.0,263.0
5260500.000000001,5050750.0,77.0,407.0,555.0,269.0
5260500.000000001,5150750.0,77.0,416.0,622.0,253.0
5260500.000000001,5250750.0,78.0,400.0,328.0,243.0
5260500.000000001,5350750.0,79.0,401.0,262.0,232.0
5260500.000000001,5450750.0,77.0,385.0,420.0,219.0
5260500.000000001,5550750.0,81.0,361.0,241.0,200.0
5260500.000000001,5650750.0,79.0,349.0,338.0,180.0
5260500.000000001,5750750.0,79.0,351.0,215.0,240.0
5260500.000000001,5850750.0,79.0,348.0,226.0,233.0
5260500.000000001,5950750.0,79.0,360.0,190.0,265.0
5260500.000000001,6050750.0,81.0,351.0,290.0,268.0
5260500.000000001,6150750.0,82.0,338.0,238.0,277.0
5260500.000000001,6250750.0,80.0,371.0,269.0,217.0
5260500.000000001,6350750.0,79.0,373.0,275.0,253.0
5260500.000000001,6450750.0,79.0,374.0,342.0,220.0
5260500.000000001,6550750.0,78.0,369.0,326.0,222.0
5260500.000000001,6650750.0,78.0,369.0,275.0,229.0
5260500.000000001,6750750.0,78.0,362.0,278.0,239.0
5260500.000000001,6850750.0,79.0,350.0,207.0,203.0
5260500.000000001,6950750.0,79.0,372.0,200.0,217.0
5260500.000000001,7050750.0,80.0,375.0,239.0,233.0
5260500.000000001,7150750.0,78.0,362.0,215.0,240.0
5260500.000000001,7250750.0,77.0,375.0,260.0,223.0
5260500.000000001,7350750.0,71.0,398.0,376.0,283.0
5260500.000000001,7450750.0,70.0,388.0,371.0,274.0
5260500.000000001,7550750.0,72.0,379.0,242.0,260.0
5260500.000000001,7650750.0,72.0,387.0,266.0,252.0
5260500.000000001,7750750.0,79.0,353.0,208.0,226.0
5260500.000000001,7950750.0,83.0,353.0,190.0,218.0
5260500.000000001,8050750.0,64.0,394.0,542.0,226.0
5260500.000000001,8150750.0,70.0,411.0,541.0,268.0
5260500.000000001,8250750.0,79.0,357.0,335.0,218.0
5260500.000000001,8350750.0,80.0,351.0,327.0,215.0
5260500.000000001,8450750.0,79.0,366.0,455.0,204.0
5260500.000000001,8550750.0,76.0,374.0,453.0,280.0
5260500.000000001,8650750.0,73.0,431.0,459.0,284.0
5260500.000000001,8750750.0,72.0,393.0,412.0,296.0
5260500.000000001,8850750.0,70.0,431.0,561.0,287.0
5260500.000000001,8950750.0,72.0,406.0,430.0,268.0
5260500.000000001,9050750.0,74.0,355.0,397.0,196.0
5260500.000000001,9150750.0,72.0,379.0,362.0,210.0
5260500.000000001,9250750.0,77.0,367.0,410.0,247.0
5260500.000000001,9350750.0,74.0,412.0,466.0,271.0
5260500.000000001,9450750.0,72.0,381.0,489.0,256.0
5260500.000000001,9550750.0,72.0,390.0,487.0,263.0
5260500.000000001,9650750.0,74.0,365.0,367.0,214.0
5260500.000000001,9750750.0,76.0,382.0,391.0,220.0
5260500.000000001,9850750.0,77.0,370.0,420.0,235.0
5260500.000000001,9950750.0,78.0,366.0,381.0,231.0
5260500.000000001,10050750.0,78.0,342.0,341.0,236.0
5260500.000000001,10150750.0,79.0,362.0,413.0,228.0
5260500.000000001,10250750.0,78.0,360.0,355.0,256.0
5260500.000000001,10350750.0,73.0,394.0,491.0,307.0
5260500.000000001,10450750.0,69.0,467.0,666.0,315.0
5260500.000000001,10550750.0,68.0,382.0,708.0,286.0
5260500.000000001,10650750.0,73.0,381.0,424.0,231.0
5260500.000000001,10750750.0,79.0,396.0,359.0,269.0
5260500.000000001,10850750.0,71.0,478.0,511.0,259.0
5260500.000000001,10950750.0,66.0,506.0,577.0,264.0
5260500.000000001,11050750.0,61.0,461.0,1006.0,287.0
5260500.000000001,11150750.0,61.0,453.0,982.0,288.0
5260500.000000001,11250750.0,63.0,503.0,532.0,302.0
5260500.000000001,11350750.0,63.0,498.0,815.0,329.0
5260500.000000001,11450750.0,64.0,418.0,777.0,282.0
5260500.000000001,11550750.0,57.0,447.0,938.0,252.0
5260500.000000001,11650750.0,52.0,463.0,1094.0,278.0
5260500.000000001,11750750.0,48.0,494.0,795.0,316.0
5260500.000000001,11850750.0,50.0,545.0,863.0,348.0
5260500.000000001,12150750.0,49.0,585.0,1019.0,300.0
5160500.000000001,-12949250.0,54.0,379.0,857.0,240.0
5160500.000000001,-12849250.0,51.0,381.0,909.0,305.0
5160500.000000001,-12749250.0,73.0,354.0,522.0,184.0
5160500.000000001,-12649250.0,76.0,343.0,175.0,177.0
5160500.000000001,-12549250.0,65.0,409.0,555.0,229.0
5160500.000000001,-12449250.0,62.0,422.0,340.0,245.0
5160500.000000001,-12349250.0,57.0,432.0,686.0,239.0
5160500.000000001,-12249250.0,73.0,380.0,324.0,219.0
5160500.000000001,-12149250.0,66.0,372.0,239.0,187.0
5160500.000000001,-11949250.0,73.0,384.0,263.0,199.0
5160500.000000001,-11849250.0,71.0,353.0,170.0,206.0
5160500.000000001,-11749250.0,70.0,367.0,188.0,202.0
5160500.000000001,-11649250.0,74.0,362.0,145.0,238.0
5160500.000000001,-11549250.0,72.0,360.0,183.0,164.0
5160500.000000001,-11449250.0,72.0,355.0,202.0,190.0
5160500.000000001,-11349250.0,67.0,427.0,252.0,211.0
5160500.000000001,-11249250.0,65.0,384.0,321.0,219.0
5160500.000000001,-11149250.0,69.0,408.0,362.0,259.0
5160500.000000001,-11049250.0,71.0,389.0,438.0,253.0
5160500.000000001,-10949250.0,69.0,409.0,411.0,262.0
5160500.000000001,-10849250.0,72.0,411.0,453.0,264.0
5160500.000000001,-10749250.0,60.0,370.0,391.0,240.0
5160500.000000001,-10649250.0,55.0,386.0,418.0,217.0
5160500.000000001,-10549250.0,53.0,410.0,582.0,316.0
5160500.000000001,-10449250.0,50.0,375.0,578.0,290.0
5160500.000000001,-10349250.0,53.0,389.0,602.0,233.0
5160500.000000001,-10249250.0,47.0,379.0,579.0,219.0
5160500.000000001,-10149250.0,61.0,420.0,487.0,284.0
5160500.000000001,-10049250.0,46.0,320.0,622.0,210.0
5160500.000000001,-9949250.0,48.0,328.0,690.0,320.0
5160500.000000001,-9849250.0,53.0,394.0,701.0,289.0
5160500.000000001,-9749250.0,57.0,397.0,561.0,180.0
5160500.000000001,-9649250.0,56.0,391.0,504.0,195.0
5160500.000000001,-9349250.0,51.0,418.0,635.0,229.0
5160500.000000001,-9249250.0,51.0,406.0,772.0,250.0
5160500.000000001,-9149250.0,51.0,417.0,842.0,325.0
5160500.000000001,-9049250.0,46.0,439.0,810.0,375.0
5160500.000000001,-8949250.0,60.0,397.0,543.0,320.0
5160500.000000001,-8849250.0,51.0,421.0,709.0,341.0
5160500.000000001,-8749250.0,45.0,410.0,1116.0,709.0
5160500.000000001,-8649250.0,45.0,401.0,1127.0,602.0
5160500.000000001,-8549250.0,46.0,416.0,1072.0,514.0
5160500.000000001,-8449250.0,49.0,372.0,321.0,362.0
5160500.000000001,-8349250.0,43.0,298.0,375.0,282.0
5160500.000000001,-8149250.0,53.0,365.0,411.0,269.0
5160500.000000001,850750.0,66.0,363.0,587.0,301.0
5160500.000000001,950750.0,67.0,376.0,562.0,318.0
5160500.000000001,1050750.0,61.0,352.0,576.0,329.0
5160500.000000001,1150750.0,61.0,342.0,448.0,326.0
5160500.000000001,1250750.0,60.0,363.0,444.0,346.0
5160500.000000001,1350750.0,62.0,369.0,525.0,369.0
5160500.000000001,1450750.0,65.0,398.0,787.0,401.0
5160500.000000001,1550750.0,56.0,441.0,1075.0,332.0
5160500.000000001,1650750.0,52.0,449.0,713.0,394.0
5160500.000000001,1750750.0,56.0,402.0,692.0,375.0
5160500.000000001,1850750.0,68.0,387.0,791.0,284.0
5160500.000000001,1950750.0,53.0,415.0,996.0,311.0
5160500.000000001,2050750.0,51.0,462.0,984.0,398.0
5160500.000000001,2150750.0,56.0,441.0,779.0,291.0
5160500.000000001,2250750.0,61.0,344.0,669.0,235.0
5160500.000000001,2350750.0,59.0,239.0,716.0,280.0
5160500.000000001,2450750.0,77.0,331.0,379.0,247.0
5160500.000000001,2550750.0,80.0,278.0,374.0,260.0
5160500.000000001,2650750.0,69.0,394.0,480.0,302.0
5160500.000000001,2750750.0,54.0,389.0,812.0,287.0
5160500.000000001,2850750.0,68.0,396.0,434.0,292.0
5160500.000000001,2950750.0,60.0,394.0,478.0,275.0
5160500.000000001,3050750.0,57.0,400.0,544.0,269.0
5160500.000000001,3150750.0,71.0,392.0,520.0,354.0
5160500.000000001,3350750.0,72.0,336.0,745.0,289.0
5160500.000000001,3550750.0,69.0,415.0,531.0,259.0
5160500.000000001,3650750.0,70.0,409.0,456.0,258.0
5160500.000000001,3750750.0,70.0,409.0,518.0,258.0
5160500.000000001,4050750.0,69.0,425.0,900.0,327.0
5160500.000000001,4150750.0,68.0,422.0,757.0,342.0
5160500.000000001,4250750.0,72.0,418.0,543.0,317.0
5160500.000000001,4350750.0,72.0,466.0,341.0,248.0
5160500.000000001,4450750.0,70.0,426.0,360.0,260.0
5160500.000000001,4550750.0,76.0,437.0,442.0,288.0
5160500.000000001,4650750.0,78.0,424.0,472.0,244.0
5160500.000000001,4750750.0,79.0,398.0,463.0,268.0
5160500.000000001,4850750.0,74.0,356.0,562.0,283.0
5160500.000000001,5250750.0,78.0,407.0,401.0,237.0
5160500.000000001,5350750.0,80.0,383.0,330.0,235.0
5160500.000000001,5450750.0,78.0,379.0,305.0,233.0
5160500.000000001,5550750.0,77.0,360.0,292.0,202.0
5160500.000000001,5650750.0,77.0,356.0,251.0,210.0
5160500.000000001,5850750.0,79.0,343.0,274.0,269.0
5160500.000000001,5950750.0,79.0,344.0,216.0,329.0
5160500.000000001,6050750.0,79.0,346.0,180.0,336.0
5160500.000000001,6150750.0,82.0,349.0,180.0,334.0
5160500.000000001,6250750.0,81.0,350.0,164.0,328.0
5160500.000000001,6350750.0,81.0,351.0,217.0,309.0
5160500.000000001,6450750.0,83.0,354.0,232.0,292.0
5160500.000000001,6550750.0,81.0,355.0,209.0,223.0
5160500.000000001,6650750.0,80.0,363.0,254.0,199.0
5160500.000000001,6750750.0,81.0,360.0,268.0,218.0
5160500.000000001,6850750.0,79.0,365.0,221.0,220.0
5160500.000000001,6950750.0,75.0,363.0,579.0,188.0
5160500.000000001,7050750.0,80.0,363.0,299.0,211.0
5160500.000000001,7250750.0,79.0,361.0,277.0,209.0
5160500.000000001,7350750.0,75.0,347.0,325.0,211.0
5160500.000000001,7450750.0,74.0,340.0,592.0,195.0
5160500.000000001,7550750.0,79.0,348.0,231.0,213.0
5160500.000000001,7650750.0,67.0,392.0,415.0,272.0
5160500.000000001,7750750.0,82.0,338.0,125.0,175.0
5160500.000000001,7850750.0,83.0,346.0,143.0,182.0
5160500.000000001,7950750.0,85.0,338.0,157.0,199.0
5160500.000000001,8050750.0,86.0,345.0,180.0,185.0
5160500.000000001,8150750.0,81.0,341.0,378.0,210.0
5160500.000000001,8250750.0,67.0,401.0,485.0,248.0
5160500.000000001,8350750.0,74.0,368.0,532.0,234.0
5160500.000000001,8450750.0,78.0,354.0,279.0,200.0
5160500.000000001,8550750.0,78.0,360.0,311.0,178.0
5160500.000000001,8650750.0,82.0,354.0,369.0,214.0
5160500.000000001,8750750.0,79.0,351.0,390.0,191.0
5160500.000000001,8850750.0,75.0,347.0,418.0,208.0
5160500.000000001,8950750.0,71.0,388.0,486.0,258.0
5160500.000000001,9050750.0,70.0,412.0,577.0,282.0
5160500.000000001,9150750.0,76.0,377.0,315.0,251.0
5160500.000000001,9250750.0,78.0,369.0,316.0,222.0
5160500.000000001,9350750.0,81.0,341.0,333.0,183.0
5160500.000000001,9450750.0,83.0,346.0,316.0,167.0
5160500.000000001,9550750.0,80.0,367.0,327.0,209.0
5160500.000000001,9650750.0,79.0,353.0,422.0,202.0
5160500.000000001,9750750.0,78.0,339.0,361.0,179.0
5160500.000000001,9850750.0,81.0,343.0,357.0,190.0
5160500.000000001,9950750.0,79.0,349.0,367.0,213.0
5160500.000000001,10050750.0,78.0,353.0,371.0,202.0
5160500.000000001,10150750.0,78.0,351.0,329.0,230.0
5160500.000000001,10250750.0,78.0,359.0,388.0,258.0
5160500.000000001,10350750.0,78.0,370.0,429.0,261.0
5160500.000000001,10450750.0,68.0,403.0,526.0,317.0
5160500.000000001,10550750.0,68.0,376.0,571.0,282.0
5160500.000000001,10650750.0,72.0,367.0,445.0,225.0
5160500.000000001,10750750.0,77.0,366.0,475.0,257.0
5160500.000000001,10850750.0,78.0,397.0,392.0,233.0
5160500.000000001,10950750.0,77.0,453.0,360.0,284.0
5160500.000000001,11050750.0,66.0,465.0,561.0,291.0
5160500.000000001,11150750.0,63.0,431.0,714.0,290.0
5160500.000000001,11250750.0,65.0,435.0,591.0,305.0
5160500.000000001,11350750.0,62.0,454.0,699.0,304.0
5160500.000000001,11450750.0,64.0,513.0,563.0,346.0
5160500.000000001,11550750.0,58.0,443.0,1023.0,285.0
5160500.000000001,11650750.0,55.0,442.0,1000.0,254.0
5160500.000000001,11750750.0,49.0,469.0,1100.0,310.0
5160500.000000001,11850750.0,48.0,460.0,908.0,295.0
5160500.000000001,12250750.0,53.0,607.0,1167.0,248.0
5160500.000000001,12350750.0,54.0,534.0,905.0,298.0
5060500.000000001,-13049250.0,51.0,469.0,1541.0,573.0
5060500.000000001,-12849250.0,61.0,406.0,699.0,241.0
5060500.000000001,-12749250.0,70.0,382.0,141.0,235.0
5060500.000000001,-12649250.0,69.0,396.0,233.0,281.0
5060500.000000001,-12549250.0,62.0,428.0,631.0,333.0
5060500.000000001,-12449250.0,62.0,428.0,688.0,293.0
5060500.000000001,-12349250.0,60.0,411.0,507.0,257.0
5060500.000000001,-12249250.0,66.0,406.0,467.0,224.0
5060500.000000001,-12149250.0,67.0,362.0,337.0,178.0
5060500.000000001,-12049250.0,63.0,396.0,436.0,301.0
5060500.000000001,-11949250.0,60.0,391.0,525.0,259.0
5060500.000000001,-11849250.0,70.0,407.0,319.0,219.0
5060500.000000001,-11749250.0,72.0,400.0,224.0,219.0
5060500.000000001,-11649250.0,66.0,395.0,374.0,196.0
5060500.000000001,-11549250.0,68.0,379.0,164.0,185.0
5060500.000000001,-11449250.0,71.0,326.0,201.0,222.0
5060500.000000001,-11349250.0,68.0,398.0,229.0,190.0
5060500.000000001,-11249250.0,70.0,406.0,254.0,214.0
5060500.000000001,-11149250.0,68.0,349.0,312.0,238.0
5060500.000000001,-11049250.0,67.0,395.0,409.0,262.0
5060500.000000001,-10949250.0,69.0,418.0,504.0,267.0
5060500.000000001,-10849250.0,68.0,395.0,511.0,297.0
5060500.000000001,-10749250.0,69.0,398.0,407.0,241.0
5060500.000000001,-10649250.0,58.0,365.0,396.0,205.0
5060500.000000001,-10549250.0,59.0,371.0,621.0,286.0
5060500.000000001,-10449250.0,51.0,392.0,672.0,162.0
5060500.000000001,-10349250.0,49.0,381.0,546.0,192.0
5060500.000000001,-10249250.0,50.0,369.0,713.0,191.0
5060500.000000001,-10149250.0,55.0,370.0,558.0,214.0
5060500.000000001,-9549250.0,58.0,386.0,686.0,253.0
5060500.000000001,-9449250.0,53.0,379.0,723.0,304.0
5060500.000000001,-9349250.0,51.0,369.0,845.0,240.0
5060500.000000001,-9149250.0,61.0,378.0,695.0,305.0
5060500.000000001,-9049250.0,62.0,416.0,687.0,301.0
5060500.000000001,-8949250.0,58.0,387.0,696.0,382.0
5060500.000000001,-8849250.0,47.0,442.0,941.0,382.0
5060500.000000001,-8749250.0,47.0,407.0,978.0,649.0
5060500.000000001,-8649250.0,45.0,403.0,1420.0,723.0
5060500.000000001,-8549250.0,46.0,389.0,755.0,442.0
5060500.000000001,-8449250.0,44.0,383.0,717.0,474.0
5060500.000000001,-8349250.0,44.0,434.0,389.0,353.0
5060500.000000001,-8249250.0,42.0,427.0,437.0,276.0
5060500.000000001,-8149250.0,45.0,398.0,326.0,264.0
5060500.000000001,-8049250.0,45.0,429.0,267.0,316.0
5060500.000000001,950750.0,66.0,374.0,654.0,330.0
5060500.000000001,1050750.0,55.0,403.0,797.0,324.0
5060500.000000001,1150750.0,57.0,395.0,747.0,310.0
5060500.000000001,1250750.0,58.0,371.0,653.0,304.0
5060500.000000001,1350750.0,63.0,406.0,530.0,305.0
5060500.000000001,1450750.0,64.0,403.0,672.0,262.0
5060500.000000001,1550750.0,60.0,412.0,668.0,321.0
5060500.000000001,1650750.0,66.0,408.0,528.0,246.0
5060500.000000001,1950750.0,73.0,421.0,526.0,340.0
5060500.000000001,2050750.0,61.0,431.0,510.0,333.0
5060500.000000001,2150750.0,63.0,394.0,746.0,268.0
5060500.000000001,2250750.0,63.0,359.0,565.0,242.0
5060500.000000001,2350750.0,55.0,397.0,653.0,260.0
5060500.000000001,2450750.0,72.0,334.0,672.0,257.0
5060500.000000001,2550750.0,71.0,401.0,465.0,316.0
5060500.000000001,2650750.0,62.0,383.0,421.0,314.0
5060500.000000001,2750750.0,56.0,407.0,817.0,240.0
5060500.000000001,2850750.0,58.0,456.0,837.0,325.0
5060500.000000001,2950750.0,55.0,371.0,709.0,293.0
5060500.000000001,3050750.0,56.0,399.0,517.0,254.0
5060500.000000001,3150750.0,76.0,388.0,330.0,287.0
5060500.000000001,3250750.0,74.0,402.0,375.0,297.0
5060500.000000001,3650750.0,69.0,402.0,516.0,311.0
5060500.000000001,3950750.0,70.0,342.0,738.0,287.0
5060500.000000001,4050750.0,67.0,433.0,578.0,323.0
5060500.000000001,4150750.0,67.0,421.0,475.0,321.0
5060500.000000001,4250750.0,69.0,425.0,589.0,276.0
5060500.000000001,4350750.0,70.0,456.0,461.0,292.0
5060500.000000001,4450750.0,72.0,437.0,356.0,295.0
5060500.000000001,4550750.0,74.0,453.0,362.0,308.0
5060500.000000001,4650750.0,75.0,405.0,491.0,281.0
5060500.000000001,4750750.0,72.0,346.0,511.0,228.0
5060500.000000001,5350750.0,77.0,400.0,418.0,256.0
5060500.000000001,5450750.0,77.0,386.0,368.0,234.0
5060500.000000001,5550750.0,78.0,360.0,374.0,209.0
5060500.000000001,5850750.0,78.0,342.0,226.0,370.0
5060500.000000001,5950750.0,78.0,339.0,194.0,361.0
5060500.000000001,6050750.0,78.0,360.0,250.0,343.0
5060500.000000001,6150750.0,78.0,356.0,231.0,347.0
5060500.000000001,6250750.0,77.0,358.0,210.0,368.0
5060500.000000001,6350750.0,80.0,354.0,160.0,348.0
5060500.000000001,6450750.0,79.0,353.0,233.0,360.0
5060500.000000001,6550750.0,79.0,371.0,204.0,308.0
5060500.000000001,6650750.0,81.0,354.0,203.0,197.0
5060500.000000001,6750750.0,81.0,350.0,217.0,191.0
5060500.000000001,6950750.0,77.0,366.0,361.0,202.0
5060500.000000001,7050750.0,78.0,365.0,311.0,199.0
5060500.000000001,7150750.0,79.0,359.0,373.0,195.0
5060500.000000001,7250750.0,76.0,378.0,282.0,221.0
5060500.000000001,7350750.0,76.0,364.0,266.0,226.0
5060500.000000001,7450750.0,69.0,405.0,453.0,260.0
5060500.000000001,7550750.0,80.0,350.0,226.0,211.0
5060500.000000001,7650750.0,72.0,386.0,269.0,278.0
5060500.000000001,7750750.0,82.0,345.0,164.0,195.0
5060500.000000001,7850750.0,84.0,339.0,283.0,213.0
5060500.000000001,7950750.0,87.0,348.0,166.0,164.0
5060500.000000001,8050750.0,84.0,351.0,199.0,191.0
5060500.000000001,8150750.0,83.0,349.0,116.0,198.0
5060500.000000001,8250750.0,82.0,339.0,224.0,227.0
5060500.000000001,8350750.0,82.0,345.0,201.0,206.0
5060500.000000001,8450750.0,82.0,359.0,298.0,249.0
5060500.000000001,8550750.0,77.0,347.0,322.0,215.0
5060500.000000001,8650750.0,80.0,352.0,277.0,212.0
5060500.000000001,8750750.0,76.0,358.0,312.0,225.0
5060500.000000001,8850750.0,75.0,357.0,375.0,222.0
5060500.000000001,8950750.0,79.0,353.0,218.0,197.0
5060500.000000001,9050750.0,78.0,332.0,307.0,196.0
5060500.000000001,9150750.0,78.0,353.0,341.0,181.0
5060500.000000001,9250750.0,80.0,357.0,258.0,173.0
5060500.000000001,9350750.0,79.0,341.0,276.0,161.0
5060500.000000001,9450750.0,79.0,346.0,274.0,174.0
5060500.000000001,9550750.0,79.0,349.0,283.0,187.0
5060500.000000001,9650750.0,79.0,345.0,260.0,159.0
5060500.000000001,9750750.0,80.0,337.0,249.0,160.0
5060500.000000001,9850750.0,81.0,353.0,268.0,187.0
5060500.000000001,9950750.0,79.0,338.0,244.0,210.0
5060500.000000001,10050750.0,79.0,339.0,290.0,230.0
5060500.000000001,10150750.0,77.0,358.0,334.0,251.0
5060500.000000001,10250750.0,78.0,349.0,294.0,216.0
5060500.000000001,10350750.0,77.0,346.0,353.0,244.0
5060500.000000001,10450750.0,80.0,357.0,457.0,228.0
5060500.000000001,10550750.0,74.0,364.0,512.0,288.0
5060500.000000001,10650750.0,80.0,366.0,410.0,220.0
5060500.000000001,10750750.0,78.0,367.0,464.0,235.0
5060500.000000001,10850750.0,80.0,370.0,653.0,227.0
5060500.000000001,10950750.0,80.0,396.0,436.0,250.0
5060500.000000001,11050750.0,74.0,442.0,396.0,287.0
5060500.000000001,11150750.0,61.0,476.0,736.0,277.0
5060500.000000001,11350750.0,63.0,444.0,547.0,306.0
5060500.000000001,11450750.0,62.0,460.0,733.0,247.0
5060500.000000001,11550750.0,64.0,515.0,499.0,296.0
5060500.000000001,11650750.0,65.0,466.0,761.0,269.0
5060500.000000001,11750750.0,53.0,470.0,1073.0,327.0
5060500.000000001,11850750.0,51.0,430.0,1013.0,274.0
5060500.000000001,11950750.0,53.0,414.0,667.0,276.0
4960500.000000001,-13049250.0,52.0,463.0,1102.0,486.0
4960500.000000001,-12949250.0,50.0,447.0,1134.0,468.0
4960500.000000001,-12849250.0,69.0,377.0,513.0,239.0
4960500.000000001,-12749250.0,65.0,408.0,506.0,355.0
4960500.000000001,-12649250.0,60.0,434.0,520.0,285.0
4960500.000000001,-12549250.0,71.0,370.0,181.0,272.0
4960500.000000001,-12449250.0,58.0,407.0,508.0,269.0
4960500.000000001,-12349250.0,63.0,407.0,398.0,266.0
4960500.000000001,-12249250.0,69.0,387.0,528.0,231.0
4960500.000000001,-12149250.0,68.0,394.0,263.0,222.0
4960500.000000001,-12049250.0,58.0,397.0,453.0,248.0
4960500.000000001,-11949250.0,59.0,389.0,483.0,239.0
4960500.000000001,-11849250.0,76.0,353.0,284.0,176.0
4960500.000000001,-11749250.0,64.0,396.0,433.0,243.0
4960500.000000001,-11649250.0,69.0,391.0,178.0,213.0
4960500.000000001,-11549250.0,69.0,391.0,260.0,179.0
4960500.000000001,-11449250.0,69.0,406.0,320.0,190.0
4960500.000000001,-11349250.0,70.0,410.0,266.0,271.0
4960500.000000001,-11249250.0,71.0,447.0,293.0,325.0
4960500.000000001,-11149250.0,69.0,405.0,266.0,242.0
4960500.000000001,-11049250.0,67.0,406.0,365.0,243.0
4960500.000000001,-10949250.0,67.0,428.0,395.0,269.0
4960500.000000001,-10849250.0,68.0,422.0,415.0,256.0
4960500.000000001,-10749250.0,71.0,418.0,459.0,298.0
4960500.000000001,-10649250.0,68.0,416.0,440.0,274.0
4960500.000000001,-10549250.0,63.0,407.0,484.0,250.0
4960500.000000001,-10449250.0,61.0,393.0,576.0,203.0
4960500.000000001,-10349250.0,57.0,384.0,721.0,229.0
4960500.000000001,-10249250.0,59.0,379.0,579.0,169.0
4960500.000000001,-9949250.0,52.0,362.0,742.0,198.0
4960500.000000001,-9849250.0,55.0,335.0,883.0,192.0
4960500.000000001,-9449250.0,61.0,335.0,819.0,267.0
4960500.000000001,-9349250.0,56.0,383.0,895.0,299.0
4960500.000000001,-9249250.0,55.0,374.0,891.0,359.0
4960500.000000001,-9149250.0,59.0,410.0,766.0,213.0
4960500.000000001,-9049250.0,44.0,419.0,1108.0,434.0
4960500.000000001,-8949250.0,56.0,410.0,782.0,256.0
4960500.000000001,-8849250.0,42.0,401.0,1398.0,521.0
4960500.000000001,-8749250.0,45.0,404.0,1391.0,651.0
4960500.000000001,-8649250.0,45.0,395.0,1153.0,492.0
4960500.000000001,-8549250.0,48.0,363.0,697.0,346.0
4960500.000000001,-8349250.0,50.0,393.0,495.0,285.0
4960500.000000001,-8249250.0,45.0,424.0,315.0,250.0
4960500.000000001,850750.0,58.0,341.0,642.0,309.0
4960500.000000001,950750.0,72.0,392.0,636.0,291.0
4960500.000000001,1050750.0,69.0,385.0,528.0,313.0
4960500.000000001,1150750.0,61.0,419.0,793.0,313.0
4960500.000000001,1250750.0,66.0,434.0,641.0,288.0
4960500.000000001,1350750.0,71.0,430.0,536.0,272.0
4960500.000000001,1450750.0,62.0,402.0,624.0,295.0
4960500.000000001,1550750.0,75.0,382.0,313.0,232.0
4960500.000000001,1650750.0,59.0,445.0,686.0,289.0
4960500.000000001,1750750.0,71.0,414.0,455.0,292.0
4960500.000000001,1850750.0,75.0,389.0,539.0,285.0
4960500.000000001,2150750.0,62.0,409.0,765.0,286.0
4960500.000000001,2250750.0,58.0,420.0,770.0,277.0
4960500.000000001,2350750.0,62.0,381.0,531.0,256.0
4960500.000000001,2450750.0,62.0,400.0,656.0,222.0
4960500.000000001,2550750.0,65.0,390.0,568.0,287.0
4960500.000000001,2650750.0,65.0,383.0,511.0,250.0
4960500.000000001,2750750.0,65.0,394.0,449.0,261.0
4960500.000000001,2850750.0,65.0,399.0,482.0,292.0
4960500.000000001,2950750.0,65.0,366.0,535.0,280.0
4960500.000000001,3050750.0,67.0,390.0,338.0,322.0
4960500.000000001,3150750.0,76.0,384.0,352.0,303.0
4960500.000000001,3650750.0,66.0,375.0,510.0,268.0
4960500.000000001,4050750.0,57.0,393.0,711.0,266.0
4960500.000000001,4150750.0,56.0,392.0,737.0,274.0
4960500.000000001,4250750.0,67.0,427.0,610.0,329.0
4960500.000000001,4350750.0,68.0,481.0,473.0,359.0
4960500.000000001,4450750.0,71.0,464.0,431.0,309.0
4960500.000000001,4550750.0,73.0,450.0,352.0,282.0
4960500.000000001,4650750.0,74.0,458.0,401.0,329.0
4960500.000000001,5150750.0,78.0,389.0,383.0,295.0
4960500.000000001,5250750.0,79.0,385.0,224.0,251.0
4960500.000000001,5350750.0,77.0,375.0,275.0,248.0
4960500.000000001,5450750.0,77.0,385.0,382.0,226.0
4960500.000000001,5550750.0,77.0,362.0,339.0,200.0
4960500.000000001,5850750.0,77.0,329.0,189.0,258.0
4960500.000000001,5950750.0,78.0,337.0,153.0,346.0
4960500.000000001,6050750.0,79.0,332.0,159.0,366.0
4960500.000000001,6150750.0,78.0,348.0,171.0,347.0
4960500.000000001,6250750.0,76.0,352.0,269.0,340.0
4960500.000000001,6350750.0,78.0,337.0,150.0,335.0
4960500.000000001,6450750.0,79.0,344.0,190.0,347.0
4960500.000000001,6550750.0,80.0,349.0,168.0,359.0
4960500.000000001,6650750.0,79.0,336.0,147.0,311.0
4960500.000000001,6750750.0,76.0,358.0,238.0,209.0
4960500.000000001,6850750.0,80.0,359.0,115.0,182.0
4960500.000000001,6950750.0,78.0,362.0,225.0,203.0
4960500.000000001,7050750.0,77.0,361.0,241.0,189.0
4960500.000000001,7150750.0,76.0,364.0,174.0,206.0
4960500.000000001,7250750.0,70.0,398.0,338.0,284.0
4960500.000000001,7350750.0,64.0,386.0,572.0,273.0
4960500.000000001,7450750.0,66.0,398.0,493.0,311.0
4960500.000000001,7550750.0,80.0,352.0,207.0,181.0
4960500.000000001,7650750.0,84.0,350.0,198.0,233.0
4960500.000000001,7750750.0,83.0,341.0,205.0,173.0
4960500.000000001,7850750.0,83.0,347.0,183.0,204.0
4960500.000000001,7950750.0,83.0,354.0,239.0,159.0
4960500.000000001,8050750.0,87.0,346.0,162.0,131.0
4960500.000000001,8150750.0,90.0,338.0,157.0,168.0
4960500.000000001,8250750.0,82.0,334.0,149.0,228.0
4960500.000000001,8350750.0,81.0,341.0,170.0,216.0
4960500.000000001,8450750.0,79.0,332.0,142.0,193.0
4960500.000000001,8550750.0,80.0,319.0,153.0,197.0
4960500.000000001,8650750.0,76.0,355.0,369.0,233.0
4960500.000000001,8750750.0,78.0,342.0,169.0,203.0
4960500.000000001,8850750.0,78.0,342.0,170.0,198.0
4960500.000000001,8950750.0,76.0,348.0,211.0,241.0
4960500.000000001,9050750.0,79.0,341.0,203.0,200.0
4960500.000000001,9150750.0,77.0,354.0,244.0,188.0
4960500.000000001,9250750.0,79.0,351.0,164.0,213.0
4960500.000000001,9350750.0,81.0,372.0,221.0,179.0
4960500.000000001,9450750.0,80.0,360.0,236.0,190.0
4960500.000000001,9550750.0,78.0,357.0,204.0,184.0
4960500.000000001,9650750.0,75.0,355.0,215.0,202.0
4960500.000000001,9750750.0,76.0,360.0,185.0,186.0
4960500.000000001,9850750.0,80.0,351.0,228.0,226.0
4960500.000000001,9950750.0,79.0,353.0,199.0,170.0
4960500.000000001,10050750.0,79.0,341.0,269.0,166.0
4960500.000000001,10150750.0,79.0,330.0,248.0,196.0
4960500.000000001,10250750.0,81.0,345.0,329.0,175.0
4960500.000000001,10350750.0,80.0,345.0,319.0,215.0
4960500.000000001,10450750.0,79.0,366.0,376.0,228.0
4960500.000000001,10550750.0,71.0,377.0,588.0,291.0
4960500.000000001,10650750.0,77.0,363.0,401.0,238.0
4960500.000000001,10750750.0,80.0,362.0,580.0,244.0
4960500.000000001,10850750.0,83.0,381.0,552.0,217.0
4960500.000000001,10950750.0,80.0,386.0,451.0,229.0
4960500.000000001,11050750.0,78.0,401.0,351.0,277.0
4960500.000000001,11150750.0,69.0,420.0,313.0,320.0
4960500.000000001,11250750.0,63.0,454.0,670.0,279.0
4960500.000000001,11350750.0,60.0,448.0,619.0,264.0
4960500.000000001,11450750.0,62.0,476.0,795.0,243.0
4960500.000000001,11550750.0,62.0,526.0,794.0,285.0
4960500.000000001,11650750.0,64.0,389.0,573.0,198.0
4960500.000000001,11750750.0,56.0,461.0,1060.0,250.0
4960500.000000001,11850750.0,54.0,465.0,1008.0,264.0
4960500.000000001,11950750.0,51.0,537.0,751.0,277.0
4960500.000000001,12450750.0,55.0,531.0,884.0,303.0
4960500.000000001,12850750.0,55.0,451.0,723.0,280.0
4860500.000000001,-13049250.0,57.0,407.0,808.0,349.0
4860500.000000001,-12949250.0,57.0,390.0,1029.0,384.0
4860500.000000001,-12849250.0,63.0,356.0,662.0,257.0
4860500.000000001,-12749250.0,67.0,369.0,593.0,321.0
4860500.000000001,-12649250.0,69.0,387.0,146.0,256.0
4860500.000000001,-12549250.0,71.0,337.0,124.0,233.0
4860500.000000001,-12449250.0,62.0,344.0,515.0,256.0
4860500.000000001,-12349250.0,61.0,388.0,583.0,287.0
4860500.000000001,-12249250.0,71.0,399.0,278.0,204.0
4860500.000000001,-12149250.0,79.0,380.0,179.0,172.0
4860500.000000001,-12049250.0,73.0,419.0,649.0,228.0
4860500.000000001,-11949250.0,57.0,373.0,533.0,292.0
4860500.000000001,-11849250.0,74.0,329.0,170.0,178.0
4860500.000000001,-11749250.0,74.0,355.0,235.0,161.0
4860500.000000001,-11649250.0,75.0,337.0,194.0,165.0
4860500.000000001,-11549250.0,69.0,352.0,160.0,152.0
4860500.000000001,-11449250.0,70.0,371.0,373.0,174.0
4860500.000000001,-11349250.0,75.0,376.0,224.0,275.0
4860500.000000001,-11249250.0,73.0,429.0,252.0,253.0
4860500.000000001,-11149250.0,73.0,416.0,302.0,293.0
4860500.000000001,-11049250.0,66.0,412.0,320.0,260.0
4860500.000000001,-10949250.0,67.0,411.0,317.0,268.0
4860500.000000001,-10849250.0,67.0,415.0,410.0,261.0
4860500.000000001,-10749250.0,64.0,419.0,375.0,271.0
4860500.000000001,-10649250.0,64.0,432.0,396.0,309.0
4860500.000000001,-10549250.0,63.0,400.0,560.0,224.0
4860500.000000001,-10449250.0,65.0,411.0,527.0,185.0
4860500.000000001,-10349250.0,61.0,333.0,659.0,158.0
4860500.000000001,-10249250.0,63.0,286.0,1247.0,197.0
4860500.000000001,-10149250.0,65.0,373.0,948.0,190.0
4860500.000000001,-9949250.0,49.0,294.0,684.0,205.0
4860500.000000001,-9849250.0,57.0,320.0,1347.0,225.0
4860500.000000001,-9749250.0,64.0,374.0,1448.0,242.0
4860500.000000001,-9549250.0,70.0,370.0,631.0,280.0
4860500.000000001,-9149250.0,53.0,455.0,677.0,426.0
4860500.000000001,-9049250.0,41.0,431.0,892.0,418.0
4860500.000000001,-8949250.0,58.0,403.0,838.0,277.0
4860500.000000001,-8849250.0,49.0,410.0,973.0,436.0
4860500.000000001,-8749250.0,45.0,380.0,773.0,369.0
4860500.000000001,250750.0,54.0,426.0,1082.0,300.0
4860500.000000001,850750.0,57.0,417.0,661.0,344.0
4860500.000000001,950750.0,70.0,382.0,650.0,312.0
4860500.000000001,1050750.0,72.0,394.0,339.0,286.0
4860500.000000001,1150750.0,69.0,399.0,500.0,266.0
4860500.000000001,1250750.0,77.0,395.0,289.0,237.0
4860500.000000001,1350750.0,76.0,392.0,411.0,242.0
4860500.000000001,1450750.0,68.0,430.0,420.0,253.0
4860500.000000001,1950750.0,77.0,399.0,369.0,264.0
4860500.000000001,2250750.0,75.0,419.0,396.0,296.0
4860500.000000001,2350750.0,67.0,408.0,569.0,287.0
4860500.000000001,2450750.0,59.0,409.0,784.0,265.0
4860500.000000001,2550750.0,60.0,398.0,579.0,259.0
4860500.000000001,2650750.0,62.0,388.0,552.0,251.0
4860500.000000001,2750750.0,63.0,387.0,514.0,250.0
4860500.000000001,2850750.0,70.0,393.0,464.0,247.0
4860500.000000001,2950750.0,68.0,375.0,553.0,257.0
4860500.000000001,3050750.0,68.0,390.0,397.0,301.0
4860500.000000001,3150750.0,70.0,426.0,395.0,295.0
4860500.000000001,4150750.0,53.0,451.0,747.0,364.0
4860500.000000001,4250750.0,52.0,439.0,862.0,436.0
4860500.000000001,4350750.0,61.0,420.0,698.0,250.0
4860500.000000001,4550750.0,72.0,421.0,414.0,293.0
4860500.000000001,4650750.0,73.0,442.0,420.0,306.0
4860500.000000001,4750750.0,75.0,427.0,391.0,283.0
4860500.000000001,5150750.0,79.0,388.0,303.0,256.0
4860500.000000001,5250750.0,79.0,379.0,221.0,261.0
4860500.000000001,5350750.0,77.0,367.0,306.0,263.0
4860500.000000001,5450750.0,77.0,377.0,333.0,237.0
4860500.000000001,5550750.0,76.0,362.0,383.0,226.0
4860500.000000001,5650750.0,77.0,349.0,195.0,197.0
4860500.000000001,5750750.0,76.0,365.0,183.0,224.0
4860500.000000001,5850750.0,77.0,335.0,155.0,321.0
4860500.000000001,5950750.0,78.0,357.0,198.0,281.0
4860500.000000001,6050750.0,78.0,352.0,160.0,337.0
4860500.000000001,6150750.0,78.0,351.0,143.0,328.0
4860500.000000001,6250750.0,78.0,347.0,163.0,350.0
4860500.000000001,6350750.0,77.0,352.0,161.0,348.0
4860500.000000001,6450750.0,78.0,356.0,148.0,342.0
4860500.000000001,6550750.0,78.0,355.0,177.0,361.0
4860500.000000001,6650750.0,75.0,355.0,161.0,289.0
4860500.000000001,6750750.0,77.0,349.0,207.0,203.0
4860500.000000001,6850750.0,76.0,361.0,237.0,187.0
4860500.000000001,6950750.0,74.0,372.0,204.0,205.0
4860500.000000001,7050750.0,72.0,381.0,234.0,249.0
4860500.000000001,7150750.0,74.0,372.0,266.0,228.0
4860500.000000001,7250750.0,76.0,378.0,233.0,216.0
4860500.000000001,7350750.0,75.0,366.0,196.0,201.0
4860500.000000001,7450750.0,80.0,374.0,276.0,215.0
4860500.000000001,7550750.0,79.0,340.0,184.0,195.0
4860500.000000001,7650750.0,74.0,371.0,372.0,237.0
4860500.000000001,7750750.0,72.0,388.0,541.0,239.0
4860500.000000001,7850750.0,71.0,368.0,499.0,225.0
4860500.000000001,7950750.0,72.0,396.0,557.0,293.0
4860500.000000001,8050750.0,80.0,359.0,178.0,194.0
4860500.000000001,8150750.0,71.0,394.0,507.0,259.0
4860500.000000001,8250750.0,77.0,351.0,351.0,219.0
4860500.000000001,8350750.0,77.0,339.0,365.0,204.0
4860500.000000001,8450750.0,77.0,353.0,159.0,216.0
4860500.000000001,8550750.0,73.0,367.0,375.0,227.0
4860500.000000001,8650750.0,81.0,344.0,139.0,196.0
4860500.000000001,8750750.0,80.0,324.0,163.0,211.0
4860500.000000001,8850750.0,80.0,329.0,189.0,203.0
4860500.000000001,8950750.0,81.0,334.0,139.0,211.0
4860500.000000001,9050750.0,81.0,340.0,172.0,189.0
4860500.000000001,9150750.0,72.0,358.0,309.0,222.0
4860500.000000001,9250750.0,77.0,345.0,159.0,206.0
4860500.000000001,9350750.0,76.0,348.0,319.0,216.0
4860500.000000001,9450750.0,81.0,348.0,184.0,193.0
4860500.000000001,9550750.0,78.0,348.0,176.0,213.0
4860500.000000001,9650750.0,80.0,356.0,152.0,176.0
4860500.000000001,9750750.0,81.0,354.0,177.0,196.0
4860500.000000001,9850750.0,80.0,350.0,178.0,201.0
4860500.000000001,9950750.0,80.0,340.0,173.0,200.0
4860500.000000001,10050750.0,78.0,342.0,192.0,179.0
4860500.000000001,10150750.0,80.0,339.0,201.0,194.0
4860500.000000001,10250750.0,79.0,333.0,209.0,178.0
4860500.000000001,10350750.0,78.0,340.0,326.0,178.0
4860500.000000001,10450750.0,80.0,374.0,418.0,213.0
4860500.000000001,10550750.0,79.0,372.0,223.0,220.0
4860500.000000001,10650750.0,76.0,367.0,558.0,250.0
4860500.000000001,10750750.0,81.0,367.0,423.0,228.0
4860500.000000001,10850750.0,79.0,392.0,421.0,208.0
4860500.000000001,10950750.0,78.0,374.0,382.0,224.0
4860500.000000001,11050750.0,77.0,376.0,384.0,267.0
4860500.000000001,11250750.0,64.0,431.0,408.0,283.0
4860500.000000001,11350750.0,61.0,442.0,712.0,274.0
4860500.000000001,11450750.0,59.0,464.0,559.0,269.0
4860500.000000001,11550750.0,65.0,492.0,725.0,311.0
4860500.000000001,11650750.0,57.0,512.0,655.0,298.0
4860500.000000001,11750750.0,54.0,417.0,709.0,276.0
4860500.000000001,11850750.0,50.0,457.0,963.0,311.0
4860500.000000001,11950750.0,51.0,456.0,766.0,280.0
4860500.000000001,12550750.0,55.0,464.0,805.0,315.0
4860500.000000001,12650750.0,52.0,476.0,804.0,286.0
4860500.000000001,12750750.0,49.0,438.0,802.0,318.0
4760500.000000001,-13149250.0,52.0,456.0,1002.0,430.0
4760500.000000001,-13049250.0,58.0,409.0,668.0,286.0
4760500.000000001,-12949250.0,61.0,397.0,767.0,280.0
4760500.000000001,-12749250.0,82.0,361.0,143.0,192.0
4760500.000000001,-12649250.0,78.0,350.0,143.0,201.0
4760500.000000001,-12549250.0,66.0,375.0,154.0,214.0
4760500.000000001,-12449250.0,85.0,329.0,64.0,206.0
4760500.000000001,-12349250.0,75.0,318.0,119.0,228.0
4760500.000000001,-12249250.0,76.0,366.0,369.0,229.0
4760500.000000001,-12149250.0,72.0,389.0,434.0,209.0
4760500.000000001,-12049250.0,65.0,416.0,769.0,299.0
4760500.000000001,-11949250.0,75.0,354.0,192.0,171.0
4760500.000000001,-11849250.0,74.0,367.0,217.0,175.0
4760500.000000001,-11749250.0,69.0,358.0,126.0,162.0
4760500.000000001,-11649250.0,71.0,346.0,331.0,157.0
4760500.000000001,-11549250.0,71.0,347.0,167.0,170.0
4760500.000000001,-11449250.0,74.0,348.0,201.0,206.0
4760500.000000001,-11349250.0,70.0,375.0,257.0,234.0
4760500.000000001,-11249250.0,68.0,286.0,458.0,304.0
4760500.000000001,-11149250.0,66.0,368.0,327.0,208.0
4760500.000000001,-11049250.0,66.0,382.0,305.0,222.0
4760500.000000001,-10949250.0,73.0,399.0,294.0,239.0
4760500.000000001,-10849250.0,68.0,413.0,260.0,235.0
4760500.000000001,-10749250.0,65.0,442.0,350.0,305.0
4760500.000000001,-10649250.0,70.0,385.0,364.0,251.0
4760500.000000001,-10549250.0,66.0,397.0,336.0,209.0
4760500.000000001,-10449250.0,62.0,371.0,675.0,214.0
4760500.000000001,-10349250.0,65.0,405.0,655.0,236.0
4760500.000000001,-10249250.0,64.0,401.0,1119.0,201.0
4760500.000000001,-10149250.0,64.0,416.0,1502.0,278.0
4760500.000000001,-9949250.0,61.0,299.0,768.0,184.0
4760500.000000001,-9849250.0,65.0,357.0,1798.0,262.0
4760500.000000001,-9649250.0,68.0,375.0,667.0,207.0
4760500.000000001,-9549250.0,70.0,339.0,581.0,222.0
4760500.000000001,-9349250.0,61.0,389.0,867.0,327.0
4760500.000000001,-9249250.0,68.0,384.0,622.0,244.0
4760500.000000001,-9149250.0,46.0,420.0,942.0,400.0
4760500.000000001,-9049250.0,51.0,426.0,827.0,463.0
4760500.000000001,-8949250.0,52.0,407.0,913.0,393.0
4760500.000000001,-8849250.0,47.0,389.0,1035.0,367.0
4760500.000000001,150750.0,49.0,433.0,883.0,445.0
4760500.000000001,250750.0,52.0,441.0,893.0,360.0
4760500.000000001,350750.0,58.0,416.0,654.0,281.0
4760500.000000001,450750.0,66.0,395.0,482.0,246.0
4760500.000000001,550750.0,70.0,405.0,453.0,271.0
4760500.000000001,650750.0,61.0,395.0,695.0,325.0
4760500.000000001,750750.0,66.0,414.0,573.0,321.0
4760500.000000001,850750.0,59.0,430.0,652.0,303.0
4760500.000000001,950750.0,55.0,430.0,577.0,313.0
4760500.000000001,1050750.0,66.0,399.0,553.0,282.0
4760500.000000001,1850750.0,65.0,378.0,568.0,259.0
4760500.000000001,1950750.0,69.0,408.0,662.0,319.0
4760500.000000001,2350750.0,72.0,431.0,370.0,303.0
4760500.000000001,2450750.0,63.0,425.0,761.0,361.0
4760500.000000001,2550750.0,69.0,390.0,484.0,284.0
4760500.000000001,2650750.0,59.0,388.0,574.0,280.0
4760500.000000001,2750750.0,62.0,391.0,677.0,264.0
4760500.000000001,2850750.0,58.0,402.0,864.0,295.0
4760500.000000001,2950750.0,57.0,389.0,771.0,285.0
4760500.000000001,3050750.0,64.0,401.0,501.0,292.0
4760500.000000001,3150750.0,61.0,386.0,588.0,318.0
4760500.000000001,4350750.0,52.0,445.0,812.0,305.0
4760500.000000001,4450750.0,54.0,421.0,736.0,296.0
4760500.000000001,4550750.0,60.0,445.0,757.0,256.0
4760500.000000001,4650750.0,67.0,378.0,442.0,295.0
4760500.000000001,4750750.0,66.0,388.0,557.0,274.0
4760500.000000001,5250750.0,76.0,355.0,262.0,253.0
4760500.000000001,5350750.0,78.0,369.0,224.0,254.0
4760500.000000001,5450750.0,78.0,350.0,272.0,215.0
4760500.000000001,5550750.0,78.0,345.0,253.0,226.0
4760500.000000001,5650750.0,77.0,356.0,179.0,199.0
4760500.000000001,5750750.0,75.0,372.0,189.0,190.0
4760500.000000001,5850750.0,77.0,348.0,159.0,340.0
4760500.000000001,5950750.0,77.0,356.0,155.0,378.0
4760500.000000001,6050750.0,79.0,343.0,143.0,337.0
4760500.000000001,6150750.0,77.0,348.0,221.0,376.0
4760500.000000001,6250750.0,78.0,352.0,153.0,358.0
4760500.000000001,6350750.0,77.0,358.0,133.0,364.0
4760500.000000001,6450750.0,76.0,360.0,167.0,331.0
4760500.000000001,6550750.0,75.0,341.0,203.0,354.0
4760500.000000001,6650750.0,71.0,379.0,266.0,344.0
4760500.000000001,6750750.0,73.0,375.0,278.0,235.0
4760500.000000001,6850750.0,68.0,397.0,392.0,261.0
4760500.000000001,6950750.0,75.0,381.0,284.0,214.0
4760500.000000001,7050750.0,72.0,377.0,333.0,216.0
4760500.000000001,7150750.0,71.0,377.0,449.0,223.0
4760500.000000001,7250750.0,67.0,404.0,459.0,279.0
4760500.000000001,7350750.0,68.0,384.0,427.0,270.0
4760500.000000001,7450750.0,67.0,380.0,309.0,249.0
4760500.000000001,7550750.0,75.0,368.0,278.0,253.0
4760500.000000001,7650750.0,71.0,373.0,407.0,232.0
4760500.000000001,7750750.0,74.0,396.0,506.0,277.0
4760500.000000001,7850750.0,76.0,380.0,526.0,268.0
4760500.000000001,7950750.0,73.0,376.0,527.0,247.0
4760500.000000001,8050750.0,73.0,391.0,622.0,237.0
4760500.000000001,8150750.0,79.0,345.0,224.0,205.0
4760500.000000001,8250750.0,78.0,351.0,221.0,201.0
4760500.000000001,8350750.0,79.0,332.0,206.0,209.0
4760500.000000001,8450750.0,81.0,331.0,171.0,226.0
4760500.000000001,8550750.0,82.0,329.0,172.0,194.0
4760500.000000001,8650750.0,79.0,331.0,183.0,215.0
4760500.000000001,8750750.0,80.0,320.0,165.0,221.0
4760500.000000001,8850750.0,82.0,317.0,131.0,183.0
4760500.000000001,8950750.0,81.0,334.0,110.0,207.0
4760500.000000001,9050750.0,81.0,334.0,125.0,217.0
4760500.000000001,9150750.0,80.0,321.0,133.0,223.0
4760500.000000001,9250750.0,79.0,347.0,140.0,226.0
4760500.000000001,9350750.0,81.0,330.0,148.0,200.0
4760500.000000001,9450750.0,82.0,327.0,174.0,202.0
4760500.000000001,9550750.0,81.0,347.0,123.0,215.0
4760500.000000001,9650750.0,81.0,333.0,142.0,172.0
4760500.000000001,9750750.0,81.0,353.0,195.0,165.0
4760500.000000001,9850750.0,82.0,335.0,162.0,195.0
4760500.000000001,9950750.0,82.0,344.0,175.0,197.0
4760500.000000001,10050750.0,81.0,348.0,184.0,186.0
4760500.000000001,10150750.0,82.0,347.0,146.0,194.0
4760500.000000001,10250750.0,81.0,343.0,196.0,187.0
4760500.000000001,10350750.0,80.0,351.0,288.0,168.0
4760500.000000001,10450750.0,81.0,354.0,290.0,211.0
4760500.000000001,10550750.0,74.0,364.0,500.0,232.0
4760500.000000001,10650750.0,77.0,376.0,383.0,212.0
4760500.000000001,10750750.0,75.0,375.0,300.0,245.0
4760500.000000001,10850750.0,78.0,375.0,313.0,212.0
4760500.000000001,10950750.0,75.0,364.0,281.0,238.0
4760500.000000001,11050750.0,88.0,359.0,160.0,247.0
4760500.000000001,11150750.0,63.0,419.0,382.0,238.0
4760500.000000001,11250750.0,60.0,425.0,355.0,274.0
4760500.000000001,11350750.0,61.0,425.0,576.0,251.0
4760500.000000001,11450750.0,60.0,456.0,673.0,301.0
4760500.000000001,11550750.0,63.0,491.0,560.0,325.0
4760500.000000001,11650750.0,61.0,415.0,663.0,262.0
4760500.000000001,12450750.0,48.0,495.0,928.0,332.0
4760500.000000001,12550750.0,51.0,457.0,935.0,355.0
4760500.000000001,12650750.0,48.0,427.0,846.0,340.0
4660500.000000001,-13149250.0,58.0,414.0,844.0,328.0
4660500.000000001,-13049250.0,61.0,382.0,476.0,237.0
4660500.000000001,-12949250.0,71.0,362.0,317.0,277.0
4660500.000000001,-12849250.0,63.0,369.0,619.0,250.0
4660500.000000001,-12749250.0,68.0,373.0,244.0,235.0
4660500.000000001,-12649250.0,71.0,367.0,161.0,246.0
4660500.000000001,-12549250.0,73.0,373.0,125.0,236.0
4660500.000000001,-12449250.0,66.0,389.0,323.0,250.0
4660500.000000001,-12349250.0,75.0,356.0,143.0,179.0
4660500.000000001,-12249250.0,63.0,387.0,712.0,374.0
4660500.000000001,-12149250.0,76.0,368.0,329.0,189.0
4660500.000000001,-12049250.0,78.0,358.0,282.0,199.0
4660500.000000001,-11949250.0,80.0,362.0,237.0,161.0
4660500.000000001,-11849250.0,79.0,355.0,98.0,164.0
4660500.000000001,-11749250.0,75.0,346.0,107.0,137.0
4660500.000000001,-11649250.0,74.0,313.0,145.0,139.0
4660500.000000001,-11549250.0,69.0,337.0,199.0,171.0
4660500.000000001,-11449250.0,78.0,354.0,180.0,221.0
4660500.000000001,-11349250.0,73.0,296.0,248.0,159.0
4660500.000000001,-11249250.0,71.0,350.0,366.0,154.0
4660500.000000001,-11149250.0,62.0,298.0,232.0,101.0
4660500.000000001,-11049250.0,66.0,333.0,244.0,161.0
4660500.000000001,-10949250.0,60.0,398.0,258.0,193.0
4660500.000000001,-10849250.0,62.0,410.0,262.0,250.0
4660500.000000001,-10749250.0,61.0,412.0,271.0,242.0
4660500.000000001,-10649250.0,66.0,416.0,238.0,264.0
4660500.000000001,-10549250.0,63.0,411.0,315.0,226.0
4660500.000000001,-10449250.0,63.0,397.0,423.0,211.0
4660500.000000001,-10349250.0,63.0,423.0,449.0,279.0
4660500.000000001,-10249250.0,62.0,411.0,602.0,223.0
4660500.000000001,-9949250.0,62.0,335.0,722.0,198.0
4660500.000000001,-9849250.0,62.0,335.0,976.0,189.0
4660500.000000001,-9749250.0,65.0,414.0,551.0,213.0
4660500.000000001,-9449250.0,53.0,391.0,819.0,366.0
4660500.000000001,-9349250.0,43.0,410.0,965.0,436.0
4660500.000000001,-9249250.0,54.0,408.0,678.0,357.0
4660500.000000001,-9149250.0,61.0,422.0,618.0,405.0
4660500.000000001,-9049250.0,43.0,407.0,1022.0,464.0
4660500.000000001,-8949250.0,50.0,392.0,1064.0,430.0
4660500.000000001,-8849250.0,48.0,366.0,1275.0,393.0
4660500.000000001,-8749250.0,51.0,375.0,1632.0,425.0
4660500.000000001,150750.0,51.0,412.0,620.0,340.0
4660500.000000001,250750.0,60.0,392.0,555.0,279.0
4660500.000000001,350750.0,62.0,388.0,538.0,243.0
4660500.000000001,450750.0,75.0,374.0,283.0,274.0
4660500.000000001,550750.0,74.0,394.0,357.0,242.0
4660500.000000001,650750.0,73.0,385.0,319.0,228.0
4660500.000000001,750750.0,75.0,383.0,284.0,236.0
4660500.000000001,850750.0,77.0,367.0,380.0,234.0
4660500.000000001,950750.0,75.0,390.0,461.0,290.0
4660500.000000001,1050750.0,62.0,398.0,470.0,324.0
4660500.000000001,1950750.0,62.0,416.0,611.0,326.0
4660500.000000001,2050750.0,70.0,377.0,496.0,286.0
4660500.000000001,2450750.0,69.0,430.0,712.0,371.0
4660500.000000001,2550750.0,66.0,413.0,577.0,265.0
4660500.000000001,2650750.0,67.0,394.0,514.0,292.0
4660500.000000001,2750750.0,61.0,391.0,567.0,280.0
4660500.000000001,2850750.0,55.0,415.0,536.0,272.0
4660500.000000001,2950750.0,65.0,395.0,392.0,247.0
4660500.000000001,3050750.0,68.0,384.0,295.0,250.0
4660500.000000001,3150750.0,60.0,393.0,601.0,288.0
4660500.000000001,3650750.0,61.0,376.0,671.0,315.0
4660500.000000001,3750750.0,67.0,385.0,559.0,322.0
4660500.000000001,4350750.0,49.0,417.0,951.0,242.0
4660500.000000001,4450750.0,58.0,403.0,517.0,252.0
4660500.000000001,4550750.0,70.0,392.0,288.0,235.0
4660500.000000001,4650750.0,69.0,385.0,337.0,252.0
4660500.000000001,4750750.0,65.0,413.0,519.0,271.0
4660500.000000001,4850750.0,72.0,383.0,435.0,279.0
4660500.000000001,5350750.0,79.0,362.0,208.0,239.0
4660500.000000001,5450750.0,78.0,349.0,317.0,242.0
4660500.000000001,5550750.0,77.0,341.0,223.0,225.0
4660500.000000001,5750750.0,76.0,359.0,167.0,201.0
4660500.000000001,5850750.0,75.0,339.0,154.0,187.0
4660500.000000001,5950750.0,76.0,346.0,173.0,181.0
4660500.000000001,6050750.0,77.0,350.0,156.0,305.0
4660500.000000001,6150750.0,78.0,339.0,127.0,329.0
4660500.000000001,6250750.0,79.0,341.0,132.0,341.0
4660500.000000001,6350750.0,77.0,359.0,151.0,358.0
4660500.000000001,6450750.0,76.0,360.0,167.0,356.0
4660500.000000001,6550750.0,74.0,350.0,245.0,411.0
4660500.000000001,6650750.0,70.0,364.0,276.0,284.0
4660500.000000001,6750750.0,64.0,390.0,420.0,302.0
4660500.000000001,6850750.0,65.0,394.0,626.0,284.0
4660500.000000001,6950750.0,71.0,387.0,389.0,269.0
4660500.000000001,7050750.0,73.0,366.0,354.0,229.0
4660500.000000001,7150750.0,70.0,374.0,403.0,226.0
4660500.000000001,7250750.0,70.0,401.0,372.0,283.0
4660500.000000001,7350750.0,74.0,407.0,304.0,300.0
4660500.000000001,7450750.0,74.0,339.0,404.0,188.0
4660500.000000001,7550750.0,70.0,372.0,489.0,239.0
4660500.000000001,7650750.0,81.0,354.0,156.0,206.0
4660500.000000001,7750750.0,76.0,351.0,318.0,188.0
4660500.000000001,7850750.0,81.0,339.0,183.0,185.0
4660500.000000001,7950750.0,75.0,325.0,210.0,214.0
4660500.000000001,8150750.0,81.0,326.0,151.0,195.0
4660500.000000001,8250750.0,76.0,334.0,188.0,189.0
4660500.000000001,8350750.0,81.0,335.0,188.0,190.0
4660500.000000001,8450750.0,81.0,324.0,184.0,206.0
4660500.000000001,8550750.0,82.0,313.0,183.0,211.0
4660500.000000001,8650750.0,82.0,308.0,148.0,205.0
4660500.000000001,8750750.0,81.0,306.0,115.0,208.0
4660500.000000001,8850750.0,81.0,337.0,165.0,226.0
4660500.000000001,8950750.0,81.0,317.0,134.0,218.0
4660500.000000001,9050750.0,82.0,315.0,106.0,196.0
4660500.000000001,9150750.0,82.0,315.0,143.0,213.0
4660500.000000001,9250750.0,79.0,337.0,206.0,174.0
4660500.000000001,9350750.0,80.0,315.0,157.0,190.0
4660500.000000001,9450750.0,81.0,337.0,120.0,192.0
4660500.000000001,9550750.0,80.0,344.0,116.0,201.0
4660500.000000001,9650750.0,82.0,329.0,141.0,192.0
4660500.000000001,9750750.0,82.0,334.0,136.0,163.0
4660500.000000001,9850750.0,82.0,335.0,115.0,202.0
4660500.000000001,9950750.0,81.0,332.0,173.0,192.0
4660500.000000001,10050750.0,81.0,343.0,179.0,188.0
4660500.000000001,10150750.0,81.0,356.0,262.0,179.0
4660500.000000001,10250750.0,81.0,363.0,199.0,185.0
4660500.000000001,10350750.0,81.0,356.0,236.0,213.0
4660500.000000001,10450750.0,81.0,369.0,308.0,220.0
4660500.000000001,10550750.0,80.0,361.0,411.0,233.0
4660500.000000001,10650750.0,68.0,359.0,605.0,202.0
4660500.000000001,10750750.0,77.0,367.0,377.0,219.0
4660500.000000001,10850750.0,77.0,378.0,221.0,201.0
4660500.000000001,10950750.0,76.0,366.0,245.0,207.0
4660500.000000001,11050750.0,79.0,379.0,218.0,267.0
4660500.000000001,11150750.0,62.0,422.0,241.0,269.0
4660500.000000001,11250750.0,61.0,413.0,452.0,269.0
4660500.000000001,11350750.0,60.0,434.0,395.0,240.0
4660500.000000001,11450750.0,57.0,444.0,618.0,281.0
4660500.000000001,11550750.0,64.0,511.0,984.0,321.0
4660500.000000001,11650750.0,61.0,414.0,624.0,246.0
4660500.000000001,12550750.0,47.0,454.0,909.0,317.0
4560500.000000001,-13149250.0,54.0,432.0,673.0,300.0
4560500.000000001,-13049250.0,61.0,348.0,565.0,261.0
4560500.000000001,-12949250.0,63.0,384.0,397.0,258.0
4560500.000000001,-12849250.0,64.0,372.0,599.0,289.0
4560500.000000001,-12749250.0,74.0,365.0,135.0,243.0
4560500.000000001,-12649250.0,77.0,350.0,93.0,194.0
4560500.000000001,-12549250.0,75.0,363.0,138.0,198.0
4560500.000000001,-12449250.0,76.0,353.0,127.0,208.0
4560500.000000001,-12349250.0,82.0,354.0,123.0,160.0
4560500.000000001,-12249250.0,79.0,309.0,143.0,175.0
4560500.000000001,-12049250.0,65.0,374.0,741.0,298.0
4560500.000000001,-11949250.0,78.0,367.0,205.0,148.0
4560500.000000001,-11849250.0,81.0,377.0,154.0,191.0
4560500.000000001,-11749250.0,70.0,367.0,506.0,221.0
4560500.000000001,-11649250.0,57.0,361.0,505.0,269.0
4560500.000000001,-11549250.0,68.0,341.0,195.0,209.0
4560500.000000001,-11449250.0,72.0,360.0,191.0,173.0
4560500.000000001,-11349250.0,71.0,346.0,195.0,175.0
4560500.000000001,-11249250.0,68.0,322.0,244.0,166.0
4560500.000000001,-11149250.0,68.0,372.0,220.0,185.0
4560500.000000001,-11049250.0,68.0,332.0,257.0,167.0
4560500.000000001,-10949250.0,62.0,367.0,357.0,207.0
4560500.000000001,-10849250.0,61.0,418.0,240.0,232.0
4560500.000000001,-10749250.0,62.0,422.0,268.0,263.0
4560500.000000001,-10649250.0,68.0,429.0,278.0,277.0
4560500.000000001,-10549250.0,61.0,413.0,475.0,223.0
4560500.000000001,-10449250.0,61.0,423.0,568.0,228.0
4560500.000000001,-10349250.0,62.0,420.0,528.0,208.0
4560500.000000001,-10249250.0,63.0,422.0,479.0,180.0
4560500.000000001,-10149250.0,65.0,421.0,742.0,266.0
4560500.000000001,-10049250.0,61.0,347.0,1025.0,233.0
4560500.000000001,-9949250.0,62.0,402.0,901.0,224.0
4560500.000000001,-9849250.0,66.0,399.0,608.0,237.0
4560500.000000001,-9749250.0,65.0,383.0,643.0,251.0
4560500.000000001,-9649250.0,60.0,395.0,676.0,220.0
4560500.000000001,-9549250.0,60.0,392.0,588.0,272.0
4560500.000000001,-9449250.0,53.0,390.0,620.0,246.0
4560500.000000001,-9349250.0,47.0,416.0,814.0,426.0
4560500.000000001,-9249250.0,62.0,402.0,603.0,351.0
4560500.000000001,-9149250.0,56.0,397.0,775.0,392.0
4560500.000000001,-9049250.0,55.0,399.0,1023.0,427.0
4560500.000000001,150750.0,53.0,360.0,782.0,272.0
4560500.000000001,250750.0,57.0,347.0,469.0,219.0
4560500.000000001,350750.0,71.0,359.0,431.0,224.0
4560500.000000001,450750.0,68.0,373.0,299.0,268.0
4560500.000000001,550750.0,74.0,366.0,387.0,210.0
4560500.000000001,650750.0,72.0,362.0,338.0,263.0
4560500.000000001,750750.0,75.0,367.0,286.0,207.0
4560500.000000001,850750.0,74.0,347.0,435.0,198.0
4560500.000000001,2050750.0,61.0,394.0,662.0,318.0
4560500.000000001,2150750.0,70.0,393.0,387.0,247.0
4560500.000000001,2250750.0,74.0,391.0,272.0,256.0
4560500.000000001,2550750.0,68.0,425.0,478.0,302.0
4560500.000000001,2650750.0,63.0,395.0,524.0,269.0
4560500.000000001,2750750.0,70.0,394.0,333.0,249.0
4560500.000000001,2850750.0,72.0,398.0,340.0,231.0
4560500.000000001,2950750.0,76.0,385.0,281.0,241.0
4560500.000000001,3050750.0,70.0,373.0,312.0,251.0
4560500.000000001,3350750.0,69.0,387.0,428.0,274.0
4560500.000000001,3450750.0,65.0,373.0,656.0,271.0
4560500.000000001,3550750.0,64.0,385.0,486.0,267.0
4560500.000000001,3650750.0,71.0,367.0,408.0,230.0
4560500.000000001,3750750.0,72.0,368.0,340.0,232.0
4560500.000000001,3850750.0,65.0,380.0,519.0,259.0
4560500.000000001,3950750.0,62.0,405.0,513.0,346.0
4560500.000000001,4250750.0,54.0,426.0,676.0,304.0
4560500.000000001,4350750.0,63.0,374.0,503.0,276.0
4560500.000000001,4450750.0,66.0,374.0,468.0,269.0
4560500.000000001,4550750.0,66.0,381.0,372.0,272.0
4560500.000000001,4650750.0,70.0,406.0,357.0,272.0
4560500.000000001,4850750.0,65.0,397.0,539.0,243.0
4560500.000000001,4950750.0,73.0,405.0,392.0,264.0
4560500.000000001,5450750.0,79.0,339.0,185.0,248.0
4560500.000000001,5550750.0,79.0,345.0,176.0,207.0
4560500.000000001,5650750.0,77.0,342.0,216.0,197.0
4560500.000000001,5750750.0,76.0,365.0,171.0,201.0
4560500.000000001,5850750.0,76.0,358.0,146.0,198.0
4560500.000000001,5950750.0,77.0,350.0,147.0,297.0
4560500.000000001,6050750.0,77.0,350.0,169.0,340.0
4560500.000000001,6150750.0,78.0,349.0,119.0,161.0
4560500.000000001,6250750.0,77.0,333.0,142.0,316.0
4560500.000000001,6350750.0,77.0,331.0,184.0,374.0
4560500.000000001,6550750.0,76.0,354.0,245.0,267.0
4560500.000000001,6650750.0,73.0,338.0,296.0,222.0
4560500.000000001,6750750.0,68.0,369.0,320.0,222.0
4560500.000000001,6850750.0,76.0,342.0,147.0,198.0
4560500.000000001,6950750.0,72.0,381.0,241.0,209.0
4560500.000000001,7050750.0,65.0,382.0,354.0,272.0
4560500.000000001,7150750.0,72.0,380.0,312.0,274.0
4560500.000000001,7250750.0,71.0,371.0,361.0,271.0
4560500.000000001,7350750.0,71.0,390.0,374.0,264.0
4560500.000000001,7450750.0,78.0,355.0,329.0,221.0
4560500.000000001,7550750.0,80.0,332.0,207.0,180.0
4560500.000000001,7650750.0,76.0,341.0,259.0,186.0
4560500.000000001,7750750.0,76.0,318.0,325.0,152.0
4560500.000000001,7850750.0,80.0,331.0,236.0,155.0
4560500.000000001,7950750.0,67.0,355.0,251.0,219.0
4560500.000000001,8050750.0,74.0,329.0,210.0,185.0
4560500.000000001,8150750.0,72.0,337.0,206.0,198.0
4560500.000000001,8250750.0,80.0,339.0,144.0,192.0
4560500.000000001,8350750.0,81.0,341.0,174.0,221.0
4560500.000000001,8450750.0,82.0,318.0,204.0,207.0
4560500.000000001,8550750.0,82.0,324.0,172.0,216.0
4560500.000000001,8650750.0,81.0,321.0,163.0,233.0
4560500.000000001,8750750.0,82.0,304.0,120.0,220.0
4560500.000000001,8850750.0,82.0,305.0,124.0,208.0
4560500.000000001,8950750.0,81.0,318.0,109.0,202.0
4560500.000000001,9050750.0,82.0,318.0,134.0,219.0
4560500.000000001,9150750.0,81.0,316.0,141.0,192.0
4560500.000000001,9250750.0,81.0,335.0,149.0,166.0
4560500.000000001,9350750.0,82.0,307.0,155.0,193.0
4560500.000000001,9450750.0,81.0,312.0,126.0,194.0
4560500.000000001,9550750.0,81.0,306.0,106.0,177.0
4560500.000000001,9650750.0,82.0,326.0,128.0,176.0
4560500.000000001,9750750.0,82.0,345.0,149.0,185.0
4560500.000000001,9850750.0,81.0,342.0,219.0,154.0
4560500.000000001,9950750.0,82.0,343.0,197.0,168.0
4560500.000000001,10050750.0,78.0,380.0,244.0,287.0
4560500.000000001,10150750.0,74.0,386.0,269.0,238.0
4560500.000000001,10250750.0,80.0,380.0,293.0,200.0
4560500.000000001,10350750.0,83.0,369.0,230.0,198.0
4560500.000000001,10450750.0,78.0,364.0,368.0,250.0
4560500.000000001,10550750.0,80.0,371.0,190.0,192.0
4560500.000000001,10650750.0,71.0,366.0,343.0,174.0
4560500.000000001,10750750.0,70.0,371.0,364.0,213.0
4560500.000000001,10850750.0,76.0,373.0,167.0,223.0
4560500.000000001,10950750.0,73.0,357.0,241.0,209.0
4560500.000000001,11050750.0,79.0,341.0,165.0,216.0
4560500.000000001,11150750.0,67.0,402.0,267.0,291.0
4560500.000000001,11250750.0,61.0,401.0,376.0,206.0
4560500.000000001,11350750.0,61.0,382.0,371.0,219.0
4560500.000000001,11450750.0,62.0,444.0,426.0,236.0
4560500.000000001,11550750.0,59.0,415.0,788.0,260.0
4560500.000000001,11650750.0,57.0,425.0,746.0,268.0
4560500.000000001,12650750.0,53.0,447.0,789.0,395.0
4460500.000000001,-13149250.0,57.0,399.0,1099.0,235.0
4460500.000000001,-13049250.0,61.0,362.0,250.0,250.0
4460500.000000001,-12949250.0,57.0,345.0,866.0,265.0
4460500.000000001,-12849250.0,72.0,308.0,252.0,204.0
4460500.000000001,-12749250.0,83.0,273.0,48.0,142.0
4460500.000000001,-12649250.0,75.0,352.0,290.0,209.0
4460500.000000001,-12549250.0,73.0,351.0,121.0,179.0
4460500.000000001,-12449250.0,76.0,334.0,139.0,173.0
4460500.000000001,-12349250.0,82.0,337.0,117.0,157.0
4460500.000000001,-12249250.0,81.0,381.0,82.0,154.0
4460500.000000001,-12149250.0,78.0,376.0,232.0,180.0
4460500.000000001,-12049250.0,74.0,375.0,337.0,200.0
4460500.000000001,-11949250.0,82.0,360.0,119.0,148.0
4460500.000000001,-11849250.0,76.0,374.0,274.0,184.0
4460500.000000001,-11749250.0,54.0,379.0,828.0,309.0
4460500.000000001,-11649250.0,67.0,369.0,326.0,225.0
4460500.000000001,-11549250.0,71.0,317.0,211.0,153.0
4460500.000000001,-11449250.0,70.0,325.0,144.0,168.0
4460500.000000001,-11349250.0,70.0,322.0,186.0,161.0
4460500.000000001,-11249250.0,71.0,355.0,190.0,179.0
4460500.000000001,-11149250.0,70.0,355.0,208.0,179.0
4460500.000000001,-11049250.0,72.0,353.0,235.0,155.0
4460500.000000001,-10949250.0,62.0,425.0,265.0,230.0
4460500.000000001,-10849250.0,63.0,401.0,264.0,234.0
4460500.000000001,-10749250.0,64.0,404.0,246.0,235.0
4460500.000000001,-10649250.0,66.0,412.0,277.0,217.0
4460500.000000001,-10549250.0,57.0,395.0,587.0,247.0
4460500.000000001,-10449250.0,64.0,411.0,449.0,218.0
4460500.000000001,-10349250.0,62.0,409.0,409.0,182.0
4460500.000000001,-10249250.0,61.0,403.0,382.0,216.0
4460500.000000001,-10149250.0,62.0,414.0,368.0,230.0
4460500.000000001,-10049250.0,64.0,408.0,426.0,222.0
4460500.000000001,-9949250.0,66.0,404.0,356.0,202.0
4460500.000000001,-9849250.0,67.0,404.0,446.0,241.0
4460500.000000001,-9749250.0,64.0,408.0,526.0,205.0
4460500.000000001,-9649250.0,63.0,408.0,499.0,224.0
4460500.000000001,-9549250.0,55.0,408.0,617.0,291.0
4460500.000000001,-9449250.0,57.0,412.0,653.0,252.0
4460500.000000001,-9349250.0,53.0,421.0,841.0,402.0
4460500.000000001,-9249250.0,52.0,393.0,823.0,345.0
4460500.000000001,-9149250.0,55.0,399.0,615.0,259.0
4460500.000000001,-9049250.0,51.0,409.0,726.0,261.0
4460500.000000001,-8949250.0,46.0,354.0,581.0,319.0
4460500.000000001,50750.0,62.0,381.0,463.0,217.0
4460500.000000001,150750.0,57.0,348.0,299.0,235.0
4460500.000000001,250750.0,65.0,364.0,351.0,211.0
4460500.000000001,350750.0,68.0,361.0,255.0,250.0
4460500.000000001,450750.0,74.0,360.0,320.0,241.0
4460500.000000001,550750.0,76.0,349.0,244.0,222.0
4460500.000000001,650750.0,74.0,360.0,407.0,258.0
4460500.000000001,750750.0,71.0,366.0,541.0,219.0
4460500.000000001,1550750.0,66.0,389.0,450.0,215.0
4460500.000000001,2150750.0,63.0,426.0,453.0,254.0
4460500.000000001,2350750.0,71.0,370.0,386.0,208.0
4460500.000000001,2550750.0,68.0,425.0,541.0,287.0
4460500.000000001,2650750.0,65.0,397.0,548.0,222.0
4460500.000000001,3050750.0,62.0,343.0,434.0,236.0
4460500.000000001,3150750.0,63.0,326.0,443.0,248.0
4460500.000000001,3250750.0,64.0,359.0,503.0,221.0
4460500.000000001,3350750.0,71.0,361.0,359.0,231.0
4460500.000000001,3450750.0,71.0,342.0,295.0,247.0
4460500.000000001,3550750.0,71.0,340.0,280.0,233.0
4460500.000000001,3650750.0,76.0,335.0,280.0,239.0
4460500.000000001,3750750.0,73.0,366.0,279.0,241.0
4460500.000000001,3850750.0,67.0,345.0,640.0,244.0
4460500.000000001,3950750.0,72.0,329.0,349.0,261.0
4460500.000000001,4050750.0,69.0,370.0,383.0,215.0
4460500.000000001,4150750.0,72.0,350.0,365.0,222.0
4460500.000000001,4250750.0,69.0,357.0,460.0,257.0
4460500.000000001,4350750.0,68.0,357.0,570.0,232.0
4460500.000000001,4450750.0,68.0,367.0,366.0,248.0
4460500.000000001,4650750.0,67.0,371.0,402.0,265.0
4460500.000000001,4750750.0,62.0,405.0,575.0,274.0
4460500.000000001,4850750.0,76.0,396.0,276.0,277.0
4460500.000000001,4950750.0,75.0,404.0,289.0,260.0
4460500.000000001,5350750.0,78.0,349.0,168.0,239.0
4460500.000000001,5450750.0,77.0,354.0,246.0,252.0
4460500.000000001,5550750.0,76.0,338.0,175.0,205.0
4460500.000000001,5650750.0,76.0,346.0,194.0,197.0
4460500.000000001,5750750.0,75.0,365.0,166.0,202.0
4460500.000000001,5850750.0,76.0,345.0,175.0,205.0
4460500.000000001,5950750.0,75.0,355.0,204.0,193.0
4460500.000000001,6050750.0,77.0,346.0,203.0,200.0
4460500.000000001,6150750.0,76.0,329.0,135.0,191.0
4460500.000000001,6250750.0,77.0,329.0,127.0,194.0
4460500.000000001,6350750.0,78.0,346.0,139.0,227.0
4460500.000000001,6450750.0,75.0,347.0,246.0,257.0
4460500.000000001,6550750.0,76.0,366.0,229.0,236.0
4460500.000000001,6650750.0,76.0,358.0,232.0,227.0
4460500.000000001,6750750.0,75.0,357.0,246.0,199.0
4460500.000000001,6850750.0,73.0,363.0,235.0,206.0
4460500.000000001,6950750.0,62.0,391.0,577.0,246.0
4460500.000000001,7050750.0,69.0,363.0,430.0,209.0
4460500.000000001,7150750.0,73.0,366.0,366.0,234.0
4460500.000000001,7250750.0,80.0,362.0,222.0,188.0
4460500.000000001,7350750.0,76.0,336.0,181.0,197.0
4460500.000000001,7450750.0,77.0,323.0,238.0,195.0
4460500.000000001,7550750.0,68.0,356.0,385.0,163.0
4460500.000000001,7650750.0,61.0,354.0,324.0,192.0
4460500.000000001,7750750.0,60.0,354.0,268.0,176.0
4460500.000000001,7850750.0,63.0,349.0,215.0,184.0
4460500.000000001,7950750.0,64.0,325.0,230.0,190.0
4460500.000000001,8050750.0,77.0,323.0,208.0,196.0
4460500.000000001,8150750.0,77.0,317.0,191.0,216.0
4460500.000000001,8250750.0,78.0,331.0,184.0,226.0
4460500.000000001,8350750.0,75.0,355.0,265.0,196.0
4460500.000000001,8450750.0,80.0,331.0,218.0,200.0
4460500.000000001,8550750.0,81.0,331.0,252.0,203.0
4460500.000000001,8650750.0,81.0,338.0,171.0,213.0
4460500.000000001,8750750.0,82.0,337.0,185.0,207.0
4460500.000000001,8850750.0,82.0,325.0,182.0,197.0
4460500.000000001,8950750.0,82.0,325.0,127.0,222.0
4460500.000000001,9050750.0,80.0,340.0,139.0,206.0
4460500.000000001,9150750.0,82.0,324.0,116.0,204.0
4460500.000000001,9250750.0,83.0,339.0,135.0,205.0
4460500.000000001,9350750.0,81.0,340.0,124.0,206.0
4460500.000000001,9450750.0,81.0,312.0,159.0,195.0
4460500.000000001,9550750.0,82.0,333.0,103.0,192.0
4460500.000000001,9650750.0,83.0,333.0,124.0,191.0
4460500.000000001,9750750.0,82.0,348.0,95.0,210.0
4460500.000000001,9850750.0,82.0,344.0,163.0,176.0
4460500.000000001,9950750.0,84.0,333.0,107.0,193.0
4460500.000000001,10050750.0,81.0,367.0,159.0,247.0
4460500.000000001,10150750.0,82.0,370.0,143.0,210.0
4460500.000000001,10250750.0,82.0,370.0,152.0,219.0
4460500.000000001,10350750.0,81.0,369.0,189.0,216.0
4460500.000000001,10450750.0,82.0,371.0,130.0,193.0
4460500.000000001,10550750.0,81.0,352.0,235.0,183.0
4460500.000000001,10650750.0,74.0,372.0,352.0,185.0
4460500.000000001,10750750.0,79.0,373.0,151.0,195.0
4460500.000000001,10850750.0,73.0,368.0,234.0,191.0
4460500.000000001,10950750.0,70.0,371.0,291.0,191.0
4460500.000000001,11250750.0,63.0,381.0,377.0,196.0
4460500.000000001,11350750.0,60.0,383.0,273.0,189.0
4460500.000000001,11450750.0,63.0,395.0,276.0,186.0
4460500.000000001,11550750.0,57.0,388.0,514.0,231.0
4460500.000000001,11650750.0,60.0,394.0,495.0,210.0
4460500.000000001,12750750.0,47.0,477.0,772.0,409.0
4460500.000000001,12850750.0,54.0,449.0,761.0,326.0
4360500.000000001,-13149250.0,58.0,391.0,640.0,225.0
4360500.000000001,-13049250.0,70.0,387.0,181.0,252.0
4360500.000000001,-12949250.0,60.0,371.0,563.0,213.0
4360500.000000001,-12749250.0,82.0,266.0,45.0,150.0
4360500.000000001,-12649250.0,79.0,306.0,93.0,154.0
4360500.000000001,-12549250.0,77.0,366.0,166.0,185.0
4360500.000000001,-12449250.0,80.0,366.0,190.0,182.0
4360500.000000001,-12349250.0,77.0,365.0,288.0,185.0
4360500.000000001,-12249250.0,83.0,326.0,70.0,159.0
4360500.000000001,-12149250.0,79.0,352.0,173.0,135.0
4360500.000000001,-12049250.0,73.0,345.0,230.0,156.0
4360500.000000001,-11949250.0,77.0,366.0,254.0,179.0
4360500.000000001,-11849250.0,78.0,354.0,260.0,163.0
4360500.000000001,-11749250.0,60.0,379.0,704.0,271.0
4360500.000000001,-11649250.0,71.0,354.0,301.0,243.0
4360500.000000001,-11549250.0,61.0,309.0,258.0,128.0
4360500.000000001,-11449250.0,72.0,208.0,147.0,150.0
4360500.000000001,-11349250.0,73.0,373.0,158.0,169.0
4360500.000000001,-11249250.0,73.0,391.0,154.0,213.0
4360500.000000001,-11149250.0,67.0,366.0,187.0,204.0
4360500.000000001,-11049250.0,70.0,377.0,264.0,207.0
4360500.000000001,-10949250.0,65.0,406.0,210.0,210.0
4360500.000000001,-10849250.0,67.0,433.0,241.0,296.0
4360500.000000001,-10749250.0,65.0,419.0,250.0,252.0
4360500.000000001,-10649250.0,74.0,420.0,316.0,245.0
4360500.000000001,-10549250.0,65.0,416.0,483.0,208.0
4360500.000000001,-10449250.0,61.0,404.0,297.0,207.0
4360500.000000001,-10349250.0,58.0,403.0,474.0,207.0
4360500.000000001,-10249250.0,60.0,413.0,293.0,214.0
4360500.000000001,-10149250.0,63.0,410.0,242.0,204.0
4360500.000000001,-10049250.0,62.0,398.0,300.0,218.0
4360500.000000001,-9949250.0,59.0,416.0,468.0,195.0
4360500.000000001,-9849250.0,61.0,414.0,390.0,208.0
4360500.000000001,-9749250.0,58.0,404.0,464.0,229.0
4360500.000000001,-9649250.0,55.0,405.0,671.0,234.0
4360500.000000001,-9549250.0,51.0,400.0,853.0,293.0
4360500.000000001,-9449250.0,49.0,418.0,932.0,330.0
4360500.000000001,-9349250.0,41.0,447.0,1678.0,625.0
4360500.000000001,-9249250.0,58.0,399.0,549.0,316.0
4360500.000000001,-9149250.0,51.0,394.0,649.0,240.0
4360500.000000001,-9049250.0,48.0,393.0,852.0,239.0
4360500.000000001,-49250.0,60.0,365.0,293.0,197.0
4360500.000000001,50750.0,58.0,356.0,319.0,174.0
4360500.000000001,150750.0,60.0,359.0,272.0,188.0
4360500.000000001,250750.0,64.0,351.0,298.0,198.0
4360500.000000001,350750.0,69.0,357.0,455.0,219.0
4360500.000000001,450750.0,76.0,374.0,303.0,220.0
4360500.000000001,550750.0,76.0,393.0,258.0,230.0
4360500.000000001,650750.0,73.0,369.0,421.0,238.0
4360500.000000001,2150750.0,61.0,404.0,543.0,227.0
4360500.000000001,2550750.0,71.0,414.0,357.0,236.0
4360500.000000001,2650750.0,70.0,387.0,475.0,214.0
4360500.000000001,3150750.0,65.0,336.0,345.0,245.0
4360500.000000001,3250750.0,66.0,351.0,310.0,264.0
4360500.000000001,3350750.0,69.0,366.0,273.0,234.0
4360500.000000001,3450750.0,77.0,359.0,313.0,233.0
4360500.000000001,3550750.0,77.0,364.0,227.0,251.0
4360500.000000001,3750750.0,76.0,349.0,293.0,283.0
4360500.000000001,3850750.0,76.0,344.0,212.0,256.0
4360500.000000001,3950750.0,77.0,346.0,278.0,346.0
4360500.000000001,4050750.0,72.0,369.0,342.0,282.0
4360500.000000001,4150750.0,68.0,336.0,487.0,257.0
4360500.000000001,4250750.0,66.0,356.0,425.0,295.0
4360500.000000001,4350750.0,69.0,350.0,369.0,305.0
4360500.000000001,4450750.0,74.0,348.0,356.0,277.0
4360500.000000001,4550750.0,73.0,354.0,291.0,231.0
4360500.000000001,4650750.0,78.0,369.0,159.0,180.0
4360500.000000001,4750750.0,65.0,382.0,492.0,258.0
4360500.000000001,4850750.0,71.0,396.0,331.0,237.0
4360500.000000001,4950750.0,72.0,387.0,376.0,268.0
4360500.000000001,5450750.0,79.0,361.0,265.0,252.0
4360500.000000001,5550750.0,77.0,333.0,248.0,199.0
4360500.000000001,5650750.0,78.0,342.0,151.0,213.0
4360500.000000001,5750750.0,76.0,351.0,154.0,199.0
4360500.000000001,5850750.0,76.0,345.0,162.0,210.0
4360500.000000001,5950750.0,76.0,344.0,145.0,208.0
4360500.000000001,6050750.0,74.0,332.0,177.0,194.0
4360500.000000001,6150750.0,76.0,341.0,235.0,204.0
4360500.000000001,6250750.0,78.0,344.0,152.0,175.0
4360500.000000001,6350750.0,78.0,327.0,145.0,178.0
4360500.000000001,6450750.0,76.0,327.0,238.0,261.0
4360500.000000001,6550750.0,73.0,371.0,426.0,204.0
4360500.000000001,6650750.0,65.0,356.0,487.0,250.0
4360500.000000001,6750750.0,65.0,387.0,420.0,255.0
4360500.000000001,6850750.0,70.0,363.0,453.0,268.0
4360500.000000001,6950750.0,70.0,376.0,384.0,229.0
4360500.000000001,7050750.0,61.0,404.0,492.0,301.0
4360500.000000001,7250750.0,77.0,341.0,225.0,200.0
4360500.000000001,7450750.0,72.0,330.0,395.0,162.0
4360500.000000001,7550750.0,58.0,334.0,318.0,197.0
4360500.000000001,7650750.0,58.0,353.0,338.0,191.0
4360500.000000001,7750750.0,55.0,353.0,339.0,243.0
4360500.000000001,7850750.0,57.0,318.0,221.0,194.0
4360500.000000001,7950750.0,65.0,345.0,238.0,201.0
4360500.000000001,8050750.0,70.0,330.0,183.0,210.0
4360500.000000001,8150750.0,70.0,331.0,185.0,219.0
4360500.000000001,8250750.0,71.0,341.0,181.0,210.0
4360500.000000001,8350750.0,73.0,351.0,216.0,241.0
4360500.000000001,8450750.0,79.0,345.0,189.0,218.0
4360500.000000001,8550750.0,79.0,324.0,227.0,203.0
4360500.000000001,8650750.0,81.0,324.0,187.0,204.0
4360500.000000001,8750750.0,81.0,331.0,158.0,221.0
4360500.000000001,8850750.0,78.0,340.0,162.0,216.0
4360500.000000001,8950750.0,74.0,337.0,265.0,227.0
4360500.000000001,9050750.0,76.0,346.0,279.0,245.0
4360500.000000001,9150750.0,70.0,351.0,384.0,261.0
4360500.000000001,9250750.0,76.0,343.0,343.0,209.0
4360500.000000001,9350750.0,77.0,359.0,317.0,199.0
4360500.000000001,9450750.0,82.0,335.0,141.0,224.0
4360500.000000001,9550750.0,81.0,342.0,158.0,204.0
4360500.000000001,9650750.0,83.0,348.0,123.0,192.0
4360500.000000001,9750750.0,82.0,347.0,156.0,200.0
4360500.000000001,9850750.0,83.0,346.0,119.0,187.0
4360500.000000001,9950750.0,81.0,340.0,197.0,177.0
4360500.000000001,10050750.0,83.0,373.0,109.0,172.0
4360500.000000001,10150750.0,83.0,363.0,110.0,193.0
4360500.000000001,10250750.0,83.0,358.0,168.0,181.0
4360500.000000001,10350750.0,82.0,358.0,163.0,182.0
4360500.000000001,10450750.0,80.0,351.0,159.0,175.0
4360500.000000001,10550750.0,70.0,358.0,501.0,234.0
4360500.000000001,10650750.0,71.0,366.0,323.0,215.0
4360500.000000001,10750750.0,79.0,366.0,152.0,227.0
4360500.000000001,11250750.0,68.0,351.0,155.0,205.0
4360500.000000001,11650750.0,63.0,405.0,389.0,231.0
4360500.000000001,12850750.0,51.0,434.0,915.0,363.0
4360500.000000001,12950750.0,52.0,435.0,682.0,316.0
4260500.000000001,-12949250.0,62.0,369.0,308.0,198.0
4260500.000000001,-12849250.0,57.0,341.0,543.0,314.0
4260500.000000001,-12749250.0,74.0,278.0,128.0,147.0
4260500.000000001,-12649250.0,85.0,262.0,39.0,180.0
4260500.000000001,-12549250.0,84.0,256.0,45.0,133.0
4260500.000000001,-12449250.0,79.0,315.0,151.0,161.0
4260500.000000001,-12349250.0,74.0,367.0,295.0,192.0
4260500.000000001,-12249250.0,80.0,361.0,172.0,148.0
4260500.000000001,-12149250.0,75.0,336.0,159.0,193.0
4260500.000000001,-12049250.0,81.0,255.0,80.0,86.0
4260500.000000001,-11949250.0,76.0,345.0,197.0,129.0
4260500.000000001,-11849250.0,65.0,406.0,533.0,298.0
4260500.000000001,-11749250.0,71.0,372.0,274.0,213.0
4260500.000000001,-11649250.0,73.0,336.0,201.0,182.0
4260500.000000001,-11549250.0,77.0,339.0,107.0,146.0
4260500.000000001,-11449250.0,77.0,364.0,173.0,169.0
4260500.000000001,-11349250.0,77.0,391.0,162.0,188.0
4260500.000000001,-11249250.0,74.0,376.0,139.0,182.0
4260500.000000001,-11149250.0,73.0,374.0,160.0,182.0
4260500.000000001,-11049250.0,66.0,363.0,188.0,200.0
4260500.000000001,-10949250.0,64.0,314.0,251.0,152.0
4260500.000000001,-10849250.0,65.0,427.0,248.0,247.0
4260500.000000001,-10749250.0,63.0,424.0,317.0,255.0
4260500.000000001,-10649250.0,62.0,409.0,386.0,252.0
4260500.000000001,-10549250.0,62.0,405.0,349.0,198.0
4260500.000000001,-10449250.0,58.0,425.0,345.0,174.0
4260500.000000001,-10349250.0,64.0,412.0,395.0,195.0
4260500.000000001,-10249250.0,60.0,409.0,412.0,215.0
4260500.000000001,-10149250.0,60.0,410.0,236.0,186.0
4260500.000000001,-10049250.0,63.0,397.0,381.0,243.0
4260500.000000001,-9949250.0,58.0,418.0,600.0,197.0
4260500.000000001,-9849250.0,60.0,409.0,371.0,208.0
4260500.000000001,-9749250.0,59.0,412.0,365.0,238.0
4260500.000000001,-9649250.0,54.0,402.0,625.0,211.0
4260500.000000001,-9549250.0,51.0,399.0,648.0,245.0
4260500.000000001,-9449250.0,54.0,433.0,888.0,428.0
4260500.000000001,-9349250.0,45.0,436.0,981.0,460.0
4260500.000000001,-9249250.0,60.0,406.0,423.0,219.0
4260500.000000001,-9149250.0,53.0,360.0,349.0,236.0
4260500.000000001,50750.0,60.0,357.0,241.0,164.0
4260500.000000001,150750.0,65.0,362.0,241.0,205.0
4260500.000000001,250750.0,65.0,365.0,208.0,224.0
4260500.000000001,350750.0,69.0,370.0,403.0,211.0
4260500.000000001,450750.0,74.0,376.0,309.0,221.0
4260500.000000001,550750.0,75.0,367.0,300.0,220.0
4260500.000000001,650750.0,78.0,383.0,238.0,214.0
4260500.000000001,2750750.0,77.0,387.0,295.0,227.0
4260500.000000001,3050750.0,68.0,343.0,384.0,250.0
4260500.000000001,3150750.0,65.0,336.0,319.0,266.0
4260500.000000001,3250750.0,68.0,353.0,263.0,282.0
4260500.000000001,3350750.0,69.0,347.0,274.0,222.0
4260500.000000001,3450750.0,71.0,344.0,285.0,246.0
4260500.000000001,3550750.0,77.0,352.0,229.0,233.0
4260500.000000001,3650750.0,75.0,353.0,287.0,217.0
4260500.000000001,3750750.0,77.0,344.0,297.0,248.0
4260500.000000001,3850750.0,75.0,336.0,287.0,252.0
4260500.000000001,3950750.0,76.0,360.0,252.0,280.0
4260500.000000001,4050750.0,74.0,346.0,254.0,306.0
4260500.000000001,4150750.0,72.0,355.0,478.0,298.0
4260500.000000001,4250750.0,72.0,348.0,389.0,292.0
4260500.000000001,4350750.0,72.0,346.0,396.0,242.0
4260500.000000001,4450750.0,70.0,345.0,469.0,267.0
4260500.000000001,4550750.0,73.0,339.0,367.0,254.0
4260500.000000001,4650750.0,78.0,342.0,145.0,209.0
4260500.000000001,4750750.0,77.0,348.0,152.0,180.0
4260500.000000001,4850750.0,70.0,381.0,277.0,210.0
4260500.000000001,4950750.0,74.0,352.0,230.0,228.0
4260500.000000001,5450750.0,77.0,328.0,293.0,244.0
4260500.000000001,5550750.0,79.0,359.0,186.0,251.0
4260500.000000001,5650750.0,75.0,353.0,215.0,201.0
4260500.000000001,5750750.0,78.0,349.0,142.0,202.0
4260500.000000001,5850750.0,78.0,336.0,149.0,206.0
4260500.000000001,5950750.0,76.0,332.0,148.0,199.0
4260500.000000001,6050750.0,76.0,339.0,146.0,213.0
4260500.000000001,6150750.0,78.0,337.0,149.0,203.0
4260500.000000001,6250750.0,79.0,326.0,141.0,190.0
4260500.000000001,6350750.0,77.0,340.0,162.0,145.0
4260500.000000001,6450750.0,78.0,346.0,141.0,198.0
4260500.000000001,6550750.0,75.0,356.0,255.0,187.0
4260500.000000001,6650750.0,75.0,357.0,239.0,190.0
4260500.000000001,6750750.0,71.0,361.0,364.0,220.0
4260500.000000001,6850750.0,70.0,370.0,398.0,254.0
4260500.000000001,6950750.0,74.0,350.0,322.0,231.0
4260500.000000001,7050750.0,66.0,389.0,455.0,273.0
4260500.000000001,7150750.0,74.0,371.0,384.0,243.0
4260500.000000001,7250750.0,77.0,385.0,344.0,272.0
4260500.000000001,7350750.0,78.0,339.0,315.0,213.0
4260500.000000001,7450750.0,76.0,333.0,286.0,173.0
4260500.000000001,7550750.0,69.0,345.0,275.0,199.0
4260500.000000001,7650750.0,61.0,318.0,270.0,196.0
4260500.000000001,7750750.0,63.0,323.0,284.0,215.0
4260500.000000001,7850750.0,71.0,325.0,247.0,206.0
4260500.000000001,7950750.0,74.0,329.0,207.0,208.0
4260500.000000001,8050750.0,71.0,334.0,235.0,216.0
4260500.000000001,8150750.0,75.0,349.0,220.0,217.0
4260500.000000001,8250750.0,74.0,343.0,186.0,207.0
4260500.000000001,8350750.0,79.0,327.0,209.0,216.0
4260500.000000001,8450750.0,78.0,348.0,136.0,216.0
4260500.000000001,8550750.0,72.0,345.0,258.0,201.0
4260500.000000001,8650750.0,80.0,344.0,92.0,200.0
4260500.000000001,8750750.0,84.0,328.0,145.0,189.0
4260500.000000001,8850750.0,83.0,313.0,118.0,182.0
4260500.000000001,8950750.0,82.0,328.0,126.0,186.0
4260500.000000001,9050750.0,71.0,372.0,362.0,235.0
4260500.000000001,9150750.0,75.0,350.0,243.0,244.0
4260500.000000001,9350750.0,72.0,349.0,435.0,235.0
4260500.000000001,9450750.0,77.0,367.0,393.0,203.0
4260500.000000001,9550750.0,75.0,360.0,385.0,265.0
4260500.000000001,9650750.0,82.0,360.0,183.0,206.0
4260500.000000001,9750750.0,82.0,346.0,115.0,216.0
4260500.000000001,9850750.0,84.0,357.0,114.0,219.0
4260500.000000001,9950750.0,82.0,367.0,137.0,172.0
4260500.000000001,10050750.0,84.0,331.0,135.0,174.0
4260500.000000001,10150750.0,83.0,387.0,150.0,197.0
4260500.000000001,10250750.0,84.0,366.0,98.0,207.0
4260500.000000001,10350750.0,83.0,354.0,128.0,174.0
4260500.000000001,10450750.0,68.0,347.0,486.0,180.0
4260500.000000001,10550750.0,75.0,355.0,323.0,193.0
4260500.000000001,10650750.0,76.0,373.0,275.0,156.0
4260500.000000001,10750750.0,79.0,379.0,161.0,187.0
4260500.000000001,10850750.0,78.0,353.0,166.0,226.0
4260500.000000001,10950750.0,81.0,359.0,154.0,230.0
4260500.000000001,11650750.0,65.0,371.0,227.0,195.0
4260500.000000001,11750750.0,63.0,388.0,363.0,172.0
4260500.000000001,11850750.0,58.0,391.0,541.0,171.0
4260500.000000001,11950750.0,58.0,393.0,577.0,225.0
4260500.000000001,12950750.0,48.0,425.0,929.0,373.0
4160500.000000001,-13049250.0,62.0,381.0,458.0,235.0
4160500.000000001,-12949250.0,70.0,337.0,248.0,246.0
4160500.000000001,-12849250.0,59.0,306.0,258.0,226.0
4160500.000000001,-12749250.0,73.0,270.0,81.0,121.0
4160500.000000001,-12649250.0,82.0,255.0,41.0,153.0
4160500.000000001,-12549250.0,81.0,324.0,67.0,148.0
4160500.000000001,-12449250.0,84.0,276.0,56.0,169.0
4160500.000000001,-12349250.0,75.0,298.0,144.0,163.0
4160500.000000001,-12249250.0,66.0,367.0,455.0,222.0
4160500.000000001,-12149250.0,80.0,293.0,60.0,61.0
4160500.000000001,-12049250.0,79.0,276.0,77.0,55.0
4160500.000000001,-11949250.0,80.0,278.0,65.0,88.0
4160500.000000001,-11849250.0,61.0,392.0,461.0,280.0
4160500.000000001,-11749250.0,62.0,383.0,473.0,229.0
4160500.000000001,-11649250.0,79.0,277.0,114.0,140.0
4160500.000000001,-11549250.0,70.0,363.0,213.0,212.0
4160500.000000001,-11449250.0,77.0,379.0,188.0,198.0
4160500.000000001,-11349250.0,76.0,384.0,132.0,180.0
4160500.000000001,-11249250.0,72.0,374.0,155.0,199.0
4160500.000000001,-11149250.0,73.0,367.0,127.0,164.0
4160500.000000001,-11049250.0,69.0,360.0,192.0,162.0
4160500.000000001,-10949250.0,62.0,358.0,242.0,160.0
4160500.000000001,-10849250.0,62.0,396.0,277.0,247.0
4160500.000000001,-10749250.0,63.0,409.0,338.0,218.0
4160500.000000001,-10649250.0,61.0,407.0,271.0,174.0
4160500.000000001,-10549250.0,60.0,407.0,316.0,186.0
4160500.000000001,-10449250.0,58.0,389.0,371.0,162.0
4160500.000000001,-10349250.0,49.0,398.0,341.0,132.0
4160500.000000001,-10249250.0,53.0,402.0,360.0,154.0
4160500.000000001,-10149250.0,59.0,416.0,420.0,216.0
4160500.000000001,-10049250.0,51.0,416.0,553.0,182.0
4160500.000000001,-9949250.0,50.0,412.0,424.0,167.0
4160500.000000001,-9849250.0,54.0,380.0,406.0,199.0
4160500.000000001,-9749250.0,53.0,397.0,431.0,195.0
4160500.000000001,-9649250.0,57.0,401.0,436.0,238.0
4160500.000000001,-9549250.0,50.0,389.0,557.0,302.0
4160500.000000001,-9449250.0,48.0,412.0,864.0,349.0
4160500.000000001,-9349250.0,55.0,401.0,372.0,171.0
4160500.000000001,-9249250.0,51.0,395.0,319.0,165.0
4160500.000000001,-9149250.0,48.0,358.0,427.0,156.0
4160500.000000001,-49250.0,61.0,364.0,295.0,210.0
4160500.000000001,50750.0,63.0,355.0,415.0,182.0
4160500.000000001,250750.0,78.0,375.0,198.0,242.0
4160500.000000001,350750.0,76.0,368.0,253.0,228.0
4160500.000000001,450750.0,76.0,382.0,280.0,206.0
4160500.000000001,1950750.0,75.0,370.0,232.0,207.0
4160500.000000001,2650750.0,71.0,399.0,315.0,214.0
4160500.000000001,3150750.0,65.0,346.0,336.0,248.0
4160500.000000001,3250750.0,64.0,327.0,331.0,265.0
4160500.000000001,3350750.0,70.0,349.0,284.0,263.0
4160500.000000001,3450750.0,66.0,355.0,386.0,253.0
4160500.000000001,3550750.0,71.0,345.0,249.0,234.0
4160500.000000001,3650750.0,74.0,322.0,196.0,191.0
4160500.000000001,3750750.0,65.0,313.0,409.0,276.0
4160500.000000001,3850750.0,65.0,341.0,250.0,262.0
4160500.000000001,3950750.0,69.0,343.0,319.0,237.0
4160500.000000001,4050750.0,72.0,343.0,249.0,287.0
4160500.000000001,4150750.0,72.0,338.0,339.0,352.0
4160500.000000001,4250750.0,71.0,347.0,336.0,290.0
4160500.000000001,4350750.0,73.0,346.0,347.0,327.0
4160500.000000001,4450750.0,71.0,353.0,470.0,285.0
4160500.000000001,4550750.0,69.0,351.0,434.0,304.0
4160500.000000001,4650750.0,72.0,360.0,419.0,250.0
4160500.000000001,4850750.0,76.0,347.0,230.0,199.0
4160500.000000001,4950750.0,75.0,358.0,190.0,224.0
4160500.000000001,5050750.0,67.0,427.0,418.0,294.0
4160500.000000001,5550750.0,76.0,353.0,233.0,265.0
4160500.000000001,5650750.0,77.0,343.0,302.0,201.0
4160500.000000001,5750750.0,77.0,342.0,182.0,195.0
4160500.000000001,5850750.0,76.0,343.0,239.0,181.0
4160500.000000001,5950750.0,78.0,331.0,146.0,225.0
4160500.000000001,6050750.0,78.0,332.0,178.0,169.0
4160500.000000001,6150750.0,78.0,330.0,150.0,172.0
4160500.000000001,6250750.0,78.0,324.0,208.0,190.0
4160500.000000001,6350750.0,78.0,334.0,217.0,249.0
4160500.000000001,6550750.0,77.0,338.0,190.0,221.0
4160500.000000001,6650750.0,77.0,335.0,182.0,177.0
4160500.000000001,6750750.0,77.0,334.0,198.0,194.0
4160500.000000001,6850750.0,75.0,348.0,307.0,206.0
4160500.000000001,6950750.0,70.0,365.0,385.0,265.0
4160500.000000001,7050750.0,66.0,374.0,507.0,232.0
4160500.000000001,7150750.0,72.0,375.0,383.0,284.0
4160500.000000001,7250750.0,76.0,396.0,329.0,292.0
4160500.000000001,7350750.0,77.0,347.0,413.0,228.0
4160500.000000001,7450750.0,76.0,340.0,343.0,195.0
4160500.000000001,7550750.0,76.0,327.0,277.0,185.0
4160500.000000001,7650750.0,75.0,327.0,221.0,187.0
4160500.000000001,7750750.0,74.0,324.0,290.0,186.0
4160500.000000001,7850750.0,77.0,323.0,254.0,206.0
4160500.000000001,7950750.0,79.0,343.0,188.0,208.0
4160500.000000001,8050750.0,76.0,329.0,207.0,220.0
4160500.000000001,8150750.0,79.0,328.0,145.0,220.0
4160500.000000001,8250750.0,79.0,349.0,181.0,215.0
4160500.000000001,8350750.0,79.0,359.0,218.0,196.0
4160500.000000001,8550750.0,80.0,351.0,184.0,206.0
4160500.000000001,8650750.0,78.0,327.0,167.0,168.0
4160500.000000001,8750750.0,76.0,351.0,241.0,255.0
4160500.000000001,8850750.0,82.0,318.0,92.0,194.0
4160500.000000001,8950750.0,82.0,312.0,144.0,169.0
4160500.000000001,9050750.0,83.0,315.0,101.0,195.0
4160500.000000001,9150750.0,80.0,328.0,160.0,184.0
4160500.000000001,9250750.0,81.0,333.0,143.0,163.0
4160500.000000001,9350750.0,81.0,340.0,151.0,205.0
4160500.000000001,9450750.0,79.0,360.0,273.0,199.0
4160500.000000001,9550750.0,77.0,361.0,468.0,254.0
4160500.000000001,9650750.0,78.0,367.0,543.0,246.0
4160500.000000001,9750750.0,67.0,359.0,573.0,175.0
4160500.000000001,9850750.0,80.0,358.0,294.0,236.0
4160500.000000001,9950750.0,79.0,352.0,301.0,197.0
4160500.000000001,10050750.0,83.0,365.0,125.0,190.0
4160500.000000001,10150750.0,82.0,357.0,150.0,192.0
4160500.000000001,10250750.0,80.0,361.0,253.0,214.0
4160500.000000001,10350750.0,82.0,357.0,213.0,176.0
4160500.000000001,10450750.0,82.0,364.0,198.0,199.0
4160500.000000001,10550750.0,68.0,353.0,458.0,198.0
4160500.000000001,10650750.0,80.0,364.0,224.0,170.0
4160500.000000001,10750750.0,75.0,350.0,230.0,188.0
4160500.000000001,10950750.0,79.0,358.0,178.0,215.0
4160500.000000001,11050750.0,80.0,327.0,133.0,183.0
4160500.000000001,11150750.0,79.0,327.0,133.0,219.0
4160500.000000001,11350750.0,69.0,292.0,124.0,214.0
4160500.000000001,11450750.0,65.0,327.0,262.0,177.0
4160500.000000001,11950750.0,59.0,382.0,461.0,164.0
4160500.000000001,12050750.0,56.0,402.0,723.0,177.0
4160500.000000001,12950750.0,49.0,421.0,773.0,330.0
4160500.000000001,13050750.0,50.0,430.0,845.0,275.0
4160500.000000001,13150750.0,55.0,442.0,590.0,256.0
4060500.000000001,-13049250.0,70.0,346.0,301.0,181.0
4060500.000000001,-12949250.0,74.0,356.0,467.0,237.0
4060500.000000001,-12849250.0,70.0,330.0,309.0,206.0
4060500.000000001,-12749250.0,67.0,292.0,134.0,113.0
4060500.000000001,-12649250.0,89.0,283.0,135.0,254.0
4060500.000000001,-12549250.0,80.0,286.0,59.0,107.0
4060500.000000001,-12449250.0,84.0,283.0,32.0,76.0
4060500.000000001,-12349250.0,70.0,316.0,119.0,148.0
4060500.000000001,-12249250.0,70.0,321.0,117.0,168.0
4060500.000000001,-12149250.0,79.0,296.0,68.0,67.0
4060500.000000001,-12049250.0,74.0,345.0,115.0,159.0
4060500.000000001,-11949250.0,65.0,343.0,549.0,197.0
4060500.000000001,-11849250.0,77.0,344.0,160.0,177.0
4060500.000000001,-11749250.0,62.0,360.0,469.0,211.0
4060500.000000001,-11649250.0,76.0,320.0,100.0,172.0
4060500.000000001,-11549250.0,74.0,345.0,185.0,189.0
4060500.000000001,-11449250.0,72.0,394.0,200.0,189.0
4060500.000000001,-11349250.0,75.0,324.0,143.0,170.0
4060500.000000001,-11249250.0,75.0,374.0,160.0,195.0
4060500.000000001,-11149250.0,73.0,334.0,136.0,158.0
4060500.000000001,-11049250.0,71.0,292.0,180.0,132.0
4060500.000000001,-10949250.0,63.0,314.0,624.0,160.0
4060500.000000001,-10849250.0,60.0,348.0,752.0,222.0
4060500.000000001,-10749250.0,60.0,404.0,291.0,226.0
4060500.000000001,-10649250.0,55.0,401.0,321.0,225.0
4060500.000000001,-10549250.0,56.0,406.0,337.0,172.0
4060500.000000001,-10449250.0,61.0,406.0,309.0,149.0
4060500.000000001,-10349250.0,54.0,410.0,321.0,127.0
4060500.000000001,-10249250.0,57.0,399.0,303.0,140.0
4060500.000000001,-10149250.0,58.0,410.0,328.0,187.0
4060500.000000001,-10049250.0,51.0,398.0,303.0,133.0
4060500.000000001,-9949250.0,55.0,395.0,386.0,191.0
4060500.000000001,-9849250.0,54.0,386.0,349.0,136.0
4060500.000000001,-9749250.0,51.0,370.0,358.0,144.0
4060500.000000001,-9649250.0,50.0,396.0,431.0,193.0
4060500.000000001,-9549250.0,59.0,395.0,399.0,202.0
4060500.000000001,-9449250.0,52.0,438.0,507.0,225.0
4060500.000000001,-9349250.0,54.0,388.0,278.0,128.0
4060500.000000001,-9249250.0,51.0,359.0,296.0,135.0
4060500.000000001,-9149250.0,50.0,333.0,448.0,158.0
4060500.000000001,-9049250.0,46.0,350.0,575.0,235.0
4060500.000000001,150750.0,63.0,369.0,281.0,255.0
4060500.000000001,750750.0,69.0,371.0,427.0,207.0
4060500.000000001,850750.0,69.0,408.0,254.0,256.0
4060500.000000001,950750.0,65.0,376.0,308.0,224.0
4060500.000000001,1050750.0,64.0,357.0,409.0,236.0
4060500.000000001,1150750.0,68.0,370.0,287.0,227.0
4060500.000000001,1250750.0,67.0,375.0,251.0,235.0
4060500.000000001,1350750.0,69.0,399.0,260.0,259.0
4060500.000000001,1450750.0,75.0,368.0,237.0,206.0
4060500.000000001,1550750.0,75.0,364.0,232.0,233.0
4060500.000000001,3350750.0,71.0,343.0,285.0,277.0
4060500.000000001,3550750.0,67.0,342.0,353.0,285.0
4060500.000000001,3650750.0,73.0,348.0,262.0,258.0
4060500.000000001,3950750.0,70.0,338.0,322.0,245.0
4060500.000000001,4050750.0,75.0,341.0,165.0,311.0
4060500.000000001,4150750.0,77.0,344.0,179.0,270.0
4060500.000000001,4250750.0,77.0,335.0,172.0,291.0
4060500.000000001,4350750.0,77.0,342.0,186.0,271.0
4060500.000000001,4450750.0,75.0,344.0,255.0,307.0
4060500.000000001,4550750.0,74.0,338.0,274.0,319.0
4060500.000000001,4650750.0,74.0,340.0,348.0,339.0
4060500.000000001,4750750.0,75.0,361.0,313.0,295.0
4060500.000000001,4850750.0,73.0,355.0,207.0,273.0
4060500.000000001,4950750.0,75.0,344.0,205.0,230.0
4060500.000000001,5050750.0,75.0,363.0,223.0,208.0
4060500.000000001,5150750.0,73.0,363.0,235.0,221.0
4060500.000000001,5250750.0,68.0,408.0,439.0,236.0
4060500.000000001,5350750.0,68.0,376.0,326.0,235.0
4060500.000000001,5450750.0,72.0,354.0,391.0,226.0
4060500.000000001,5550750.0,76.0,335.0,262.0,171.0
4060500.000000001,5650750.0,78.0,338.0,191.0,195.0
4060500.000000001,5750750.0,77.0,316.0,195.0,208.0
4060500.000000001,5850750.0,79.0,331.0,165.0,200.0
4060500.000000001,5950750.0,76.0,314.0,389.0,169.0
4060500.000000001,6050750.0,79.0,322.0,155.0,238.0
4060500.000000001,6150750.0,79.0,315.0,209.0,191.0
4060500.000000001,6250750.0,79.0,334.0,212.0,197.0
4060500.000000001,6350750.0,77.0,337.0,269.0,210.0
4060500.000000001,6450750.0,76.0,331.0,270.0,226.0
4060500.000000001,6550750.0,77.0,332.0,235.0,210.0
4060500.000000001,6650750.0,77.0,326.0,188.0,200.0
4060500.000000001,6750750.0,78.0,336.0,298.0,186.0
4060500.000000001,6850750.0,74.0,349.0,336.0,241.0
4060500.000000001,6950750.0,69.0,357.0,532.0,250.0
4060500.000000001,7050750.0,67.0,367.0,459.0,271.0
4060500.000000001,7150750.0,70.0,392.0,427.0,286.0
4060500.000000001,7250750.0,69.0,382.0,432.0,260.0
4060500.000000001,7350750.0,75.0,358.0,303.0,241.0
4060500.000000001,7450750.0,75.0,366.0,426.0,292.0
4060500.000000001,7550750.0,77.0,353.0,313.0,235.0
4060500.000000001,7650750.0,77.0,367.0,300.0,229.0
4060500.000000001,7750750.0,80.0,313.0,256.0,164.0
4060500.000000001,7850750.0,79.0,333.0,253.0,174.0
4060500.000000001,7950750.0,80.0,340.0,173.0,220.0
4060500.000000001,8050750.0,77.0,324.0,385.0,202.0
4060500.000000001,8150750.0,77.0,334.0,230.0,213.0
4060500.000000001,8250750.0,78.0,334.0,218.0,211.0
4060500.000000001,8350750.0,75.0,358.0,272.0,268.0
4060500.000000001,8450750.0,71.0,361.0,319.0,242.0
4060500.000000001,8550750.0,71.0,358.0,279.0,247.0
4060500.000000001,8650750.0,77.0,354.0,183.0,230.0
4060500.000000001,8750750.0,75.0,354.0,259.0,241.0
4060500.000000001,8850750.0,74.0,346.0,268.0,194.0
4060500.000000001,8950750.0,82.0,321.0,87.0,196.0
4060500.000000001,9050750.0,80.0,306.0,89.0,216.0
4060500.000000001,9150750.0,83.0,308.0,111.0,149.0
4060500.000000001,9250750.0,83.0,318.0,90.0,152.0
4060500.000000001,9350750.0,90.0,332.0,119.0,172.0
4060500.000000001,9450750.0,82.0,358.0,177.0,236.0
4060500.000000001,9550750.0,82.0,327.0,161.0,171.0
4060500.000000001,9650750.0,77.0,349.0,362.0,171.0
4060500.000000001,9750750.0,82.0,348.0,291.0,155.0
4060500.000000001,9850750.0,81.0,390.0,394.0,187.0
4060500.000000001,9950750.0,82.0,374.0,223.0,178.0
4060500.000000001,10050750.0,83.0,365.0,213.0,174.0
4060500.000000001,10150750.0,82.0,360.0,181.0,189.0
4060500.000000001,10250750.0,82.0,374.0,313.0,222.0
4060500.000000001,10350750.0,82.0,372.0,336.0,234.0
4060500.000000001,10450750.0,79.0,375.0,254.0,203.0
4060500.000000001,10550750.0,82.0,364.0,209.0,213.0
4060500.000000001,10650750.0,80.0,368.0,131.0,208.0
4060500.000000001,10750750.0,69.0,363.0,351.0,205.0
4060500.000000001,10850750.0,70.0,356.0,300.0,222.0
4060500.000000001,10950750.0,81.0,352.0,121.0,196.0
4060500.000000001,11050750.0,77.0,335.0,136.0,241.0
4060500.000000001,11150750.0,70.0,348.0,233.0,213.0
4060500.000000001,11250750.0,70.0,361.0,248.0,234.0
4060500.000000001,12050750.0,58.0,382.0,261.0,137.0
4060500.000000001,12150750.0,58.0,377.0,381.0,164.0
4060500.000000001,12950750.0,48.0,452.0,924.0,324.0
4060500.000000001,13050750.0,58.0,426.0,800.0,252.0
4060500.000000001,13150750.0,54.0,434.0,609.0,305.0
3960500.000000001,-12949250.0,75.0,345.0,187.0,266.0
3960500.000000001,-12849250.0,73.0,319.0,198.0,235.0
3960500.000000001,-12749250.0,81.0,264.0,53.0,129.0
3960500.000000001,-12649250.0,83.0,254.0,44.0,78.0
3960500.000000001,-12549250.0,82.0,258.0,44.0,98.0
3960500.000000001,-12449250.0,80.0,273.0,60.0,105.0
3960500.000000001,-12349250.0,78.0,324.0,124.0,112.0
3960500.000000001,-12249250.0,75.0,326.0,105.0,150.0
3960500.000000001,-12149250.0,83.0,310.0,41.0,148.0
3960500.000000001,-12049250.0,80.0,311.0,63.0,166.0
3960500.000000001,-11949250.0,78.0,317.0,83.0,164.0
3960500.000000001,-11849250.0,76.0,314.0,98.0,184.0
3960500.000000001,-11749250.0,77.0,328.0,168.0,126.0
3960500.000000001,-11649250.0,69.0,383.0,237.0,177.0
3960500.000000001,-11549250.0,72.0,326.0,328.0,127.0
3960500.000000001,-11449250.0,73.0,334.0,119.0,151.0
3960500.000000001,-11349250.0,76.0,365.0,174.0,171.0
3960500.000000001,-11249250.0,73.0,376.0,187.0,185.0
3960500.000000001,-11149250.0,72.0,300.0,163.0,171.0
3960500.000000001,-11049250.0,68.0,342.0,229.0,138.0
3960500.000000001,-10949250.0,62.0,372.0,320.0,145.0
3960500.000000001,-10849250.0,58.0,304.0,589.0,125.0
3960500.000000001,-10749250.0,58.0,372.0,546.0,177.0
3960500.000000001,-10649250.0,57.0,379.0,399.0,218.0
3960500.000000001,-10549250.0,55.0,371.0,346.0,166.0
3960500.000000001,-10449250.0,55.0,388.0,286.0,157.0
3960500.000000001,-10349250.0,61.0,402.0,334.0,228.0
3960500.000000001,-10249250.0,65.0,398.0,288.0,234.0
3960500.000000001,-10149250.0,56.0,405.0,299.0,148.0
3960500.000000001,-10049250.0,52.0,384.0,349.0,148.0
3960500.000000001,-9949250.0,55.0,394.0,319.0,138.0
3960500.000000001,-9849250.0,58.0,385.0,315.0,152.0
3960500.000000001,-9749250.0,54.0,386.0,365.0,157.0
3960500.000000001,-9649250.0,46.0,430.0,780.0,365.0
3960500.000000001,-9449250.0,54.0,381.0,359.0,114.0
3960500.000000001,-9349250.0,51.0,359.0,312.0,112.0
3960500.000000001,-9249250.0,49.0,344.0,388.0,155.0
3960500.000000001,-9149250.0,50.0,309.0,400.0,153.0
3960500.000000001,-9049250.0,49.0,369.0,565.0,342.0
3960500.000000001,-8949250.0,47.0,351.0,894.0,350.0
3960500.000000001,550750.0,76.0,370.0,197.0,243.0
3960500.000000001,650750.0,75.0,337.0,232.0,245.0
3960500.000000001,750750.0,74.0,378.0,201.0,219.0
3960500.000000001,850750.0,75.0,370.0,148.0,173.0
3960500.000000001,950750.0,75.0,357.0,116.0,166.0
3960500.000000001,1050750.0,79.0,339.0,128.0,128.0
3960500.000000001,1150750.0,75.0,359.0,237.0,166.0
3960500.000000001,1250750.0,76.0,366.0,142.0,151.0
3960500.000000001,1350750.0,78.0,325.0,191.0,180.0
3960500.000000001,1450750.0,76.0,321.0,139.0,162.0
3960500.000000001,1550750.0,76.0,321.0,154.0,175.0
3960500.000000001,3950750.0,75.0,352.0,248.0,312.0
3960500.000000001,4050750.0,78.0,337.0,143.0,199.0
3960500.000000001,4150750.0,81.0,349.0,94.0,177.0
3960500.000000001,4250750.0,80.0,320.0,90.0,191.0
3960500.000000001,4350750.0,78.0,341.0,138.0,173.0
3960500.000000001,4450750.0,78.0,318.0,160.0,225.0
3960500.000000001,4550750.0,78.0,329.0,159.0,256.0
3960500.000000001,4650750.0,76.0,341.0,216.0,298.0
3960500.000000001,4750750.0,72.0,345.0,319.0,348.0
3960500.000000001,4850750.0,73.0,354.0,316.0,323.0
3960500.000000001,4950750.0,76.0,344.0,219.0,270.0
3960500.000000001,5050750.0,76.0,344.0,180.0,254.0
3960500.000000001,5150750.0,77.0,340.0,217.0,226.0
3960500.000000001,5250750.0,77.0,342.0,202.0,211.0
3960500.000000001,5350750.0,76.0,335.0,189.0,189.0
3960500.000000001,5450750.0,75.0,333.0,116.0,192.0
3960500.000000001,5550750.0,76.0,337.0,104.0,189.0
3960500.000000001,5650750.0,79.0,315.0,116.0,161.0
3960500.000000001,5750750.0,78.0,311.0,159.0,200.0
3960500.000000001,5850750.0,79.0,314.0,149.0,207.0
3960500.000000001,5950750.0,79.0,314.0,241.0,233.0
3960500.000000001,6050750.0,79.0,312.0,133.0,201.0
3960500.000000001,6150750.0,79.0,338.0,199.0,215.0
3960500.000000001,6250750.0,76.0,334.0,282.0,258.0
3960500.000000001,6350750.0,77.0,331.0,376.0,293.0
3960500.000000001,6450750.0,77.0,300.0,333.0,226.0
3960500.000000001,6550750.0,77.0,333.0,276.0,242.0
3960500.000000001,6650750.0,71.0,359.0,464.0,238.0
3960500.000000001,6750750.0,75.0,354.0,269.0,291.0
3960500.000000001,6850750.0,78.0,330.0,235.0,229.0
3960500.000000001,6950750.0,68.0,361.0,395.0,283.0
3960500.000000001,7050750.0,62.0,377.0,572.0,251.0
3960500.000000001,7150750.0,63.0,378.0,536.0,296.0
3960500.000000001,7250750.0,63.0,390.0,432.0,284.0
3960500.000000001,7350750.0,70.0,388.0,411.0,234.0
3960500.000000001,7450750.0,74.0,374.0,390.0,234.0
3960500.000000001,7550750.0,72.0,345.0,474.0,216.0
3960500.000000001,7650750.0,76.0,359.0,276.0,266.0
3960500.000000001,7750750.0,78.0,347.0,310.0,214.0
3960500.000000001,7850750.0,76.0,370.0,393.0,220.0
3960500.000000001,7950750.0,78.0,330.0,310.0,186.0
3960500.000000001,8050750.0,78.0,332.0,251.0,216.0
3960500.000000001,8150750.0,80.0,327.0,114.0,221.0
3960500.000000001,8250750.0,80.0,341.0,137.0,193.0
3960500.000000001,8350750.0,76.0,342.0,173.0,221.0
3960500.000000001,8450750.0,75.0,352.0,210.0,219.0
3960500.000000001,8550750.0,80.0,357.0,193.0,201.0
3960500.000000001,8650750.0,78.0,346.0,208.0,222.0
3960500.000000001,8850750.0,74.0,354.0,287.0,236.0
3960500.000000001,9050750.0,76.0,354.0,150.0,198.0
3960500.000000001,9150750.0,76.0,364.0,285.0,251.0
3960500.000000001,9250750.0,79.0,356.0,248.0,241.0
3960500.000000001,9350750.0,77.0,361.0,226.0,248.0
3960500.000000001,9450750.0,77.0,347.0,265.0,208.0
3960500.000000001,9550750.0,76.0,360.0,409.0,244.0
3960500.000000001,9650750.0,74.0,362.0,427.0,210.0
3960500.000000001,9750750.0,76.0,364.0,298.0,196.0
3960500.000000001,9850750.0,74.0,381.0,489.0,199.0
3960500.000000001,9950750.0,80.0,384.0,369.0,195.0
3960500.000000001,10050750.0,80.0,397.0,451.0,244.0
3960500.000000001,10150750.0,79.0,403.0,430.0,276.0
3960500.000000001,10250750.0,77.0,382.0,336.0,216.0
3960500.000000001,10350750.0,81.0,373.0,268.0,232.0
3960500.000000001,10450750.0,75.0,380.0,377.0,225.0
3960500.000000001,10550750.0,80.0,380.0,254.0,197.0
3960500.000000001,10650750.0,80.0,378.0,141.0,202.0
3960500.000000001,10750750.0,69.0,375.0,346.0,181.0
3960500.000000001,10850750.0,79.0,384.0,176.0,266.0
3960500.000000001,10950750.0,76.0,386.0,223.0,253.0
3960500.000000001,11150750.0,79.0,343.0,101.0,239.0
3960500.000000001,11250750.0,68.0,374.0,173.0,222.0
3960500.000000001,11350750.0,68.0,362.0,142.0,219.0
3960500.000000001,11450750.0,71.0,368.0,115.0,196.0
3960500.000000001,12150750.0,56.0,390.0,426.0,150.0
3960500.000000001,12250750.0,59.0,382.0,374.0,163.0
3960500.000000001,12850750.0,49.0,427.0,587.0,279.0
3960500.000000001,12950750.0,49.0,435.0,539.0,324.0
3960500.000000001,13050750.0,50.0,433.0,480.0,248.0
3960500.000000001,13150750.0,51.0,462.0,717.0,274.0
3860500.000000001,-12949250.0,64.0,349.0,392.0,207.0
3860500.000000001,-12849250.0,68.0,318.0,476.0,248.0
3860500.000000001,-12749250.0,81.0,230.0,55.0,153.0
3860500.000000001,-12649250.0,71.0,314.0,122.0,134.0
3860500.000000001,-12549250.0,83.0,277.0,30.0,134.0
3860500.000000001,-12449250.0,83.0,303.0,39.0,160.0
3860500.000000001,-12349250.0,73.0,335.0,101.0,161.0
3860500.000000001,-12249250.0,68.0,361.0,181.0,205.0
3860500.000000001,-12149250.0,66.0,343.0,183.0,222.0
3860500.000000001,-12049250.0,81.0,278.0,50.0,87.0
3860500.000000001,-11949250.0,78.0,335.0,93.0,190.0
3860500.000000001,-11849250.0,75.0,350.0,214.0,186.0
3860500.000000001,-11749250.0,79.0,314.0,116.0,128.0
3860500.000000001,-11649250.0,76.0,322.0,119.0,166.0
3860500.000000001,-11549250.0,77.0,320.0,110.0,119.0
3860500.000000001,-11449250.0,74.0,330.0,115.0,167.0
3860500.000000001,-11349250.0,73.0,381.0,152.0,199.0
3860500.000000001,-11249250.0,73.0,357.0,140.0,162.0
3860500.000000001,-11149250.0,74.0,365.0,157.0,166.0
3860500.000000001,-11049250.0,70.0,278.0,499.0,109.0
3860500.000000001,-10949250.0,63.0,363.0,475.0,189.0
3860500.000000001,-10849250.0,61.0,325.0,828.0,141.0
3860500.000000001,-10749250.0,57.0,328.0,353.0,175.0
3860500.000000001,-10649250.0,56.0,394.0,397.0,164.0
3860500.000000001,-10549250.0,49.0,401.0,273.0,156.0
3860500.000000001,-10449250.0,54.0,372.0,213.0,107.0
3860500.000000001,-10349250.0,55.0,391.0,380.0,170.0
3860500.000000001,-10249250.0,59.0,438.0,370.0,336.0
3860500.000000001,-10149250.0,55.0,378.0,276.0,124.0
3860500.000000001,-10049250.0,53.0,360.0,269.0,154.0
3860500.000000001,-9849250.0,54.0,377.0,350.0,150.0
3860500.000000001,-9749250.0,52.0,374.0,289.0,154.0
3860500.000000001,-9649250.0,51.0,417.0,557.0,335.0
3860500.000000001,-9549250.0,55.0,360.0,294.0,163.0
3860500.000000001,-9449250.0,54.0,341.0,350.0,142.0
3860500.000000001,-9349250.0,51.0,302.0,312.0,131.0
3860500.000000001,-9249250.0,50.0,315.0,572.0,133.0
3860500.000000001,-9149250.0,48.0,351.0,885.0,229.0
3860500.000000001,-9049250.0,48.0,353.0,867.0,225.0
3860500.000000001,50750.0,73.0,357.0,254.0,237.0
3860500.000000001,150750.0,66.0,369.0,348.0,223.0
3860500.000000001,250750.0,75.0,365.0,207.0,180.0
3860500.000000001,350750.0,77.0,354.0,199.0,197.0
3860500.000000001,450750.0,75.0,370.0,238.0,178.0
3860500.000000001,550750.0,78.0,374.0,135.0,150.0
3860500.000000001,650750.0,74.0,370.0,212.0,192.0
3860500.000000001,750750.0,79.0,363.0,95.0,144.0
3860500.000000001,850750.0,77.0,365.0,93.0,154.0
3860500.000000001,950750.0,79.0,336.0,80.0,148.0
3860500.000000001,1050750.0,82.0,281.0,57.0,139.0
3860500.000000001,1150750.0,82.0,345.0,102.0,219.0
3860500.000000001,1250750.0,82.0,303.0,54.0,106.0
3860500.000000001,1350750.0,79.0,314.0,84.0,116.0
3860500.000000001,1450750.0,80.0,304.0,81.0,128.0
3860500.000000001,1550750.0,80.0,314.0,103.0,162.0
3860500.000000001,4050750.0,80.0,294.0,169.0,130.0
3860500.000000001,4150750.0,78.0,311.0,72.0,146.0
3860500.000000001,4250750.0,79.0,318.0,86.0,146.0
3860500.000000001,4350750.0,79.0,325.0,91.0,145.0
3860500.000000001,4450750.0,78.0,318.0,122.0,156.0
3860500.000000001,4550750.0,76.0,321.0,88.0,196.0
3860500.000000001,4650750.0,78.0,307.0,151.0,201.0
3860500.000000001,4750750.0,77.0,337.0,215.0,296.0
3860500.000000001,4850750.0,76.0,342.0,338.0,346.0
3860500.000000001,4950750.0,75.0,351.0,311.0,242.0
3860500.000000001,5050750.0,75.0,337.0,245.0,293.0
3860500.000000001,5150750.0,76.0,341.0,141.0,253.0
3860500.000000001,5250750.0,77.0,308.0,112.0,204.0
3860500.000000001,5350750.0,75.0,322.0,161.0,167.0
3860500.000000001,5450750.0,73.0,312.0,102.0,176.0
3860500.000000001,5550750.0,71.0,317.0,114.0,154.0
3860500.000000001,5650750.0,74.0,303.0,115.0,169.0
3860500.000000001,5750750.0,77.0,313.0,103.0,159.0
3860500.000000001,5850750.0,79.0,321.0,125.0,160.0
3860500.000000001,5950750.0,79.0,327.0,128.0,192.0
3860500.000000001,6050750.0,79.0,330.0,165.0,195.0
3860500.000000001,6150750.0,80.0,312.0,227.0,178.0
3860500.000000001,6250750.0,79.0,323.0,186.0,200.0
3860500.000000001,6350750.0,76.0,334.0,278.0,261.0
3860500.000000001,6450750.0,73.0,307.0,364.0,303.0
3860500.000000001,6550750.0,76.0,310.0,271.0,256.0
3860500.000000001,6650750.0,76.0,341.0,339.0,271.0
3860500.000000001,6750750.0,74.0,358.0,370.0,250.0
3860500.000000001,6850750.0,74.0,339.0,318.0,229.0
3860500.000000001,6950750.0,68.0,342.0,343.0,227.0
3860500.000000001,7050750.0,71.0,357.0,417.0,193.0
3860500.000000001,7150750.0,65.0,363.0,413.0,215.0
3860500.000000001,7250750.0,64.0,365.0,374.0,233.0
3860500.000000001,7350750.0,64.0,394.0,483.0,291.0
3860500.000000001,7450750.0,65.0,397.0,536.0,251.0
3860500.000000001,7550750.0,76.0,368.0,371.0,307.0
3860500.000000001,7650750.0,77.0,353.0,355.0,294.0
3860500.000000001,7750750.0,77.0,338.0,227.0,213.0
3860500.000000001,7850750.0,80.0,335.0,180.0,198.0
3860500.000000001,7950750.0,79.0,336.0,251.0,180.0
3860500.000000001,8050750.0,78.0,359.0,207.0,245.0
3860500.000000001,8150750.0,80.0,332.0,106.0,231.0
3860500.000000001,8250750.0,79.0,325.0,165.0,219.0
3860500.000000001,8350750.0,82.0,329.0,133.0,158.0
3860500.000000001,8450750.0,77.0,357.0,242.0,195.0
3860500.000000001,8550750.0,81.0,348.0,138.0,201.0
3860500.000000001,8650750.0,79.0,357.0,233.0,187.0
3860500.000000001,8750750.0,78.0,363.0,235.0,214.0
3860500.000000001,8850750.0,75.0,368.0,327.0,218.0
3860500.000000001,8950750.0,75.0,369.0,397.0,201.0
3860500.000000001,9050750.0,77.0,356.0,349.0,197.0
3860500.000000001,9150750.0,78.0,352.0,273.0,172.0
3860500.000000001,9250750.0,75.0,372.0,381.0,242.0
3860500.000000001,9350750.0,75.0,371.0,414.0,244.0
3860500.000000001,9450750.0,76.0,380.0,366.0,300.0
3860500.000000001,9550750.0,78.0,375.0,276.0,274.0
3860500.000000001,9650750.0,74.0,373.0,362.0,314.0
3860500.000000001,9750750.0,72.0,382.0,502.0,293.0
3860500.000000001,9850750.0,73.0,396.0,465.0,275.0
3860500.000000001,9950750.0,72.0,383.0,450.0,225.0
3860500.000000001,10050750.0,75.0,394.0,449.0,277.0
3860500.000000001,10150750.0,77.0,391.0,381.0,259.0
3860500.000000001,10250750.0,76.0,399.0,311.0,221.0
3860500.000000001,10350750.0,67.0,395.0,393.0,230.0
3860500.000000001,10450750.0,66.0,392.0,309.0,221.0
3860500.000000001,10550750.0,78.0,380.0,148.0,234.0
3860500.000000001,10650750.0,74.0,387.0,161.0,233.0
3860500.000000001,10850750.0,81.0,392.0,168.0,270.0
3860500.000000001,10950750.0,74.0,399.0,278.0,227.0
3860500.000000001,11050750.0,81.0,392.0,157.0,279.0
3860500.000000001,11250750.0,80.0,324.0,86.0,208.0
3860500.000000001,11350750.0,73.0,339.0,133.0,214.0
3860500.000000001,11450750.0,74.0,332.0,99.0,235.0
3860500.000000001,12250750.0,57.0,394.0,248.0,162.0
3860500.000000001,12750750.0,52.0,431.0,442.0,210.0
3860500.000000001,13050750.0,56.0,436.0,456.0,202.0
3760500.000000001,-12749250.0,68.0,353.0,175.0,201.0
3760500.000000001,-12649250.0,81.0,335.0,103.0,133.0
3760500.000000001,-12549250.0,84.0,261.0,50.0,163.0
3760500.000000001,-12449250.0,83.0,272.0,20.0,109.0
3760500.000000001,-12349250.0,77.0,304.0,46.0,142.0
3760500.000000001,-12249250.0,78.0,317.0,82.0,177.0
3760500.000000001,-12149250.0,65.0,354.0,271.0,249.0
3760500.000000001,-12049250.0,68.0,368.0,505.0,223.0
3760500.000000001,-11949250.0,65.0,362.0,659.0,227.0
3760500.000000001,-11849250.0,75.0,318.0,157.0,268.0
3760500.000000001,-11749250.0,79.0,315.0,69.0,127.0
3760500.000000001,-11649250.0,74.0,319.0,231.0,158.0
3760500.000000001,-11549250.0,78.0,335.0,113.0,125.0
3760500.000000001,-11449250.0,74.0,254.0,136.0,112.0
3760500.000000001,-11349250.0,75.0,308.0,110.0,108.0
3760500.000000001,-11249250.0,73.0,378.0,170.0,202.0
3760500.000000001,-11149250.0,76.0,370.0,202.0,178.0
3760500.000000001,-11049250.0,74.0,386.0,221.0,227.0
3760500.000000001,-10949250.0,66.0,332.0,270.0,184.0
3760500.000000001,-10849250.0,63.0,353.0,658.0,174.0
3760500.000000001,-10749250.0,57.0,325.0,616.0,171.0
3760500.000000001,-10649250.0,53.0,358.0,301.0,155.0
3760500.000000001,-10549250.0,55.0,393.0,252.0,132.0
3760500.000000001,-10449250.0,50.0,365.0,230.0,122.0
3760500.000000001,-10349250.0,57.0,406.0,386.0,187.0
3760500.000000001,-10249250.0,57.0,404.0,379.0,221.0
3760500.000000001,-10149250.0,59.0,422.0,275.0,182.0
3760500.000000001,-10049250.0,53.0,382.0,239.0,167.0
3760500.000000001,-9949250.0,53.0,365.0,243.0,176.0
3760500.000000001,-9849250.0,52.0,379.0,329.0,140.0
3760500.000000001,-9749250.0,53.0,385.0,305.0,164.0
3760500.000000001,-9649250.0,51.0,341.0,276.0,142.0
3760500.000000001,-9549250.0,54.0,328.0,302.0,140.0
3760500.000000001,-9449250.0,53.0,295.0,286.0,134.0
3760500.000000001,-9349250.0,48.0,326.0,643.0,280.0
3760500.000000001,-9249250.0,51.0,331.0,683.0,221.0
3760500.000000001,-49250.0,73.0,370.0,254.0,266.0
3760500.000000001,50750.0,78.0,364.0,227.0,234.0
3760500.000000001,150750.0,75.0,368.0,185.0,189.0
3760500.000000001,250750.0,78.0,328.0,124.0,149.0
3760500.000000001,350750.0,76.0,344.0,113.0,153.0
3760500.000000001,450750.0,78.0,344.0,91.0,148.0
3760500.000000001,550750.0,80.0,343.0,76.0,140.0
3760500.000000001,650750.0,79.0,333.0,95.0,148.0
3760500.000000001,750750.0,79.0,315.0,71.0,138.0
3760500.000000001,850750.0,80.0,304.0,84.0,117.0
3760500.000000001,950750.0,82.0,276.0,45.0,131.0
3760500.000000001,1050750.0,82.0,291.0,52.0,122.0
3760500.000000001,1150750.0,82.0,330.0,66.0,112.0
3760500.000000001,1250750.0,80.0,319.0,83.0,101.0
3760500.000000001,1350750.0,79.0,322.0,70.0,123.0
3760500.000000001,1450750.0,82.0,296.0,68.0,139.0
3760500.000000001,3850750.0,69.0,380.0,443.0,257.0
3760500.000000001,3950750.0,76.0,312.0,153.0,171.0
3760500.000000001,4050750.0,80.0,313.0,84.0,149.0
3760500.000000001,4150750.0,81.0,335.0,77.0,171.0
3760500.000000001,4250750.0,80.0,331.0,63.0,135.0
3760500.000000001,4350750.0,80.0,339.0,85.0,143.0
3760500.000000001,4450750.0,80.0,332.0,89.0,139.0
3760500.000000001,4550750.0,80.0,315.0,71.0,160.0
3760500.000000001,4650750.0,78.0,363.0,130.0,166.0
3760500.000000001,4750750.0,78.0,364.0,157.0,211.0
3760500.000000001,4850750.0,76.0,334.0,268.0,341.0
3760500.000000001,4950750.0,77.0,355.0,310.0,332.0
3760500.000000001,5050750.0,76.0,343.0,313.0,304.0
3760500.000000001,5150750.0,76.0,338.0,226.0,244.0
3760500.000000001,5250750.0,77.0,319.0,138.0,208.0
3760500.000000001,5350750.0,76.0,291.0,96.0,172.0
3760500.000000001,5450750.0,76.0,301.0,79.0,171.0
3760500.000000001,5550750.0,76.0,303.0,100.0,171.0
3760500.000000001,5650750.0,77.0,288.0,89.0,160.0
3760500.000000001,5750750.0,75.0,296.0,93.0,144.0
3760500.000000001,5850750.0,77.0,332.0,206.0,166.0
3760500.000000001,5950750.0,78.0,318.0,116.0,191.0
3760500.000000001,6050750.0,79.0,324.0,120.0,173.0
3760500.000000001,6150750.0,81.0,327.0,156.0,175.0
3760500.000000001,6250750.0,79.0,333.0,185.0,168.0
3760500.000000001,6350750.0,78.0,328.0,283.0,274.0
3760500.000000001,6450750.0,75.0,315.0,369.0,293.0
3760500.000000001,6550750.0,75.0,309.0,253.0,237.0
3760500.000000001,6650750.0,77.0,281.0,292.0,215.0
3760500.000000001,6750750.0,75.0,327.0,278.0,226.0
3760500.000000001,6850750.0,74.0,341.0,328.0,255.0
3760500.000000001,6950750.0,76.0,316.0,308.0,208.0
3760500.000000001,7050750.0,73.0,356.0,296.0,177.0
3760500.000000001,7150750.0,66.0,357.0,453.0,184.0
3760500.000000001,7250750.0,75.0,339.0,235.0,240.0
3760500.000000001,7350750.0,62.0,364.0,498.0,220.0
3760500.000000001,7450750.0,60.0,392.0,617.0,259.0
3760500.000000001,7550750.0,65.0,392.0,529.0,314.0
3760500.000000001,7650750.0,72.0,363.0,489.0,236.0
3760500.000000001,7750750.0,75.0,357.0,383.0,312.0
3760500.000000001,7850750.0,77.0,329.0,246.0,207.0
3760500.000000001,7950750.0,77.0,346.0,353.0,214.0
3760500.000000001,8050750.0,79.0,343.0,199.0,207.0
3760500.000000001,8150750.0,81.0,333.0,134.0,216.0
3760500.000000001,8250750.0,81.0,325.0,130.0,212.0
3760500.000000001,8350750.0,83.0,331.0,110.0,193.0
3760500.000000001,8450750.0,82.0,343.0,109.0,227.0
3760500.000000001,8550750.0,80.0,343.0,197.0,197.0
3760500.000000001,8650750.0,75.0,359.0,320.0,242.0
3760500.000000001,8750750.0,78.0,355.0,259.0,204.0
3760500.000000001,8850750.0,74.0,368.0,357.0,210.0
3760500.000000001,8950750.0,74.0,360.0,333.0,236.0
3760500.000000001,9050750.0,79.0,352.0,321.0,207.0
3760500.000000001,9150750.0,79.0,354.0,282.0,226.0
3760500.000000001,9250750.0,74.0,373.0,508.0,235.0
3760500.000000001,9350750.0,72.0,376.0,520.0,293.0
3760500.000000001,9450750.0,74.0,374.0,454.0,267.0
3760500.000000001,9550750.0,71.0,368.0,426.0,320.0
3760500.000000001,9650750.0,71.0,401.0,485.0,318.0
3760500.000000001,9750750.0,70.0,407.0,557.0,322.0
3760500.000000001,9850750.0,69.0,442.0,566.0,295.0
3760500.000000001,9950750.0,69.0,453.0,472.0,302.0
3760500.000000001,10050750.0,68.0,439.0,513.0,304.0
3760500.000000001,10150750.0,68.0,406.0,536.0,298.0
3760500.000000001,10250750.0,70.0,398.0,591.0,246.0
3760500.000000001,10350750.0,73.0,379.0,328.0,231.0
3760500.000000001,10450750.0,60.0,384.0,476.0,224.0
3760500.000000001,10550750.0,62.0,391.0,393.0,215.0
3760500.000000001,10650750.0,62.0,386.0,518.0,224.0
3760500.000000001,10750750.0,71.0,381.0,224.0,210.0
3760500.000000001,10850750.0,61.0,387.0,464.0,220.0
3760500.000000001,10950750.0,63.0,386.0,335.0,208.0
3760500.000000001,11050750.0,70.0,388.0,139.0,249.0
3760500.000000001,11150750.0,78.0,359.0,141.0,237.0
3760500.000000001,11250750.0,81.0,337.0,131.0,212.0
3760500.000000001,11350750.0,83.0,338.0,122.0,207.0
3760500.000000001,11450750.0,81.0,309.0,158.0,224.0
3760500.000000001,11550750.0,80.0,343.0,169.0,185.0
3760500.000000001,12650750.0,51.0,419.0,477.0,254.0
3760500.000000001,12850750.0,57.0,417.0,272.0,226.0
3760500.000000001,12950750.0,50.0,457.0,533.0,249.0
3760500.000000001,13150750.0,56.0,421.0,303.0,213.0
3660500.000000001,-12649250.0,78.0,299.0,78.0,126.0
3660500.000000001,-12549250.0,83.0,252.0,58.0,107.0
3660500.000000001,-12449250.0,82.0,288.0,21.0,165.0
3660500.000000001,-12349250.0,83.0,295.0,23.0,119.0
3660500.000000001,-12249250.0,80.0,322.0,79.0,145.0
3660500.000000001,-12149250.0,68.0,352.0,130.0,216.0
3660500.000000001,-12049250.0,78.0,356.0,102.0,171.0
3660500.000000001,-11949250.0,67.0,346.0,142.0,242.0
3660500.000000001,-11849250.0,72.0,349.0,190.0,217.0
3660500.000000001,-11749250.0,76.0,341.0,106.0,146.0
3660500.000000001,-11649250.0,67.0,367.0,350.0,271.0
3660500.000000001,-11549250.0,78.0,344.0,112.0,147.0
3660500.000000001,-11449250.0,76.0,281.0,131.0,146.0
3660500.000000001,-11349250.0,78.0,236.0,98.0,82.0
3660500.000000001,-11249250.0,77.0,343.0,156.0,196.0
3660500.000000001,-11149250.0,75.0,377.0,228.0,191.0
3660500.000000001,-11049250.0,74.0,397.0,197.0,228.0
3660500.000000001,-10949250.0,71.0,375.0,278.0,172.0
3660500.000000001,-10749250.0,55.0,313.0,379.0,169.0
3660500.000000001,-10649250.0,52.0,315.0,290.0,129.0
3660500.000000001,-10549250.0,52.0,351.0,221.0,180.0
3660500.000000001,-10449250.0,49.0,374.0,259.0,125.0
3660500.000000001,-10349250.0,61.0,468.0,264.0,329.0
3660500.000000001,-10249250.0,60.0,432.0,424.0,279.0
3660500.000000001,-10149250.0,56.0,396.0,306.0,185.0
3660500.000000001,-9949250.0,50.0,340.0,232.0,143.0
3660500.000000001,-9849250.0,51.0,352.0,244.0,151.0
3660500.000000001,-9749250.0,53.0,306.0,320.0,143.0
3660500.000000001,-9649250.0,55.0,312.0,292.0,125.0
3660500.000000001,-9549250.0,52.0,330.0,268.0,177.0
3660500.000000001,-9449250.0,49.0,338.0,349.0,167.0
3660500.000000001,-9349250.0,49.0,307.0,761.0,216.0
3660500.000000001,-9249250.0,54.0,291.0,996.0,271.0
3660500.000000001,-249250.0,73.0,370.0,245.0,269.0
3660500.000000001,-149250.0,73.0,348.0,195.0,234.0
3660500.000000001,-49250.0,73.0,373.0,211.0,189.0
3660500.000000001,50750.0,75.0,357.0,260.0,161.0
3660500.000000001,150750.0,81.0,321.0,59.0,123.0
3660500.000000001,250750.0,79.0,330.0,146.0,124.0
3660500.000000001,350750.0,80.0,282.0,72.0,148.0
3660500.000000001,450750.0,80.0,297.0,56.0,142.0
3660500.000000001,550750.0,82.0,255.0,70.0,136.0
3660500.000000001,650750.0,83.0,275.0,40.0,125.0
3660500.000000001,750750.0,82.0,297.0,43.0,128.0
3660500.000000001,850750.0,83.0,271.0,44.0,105.0
3660500.000000001,950750.0,83.0,290.0,49.0,120.0
3660500.000000001,1050750.0,84.0,317.0,48.0,143.0
3660500.000000001,1150750.0,82.0,313.0,118.0,133.0
3660500.000000001,1250750.0,80.0,312.0,60.0,146.0
3660500.000000001,1350750.0,81.0,331.0,55.0,146.0
3660500.000000001,1450750.0,80.0,311.0,60.0,142.0
3660500.000000001,1550750.0,82.0,294.0,73.0,131.0
3660500.000000001,1650750.0,78.0,324.0,153.0,176.0
3660500.000000001,3850750.0,75.0,418.0,324.0,366.0
3660500.000000001,3950750.0,80.0,336.0,107.0,260.0
3660500.000000001,4050750.0,79.0,354.0,45.0,149.0
3660500.000000001,4150750.0,80.0,322.0,51.0,149.0
3660500.000000001,4250750.0,79.0,338.0,67.0,147.0
3660500.000000001,4350750.0,80.0,322.0,99.0,135.0
3660500.000000001,4450750.0,80.0,326.0,51.0,144.0
3660500.000000001,4550750.0,79.0,326.0,59.0,146.0
3660500.000000001,4650750.0,79.0,345.0,66.0,165.0
3660500.000000001,4750750.0,78.0,357.0,157.0,178.0
3660500.000000001,4850750.0,78.0,366.0,153.0,246.0
3660500.000000001,4950750.0,77.0,345.0,224.0,278.0
3660500.000000001,5050750.0,77.0,350.0,276.0,307.0
3660500.000000001,5150750.0,76.0,353.0,283.0,274.0
3660500.000000001,5250750.0,76.0,318.0,175.0,233.0
3660500.000000001,5350750.0,78.0,332.0,95.0,195.0
3660500.000000001,5450750.0,77.0,308.0,139.0,203.0
3660500.000000001,5550750.0,76.0,319.0,83.0,155.0
3660500.000000001,5650750.0,78.0,309.0,80.0,126.0
3660500.000000001,5750750.0,78.0,277.0,90.0,113.0
3660500.000000001,5850750.0,77.0,303.0,90.0,124.0
3660500.000000001,5950750.0,78.0,303.0,86.0,146.0
3660500.000000001,6050750.0,78.0,325.0,85.0,187.0
3660500.000000001,6150750.0,80.0,313.0,117.0,162.0
3660500.000000001,6250750.0,79.0,321.0,98.0,136.0
3660500.000000001,6350750.0,79.0,322.0,109.0,150.0
3660500.000000001,6450750.0,77.0,294.0,124.0,190.0
3660500.000000001,6550750.0,78.0,309.0,228.0,222.0
3660500.000000001,6650750.0,78.0,321.0,170.0,214.0
3660500.000000001,6750750.0,78.0,305.0,289.0,233.0
3660500.000000001,6850750.0,77.0,321.0,298.0,196.0
3660500.000000001,6950750.0,77.0,331.0,163.0,172.0
3660500.000000001,7050750.0,75.0,322.0,177.0,216.0
3660500.000000001,7150750.0,78.0,332.0,109.0,158.0
3660500.000000001,7250750.0,77.0,328.0,123.0,178.0
3660500.000000001,7350750.0,75.0,333.0,131.0,210.0
3660500.000000001,7450750.0,75.0,359.0,193.0,165.0
3660500.000000001,7550750.0,61.0,372.0,554.0,216.0
3660500.000000001,7650750.0,57.0,389.0,735.0,261.0
3660500.000000001,7750750.0,70.0,381.0,451.0,321.0
3660500.000000001,7850750.0,71.0,358.0,468.0,320.0
3660500.000000001,7950750.0,83.0,343.0,108.0,240.0
3660500.000000001,8050750.0,78.0,330.0,219.0,163.0
3660500.000000001,8150750.0,83.0,338.0,88.0,190.0
3660500.000000001,8250750.0,80.0,336.0,196.0,180.0
3660500.000000001,8350750.0,79.0,319.0,202.0,201.0
3660500.000000001,8450750.0,83.0,327.0,159.0,231.0
3660500.000000001,8550750.0,86.0,330.0,111.0,169.0
3660500.000000001,8650750.0,85.0,345.0,150.0,169.0
3660500.000000001,8750750.0,77.0,359.0,265.0,203.0
3660500.000000001,8850750.0,77.0,375.0,303.0,174.0
3660500.000000001,8950750.0,76.0,376.0,326.0,252.0
3660500.000000001,9050750.0,74.0,372.0,412.0,246.0
3660500.000000001,9150750.0,71.0,362.0,422.0,312.0
3660500.000000001,9250750.0,74.0,366.0,361.0,213.0
3660500.000000001,9350750.0,69.0,374.0,421.0,309.0
3660500.000000001,9450750.0,72.0,376.0,527.0,291.0
3660500.000000001,9550750.0,73.0,363.0,462.0,235.0
3660500.000000001,9650750.0,69.0,398.0,472.0,319.0
3660500.000000001,9750750.0,69.0,403.0,530.0,288.0
3660500.000000001,9850750.0,69.0,444.0,517.0,325.0
3660500.000000001,9950750.0,68.0,434.0,495.0,310.0
3660500.000000001,10050750.0,66.0,438.0,557.0,305.0
3660500.000000001,10150750.0,63.0,448.0,781.0,332.0
3660500.000000001,10250750.0,54.0,444.0,636.0,250.0
3660500.000000001,10350750.0,56.0,406.0,610.0,226.0
3660500.000000001,10450750.0,67.0,400.0,493.0,230.0
3660500.000000001,10550750.0,64.0,381.0,460.0,247.0
3660500.000000001,10650750.0,66.0,399.0,456.0,201.0
3660500.000000001,10750750.0,70.0,392.0,289.0,219.0
3660500.000000001,10850750.0,67.0,404.0,297.0,221.0
3660500.000000001,10950750.0,70.0,394.0,234.0,216.0
3660500.000000001,11150750.0,62.0,397.0,383.0,209.0
3660500.000000001,11250750.0,72.0,372.0,162.0,245.0
3660500.000000001,11350750.0,75.0,325.0,233.0,216.0
3660500.000000001,11450750.0,75.0,333.0,209.0,215.0
3660500.000000001,11550750.0,73.0,352.0,155.0,196.0
3660500.000000001,11650750.0,74.0,343.0,239.0,220.0
3660500.000000001,12750750.0,57.0,416.0,486.0,241.0
3660500.000000001,12850750.0,52.0,437.0,421.0,254.0
3660500.000000001,12950750.0,50.0,455.0,395.0,225.0
3560500.000000001,-12649250.0,68.0,328.0,197.0,162.0
3560500.000000001,-12549250.0,81.0,314.0,141.0,154.0
3560500.000000001,-12449250.0,83.0,271.0,24.0,133.0
3560500.000000001,-12349250.0,81.0,314.0,33.0,141.0
3560500.000000001,-12249250.0,71.0,309.0,116.0,166.0
3560500.000000001,-12149250.0,73.0,331.0,87.0,172.0
3560500.000000001,-12049250.0,76.0,367.0,89.0,196.0
3560500.000000001,-11949250.0,74.0,327.0,90.0,182.0
3560500.000000001,-11849250.0,83.0,309.0,72.0,160.0
3560500.000000001,-11749250.0,82.0,329.0,90.0,119.0
3560500.000000001,-11649250.0,79.0,323.0,108.0,124.0
3560500.000000001,-11549250.0,77.0,352.0,189.0,131.0
3560500.000000001,-11449250.0,78.0,337.0,111.0,179.0
3560500.000000001,-11349250.0,75.0,269.0,106.0,149.0
3560500.000000001,-11249250.0,77.0,341.0,143.0,167.0
3560500.000000001,-11149250.0,75.0,356.0,254.0,196.0
3560500.000000001,-11049250.0,70.0,377.0,186.0,209.0
3560500.000000001,-10949250.0,71.0,342.0,317.0,192.0
3560500.000000001,-10849250.0,75.0,395.0,248.0,311.0
3560500.000000001,-10749250.0,60.0,305.0,238.0,150.0
3560500.000000001,-10649250.0,56.0,337.0,202.0,129.0
3560500.000000001,-10549250.0,51.0,351.0,198.0,106.0
3560500.000000001,-10449250.0,51.0,362.0,193.0,106.0
3560500.000000001,-10249250.0,56.0,393.0,214.0,198.0
3560500.000000001,-10149250.0,58.0,399.0,229.0,189.0
3560500.000000001,-10049250.0,55.0,366.0,253.0,250.0
3560500.000000001,-9949250.0,54.0,350.0,361.0,279.0
3560500.000000001,-9849250.0,53.0,315.0,299.0,137.0
3560500.000000001,-9749250.0,55.0,305.0,223.0,143.0
3560500.000000001,-9649250.0,53.0,271.0,256.0,110.0
3560500.000000001,-9549250.0,50.0,308.0,251.0,109.0
3560500.000000001,-9449250.0,50.0,289.0,599.0,150.0
3560500.000000001,-349250.0,74.0,347.0,248.0,241.0
3560500.000000001,-249250.0,76.0,307.0,112.0,208.0
3560500.000000001,-149250.0,76.0,364.0,182.0,236.0
3560500.000000001,-49250.0,74.0,332.0,227.0,158.0
3560500.000000001,50750.0,79.0,312.0,206.0,122.0
3560500.000000001,150750.0,80.0,294.0,58.0,145.0
3560500.000000001,250750.0,80.0,278.0,45.0,153.0
3560500.000000001,350750.0,83.0,281.0,42.0,130.0
3560500.000000001,450750.0,82.0,300.0,50.0,137.0
3560500.000000001,550750.0,83.0,291.0,58.0,162.0
3560500.000000001,650750.0,83.0,296.0,48.0,169.0
3560500.000000001,750750.0,82.0,303.0,87.0,164.0
3560500.000000001,850750.0,82.0,299.0,52.0,132.0
3560500.000000001,950750.0,82.0,310.0,91.0,142.0
3560500.000000001,1050750.0,82.0,319.0,96.0,158.0
3560500.000000001,1150750.0,81.0,304.0,157.0,144.0
3560500.000000001,1250750.0,80.0,307.0,92.0,147.0
3560500.000000001,1350750.0,82.0,301.0,68.0,171.0
3560500.000000001,1450750.0,80.0,327.0,54.0,146.0
3560500.000000001,1550750.0,80.0,304.0,56.0,119.0
3560500.000000001,1650750.0,79.0,314.0,165.0,174.0
3560500.000000001,1750750.0,77.0,325.0,133.0,185.0
3560500.000000001,1850750.0,81.0,325.0,90.0,145.0
3560500.000000001,1950750.0,76.0,315.0,255.0,216.0
3560500.000000001,2450750.0,78.0,336.0,146.0,344.0
3560500.000000001,2550750.0,79.0,358.0,122.0,196.0
3560500.000000001,2650750.0,79.0,305.0,63.0,135.0
3560500.000000001,2750750.0,80.0,331.0,92.0,137.0
3560500.000000001,3850750.0,78.0,349.0,208.0,331.0
3560500.000000001,3950750.0,79.0,360.0,78.0,158.0
3560500.000000001,4050750.0,79.0,328.0,63.0,138.0
3560500.000000001,4150750.0,79.0,331.0,48.0,140.0
3560500.000000001,4250750.0,79.0,324.0,66.0,134.0
3560500.000000001,4350750.0,80.0,326.0,55.0,147.0
3560500.000000001,4450750.0,80.0,316.0,55.0,135.0
3560500.000000001,4550750.0,79.0,330.0,54.0,159.0
3560500.000000001,4650750.0,80.0,329.0,52.0,140.0
3560500.000000001,4850750.0,78.0,358.0,129.0,174.0
3560500.000000001,4950750.0,77.0,360.0,122.0,212.0
3560500.000000001,5050750.0,78.0,365.0,136.0,351.0
3560500.000000001,5150750.0,75.0,354.0,234.0,339.0
3560500.000000001,5250750.0,76.0,328.0,239.0,251.0
3560500.000000001,5350750.0,78.0,319.0,177.0,220.0
3560500.000000001,5450750.0,78.0,300.0,123.0,168.0
3560500.000000001,5550750.0,77.0,293.0,120.0,189.0
3560500.000000001,5650750.0,79.0,280.0,75.0,138.0
3560500.000000001,5750750.0,78.0,297.0,88.0,138.0
3560500.000000001,5850750.0,78.0,300.0,82.0,129.0
3560500.000000001,5950750.0,79.0,314.0,90.0,135.0
3560500.000000001,6050750.0,79.0,302.0,77.0,157.0
3560500.000000001,6150750.0,78.0,316.0,146.0,158.0
3560500.000000001,6250750.0,78.0,311.0,78.0,117.0
3560500.000000001,6350750.0,83.0,295.0,59.0,100.0
3560500.000000001,6450750.0,81.0,312.0,91.0,127.0
3560500.000000001,6550750.0,79.0,304.0,88.0,125.0
3560500.000000001,6650750.0,78.0,308.0,125.0,178.0
3560500.000000001,6750750.0,77.0,311.0,182.0,245.0
3560500.000000001,6850750.0,78.0,312.0,242.0,292.0
3560500.000000001,6950750.0,75.0,335.0,205.0,244.0
3560500.000000001,7050750.0,77.0,315.0,120.0,204.0
3560500.000000001,7150750.0,80.0,329.0,94.0,189.0
3560500.000000001,7250750.0,84.0,336.0,94.0,211.0
3560500.000000001,7350750.0,81.0,332.0,116.0,137.0
3560500.000000001,7450750.0,85.0,340.0,122.0,133.0
3560500.000000001,7550750.0,84.0,372.0,148.0,178.0
3560500.000000001,7650750.0,73.0,380.0,286.0,204.0
3560500.000000001,7750750.0,58.0,374.0,678.0,235.0
3560500.000000001,7950750.0,71.0,354.0,555.0,259.0
3560500.000000001,8050750.0,71.0,363.0,435.0,295.0
3560500.000000001,8150750.0,80.0,346.0,166.0,276.0
3560500.000000001,8250750.0,84.0,363.0,118.0,270.0
3560500.000000001,8350750.0,83.0,320.0,145.0,195.0
3560500.000000001,8450750.0,82.0,321.0,254.0,190.0
3560500.000000001,8550750.0,85.0,313.0,114.0,193.0
3560500.000000001,8650750.0,84.0,348.0,195.0,234.0
3560500.000000001,8750750.0,83.0,349.0,127.0,167.0
3560500.000000001,8850750.0,81.0,356.0,160.0,139.0
3560500.000000001,8950750.0,80.0,356.0,169.0,189.0
3560500.000000001,9050750.0,77.0,361.0,153.0,164.0
3560500.000000001,9150750.0,73.0,381.0,428.0,212.0
3560500.000000001,9250750.0,71.0,377.0,474.0,268.0
3560500.000000001,9350750.0,70.0,375.0,528.0,274.0
3560500.000000001,9450750.0,65.0,382.0,552.0,331.0
3560500.000000001,9550750.0,71.0,379.0,437.0,258.0
3560500.000000001,9650750.0,73.0,366.0,441.0,217.0
3560500.000000001,9750750.0,66.0,488.0,509.0,291.0
3560500.000000001,9850750.0,66.0,401.0,442.0,236.0
3560500.000000001,9950750.0,65.0,476.0,541.0,297.0
3560500.000000001,10050750.0,64.0,467.0,612.0,302.0
3560500.000000001,10150750.0,61.0,467.0,651.0,284.0
3560500.000000001,10250750.0,51.0,436.0,686.0,283.0
3560500.000000001,10350750.0,60.0,440.0,626.0,250.0
3560500.000000001,10450750.0,67.0,411.0,520.0,291.0
3560500.000000001,10550750.0,62.0,410.0,444.0,234.0
3560500.000000001,10650750.0,63.0,427.0,394.0,226.0
3560500.000000001,10750750.0,60.0,439.0,442.0,217.0
3560500.000000001,10850750.0,64.0,421.0,449.0,227.0
3560500.000000001,10950750.0,62.0,423.0,392.0,212.0
3560500.000000001,11050750.0,62.0,409.0,433.0,228.0
3560500.000000001,11150750.0,70.0,393.0,272.0,181.0
3560500.000000001,11250750.0,63.0,408.0,273.0,205.0
3560500.000000001,11350750.0,67.0,397.0,166.0,195.0
3560500.000000001,11450750.0,66.0,390.0,197.0,189.0
3560500.000000001,11550750.0,68.0,384.0,236.0,225.0
3560500.000000001,11650750.0,65.0,316.0,233.0,178.0
3560500.000000001,11750750.0,67.0,325.0,173.0,177.0
3560500.000000001,11850750.0,73.0,336.0,341.0,217.0
3560500.000000001,11950750.0,78.0,333.0,261.0,206.0
3560500.000000001,12850750.0,52.0,443.0,391.0,251.0
3460500.000000001,-12649250.0,69.0,334.0,209.0,187.0
3460500.000000001,-12349250.0,83.0,298.0,38.0,139.0
3460500.000000001,-12249250.0,74.0,336.0,88.0,141.0
3460500.000000001,-12149250.0,66.0,318.0,135.0,171.0
3460500.000000001,-12049250.0,79.0,310.0,104.0,141.0
3460500.000000001,-11949250.0,69.0,356.0,214.0,224.0
3460500.000000001,-11849250.0,85.0,316.0,86.0,175.0
3460500.000000001,-11749250.0,86.0,324.0,74.0,144.0
3460500.000000001,-11649250.0,82.0,311.0,100.0,149.0
3460500.000000001,-11549250.0,78.0,355.0,159.0,182.0
3460500.000000001,-11449250.0,78.0,321.0,92.0,138.0
3460500.000000001,-11349250.0,78.0,318.0,145.0,169.0
3460500.000000001,-11249250.0,77.0,397.0,341.0,223.0
3460500.000000001,-11149250.0,76.0,381.0,266.0,271.0
3460500.000000001,-11049250.0,69.0,346.0,357.0,269.0
3460500.000000001,-10949250.0,74.0,370.0,289.0,237.0
3460500.000000001,-10849250.0,75.0,381.0,204.0,374.0
3460500.000000001,-10749250.0,61.0,346.0,276.0,182.0
3460500.000000001,-10649250.0,55.0,307.0,219.0,182.0
3460500.000000001,-10549250.0,52.0,329.0,229.0,118.0
3460500.000000001,-10449250.0,52.0,353.0,315.0,136.0
3460500.000000001,-10349250.0,57.0,395.0,405.0,191.0
3460500.000000001,-10249250.0,53.0,392.0,251.0,126.0
3460500.000000001,-10149250.0,51.0,370.0,263.0,153.0
3460500.000000001,-10049250.0,50.0,349.0,379.0,171.0
3460500.000000001,-9949250.0,50.0,331.0,584.0,162.0
3460500.000000001,-9849250.0,50.0,306.0,363.0,149.0
3460500.000000001,-9749250.0,54.0,311.0,372.0,130.0
3460500.000000001,-9649250.0,56.0,314.0,349.0,122.0
3460500.000000001,-9549250.0,52.0,261.0,763.0,123.0
3460500.000000001,-9449250.0,48.0,275.0,1608.0,149.0
3460500.000000001,-449250.0,74.0,336.0,310.0,184.0
3460500.000000001,-349250.0,76.0,322.0,226.0,186.0
3460500.000000001,-249250.0,72.0,369.0,344.0,212.0
3460500.000000001,-149250.0,81.0,308.0,57.0,148.0
3460500.000000001,-49250.0,79.0,311.0,234.0,149.0
3460500.000000001,50750.0,83.0,279.0,52.0,147.0
3460500.000000001,150750.0,82.0,274.0,42.0,169.0
3460500.000000001,250750.0,82.0,302.0,58.0,162.0
3460500.000000001,350750.0,83.0,287.0,47.0,139.0
3460500.000000001,450750.0,83.0,292.0,112.0,155.0
3460500.000000001,550750.0,83.0,312.0,100.0,159.0
3460500.000000001,650750.0,82.0,287.0,64.0,127.0
3460500.000000001,750750.0,85.0,320.0,104.0,170.0
3460500.000000001,850750.0,84.0,320.0,93.0,153.0
3460500.000000001,950750.0,84.0,313.0,97.0,162.0
3460500.000000001,1050750.0,82.0,309.0,91.0,142.0
3460500.000000001,1150750.0,82.0,312.0,86.0,141.0
3460500.000000001,1250750.0,82.0,302.0,49.0,159.0
3460500.000000001,1350750.0,80.0,318.0,101.0,178.0
3460500.000000001,1450750.0,81.0,312.0,106.0,135.0
3460500.000000001,1550750.0,80.0,329.0,56.0,140.0
3460500.000000001,1650750.0,80.0,324.0,58.0,163.0
3460500.000000001,1750750.0,81.0,301.0,71.0,150.0
3460500.000000001,1850750.0,80.0,323.0,65.0,139.0
3460500.000000001,1950750.0,78.0,335.0,103.0,217.0
3460500.000000001,2050750.0,77.0,299.0,135.0,175.0
3460500.000000001,2450750.0,78.0,307.0,130.0,168.0
3460500.000000001,2550750.0,78.0,295.0,68.0,125.0
3460500.000000001,2650750.0,78.0,277.0,61.0,138.0
3460500.000000001,2750750.0,79.0,286.0,64.0,129.0
3460500.000000001,2850750.0,79.0,306.0,58.0,151.0
3460500.000000001,2950750.0,79.0,288.0,119.0,139.0
3460500.000000001,3050750.0,80.0,318.0,107.0,153.0
3460500.000000001,3350750.0,72.0,347.0,400.0,238.0
3460500.000000001,3450750.0,69.0,315.0,476.0,189.0
3460500.000000001,3550750.0,78.0,317.0,285.0,223.0
3460500.000000001,3750750.0,79.0,314.0,105.0,186.0
3460500.000000001,3850750.0,79.0,302.0,84.0,158.0
3460500.000000001,3950750.0,78.0,348.0,60.0,144.0
3460500.000000001,4050750.0,80.0,318.0,83.0,143.0
3460500.000000001,4150750.0,80.0,308.0,44.0,139.0
3460500.000000001,4250750.0,80.0,321.0,52.0,136.0
3460500.000000001,4350750.0,79.0,320.0,70.0,125.0
3460500.000000001,4450750.0,80.0,331.0,45.0,143.0
3460500.000000001,4550750.0,79.0,316.0,58.0,141.0
3460500.000000001,4650750.0,79.0,322.0,56.0,165.0
3460500.000000001,4750750.0,80.0,318.0,61.0,154.0
3460500.000000001,4850750.0,79.0,322.0,98.0,174.0
3460500.000000001,4950750.0,78.0,311.0,97.0,184.0
3460500.000000001,5050750.0,77.0,355.0,125.0,250.0
3460500.000000001,5150750.0,78.0,337.0,199.0,326.0
3460500.000000001,5250750.0,77.0,330.0,231.0,282.0
3460500.000000001,5350750.0,77.0,324.0,233.0,264.0
3460500.000000001,5450750.0,76.0,299.0,119.0,204.0
3460500.000000001,5550750.0,79.0,298.0,92.0,179.0
3460500.000000001,5650750.0,78.0,290.0,94.0,187.0
3460500.000000001,5750750.0,78.0,299.0,57.0,148.0
3460500.000000001,5850750.0,78.0,291.0,81.0,139.0
3460500.000000001,5950750.0,79.0,313.0,60.0,136.0
3460500.000000001,6050750.0,79.0,313.0,60.0,146.0
3460500.000000001,6150750.0,78.0,311.0,81.0,150.0
3460500.000000001,6250750.0,80.0,307.0,54.0,131.0
3460500.000000001,6350750.0,81.0,317.0,70.0,145.0
3460500.000000001,6450750.0,82.0,304.0,81.0,131.0
3460500.000000001,6550750.0,82.0,331.0,74.0,127.0
3460500.000000001,6650750.0,79.0,307.0,67.0,169.0
3460500.000000001,6750750.0,79.0,319.0,107.0,184.0
3460500.000000001,6850750.0,78.0,304.0,168.0,273.0
3460500.000000001,6950750.0,75.0,315.0,231.0,215.0
3460500.000000001,7050750.0,78.0,328.0,124.0,218.0
3460500.000000001,7150750.0,78.0,329.0,149.0,200.0
3460500.000000001,7250750.0,78.0,344.0,97.0,160.0
3460500.000000001,7350750.0,78.0,339.0,116.0,158.0
3460500.000000001,7450750.0,79.0,335.0,100.0,146.0
3460500.000000001,7550750.0,81.0,351.0,101.0,142.0
3460500.000000001,7650750.0,80.0,348.0,117.0,162.0
3460500.000000001,7750750.0,71.0,356.0,119.0,169.0
3460500.000000001,7850750.0,59.0,401.0,508.0,249.0
3460500.000000001,7950750.0,63.0,375.0,564.0,266.0
3460500.000000001,8050750.0,67.0,369.0,462.0,368.0
3460500.000000001,8150750.0,70.0,365.0,359.0,317.0
3460500.000000001,8350750.0,78.0,363.0,157.0,303.0
3460500.000000001,8450750.0,77.0,358.0,186.0,285.0
3460500.000000001,8550750.0,80.0,320.0,179.0,212.0
3460500.000000001,8650750.0,81.0,336.0,189.0,197.0
3460500.000000001,8750750.0,75.0,361.0,245.0,293.0
3460500.000000001,8850750.0,74.0,369.0,251.0,277.0
3460500.000000001,8950750.0,75.0,369.0,307.0,172.0
3460500.000000001,9050750.0,74.0,368.0,209.0,166.0
3460500.000000001,9150750.0,73.0,386.0,378.0,278.0
3460500.000000001,9250750.0,70.0,386.0,481.0,308.0
3460500.000000001,9350750.0,68.0,378.0,401.0,333.0
3460500.000000001,9450750.0,66.0,389.0,474.0,316.0
3460500.000000001,9550750.0,66.0,400.0,568.0,267.0
3460500.000000001,9650750.0,65.0,417.0,510.0,285.0
3460500.000000001,9750750.0,61.0,412.0,627.0,244.0
3460500.000000001,9850750.0,63.0,462.0,477.0,271.0
3460500.000000001,9950750.0,69.0,453.0,496.0,264.0
3460500.000000001,10050750.0,66.0,454.0,632.0,251.0
3460500.000000001,10150750.0,63.0,451.0,766.0,271.0
3460500.000000001,10250750.0,57.0,460.0,732.0,224.0
3460500.000000001,10350750.0,58.0,471.0,557.0,309.0
3460500.000000001,10450750.0,72.0,474.0,555.0,295.0
3460500.000000001,10550750.0,69.0,438.0,416.0,262.0
3460500.000000001,10650750.0,64.0,403.0,307.0,240.0
3460500.000000001,10750750.0,65.0,419.0,387.0,212.0
3460500.000000001,10850750.0,65.0,424.0,408.0,204.0
3460500.000000001,10950750.0,64.0,427.0,377.0,205.0
3460500.000000001,11050750.0,57.0,436.0,452.0,194.0
3460500.000000001,11150750.0,61.0,374.0,268.0,207.0
3460500.000000001,11250750.0,66.0,392.0,244.0,199.0
3460500.000000001,11350750.0,68.0,401.0,316.0,218.0
3460500.000000001,11450750.0,61.0,402.0,280.0,189.0
3460500.000000001,11550750.0,53.0,401.0,407.0,176.0
3460500.000000001,11650750.0,57.0,387.0,393.0,179.0
3460500.000000001,11750750.0,59.0,398.0,233.0,181.0
3460500.000000001,11850750.0,61.0,379.0,235.0,174.0
3460500.000000001,12950750.0,52.0,430.0,409.0,246.0
3360500.000000001,-12649250.0,79.0,323.0,171.0,211.0
3360500.000000001,-12549250.0,81.0,297.0,80.0,143.0
3360500.000000001,-12349250.0,81.0,311.0,44.0,155.0
3360500.000000001,-12249250.0,75.0,334.0,97.0,157.0
3360500.000000001,-12149250.0,66.0,340.0,218.0,172.0
3360500.000000001,-12049250.0,66.0,348.0,266.0,200.0
3360500.000000001,-11949250.0,62.0,347.0,175.0,234.0
3360500.000000001,-11849250.0,82.0,333.0,103.0,186.0
3360500.000000001,-11749250.0,75.0,345.0,122.0,200.0
3360500.000000001,-11649250.0,77.0,345.0,169.0,199.0
3360500.000000001,-11549250.0,73.0,336.0,166.0,209.0
3360500.000000001,-11449250.0,78.0,329.0,153.0,198.0
3360500.000000001,-11349250.0,77.0,355.0,155.0,184.0
3360500.000000001,-11249250.0,76.0,373.0,518.0,270.0
3360500.000000001,-11149250.0,73.0,381.0,300.0,359.0
3360500.000000001,-11049250.0,69.0,389.0,333.0,276.0
3360500.000000001,-10949250.0,73.0,369.0,267.0,234.0
3360500.000000001,-10849250.0,63.0,288.0,350.0,248.0
3360500.000000001,-10749250.0,56.0,295.0,559.0,168.0
3360500.000000001,-10649250.0,50.0,366.0,429.0,109.0
3360500.000000001,-10549250.0,51.0,344.0,497.0,207.0
3360500.000000001,-10449250.0,54.0,387.0,540.0,214.0
3360500.000000001,-10349250.0,63.0,428.0,844.0,287.0
3360500.000000001,-10249250.0,59.0,463.0,737.0,324.0
3360500.000000001,-9649250.0,50.0,314.0,1515.0,175.0
3360500.000000001,-9549250.0,48.0,252.0,1561.0,159.0
3360500.000000001,-9449250.0,49.0,246.0,1575.0,120.0
3360500.000000001,-9349250.0,50.0,294.0,1135.0,205.0
3360500.000000001,-449250.0,77.0,310.0,174.0,214.0
3360500.000000001,-349250.0,74.0,349.0,269.0,198.0
3360500.000000001,-249250.0,77.0,332.0,171.0,203.0
3360500.000000001,-149250.0,80.0,303.0,82.0,170.0
3360500.000000001,-49250.0,83.0,293.0,56.0,165.0
3360500.000000001,50750.0,82.0,297.0,90.0,166.0
3360500.000000001,150750.0,82.0,289.0,55.0,160.0
3360500.000000001,250750.0,83.0,310.0,108.0,157.0
3360500.000000001,350750.0,82.0,292.0,60.0,202.0
3360500.000000001,450750.0,84.0,322.0,137.0,168.0
3360500.000000001,550750.0,84.0,302.0,71.0,175.0
3360500.000000001,650750.0,84.0,322.0,95.0,209.0
3360500.000000001,750750.0,84.0,324.0,99.0,180.0
3360500.000000001,850750.0,84.0,317.0,107.0,144.0
3360500.000000001,950750.0,84.0,308.0,72.0,148.0
3360500.000000001,1050750.0,83.0,311.0,92.0,140.0
3360500.000000001,1150750.0,81.0,313.0,93.0,147.0
3360500.000000001,1250750.0,81.0,306.0,106.0,158.0
3360500.000000001,1350750.0,82.0,304.0,56.0,147.0
3360500.000000001,1450750.0,79.0,290.0,82.0,183.0
3360500.000000001,1550750.0,81.0,323.0,132.0,170.0
3360500.000000001,1650750.0,81.0,324.0,99.0,170.0
3360500.000000001,1750750.0,80.0,312.0,98.0,165.0
3360500.000000001,1850750.0,80.0,324.0,58.0,146.0
3360500.000000001,1950750.0,82.0,321.0,58.0,152.0
3360500.000000001,2050750.0,82.0,331.0,62.0,147.0
3360500.000000001,2150750.0,80.0,315.0,68.0,138.0
3360500.000000001,2250750.0,80.0,326.0,64.0,152.0
3360500.000000001,2350750.0,80.0,312.0,83.0,141.0
3360500.000000001,2450750.0,80.0,296.0,71.0,156.0
3360500.000000001,2550750.0,81.0,277.0,59.0,143.0
3360500.000000001,2650750.0,79.0,291.0,103.0,163.0
3360500.000000001,2750750.0,78.0,289.0,97.0,165.0
3360500.000000001,2850750.0,78.0,290.0,79.0,145.0
3360500.000000001,2950750.0,80.0,290.0,60.0,155.0
3360500.000000001,3050750.0,82.0,318.0,59.0,156.0
3360500.000000001,3150750.0,81.0,284.0,117.0,198.0
3360500.000000001,3250750.0,80.0,302.0,61.0,129.0
3360500.000000001,3350750.0,80.0,287.0,52.0,140.0
3360500.000000001,3450750.0,73.0,311.0,338.0,201.0
3360500.000000001,3550750.0,80.0,276.0,56.0,147.0
3360500.000000001,3650750.0,80.0,290.0,44.0,133.0
3360500.000000001,3750750.0,80.0,314.0,33.0,131.0
3360500.000000001,3850750.0,77.0,308.0,55.0,127.0
3360500.000000001,3950750.0,81.0,325.0,94.0,161.0
3360500.000000001,4050750.0,81.0,307.0,55.0,147.0
3360500.000000001,4150750.0,79.0,316.0,133.0,179.0
3360500.000000001,4250750.0,81.0,324.0,62.0,128.0
3360500.000000001,4350750.0,80.0,327.0,51.0,125.0
3360500.000000001,4450750.0,80.0,337.0,45.0,125.0
3360500.000000001,4550750.0,79.0,341.0,51.0,134.0
3360500.000000001,4650750.0,79.0,317.0,59.0,182.0
3360500.000000001,4750750.0,79.0,323.0,62.0,174.0
3360500.000000001,4850750.0,80.0,325.0,70.0,154.0
3360500.000000001,4950750.0,78.0,293.0,76.0,145.0
3360500.000000001,5050750.0,77.0,338.0,99.0,132.0
3360500.000000001,5150750.0,77.0,316.0,191.0,245.0
3360500.000000001,5250750.0,77.0,328.0,195.0,271.0
3360500.000000001,5350750.0,78.0,323.0,210.0,326.0
3360500.000000001,5450750.0,77.0,322.0,252.0,233.0
3360500.000000001,5550750.0,77.0,312.0,152.0,213.0
3360500.000000001,5650750.0,79.0,299.0,123.0,198.0
3360500.000000001,5750750.0,80.0,297.0,105.0,187.0
3360500.000000001,5850750.0,78.0,316.0,90.0,168.0
3360500.000000001,5950750.0,79.0,319.0,108.0,153.0
3360500.000000001,6050750.0,80.0,333.0,70.0,157.0
3360500.000000001,6150750.0,78.0,310.0,90.0,149.0
3360500.000000001,6250750.0,78.0,293.0,57.0,133.0
3360500.000000001,6350750.0,81.0,325.0,52.0,136.0
3360500.000000001,6450750.0,82.0,304.0,59.0,160.0
3360500.000000001,6550750.0,83.0,286.0,62.0,134.0
3360500.000000001,6650750.0,80.0,322.0,47.0,146.0
3360500.000000001,6750750.0,80.0,311.0,67.0,172.0
3360500.000000001,6850750.0,79.0,319.0,96.0,207.0
3360500.000000001,6950750.0,77.0,316.0,132.0,201.0
3360500.000000001,7050750.0,79.0,332.0,113.0,188.0
3360500.000000001,7150750.0,78.0,337.0,136.0,203.0
3360500.000000001,7250750.0,81.0,338.0,110.0,156.0
3360500.000000001,7350750.0,76.0,320.0,186.0,142.0
3360500.000000001,7550750.0,78.0,344.0,86.0,169.0
3360500.000000001,7650750.0,79.0,340.0,146.0,150.0
3360500.000000001,7750750.0,78.0,346.0,141.0,187.0
3360500.000000001,7850750.0,74.0,377.0,126.0,145.0
3360500.000000001,7950750.0,60.0,390.0,308.0,205.0
3360500.000000001,8050750.0,59.0,389.0,404.0,215.0
3360500.000000001,8150750.0,58.0,412.0,718.0,285.0
3360500.000000001,8250750.0,64.0,362.0,501.0,360.0
3360500.000000001,8350750.0,67.0,358.0,380.0,294.0
3360500.000000001,8450750.0,77.0,349.0,236.0,349.0
3360500.000000001,8550750.0,76.0,346.0,246.0,299.0
3360500.000000001,8650750.0,78.0,346.0,184.0,289.0
3360500.000000001,8750750.0,77.0,331.0,215.0,290.0
3360500.000000001,8850750.0,78.0,356.0,289.0,259.0
3360500.000000001,8950750.0,73.0,344.0,291.0,187.0
3360500.000000001,9050750.0,70.0,364.0,316.0,189.0
3360500.000000001,9150750.0,72.0,373.0,379.0,157.0
3360500.000000001,9250750.0,68.0,377.0,373.0,199.0
3360500.000000001,9350750.0,64.0,390.0,374.0,310.0
3360500.000000001,9750750.0,68.0,430.0,502.0,306.0
3360500.000000001,9850750.0,67.0,484.0,533.0,321.0
3360500.000000001,9950750.0,61.0,450.0,521.0,305.0
3360500.000000001,10050750.0,65.0,449.0,575.0,266.0
3360500.000000001,10150750.0,60.0,436.0,589.0,214.0
3360500.000000001,10250750.0,60.0,466.0,800.0,297.0
3360500.000000001,10350750.0,59.0,447.0,492.0,233.0
3360500.000000001,10450750.0,67.0,434.0,433.0,281.0
3360500.000000001,10550750.0,75.0,442.0,421.0,294.0
3360500.000000001,10650750.0,67.0,396.0,295.0,269.0
3360500.000000001,10750750.0,61.0,410.0,296.0,238.0
3360500.000000001,10950750.0,55.0,448.0,657.0,250.0
3360500.000000001,11050750.0,57.0,444.0,552.0,218.0
3360500.000000001,11150750.0,59.0,413.0,304.0,199.0
3360500.000000001,11350750.0,72.0,370.0,287.0,205.0
3360500.000000001,11450750.0,65.0,397.0,471.0,209.0
3360500.000000001,11550750.0,61.0,385.0,238.0,194.0
3360500.000000001,11750750.0,59.0,386.0,376.0,178.0
3360500.000000001,11850750.0,54.0,406.0,396.0,201.0
3360500.000000001,11950750.0,57.0,396.0,332.0,161.0
3360500.000000001,12050750.0,66.0,375.0,455.0,200.0
3260500.000000001,-12549250.0,76.0,286.0,70.0,150.0
3260500.000000001,-12249250.0,78.0,313.0,79.0,162.0
3260500.000000001,-12149250.0,75.0,329.0,124.0,201.0
3260500.000000001,-12049250.0,69.0,338.0,213.0,201.0
3260500.000000001,-11949250.0,63.0,381.0,392.0,253.0
3260500.000000001,-11849250.0,68.0,363.0,182.0,224.0
3260500.000000001,-11749250.0,79.0,353.0,145.0,223.0
3260500.000000001,-11649250.0,86.0,329.0,103.0,227.0
3260500.000000001,-11549250.0,84.0,313.0,73.0,219.0
3260500.000000001,-11449250.0,77.0,357.0,230.0,191.0
3260500.000000001,-11349250.0,79.0,346.0,141.0,195.0
3260500.000000001,-11249250.0,78.0,369.0,286.0,212.0
3260500.000000001,-11149250.0,76.0,396.0,227.0,250.0
3260500.000000001,-11049250.0,73.0,367.0,207.0,212.0
3260500.000000001,-10949250.0,68.0,276.0,299.0,152.0
3260500.000000001,-10849250.0,64.0,313.0,489.0,205.0
3260500.000000001,-10749250.0,63.0,391.0,345.0,253.0
3260500.000000001,-10649250.0,65.0,360.0,501.0,261.0
3260500.000000001,-9449250.0,49.0,271.0,2159.0,194.0
3260500.000000001,-549250.0,74.0,343.0,329.0,276.0
3260500.000000001,-449250.0,76.0,316.0,90.0,192.0
3260500.000000001,-349250.0,80.0,315.0,79.0,148.0
3260500.000000001,-249250.0,80.0,302.0,60.0,135.0
3260500.000000001,-149250.0,82.0,307.0,52.0,148.0
3260500.000000001,-49250.0,82.0,291.0,48.0,175.0
3260500.000000001,50750.0,81.0,287.0,89.0,204.0
3260500.000000001,150750.0,82.0,279.0,56.0,205.0
3260500.000000001,250750.0,82.0,310.0,106.0,256.0
3260500.000000001,350750.0,84.0,312.0,97.0,214.0
3260500.000000001,450750.0,84.0,302.0,64.0,235.0
3260500.000000001,550750.0,84.0,307.0,96.0,258.0
3260500.000000001,650750.0,84.0,312.0,97.0,294.0
3260500.000000001,750750.0,85.0,318.0,98.0,244.0
3260500.000000001,850750.0,83.0,312.0,100.0,197.0
3260500.000000001,950750.0,84.0,311.0,105.0,148.0
3260500.000000001,1050750.0,84.0,306.0,93.0,137.0
3260500.000000001,1150750.0,82.0,306.0,54.0,138.0
3260500.000000001,1250750.0,82.0,321.0,87.0,140.0
3260500.000000001,1350750.0,82.0,314.0,100.0,165.0
3260500.000000001,1450750.0,82.0,299.0,60.0,173.0
3260500.000000001,1550750.0,81.0,298.0,66.0,168.0
3260500.000000001,1650750.0,81.0,305.0,72.0,161.0
3260500.000000001,1750750.0,82.0,317.0,105.0,156.0
3260500.000000001,1850750.0,81.0,316.0,101.0,157.0
3260500.000000001,1950750.0,80.0,311.0,57.0,152.0
3260500.000000001,2050750.0,80.0,305.0,70.0,149.0
3260500.000000001,2150750.0,82.0,308.0,64.0,158.0
3260500.000000001,2250750.0,83.0,309.0,72.0,155.0
3260500.000000001,2350750.0,83.0,299.0,75.0,164.0
3260500.000000001,2450750.0,81.0,288.0,105.0,149.0
3260500.000000001,2550750.0,81.0,275.0,145.0,146.0
3260500.000000001,2650750.0,80.0,274.0,100.0,148.0
3260500.000000001,2750750.0,79.0,248.0,100.0,146.0
3260500.000000001,2850750.0,79.0,283.0,56.0,150.0
3260500.000000001,2950750.0,81.0,323.0,100.0,190.0
3260500.000000001,3050750.0,82.0,291.0,94.0,194.0
3260500.000000001,3150750.0,83.0,292.0,61.0,137.0
3260500.000000001,3250750.0,80.0,264.0,92.0,137.0
3260500.000000001,3350750.0,80.0,291.0,65.0,145.0
3260500.000000001,3450750.0,75.0,306.0,256.0,206.0
3260500.000000001,3550750.0,80.0,295.0,58.0,143.0
3260500.000000001,3650750.0,79.0,279.0,96.0,151.0
3260500.000000001,3750750.0,79.0,303.0,70.0,144.0
3260500.000000001,3850750.0,78.0,268.0,57.0,154.0
3260500.000000001,3950750.0,82.0,308.0,133.0,160.0
3260500.000000001,4050750.0,81.0,295.0,101.0,163.0
3260500.000000001,4150750.0,81.0,314.0,129.0,181.0
3260500.000000001,4250750.0,80.0,292.0,76.0,144.0
3260500.000000001,4350750.0,80.0,304.0,66.0,138.0
3260500.000000001,4450750.0,81.0,338.0,61.0,145.0
3260500.000000001,4550750.0,80.0,319.0,65.0,148.0
3260500.000000001,4650750.0,80.0,321.0,77.0,174.0
3260500.000000001,4750750.0,79.0,334.0,82.0,183.0
3260500.000000001,4850750.0,79.0,330.0,87.0,171.0
3260500.000000001,4950750.0,79.0,349.0,78.0,176.0
3260500.000000001,5050750.0,79.0,313.0,59.0,151.0
3260500.000000001,5350750.0,76.0,332.0,234.0,240.0
3260500.000000001,5450750.0,79.0,325.0,185.0,294.0
3260500.000000001,5550750.0,79.0,314.0,173.0,216.0
3260500.000000001,5650750.0,80.0,316.0,209.0,262.0
3260500.000000001,5750750.0,81.0,307.0,125.0,245.0
3260500.000000001,5850750.0,79.0,337.0,145.0,198.0
3260500.000000001,5950750.0,76.0,348.0,180.0,237.0
3260500.000000001,6050750.0,78.0,306.0,79.0,150.0
3260500.000000001,6150750.0,81.0,295.0,54.0,144.0
3260500.000000001,6250750.0,78.0,306.0,102.0,151.0
3260500.000000001,6350750.0,80.0,291.0,57.0,158.0
3260500.000000001,6450750.0,82.0,308.0,58.0,155.0
3260500.000000001,6550750.0,83.0,289.0,58.0,165.0
3260500.000000001,6650750.0,78.0,293.0,67.0,157.0
3260500.000000001,6750750.0,81.0,317.0,75.0,170.0
3260500.000000001,6850750.0,79.0,321.0,101.0,215.0
3260500.000000001,6950750.0,78.0,325.0,87.0,210.0
3260500.000000001,7050750.0,83.0,307.0,38.0,172.0
3260500.000000001,7150750.0,83.0,318.0,61.0,178.0
3260500.000000001,7250750.0,80.0,352.0,116.0,188.0
3260500.000000001,7350750.0,78.0,308.0,86.0,132.0
3260500.000000001,7450750.0,78.0,312.0,79.0,190.0
3260500.000000001,7550750.0,78.0,331.0,100.0,148.0
3260500.000000001,7650750.0,81.0,344.0,128.0,115.0
3260500.000000001,7750750.0,77.0,331.0,104.0,142.0
3260500.000000001,7850750.0,85.0,345.0,139.0,144.0
3260500.000000001,7950750.0,71.0,338.0,139.0,112.0
3260500.000000001,8050750.0,68.0,389.0,157.0,153.0
3260500.000000001,8150750.0,60.0,389.0,389.0,213.0
3260500.000000001,8250750.0,58.0,385.0,413.0,232.0
3260500.000000001,8350750.0,58.0,365.0,643.0,268.0
3260500.000000001,8450750.0,64.0,356.0,401.0,287.0
3260500.000000001,8550750.0,70.0,356.0,275.0,307.0
3260500.000000001,8650750.0,74.0,340.0,260.0,247.0
3260500.000000001,8750750.0,75.0,334.0,272.0,247.0
3260500.000000001,8850750.0,79.0,345.0,202.0,241.0
3260500.000000001,8950750.0,77.0,336.0,218.0,263.0
3260500.000000001,9050750.0,77.0,325.0,226.0,115.0
3260500.000000001,9150750.0,73.0,378.0,321.0,133.0
3260500.000000001,9250750.0,78.0,311.0,131.0,94.0
3260500.000000001,9350750.0,75.0,341.0,317.0,105.0
3260500.000000001,9450750.0,71.0,366.0,425.0,195.0
3260500.000000001,9550750.0,62.0,360.0,630.0,168.0
3260500.000000001,9650750.0,65.0,377.0,530.0,254.0
3260500.000000001,9750750.0,66.0,380.0,470.0,264.0
3260500.000000001,9850750.0,66.0,397.0,470.0,236.0
3260500.000000001,9950750.0,65.0,435.0,479.0,246.0
3260500.000000001,10050750.0,66.0,435.0,500.0,254.0
3260500.000000001,10150750.0,66.0,438.0,493.0,247.0
3260500.000000001,10250750.0,64.0,435.0,759.0,246.0
3260500.000000001,10350750.0,58.0,411.0,622.0,247.0
3260500.000000001,10450750.0,60.0,461.0,488.0,275.0
3260500.000000001,10550750.0,66.0,442.0,424.0,301.0
3260500.000000001,10650750.0,63.0,406.0,307.0,271.0
3260500.000000001,10750750.0,61.0,402.0,328.0,293.0
3260500.000000001,10850750.0,56.0,442.0,394.0,223.0
3260500.000000001,10950750.0,59.0,430.0,478.0,242.0
3260500.000000001,11050750.0,57.0,440.0,532.0,217.0
3260500.000000001,11150750.0,57.0,423.0,509.0,197.0
3260500.000000001,11250750.0,61.0,397.0,308.0,222.0
3260500.000000001,11350750.0,65.0,388.0,297.0,199.0
3260500.000000001,11450750.0,59.0,393.0,377.0,190.0
3260500.000000001,11550750.0,56.0,402.0,353.0,200.0
3260500.000000001,11650750.0,58.0,403.0,216.0,202.0
3260500.000000001,11850750.0,51.0,386.0,282.0,166.0
3260500.000000001,11950750.0,53.0,392.0,347.0,190.0
3260500.000000001,12050750.0,56.0,397.0,326.0,182.0
3260500.000000001,12150750.0,57.0,405.0,325.0,194.0
3160500.000000001,-12449250.0,71.0,320.0,164.0,154.0
3160500.000000001,-12249250.0,90.0,330.0,94.0,250.0
3160500.000000001,-12149250.0,78.0,327.0,145.0,200.0
3160500.000000001,-12049250.0,70.0,340.0,400.0,213.0
3160500.000000001,-11949250.0,64.0,378.0,278.0,232.0
3160500.000000001,-11849250.0,62.0,356.0,234.0,255.0
3160500.000000001,-11749250.0,66.0,362.0,257.0,244.0
3160500.000000001,-11649250.0,80.0,330.0,101.0,218.0
3160500.000000001,-11549250.0,78.0,338.0,168.0,204.0
3160500.000000001,-11449250.0,82.0,312.0,94.0,192.0
3160500.000000001,-11349250.0,73.0,356.0,270.0,152.0
3160500.000000001,-11249250.0,78.0,357.0,163.0,202.0
3160500.000000001,-11149250.0,78.0,364.0,186.0,194.0
3160500.000000001,-11049250.0,70.0,326.0,172.0,196.0
3160500.000000001,-10949250.0,74.0,338.0,241.0,189.0
3160500.000000001,-10849250.0,66.0,308.0,319.0,257.0
3160500.000000001,-9349250.0,54.0,232.0,2004.0,217.0
3160500.000000001,-649250.0,82.0,306.0,143.0,193.0
3160500.000000001,-549250.0,82.0,314.0,51.0,180.0
3160500.000000001,-449250.0,82.0,304.0,47.0,192.0
3160500.000000001,-349250.0,81.0,297.0,50.0,137.0
3160500.000000001,-249250.0,81.0,315.0,97.0,161.0
3160500.000000001,-149250.0,81.0,301.0,99.0,194.0
3160500.000000001,-49250.0,81.0,299.0,93.0,212.0
3160500.000000001,50750.0,82.0,285.0,55.0,296.0
3160500.000000001,150750.0,82.0,292.0,85.0,327.0
3160500.000000001,250750.0,84.0,302.0,113.0,260.0
3160500.000000001,350750.0,84.0,310.0,139.0,247.0
3160500.000000001,450750.0,84.0,305.0,63.0,247.0
3160500.000000001,550750.0,84.0,309.0,92.0,311.0
3160500.000000001,650750.0,84.0,288.0,101.0,226.0
3160500.000000001,750750.0,85.0,319.0,92.0,279.0
3160500.000000001,850750.0,84.0,309.0,62.0,269.0
3160500.000000001,950750.0,84.0,306.0,97.0,177.0
3160500.000000001,1050750.0,84.0,310.0,65.0,141.0
3160500.000000001,1150750.0,82.0,326.0,91.0,155.0
3160500.000000001,1250750.0,82.0,313.0,73.0,142.0
3160500.000000001,1350750.0,82.0,326.0,85.0,132.0
3160500.000000001,1450750.0,82.0,323.0,112.0,139.0
3160500.000000001,1550750.0,82.0,323.0,88.0,141.0
3160500.000000001,1650750.0,82.0,314.0,60.0,139.0
3160500.000000001,1750750.0,81.0,304.0,62.0,151.0
3160500.000000001,1850750.0,83.0,331.0,95.0,157.0
3160500.000000001,1950750.0,83.0,328.0,101.0,159.0
3160500.000000001,2050750.0,83.0,328.0,99.0,149.0
3160500.000000001,2150750.0,82.0,302.0,66.0,140.0
3160500.000000001,2250750.0,82.0,314.0,100.0,144.0
3160500.000000001,2350750.0,81.0,314.0,102.0,158.0
3160500.000000001,2450750.0,81.0,294.0,102.0,138.0
3160500.000000001,2550750.0,80.0,296.0,104.0,129.0
3160500.000000001,2650750.0,80.0,288.0,59.0,150.0
3160500.000000001,2750750.0,79.0,292.0,105.0,131.0
3160500.000000001,2850750.0,79.0,272.0,57.0,150.0
3160500.000000001,2950750.0,81.0,285.0,57.0,133.0
3160500.000000001,3050750.0,83.0,289.0,58.0,137.0
3160500.000000001,3150750.0,81.0,284.0,96.0,153.0
3160500.000000001,3250750.0,82.0,301.0,66.0,153.0
3160500.000000001,3350750.0,80.0,282.0,96.0,140.0
3160500.000000001,3450750.0,81.0,295.0,73.0,173.0
3160500.000000001,3550750.0,81.0,295.0,49.0,168.0
3160500.000000001,3750750.0,79.0,288.0,107.0,150.0
3160500.000000001,3850750.0,78.0,296.0,136.0,164.0
3160500.000000001,3950750.0,81.0,291.0,94.0,162.0
3160500.000000001,4050750.0,81.0,301.0,66.0,148.0
3160500.000000001,4150750.0,80.0,304.0,58.0,143.0
3160500.000000001,4250750.0,80.0,307.0,54.0,142.0
3160500.000000001,4350750.0,80.0,303.0,73.0,134.0
3160500.000000001,4450750.0,80.0,322.0,100.0,140.0
3160500.000000001,4550750.0,79.0,319.0,86.0,153.0
3160500.000000001,4650750.0,79.0,329.0,82.0,166.0
3160500.000000001,4750750.0,79.0,336.0,89.0,172.0
3160500.000000001,4850750.0,79.0,337.0,87.0,177.0
3160500.000000001,4950750.0,79.0,336.0,114.0,178.0
3160500.000000001,5050750.0,80.0,317.0,72.0,162.0
3160500.000000001,5150750.0,77.0,306.0,77.0,148.0
3160500.000000001,5450750.0,78.0,322.0,95.0,247.0
3160500.000000001,5550750.0,79.0,311.0,196.0,246.0
3160500.000000001,5650750.0,80.0,327.0,252.0,289.0
3160500.000000001,5750750.0,80.0,332.0,186.0,309.0
3160500.000000001,5850750.0,79.0,328.0,193.0,212.0
3160500.000000001,5950750.0,79.0,309.0,105.0,189.0
3160500.000000001,6050750.0,79.0,311.0,135.0,163.0
3160500.000000001,6150750.0,79.0,299.0,93.0,186.0
3160500.000000001,6250750.0,80.0,305.0,71.0,158.0
3160500.000000001,6350750.0,81.0,300.0,63.0,185.0
3160500.000000001,6450750.0,79.0,309.0,67.0,154.0
3160500.000000001,6550750.0,81.0,311.0,50.0,137.0
3160500.000000001,6650750.0,82.0,301.0,49.0,148.0
3160500.000000001,6750750.0,82.0,295.0,54.0,166.0
3160500.000000001,6850750.0,79.0,302.0,73.0,192.0
3160500.000000001,6950750.0,80.0,342.0,88.0,197.0
3160500.000000001,7050750.0,81.0,338.0,92.0,145.0
3160500.000000001,7150750.0,82.0,298.0,129.0,148.0
3160500.000000001,7250750.0,80.0,333.0,100.0,134.0
3160500.000000001,7350750.0,81.0,316.0,52.0,162.0
3160500.000000001,7450750.0,80.0,317.0,79.0,140.0
3160500.000000001,7550750.0,80.0,320.0,92.0,139.0
3160500.000000001,7650750.0,81.0,324.0,60.0,148.0
3160500.000000001,7850750.0,74.0,359.0,116.0,203.0
3160500.000000001,7950750.0,78.0,329.0,109.0,160.0
3160500.000000001,8050750.0,75.0,354.0,144.0,186.0
3160500.000000001,8150750.0,73.0,333.0,147.0,123.0
3160500.000000001,8250750.0,65.0,362.0,210.0,155.0
3160500.000000001,8350750.0,66.0,375.0,188.0,169.0
3160500.000000001,8450750.0,61.0,369.0,235.0,209.0
3160500.000000001,8550750.0,58.0,402.0,576.0,225.0
3160500.000000001,8650750.0,66.0,371.0,552.0,291.0
3160500.000000001,8750750.0,67.0,360.0,419.0,272.0
3160500.000000001,8850750.0,74.0,362.0,311.0,370.0
3160500.000000001,8950750.0,73.0,355.0,291.0,326.0
3160500.000000001,9050750.0,77.0,361.0,166.0,253.0
3160500.000000001,9150750.0,72.0,361.0,257.0,167.0
3160500.000000001,9250750.0,70.0,378.0,364.0,208.0
3160500.000000001,9350750.0,71.0,391.0,352.0,266.0
3160500.000000001,9450750.0,78.0,355.0,171.0,139.0
3160500.000000001,9550750.0,56.0,366.0,551.0,233.0
3160500.000000001,9650750.0,56.0,390.0,715.0,210.0
3160500.000000001,9750750.0,54.0,414.0,732.0,200.0
3160500.000000001,9850750.0,56.0,399.0,622.0,232.0
3160500.000000001,9950750.0,64.0,384.0,562.0,265.0
3160500.000000001,10050750.0,58.0,391.0,615.0,213.0
3160500.000000001,10150750.0,64.0,442.0,500.0,210.0
3160500.000000001,10250750.0,60.0,433.0,535.0,229.0
3160500.000000001,10350750.0,59.0,418.0,710.0,208.0
3160500.000000001,10450750.0,58.0,444.0,665.0,290.0
3160500.000000001,10550750.0,55.0,427.0,582.0,332.0
3160500.000000001,10650750.0,57.0,417.0,312.0,264.0
3160500.000000001,10750750.0,57.0,413.0,343.0,226.0
3160500.000000001,10850750.0,52.0,444.0,352.0,221.0
3160500.000000001,10950750.0,54.0,430.0,391.0,220.0
3160500.000000001,11050750.0,59.0,442.0,432.0,213.0
3160500.000000001,11150750.0,60.0,422.0,450.0,212.0
3160500.000000001,11250750.0,59.0,408.0,630.0,216.0
3160500.000000001,11350750.0,60.0,393.0,296.0,192.0
3160500.000000001,11550750.0,58.0,399.0,255.0,206.0
3160500.000000001,11650750.0,58.0,386.0,211.0,204.0
3160500.000000001,11850750.0,52.0,388.0,118.0,116.0
3160500.000000001,11950750.0,53.0,384.0,129.0,132.0
3160500.000000001,12050750.0,48.0,404.0,452.0,201.0
3160500.000000001,12150750.0,60.0,401.0,293.0,205.0
3160500.000000001,12250750.0,53.0,412.0,404.0,234.0
3060500.000000001,-12549250.0,80.0,298.0,51.0,168.0
3060500.000000001,-12449250.0,84.0,278.0,57.0,160.0
3060500.000000001,-12349250.0,80.0,300.0,102.0,138.0
3060500.000000001,-12149250.0,80.0,360.0,150.0,172.0
3060500.000000001,-12049250.0,71.0,342.0,297.0,204.0
3060500.000000001,-11949250.0,68.0,353.0,474.0,224.0
3060500.000000001,-11849250.0,58.0,369.0,267.0,235.0
3060500.000000001,-11749250.0,75.0,357.0,163.0,226.0
3060500.000000001,-11649250.0,82.0,330.0,131.0,235.0
3060500.000000001,-11549250.0,81.0,343.0,184.0,208.0
3060500.000000001,-11449250.0,82.0,326.0,115.0,171.0
3060500.000000001,-11349250.0,82.0,338.0,168.0,185.0
3060500.000000001,-11249250.0,81.0,346.0,128.0,243.0
3060500.000000001,-11149250.0,81.0,310.0,130.0,184.0
3060500.000000001,-11049250.0,77.0,356.0,174.0,204.0
3060500.000000001,-10949250.0,69.0,359.0,173.0,177.0
3060500.000000001,-9349250.0,54.0,287.0,1640.0,210.0
3060500.000000001,-9249250.0,55.0,366.0,1381.0,280.0
3060500.000000001,-849250.0,81.0,294.0,105.0,144.0
3060500.000000001,-749250.0,81.0,313.0,76.0,175.0
3060500.000000001,-649250.0,82.0,313.0,60.0,183.0
3060500.000000001,-549250.0,83.0,308.0,186.0,192.0
3060500.000000001,-449250.0,82.0,311.0,116.0,205.0
3060500.000000001,-349250.0,81.0,308.0,117.0,200.0
3060500.000000001,-249250.0,81.0,301.0,106.0,171.0
3060500.000000001,-149250.0,81.0,287.0,133.0,202.0
3060500.000000001,-49250.0,81.0,299.0,107.0,244.0
3060500.000000001,50750.0,82.0,277.0,84.0,320.0
3060500.000000001,150750.0,82.0,297.0,80.0,259.0
3060500.000000001,250750.0,84.0,292.0,91.0,243.0
3060500.000000001,350750.0,84.0,296.0,89.0,247.0
3060500.000000001,450750.0,84.0,307.0,89.0,261.0
3060500.000000001,550750.0,84.0,310.0,59.0,281.0
3060500.000000001,650750.0,84.0,308.0,56.0,195.0
3060500.000000001,750750.0,85.0,312.0,91.0,284.0
3060500.000000001,850750.0,85.0,326.0,95.0,274.0
3060500.000000001,950750.0,81.0,309.0,78.0,248.0
3060500.000000001,1050750.0,84.0,313.0,91.0,191.0
3060500.000000001,1150750.0,85.0,309.0,93.0,145.0
3060500.000000001,1250750.0,84.0,310.0,89.0,123.0
3060500.000000001,1350750.0,84.0,307.0,96.0,148.0
3060500.000000001,1450750.0,81.0,304.0,93.0,143.0
3060500.000000001,1550750.0,83.0,303.0,60.0,148.0
3060500.000000001,1650750.0,84.0,308.0,93.0,129.0
3060500.000000001,1750750.0,83.0,310.0,63.0,149.0
3060500.000000001,1850750.0,82.0,320.0,104.0,133.0
3060500.000000001,1950750.0,83.0,326.0,109.0,165.0
3060500.000000001,2050750.0,84.0,311.0,64.0,142.0
3060500.000000001,2150750.0,83.0,313.0,59.0,136.0
3060500.000000001,2250750.0,82.0,302.0,78.0,140.0
3060500.000000001,2350750.0,81.0,301.0,116.0,152.0
3060500.000000001,2450750.0,81.0,300.0,106.0,125.0
3060500.000000001,2550750.0,81.0,288.0,110.0,127.0
3060500.000000001,2650750.0,81.0,281.0,147.0,143.0
3060500.000000001,2750750.0,82.0,302.0,102.0,127.0
3060500.000000001,2850750.0,82.0,301.0,96.0,139.0
3060500.000000001,2950750.0,82.0,291.0,60.0,152.0
3060500.000000001,3050750.0,82.0,276.0,99.0,152.0
3060500.000000001,3150750.0,83.0,291.0,67.0,159.0
3060500.000000001,3250750.0,81.0,277.0,107.0,157.0
3060500.000000001,3350750.0,82.0,277.0,100.0,162.0
3060500.000000001,3450750.0,81.0,294.0,71.0,169.0
3060500.000000001,3550750.0,81.0,306.0,64.0,163.0
3060500.000000001,3650750.0,79.0,303.0,65.0,164.0
3060500.000000001,3950750.0,79.0,284.0,105.0,143.0
3060500.000000001,4050750.0,81.0,302.0,53.0,156.0
3060500.000000001,4150750.0,80.0,287.0,53.0,131.0
3060500.000000001,4250750.0,80.0,296.0,89.0,147.0
3060500.000000001,4350750.0,80.0,301.0,64.0,141.0
3060500.000000001,4450750.0,80.0,315.0,91.0,157.0
3060500.000000001,4550750.0,79.0,327.0,135.0,152.0
3060500.000000001,4650750.0,79.0,333.0,104.0,165.0
3060500.000000001,4750750.0,79.0,337.0,85.0,183.0
3060500.000000001,4850750.0,79.0,341.0,100.0,208.0
3060500.000000001,4950750.0,79.0,317.0,74.0,176.0
3060500.000000001,5050750.0,80.0,317.0,79.0,165.0
3060500.000000001,5150750.0,79.0,310.0,55.0,138.0
3060500.000000001,5650750.0,80.0,317.0,111.0,225.0
3060500.000000001,5750750.0,81.0,310.0,194.0,240.0
3060500.000000001,5850750.0,80.0,312.0,198.0,214.0
3060500.000000001,5950750.0,76.0,311.0,264.0,193.0
3060500.000000001,6050750.0,78.0,299.0,172.0,193.0
3060500.000000001,6150750.0,79.0,331.0,85.0,193.0
3060500.000000001,6250750.0,80.0,295.0,54.0,168.0
3060500.000000001,6350750.0,80.0,304.0,56.0,158.0
3060500.000000001,6450750.0,80.0,311.0,53.0,172.0
3060500.000000001,6550750.0,79.0,306.0,113.0,163.0
3060500.000000001,6650750.0,82.0,304.0,52.0,148.0
3060500.000000001,6750750.0,82.0,302.0,54.0,151.0
3060500.000000001,6850750.0,80.0,307.0,53.0,182.0
3060500.000000001,6950750.0,77.0,322.0,176.0,213.0
3060500.000000001,7050750.0,81.0,324.0,79.0,182.0
3060500.000000001,7150750.0,81.0,320.0,100.0,128.0
3060500.000000001,7250750.0,80.0,298.0,46.0,134.0
3060500.000000001,7350750.0,80.0,288.0,33.0,97.0
3060500.000000001,7450750.0,81.0,308.0,43.0,87.0
3060500.000000001,7550750.0,80.0,335.0,56.0,122.0
3060500.000000001,7650750.0,77.0,316.0,71.0,221.0
3060500.000000001,7750750.0,79.0,331.0,64.0,196.0
3060500.000000001,7850750.0,75.0,339.0,97.0,266.0
3060500.000000001,7950750.0,77.0,356.0,111.0,185.0
3060500.000000001,8050750.0,79.0,321.0,125.0,142.0
3060500.000000001,8150750.0,87.0,332.0,140.0,137.0
3060500.000000001,8250750.0,75.0,348.0,151.0,230.0
3060500.000000001,8350750.0,72.0,334.0,137.0,121.0
3060500.000000001,8450750.0,70.0,367.0,137.0,139.0
3060500.000000001,8550750.0,70.0,365.0,125.0,133.0
3060500.000000001,8650750.0,64.0,364.0,153.0,140.0
3060500.000000001,8750750.0,59.0,356.0,212.0,153.0
3060500.000000001,8850750.0,59.0,375.0,317.0,175.0
3060500.000000001,8950750.0,55.0,388.0,473.0,208.0
3060500.000000001,9050750.0,53.0,415.0,765.0,240.0
3060500.000000001,9150750.0,67.0,394.0,411.0,294.0
3060500.000000001,9250750.0,54.0,413.0,1014.0,226.0
3060500.000000001,9350750.0,56.0,417.0,493.0,232.0
3060500.000000001,9450750.0,56.0,426.0,594.0,229.0
3060500.000000001,9550750.0,52.0,397.0,541.0,200.0
3060500.000000001,9650750.0,54.0,391.0,409.0,220.0
3060500.000000001,9750750.0,57.0,392.0,282.0,174.0
3060500.000000001,9850750.0,53.0,348.0,354.0,180.0
3060500.000000001,9950750.0,55.0,411.0,749.0,280.0
3060500.000000001,10050750.0,52.0,383.0,1304.0,201.0
3060500.000000001,10150750.0,60.0,414.0,442.0,267.0
3060500.000000001,10250750.0,56.0,448.0,564.0,233.0
3060500.000000001,10350750.0,65.0,440.0,453.0,203.0
3060500.000000001,10450750.0,58.0,430.0,464.0,206.0
3060500.000000001,10550750.0,58.0,412.0,568.0,200.0
3060500.000000001,10650750.0,64.0,425.0,433.0,261.0
3060500.000000001,10750750.0,59.0,419.0,394.0,265.0
3060500.000000001,10850750.0,55.0,440.0,318.0,235.0
3060500.000000001,10950750.0,55.0,433.0,405.0,212.0
3060500.000000001,11050750.0,60.0,443.0,513.0,218.0
3060500.000000001,11150750.0,60.0,403.0,555.0,230.0
3060500.000000001,11250750.0,55.0,412.0,547.0,222.0
3060500.000000001,11350750.0,65.0,403.0,529.0,208.0
3060500.000000001,11450750.0,57.0,391.0,236.0,195.0
3060500.000000001,11550750.0,56.0,390.0,265.0,228.0
3060500.000000001,11650750.0,50.0,379.0,459.0,247.0
3060500.000000001,11750750.0,55.0,381.0,231.0,180.0
3060500.000000001,11850750.0,52.0,372.0,253.0,218.0
3060500.000000001,11950750.0,49.0,388.0,201.0,162.0
3060500.000000001,12050750.0,51.0,395.0,274.0,151.0
3060500.000000001,12150750.0,53.0,392.0,354.0,187.0
3060500.000000001,12250750.0,54.0,392.0,408.0,204.0
2960500.000000001,-12349250.0,80.0,328.0,169.0,178.0
2960500.000000001,-12049250.0,77.0,349.0,126.0,178.0
2960500.000000001,-11949250.0,65.0,367.0,569.0,219.0
2960500.000000001,-11849250.0,64.0,373.0,468.0,223.0
2960500.000000001,-11749250.0,65.0,361.0,253.0,226.0
2960500.000000001,-11649250.0,76.0,327.0,163.0,228.0
2960500.000000001,-11549250.0,85.0,336.0,137.0,196.0
2960500.000000001,-11449250.0,84.0,323.0,137.0,199.0
2960500.000000001,-11349250.0,82.0,335.0,124.0,180.0
2960500.000000001,-11249250.0,83.0,334.0,136.0,181.0
2960500.000000001,-11149250.0,80.0,361.0,180.0,197.0
2960500.000000001,-10949250.0,71.0,245.0,165.0,109.0
2960500.000000001,-9349250.0,58.0,323.0,1317.0,320.0
2960500.000000001,-9249250.0,60.0,368.0,1137.0,243.0
2960500.000000001,-949250.0,81.0,280.0,206.0,127.0
2960500.000000001,-849250.0,83.0,284.0,125.0,157.0
2960500.000000001,-749250.0,82.0,306.0,153.0,140.0
2960500.000000001,-649250.0,83.0,303.0,117.0,155.0
2960500.000000001,-549250.0,83.0,307.0,116.0,217.0
2960500.000000001,-449250.0,82.0,306.0,110.0,173.0
2960500.000000001,-349250.0,82.0,303.0,110.0,220.0
2960500.000000001,-249250.0,81.0,293.0,153.0,308.0
2960500.000000001,-149250.0,82.0,288.0,78.0,332.0
2960500.000000001,-49250.0,84.0,289.0,107.0,356.0
2960500.000000001,50750.0,83.0,300.0,109.0,317.0
2960500.000000001,150750.0,82.0,302.0,117.0,250.0
2960500.000000001,250750.0,81.0,295.0,90.0,244.0
2960500.000000001,350750.0,82.0,275.0,92.0,233.0
2960500.000000001,450750.0,83.0,304.0,54.0,250.0
2960500.000000001,550750.0,83.0,299.0,90.0,250.0
2960500.000000001,650750.0,83.0,302.0,90.0,226.0
2960500.000000001,750750.0,83.0,308.0,86.0,235.0
2960500.000000001,850750.0,83.0,300.0,61.0,239.0
2960500.000000001,950750.0,81.0,304.0,105.0,261.0
2960500.000000001,1050750.0,81.0,298.0,104.0,252.0
2960500.000000001,1150750.0,84.0,296.0,62.0,225.0
2960500.000000001,1250750.0,85.0,310.0,54.0,170.0
2960500.000000001,1350750.0,84.0,312.0,69.0,146.0
2960500.000000001,1450750.0,84.0,316.0,89.0,148.0
2960500.000000001,1550750.0,83.0,308.0,56.0,157.0
2960500.000000001,1650750.0,83.0,303.0,54.0,136.0
2960500.000000001,1750750.0,84.0,289.0,101.0,131.0
2960500.000000001,1850750.0,82.0,300.0,112.0,145.0
2960500.000000001,1950750.0,82.0,310.0,108.0,153.0
2960500.000000001,2050750.0,83.0,298.0,74.0,152.0
2960500.000000001,2150750.0,82.0,304.0,58.0,145.0
2960500.000000001,2250750.0,82.0,308.0,111.0,129.0
2960500.000000001,2350750.0,82.0,300.0,120.0,146.0
2960500.000000001,2450750.0,82.0,301.0,108.0,135.0
2960500.000000001,2550750.0,80.0,273.0,122.0,135.0
2960500.000000001,2650750.0,81.0,288.0,80.0,140.0
2960500.000000001,2750750.0,82.0,297.0,86.0,134.0
2960500.000000001,2850750.0,82.0,303.0,100.0,143.0
2960500.000000001,2950750.0,83.0,303.0,116.0,156.0
2960500.000000001,3050750.0,83.0,299.0,94.0,145.0
2960500.000000001,3150750.0,83.0,300.0,94.0,132.0
2960500.000000001,3250750.0,83.0,311.0,109.0,156.0
2960500.000000001,3350750.0,81.0,296.0,100.0,144.0
2960500.000000001,3450750.0,82.0,281.0,99.0,167.0
2960500.000000001,3550750.0,81.0,303.0,65.0,172.0
2960500.000000001,3650750.0,81.0,295.0,81.0,159.0
2960500.000000001,4050750.0,79.0,301.0,101.0,168.0
2960500.000000001,4150750.0,78.0,285.0,72.0,140.0
2960500.000000001,4250750.0,81.0,312.0,73.0,145.0
2960500.000000001,4350750.0,81.0,301.0,58.0,151.0
2960500.000000001,4450750.0,80.0,305.0,78.0,139.0
2960500.000000001,4550750.0,80.0,315.0,116.0,158.0
2960500.000000001,4650750.0,79.0,324.0,110.0,139.0
2960500.000000001,4750750.0,79.0,328.0,92.0,157.0
2960500.000000001,4850750.0,79.0,328.0,80.0,175.0
2960500.000000001,4950750.0,79.0,329.0,82.0,188.0
2960500.000000001,5050750.0,79.0,325.0,77.0,165.0
2960500.000000001,5150750.0,80.0,326.0,61.0,172.0
2960500.000000001,5250750.0,80.0,289.0,91.0,150.0
2960500.000000001,6050750.0,79.0,296.0,234.0,166.0
2960500.000000001,6150750.0,78.0,306.0,168.0,191.0
2960500.000000001,6250750.0,78.0,312.0,132.0,207.0
2960500.000000001,6350750.0,78.0,312.0,125.0,195.0
2960500.000000001,6450750.0,80.0,313.0,123.0,160.0
2960500.000000001,6550750.0,80.0,317.0,67.0,135.0
2960500.000000001,6650750.0,81.0,298.0,56.0,150.0
2960500.000000001,6750750.0,79.0,309.0,92.0,161.0
2960500.000000001,6850750.0,81.0,306.0,79.0,153.0
2960500.000000001,6950750.0,76.0,327.0,136.0,163.0
2960500.000000001,7050750.0,80.0,304.0,77.0,172.0
2960500.000000001,7150750.0,81.0,339.0,93.0,125.0
2960500.000000001,7250750.0,80.0,291.0,39.0,102.0
2960500.000000001,7350750.0,80.0,293.0,39.0,85.0
2960500.000000001,7450750.0,80.0,300.0,38.0,90.0
2960500.000000001,7550750.0,77.0,324.0,46.0,102.0
2960500.000000001,7650750.0,73.0,331.0,68.0,127.0
2960500.000000001,7750750.0,74.0,337.0,97.0,130.0
2960500.000000001,7850750.0,74.0,363.0,107.0,268.0
2960500.000000001,7950750.0,72.0,345.0,123.0,192.0
2960500.000000001,8050750.0,73.0,362.0,106.0,221.0
2960500.000000001,8150750.0,81.0,373.0,146.0,175.0
2960500.000000001,8250750.0,80.0,331.0,151.0,132.0
2960500.000000001,8350750.0,75.0,345.0,153.0,275.0
2960500.000000001,8450750.0,73.0,360.0,130.0,230.0
2960500.000000001,8550750.0,72.0,336.0,129.0,225.0
2960500.000000001,8650750.0,72.0,364.0,216.0,176.0
2960500.000000001,8750750.0,70.0,320.0,117.0,137.0
2960500.000000001,8850750.0,67.0,361.0,164.0,176.0
2960500.000000001,8950750.0,64.0,356.0,172.0,199.0
2960500.000000001,9050750.0,65.0,358.0,170.0,140.0
2960500.000000001,9150750.0,57.0,388.0,193.0,176.0
2960500.000000001,9250750.0,54.0,372.0,216.0,217.0
2960500.000000001,9350750.0,54.0,395.0,169.0,169.0
2960500.000000001,9450750.0,53.0,373.0,163.0,181.0
2960500.000000001,9550750.0,55.0,382.0,209.0,193.0
2960500.000000001,9650750.0,55.0,375.0,202.0,179.0
2960500.000000001,9750750.0,53.0,401.0,310.0,208.0
2960500.000000001,9850750.0,53.0,399.0,1242.0,220.0
2960500.000000001,9950750.0,53.0,364.0,626.0,198.0
2960500.000000001,10050750.0,51.0,376.0,581.0,210.0
2960500.000000001,10150750.0,54.0,403.0,988.0,192.0
2960500.000000001,10250750.0,61.0,413.0,471.0,251.0
2960500.000000001,10350750.0,61.0,376.0,418.0,199.0
2960500.000000001,10450750.0,69.0,407.0,270.0,194.0
2960500.000000001,10550750.0,58.0,435.0,400.0,210.0
2960500.000000001,10650750.0,62.0,437.0,464.0,226.0
2960500.000000001,10750750.0,58.0,424.0,596.0,236.0
2960500.000000001,10850750.0,61.0,443.0,514.0,260.0
2960500.000000001,10950750.0,58.0,471.0,369.0,196.0
2960500.000000001,11050750.0,59.0,453.0,419.0,228.0
2960500.000000001,11150750.0,55.0,414.0,548.0,210.0
2960500.000000001,11250750.0,54.0,421.0,579.0,213.0
2960500.000000001,11350750.0,62.0,389.0,557.0,232.0
2960500.000000001,11450750.0,57.0,392.0,242.0,203.0
2960500.000000001,11550750.0,55.0,386.0,336.0,215.0
2960500.000000001,11650750.0,58.0,390.0,201.0,193.0
2960500.000000001,11750750.0,55.0,384.0,247.0,203.0
2960500.000000001,11850750.0,50.0,386.0,368.0,199.0
2960500.000000001,11950750.0,52.0,361.0,248.0,157.0
2960500.000000001,12050750.0,50.0,376.0,356.0,158.0
2960500.000000001,12150750.0,54.0,399.0,360.0,184.0
2960500.000000001,12250750.0,55.0,392.0,451.0,215.0
2860500.000000001,-12049250.0,77.0,332.0,161.0,180.0
2860500.000000001,-11949250.0,73.0,345.0,177.0,208.0
2860500.000000001,-11849250.0,67.0,366.0,481.0,218.0
2860500.000000001,-11749250.0,59.0,367.0,294.0,235.0
2860500.000000001,-11649250.0,77.0,362.0,241.0,202.0
2860500.000000001,-11549250.0,77.0,351.0,277.0,194.0
2860500.000000001,-11449250.0,83.0,337.0,149.0,193.0
2860500.000000001,-11349250.0,85.0,322.0,134.0,189.0
2860500.000000001,-11249250.0,82.0,346.0,217.0,200.0
2860500.000000001,-11049250.0,81.0,360.0,153.0,185.0
2860500.000000001,-10949250.0,80.0,338.0,158.0,167.0
2860500.000000001,-10849250.0,80.0,333.0,341.0,219.0
2860500.000000001,-9249250.0,71.0,402.0,1962.0,391.0
2860500.000000001,-1049250.0,82.0,302.0,104.0,193.0
2860500.000000001,-949250.0,83.0,286.0,71.0,132.0
2860500.000000001,-849250.0,81.0,301.0,127.0,131.0
2860500.000000001,-749250.0,83.0,296.0,101.0,159.0
2860500.000000001,-649250.0,83.0,304.0,106.0,166.0
2860500.000000001,-549250.0,82.0,303.0,103.0,180.0
2860500.000000001,-449250.0,81.0,307.0,107.0,262.0
2860500.000000001,-349250.0,82.0,301.0,148.0,322.0
2860500.000000001,-249250.0,82.0,294.0,98.0,253.0
2860500.000000001,-149250.0,83.0,292.0,101.0,262.0
2860500.000000001,-49250.0,83.0,308.0,108.0,302.0
2860500.000000001,50750.0,83.0,288.0,134.0,253.0
2860500.000000001,150750.0,82.0,300.0,111.0,251.0
2860500.000000001,250750.0,81.0,281.0,115.0,253.0
2860500.000000001,350750.0,82.0,265.0,107.0,237.0
2860500.000000001,450750.0,83.0,286.0,138.0,243.0
2860500.000000001,550750.0,83.0,292.0,88.0,219.0
2860500.000000001,650750.0,82.0,291.0,58.0,239.0
2860500.000000001,750750.0,80.0,299.0,68.0,277.0
2860500.000000001,850750.0,84.0,311.0,118.0,229.0
2860500.000000001,950750.0,85.0,311.0,109.0,235.0
2860500.000000001,1050750.0,84.0,301.0,94.0,273.0
2860500.000000001,1150750.0,83.0,307.0,89.0,248.0
2860500.000000001,1250750.0,82.0,308.0,57.0,202.0
2860500.000000001,1350750.0,83.0,303.0,88.0,159.0
2860500.000000001,1450750.0,83.0,318.0,105.0,147.0
2860500.000000001,1550750.0,83.0,303.0,92.0,133.0
2860500.000000001,1650750.0,83.0,307.0,75.0,136.0
2860500.000000001,1750750.0,83.0,295.0,91.0,138.0
2860500.000000001,1850750.0,84.0,297.0,89.0,138.0
2860500.000000001,1950750.0,84.0,305.0,61.0,125.0
2860500.000000001,2050750.0,81.0,297.0,62.0,133.0
2860500.000000001,2150750.0,83.0,294.0,112.0,139.0
2860500.000000001,2250750.0,82.0,296.0,147.0,139.0
2860500.000000001,2350750.0,81.0,306.0,292.0,170.0
2860500.000000001,2550750.0,81.0,293.0,123.0,157.0
2860500.000000001,2650750.0,81.0,289.0,63.0,159.0
2860500.000000001,2750750.0,81.0,307.0,97.0,150.0
2860500.000000001,2850750.0,82.0,295.0,95.0,162.0
2860500.000000001,2950750.0,81.0,286.0,71.0,171.0
2860500.000000001,3050750.0,81.0,293.0,69.0,154.0
2860500.000000001,3150750.0,81.0,305.0,105.0,162.0
2860500.000000001,3250750.0,81.0,296.0,99.0,155.0
2860500.000000001,3350750.0,81.0,300.0,143.0,159.0
2860500.000000001,3450750.0,81.0,283.0,101.0,212.0
2860500.000000001,3550750.0,81.0,300.0,87.0,167.0
2860500.000000001,3650750.0,80.0,293.0,80.0,201.0
2860500.000000001,3750750.0,79.0,304.0,120.0,175.0
2860500.000000001,4050750.0,80.0,286.0,58.0,144.0
2860500.000000001,4150750.0,80.0,304.0,56.0,134.0
2860500.000000001,4250750.0,81.0,298.0,92.0,124.0
2860500.000000001,4350750.0,81.0,303.0,67.0,161.0
2860500.000000001,4450750.0,80.0,299.0,70.0,161.0
2860500.000000001,4550750.0,80.0,335.0,69.0,155.0
2860500.000000001,4650750.0,79.0,350.0,88.0,185.0
2860500.000000001,4750750.0,78.0,320.0,148.0,184.0
2860500.000000001,4850750.0,79.0,334.0,92.0,188.0
2860500.000000001,4950750.0,79.0,318.0,80.0,200.0
2860500.000000001,5050750.0,79.0,316.0,85.0,176.0
2860500.000000001,5150750.0,80.0,310.0,78.0,168.0
2860500.000000001,5250750.0,80.0,305.0,59.0,151.0
2860500.000000001,5350750.0,80.0,289.0,46.0,161.0
2860500.000000001,5450750.0,78.0,283.0,59.0,162.0
2860500.000000001,5950750.0,79.0,297.0,121.0,143.0
2860500.000000001,6150750.0,80.0,307.0,138.0,147.0
2860500.000000001,6250750.0,79.0,298.0,108.0,184.0
2860500.000000001,6350750.0,77.0,308.0,129.0,172.0
2860500.000000001,6450750.0,79.0,317.0,100.0,194.0
2860500.000000001,6550750.0,80.0,311.0,87.0,175.0
2860500.000000001,6650750.0,81.0,305.0,60.0,170.0
2860500.000000001,6750750.0,78.0,323.0,64.0,206.0
2860500.000000001,6850750.0,81.0,324.0,55.0,168.0
2860500.000000001,6950750.0,76.0,327.0,101.0,191.0
2860500.000000001,7050750.0,73.0,351.0,206.0,228.0
2860500.000000001,7150750.0,82.0,309.0,43.0,123.0
2860500.000000001,7250750.0,80.0,317.0,78.0,154.0
2860500.000000001,7350750.0,79.0,345.0,41.0,117.0
2860500.000000001,7450750.0,77.0,330.0,52.0,90.0
2860500.000000001,7550750.0,77.0,343.0,63.0,133.0
2860500.000000001,7650750.0,75.0,367.0,139.0,126.0
2860500.000000001,7750750.0,73.0,348.0,155.0,225.0
2860500.000000001,7850750.0,75.0,349.0,104.0,210.0
2860500.000000001,7950750.0,74.0,310.0,115.0,238.0
2860500.000000001,8050750.0,72.0,392.0,111.0,229.0
2860500.000000001,8150750.0,75.0,389.0,132.0,207.0
2860500.000000001,8250750.0,79.0,362.0,124.0,232.0
2860500.000000001,8350750.0,76.0,312.0,140.0,217.0
2860500.000000001,8450750.0,71.0,343.0,145.0,171.0
2860500.000000001,8550750.0,73.0,342.0,134.0,212.0
2860500.000000001,8650750.0,75.0,370.0,163.0,270.0
2860500.000000001,8750750.0,73.0,347.0,150.0,260.0
2860500.000000001,8850750.0,72.0,333.0,145.0,149.0
2860500.000000001,8950750.0,70.0,344.0,138.0,136.0
2860500.000000001,9050750.0,69.0,335.0,165.0,172.0
2860500.000000001,9150750.0,66.0,360.0,134.0,182.0
2860500.000000001,9250750.0,61.0,383.0,167.0,187.0
2860500.000000001,9350750.0,55.0,379.0,181.0,191.0
2860500.000000001,9450750.0,51.0,458.0,305.0,218.0
2860500.000000001,9550750.0,51.0,415.0,591.0,232.0
2860500.000000001,9650750.0,54.0,367.0,179.0,183.0
2860500.000000001,9750750.0,53.0,401.0,528.0,202.0
2860500.000000001,9850750.0,53.0,409.0,1630.0,229.0
2860500.000000001,9950750.0,54.0,383.0,276.0,230.0
2860500.000000001,10050750.0,53.0,383.0,444.0,233.0
2860500.000000001,10150750.0,52.0,363.0,817.0,232.0
2860500.000000001,10250750.0,56.0,397.0,1014.0,227.0
2860500.000000001,10350750.0,63.0,379.0,412.0,218.0
2860500.000000001,10450750.0,58.0,381.0,424.0,225.0
2860500.000000001,10550750.0,72.0,383.0,230.0,169.0
2860500.000000001,10650750.0,59.0,417.0,364.0,202.0
2860500.000000001,10750750.0,64.0,392.0,358.0,180.0
2860500.000000001,10850750.0,59.0,413.0,421.0,230.0
2860500.000000001,10950750.0,58.0,428.0,404.0,200.0
2860500.000000001,11050750.0,60.0,423.0,384.0,181.0
2860500.000000001,11150750.0,58.0,431.0,539.0,243.0
2860500.000000001,11250750.0,58.0,419.0,357.0,208.0
2860500.000000001,11350750.0,54.0,408.0,522.0,204.0
2860500.000000001,11450750.0,53.0,397.0,559.0,227.0
2860500.000000001,11550750.0,57.0,382.0,237.0,225.0
2860500.000000001,11650750.0,62.0,379.0,214.0,192.0
2860500.000000001,11750750.0,52.0,387.0,370.0,175.0
2860500.000000001,11850750.0,58.0,382.0,196.0,171.0
2860500.000000001,11950750.0,51.0,377.0,286.0,159.0
2860500.000000001,12050750.0,53.0,391.0,315.0,177.0
2860500.000000001,12150750.0,55.0,392.0,245.0,171.0
2860500.000000001,12250750.0,53.0,406.0,350.0,202.0
2760500.000000001,-12249250.0,81.0,319.0,97.0,173.0
2760500.000000001,-11849250.0,62.0,353.0,328.0,169.0
2760500.000000001,-11749250.0,57.0,367.0,681.0,237.0
2760500.000000001,-11649250.0,64.0,358.0,229.0,251.0
2760500.000000001,-11549250.0,78.0,340.0,173.0,210.0
2760500.000000001,-11449250.0,85.0,336.0,138.0,175.0
2760500.000000001,-11349250.0,80.0,350.0,213.0,214.0
2760500.000000001,-11249250.0,82.0,362.0,157.0,179.0
2760500.000000001,-11149250.0,73.0,364.0,373.0,149.0
2760500.000000001,-11049250.0,78.0,319.0,393.0,209.0
2760500.000000001,-10949250.0,79.0,330.0,199.0,210.0
2760500.000000001,-1149250.0,83.0,298.0,173.0,206.0
2760500.000000001,-1049250.0,82.0,302.0,126.0,148.0
2760500.000000001,-949250.0,81.0,292.0,126.0,129.0
2760500.000000001,-849250.0,81.0,299.0,123.0,123.0
2760500.000000001,-749250.0,81.0,297.0,124.0,145.0
2760500.000000001,-649250.0,81.0,285.0,102.0,197.0
2760500.000000001,-549250.0,82.0,310.0,103.0,233.0
2760500.000000001,-449250.0,81.0,302.0,92.0,250.0
2760500.000000001,-349250.0,82.0,286.0,95.0,258.0
2760500.000000001,-249250.0,82.0,300.0,98.0,276.0
2760500.000000001,-149250.0,81.0,293.0,131.0,253.0
2760500.000000001,-49250.0,81.0,288.0,99.0,250.0
2760500.000000001,50750.0,82.0,284.0,133.0,244.0
2760500.000000001,150750.0,81.0,280.0,103.0,248.0
2760500.000000001,250750.0,82.0,274.0,137.0,238.0
2760500.000000001,350750.0,82.0,288.0,98.0,220.0
2760500.000000001,450750.0,84.0,288.0,59.0,306.0
2760500.000000001,550750.0,82.0,287.0,118.0,245.0
2760500.000000001,650750.0,83.0,298.0,145.0,287.0
2760500.000000001,750750.0,83.0,306.0,109.0,228.0
2760500.000000001,850750.0,81.0,290.0,229.0,202.0
2760500.000000001,950750.0,85.0,309.0,106.0,300.0
2760500.000000001,1050750.0,86.0,296.0,71.0,256.0
2760500.000000001,1150750.0,85.0,303.0,106.0,280.0
2760500.000000001,1250750.0,82.0,294.0,78.0,273.0
2760500.000000001,1350750.0,81.0,302.0,123.0,231.0
2760500.000000001,1450750.0,83.0,305.0,104.0,157.0
2760500.000000001,1550750.0,82.0,298.0,133.0,135.0
2760500.000000001,1650750.0,84.0,297.0,67.0,130.0
2760500.000000001,1750750.0,84.0,296.0,94.0,125.0
2760500.000000001,1850750.0,83.0,308.0,67.0,153.0
2760500.000000001,1950750.0,83.0,305.0,98.0,127.0
2760500.000000001,2050750.0,83.0,306.0,116.0,148.0
2760500.000000001,2150750.0,83.0,298.0,158.0,163.0
2760500.000000001,2250750.0,82.0,293.0,269.0,173.0
2760500.000000001,2350750.0,82.0,298.0,105.0,154.0
2760500.000000001,2450750.0,82.0,299.0,193.0,144.0
2760500.000000001,2550750.0,82.0,301.0,168.0,149.0
2760500.000000001,2650750.0,83.0,309.0,95.0,150.0
2760500.000000001,2750750.0,81.0,311.0,101.0,142.0
2760500.000000001,2850750.0,81.0,296.0,58.0,147.0
2760500.000000001,2950750.0,81.0,293.0,74.0,169.0
2760500.000000001,3050750.0,82.0,300.0,94.0,147.0
2760500.000000001,3150750.0,82.0,291.0,62.0,154.0
2760500.000000001,3250750.0,82.0,291.0,167.0,156.0
2760500.000000001,3350750.0,82.0,295.0,129.0,159.0
2760500.000000001,3450750.0,81.0,296.0,132.0,174.0
2760500.000000001,3550750.0,82.0,282.0,105.0,217.0
2760500.000000001,3650750.0,80.0,299.0,65.0,166.0
2760500.000000001,3750750.0,79.0,299.0,83.0,218.0
2760500.000000001,4150750.0,79.0,301.0,174.0,155.0
2760500.000000001,4250750.0,80.0,296.0,59.0,115.0
2760500.000000001,4350750.0,82.0,290.0,59.0,134.0
2760500.000000001,4450750.0,81.0,301.0,101.0,143.0
2760500.000000001,4550750.0,81.0,318.0,106.0,167.0
2760500.000000001,4650750.0,79.0,323.0,172.0,175.0
2760500.000000001,4750750.0,80.0,326.0,86.0,203.0
2760500.000000001,4850750.0,79.0,317.0,126.0,205.0
2760500.000000001,4950750.0,80.0,323.0,88.0,183.0
2760500.000000001,5050750.0,79.0,303.0,87.0,185.0
2760500.000000001,5150750.0,81.0,309.0,82.0,204.0
2760500.000000001,5250750.0,81.0,304.0,63.0,151.0
2760500.000000001,5350750.0,81.0,297.0,58.0,156.0
2760500.000000001,5450750.0,80.0,251.0,76.0,116.0
2760500.000000001,5850750.0,78.0,265.0,41.0,60.0
2760500.000000001,5950750.0,82.0,304.0,59.0,116.0
2760500.000000001,7150750.0,79.0,307.0,65.0,161.0
2760500.000000001,7350750.0,78.0,359.0,64.0,130.0
2760500.000000001,7450750.0,77.0,362.0,109.0,169.0
2760500.000000001,7550750.0,75.0,342.0,130.0,176.0
2760500.000000001,7650750.0,75.0,358.0,157.0,277.0
2760500.000000001,7750750.0,72.0,336.0,133.0,383.0
2760500.000000001,7850750.0,73.0,370.0,100.0,361.0
2760500.000000001,8050750.0,73.0,390.0,119.0,251.0
2760500.000000001,8150750.0,72.0,400.0,107.0,404.0
2760500.000000001,8250750.0,74.0,390.0,124.0,300.0
2760500.000000001,8350750.0,72.0,401.0,116.0,257.0
2760500.000000001,8450750.0,71.0,391.0,128.0,368.0
2760500.000000001,8550750.0,72.0,390.0,116.0,351.0
2760500.000000001,8650750.0,74.0,410.0,107.0,420.0
2760500.000000001,8750750.0,72.0,415.0,135.0,443.0
2760500.000000001,8850750.0,74.0,400.0,170.0,299.0
2760500.000000001,8950750.0,71.0,390.0,173.0,213.0
2760500.000000001,9050750.0,67.0,409.0,172.0,198.0
2760500.000000001,9150750.0,60.0,402.0,153.0,165.0
2760500.000000001,9250750.0,68.0,383.0,155.0,166.0
2760500.000000001,9350750.0,63.0,382.0,139.0,177.0
2760500.000000001,9450750.0,58.0,371.0,138.0,205.0
2760500.000000001,9550750.0,56.0,374.0,252.0,205.0
2760500.000000001,9650750.0,54.0,397.0,326.0,171.0
2760500.000000001,9750750.0,51.0,420.0,690.0,193.0
2760500.000000001,9850750.0,52.0,409.0,410.0,221.0
2760500.000000001,9950750.0,56.0,394.0,210.0,221.0
2760500.000000001,10050750.0,56.0,386.0,193.0,211.0
2760500.000000001,10150750.0,57.0,380.0,259.0,205.0
2760500.000000001,10250750.0,57.0,379.0,422.0,234.0
2760500.000000001,10350750.0,61.0,395.0,391.0,212.0
2760500.000000001,10450750.0,58.0,390.0,301.0,222.0
2760500.000000001,10550750.0,59.0,372.0,309.0,220.0
2760500.000000001,10650750.0,62.0,386.0,361.0,196.0
2760500.000000001,10750750.0,62.0,371.0,248.0,163.0
2760500.000000001,10850750.0,62.0,420.0,269.0,193.0
2760500.000000001,10950750.0,57.0,403.0,321.0,201.0
2760500.000000001,11050750.0,60.0,421.0,327.0,201.0
2760500.000000001,11150750.0,59.0,414.0,279.0,188.0
2760500.000000001,11250750.0,57.0,410.0,249.0,195.0
2760500.000000001,11350750.0,55.0,411.0,295.0,181.0
2760500.000000001,11450750.0,52.0,402.0,357.0,186.0
2760500.000000001,11550750.0,62.0,385.0,254.0,174.0
2760500.000000001,11650750.0,56.0,389.0,414.0,195.0
2760500.000000001,11750750.0,60.0,393.0,366.0,196.0
2760500.000000001,11850750.0,58.0,389.0,423.0,250.0
2760500.000000001,11950750.0,59.0,385.0,290.0,194.0
2760500.000000001,12050750.0,55.0,403.0,404.0,166.0
2760500.000000001,12150750.0,54.0,412.0,302.0,172.0
2760500.000000001,12250750.0,54.0,401.0,291.0,181.0
2760500.000000001,12550750.0,55.0,411.0,283.0,169.0
2660500.000000001,-12149250.0,80.0,326.0,150.0,180.0
2660500.000000001,-11749250.0,59.0,376.0,730.0,238.0
2660500.000000001,-11649250.0,57.0,363.0,317.0,238.0
2660500.000000001,-11549250.0,79.0,344.0,183.0,222.0
2660500.000000001,-11449250.0,75.0,343.0,167.0,236.0
2660500.000000001,-11349250.0,83.0,345.0,137.0,227.0
2660500.000000001,-11249250.0,81.0,345.0,131.0,193.0
2660500.000000001,-11149250.0,77.0,347.0,170.0,148.0
2660500.000000001,-11049250.0,79.0,348.0,328.0,241.0
2660500.000000001,-10949250.0,78.0,356.0,240.0,223.0
2660500.000000001,-1249250.0,83.0,297.0,111.0,164.0
2660500.000000001,-1149250.0,82.0,291.0,104.0,120.0
2660500.000000001,-1049250.0,82.0,301.0,135.0,172.0
2660500.000000001,-949250.0,80.0,282.0,125.0,160.0
2660500.000000001,-849250.0,80.0,290.0,127.0,145.0
2660500.000000001,-749250.0,78.0,281.0,159.0,205.0
2660500.000000001,-649250.0,80.0,290.0,92.0,266.0
2660500.000000001,-549250.0,82.0,289.0,99.0,252.0
2660500.000000001,-449250.0,83.0,270.0,131.0,243.0
2660500.000000001,-349250.0,83.0,280.0,128.0,241.0
2660500.000000001,-249250.0,83.0,278.0,101.0,241.0
2660500.000000001,-149250.0,82.0,253.0,102.0,236.0
2660500.000000001,-49250.0,82.0,275.0,107.0,240.0
2660500.000000001,50750.0,82.0,262.0,104.0,251.0
2660500.000000001,150750.0,81.0,277.0,101.0,235.0
2660500.000000001,250750.0,82.0,290.0,104.0,217.0
2660500.000000001,350750.0,82.0,281.0,92.0,253.0
2660500.000000001,450750.0,82.0,291.0,95.0,276.0
2660500.000000001,550750.0,82.0,284.0,70.0,310.0
2660500.000000001,650750.0,84.0,291.0,97.0,290.0
2660500.000000001,750750.0,84.0,295.0,63.0,249.0
2660500.000000001,850750.0,83.0,296.0,76.0,265.0
2660500.000000001,950750.0,84.0,298.0,83.0,271.0
2660500.000000001,1050750.0,84.0,303.0,110.0,274.0
2660500.000000001,1150750.0,85.0,292.0,107.0,290.0
2660500.000000001,1250750.0,82.0,307.0,106.0,304.0
2660500.000000001,1350750.0,82.0,303.0,132.0,222.0
2660500.000000001,1450750.0,84.0,301.0,115.0,175.0
2660500.000000001,1550750.0,84.0,298.0,63.0,161.0
2660500.000000001,1650750.0,85.0,313.0,133.0,147.0
2660500.000000001,1750750.0,85.0,300.0,105.0,139.0
2660500.000000001,1850750.0,85.0,316.0,78.0,171.0
2660500.000000001,1950750.0,84.0,317.0,100.0,154.0
2660500.000000001,2050750.0,84.0,289.0,141.0,172.0
2660500.000000001,2150750.0,84.0,295.0,107.0,166.0
2660500.000000001,2250750.0,83.0,302.0,66.0,156.0
2660500.000000001,2350750.0,83.0,306.0,98.0,153.0
2660500.000000001,2450750.0,82.0,299.0,162.0,155.0
2660500.000000001,2550750.0,81.0,293.0,61.0,178.0
2660500.000000001,2650750.0,81.0,295.0,106.0,172.0
2660500.000000001,2750750.0,82.0,298.0,95.0,176.0
2660500.000000001,2850750.0,81.0,305.0,106.0,168.0
2660500.000000001,2950750.0,82.0,314.0,58.0,174.0
2660500.000000001,3050750.0,81.0,298.0,69.0,179.0
2660500.000000001,3150750.0,82.0,296.0,101.0,181.0
2660500.000000001,3250750.0,83.0,295.0,108.0,163.0
2660500.000000001,3350750.0,81.0,301.0,139.0,158.0
2660500.000000001,3450750.0,81.0,294.0,139.0,180.0
2660500.000000001,3550750.0,82.0,287.0,104.0,244.0
2660500.000000001,3650750.0,79.0,299.0,67.0,224.0
2660500.000000001,3750750.0,80.0,320.0,132.0,196.0
2660500.000000001,3850750.0,81.0,299.0,71.0,182.0
2660500.000000001,4250750.0,79.0,299.0,119.0,116.0
2660500.000000001,4350750.0,81.0,295.0,106.0,138.0
2660500.000000001,4450750.0,81.0,293.0,49.0,129.0
2660500.000000001,4550750.0,80.0,308.0,71.0,161.0
2660500.000000001,4650750.0,80.0,310.0,70.0,185.0
2660500.000000001,4750750.0,80.0,323.0,129.0,180.0
2660500.000000001,4850750.0,80.0,317.0,96.0,201.0
2660500.000000001,4950750.0,81.0,332.0,145.0,218.0
2660500.000000001,5050750.0,80.0,317.0,102.0,194.0
2660500.000000001,5150750.0,81.0,314.0,76.0,197.0
2660500.000000001,5250750.0,81.0,310.0,70.0,172.0
2660500.000000001,5350750.0,81.0,290.0,77.0,187.0
2660500.000000001,5450750.0,80.0,280.0,61.0,152.0
2660500.000000001,5550750.0,79.0,248.0,56.0,130.0
2660500.000000001,5650750.0,79.0,216.0,28.0,62.0
2660500.000000001,5750750.0,77.0,224.0,23.0,34.0
2660500.000000001,5850750.0,79.0,265.0,73.0,53.0
2660500.000000001,5950750.0,81.0,292.0,55.0,71.0
2660500.000000001,6050750.0,78.0,292.0,178.0,129.0
2660500.000000001,7450750.0,75.0,326.0,104.0,245.0
2660500.000000001,7550750.0,71.0,281.0,132.0,248.0
2660500.000000001,7650750.0,74.0,350.0,167.0,328.0
2660500.000000001,7750750.0,73.0,377.0,168.0,317.0
2660500.000000001,7850750.0,74.0,339.0,147.0,325.0
2660500.000000001,7950750.0,75.0,414.0,123.0,434.0
2660500.000000001,8050750.0,73.0,394.0,107.0,391.0
2660500.000000001,8150750.0,73.0,397.0,110.0,406.0
2660500.000000001,8250750.0,76.0,398.0,116.0,415.0
2660500.000000001,8350750.0,74.0,412.0,112.0,390.0
2660500.000000001,8450750.0,72.0,397.0,159.0,394.0
2660500.000000001,8550750.0,73.0,423.0,117.0,389.0
2660500.000000001,8650750.0,63.0,398.0,244.0,409.0
2660500.000000001,8750750.0,72.0,414.0,135.0,387.0
2660500.000000001,8850750.0,72.0,419.0,187.0,331.0
2660500.000000001,8950750.0,66.0,390.0,152.0,384.0
2660500.000000001,9050750.0,66.0,411.0,190.0,283.0
2660500.000000001,9150750.0,61.0,410.0,199.0,171.0
2660500.000000001,9250750.0,66.0,363.0,134.0,178.0
2660500.000000001,9350750.0,63.0,380.0,160.0,170.0
2660500.000000001,9450750.0,56.0,389.0,176.0,188.0
2660500.000000001,9550750.0,55.0,371.0,295.0,214.0
2660500.000000001,9650750.0,53.0,404.0,171.0,150.0
2660500.000000001,9750750.0,54.0,414.0,364.0,186.0
2660500.000000001,9850750.0,54.0,422.0,561.0,186.0
2660500.000000001,9950750.0,55.0,399.0,184.0,178.0
2660500.000000001,10050750.0,56.0,392.0,198.0,191.0
2660500.000000001,10150750.0,54.0,385.0,507.0,216.0
2660500.000000001,10250750.0,55.0,389.0,371.0,240.0
2660500.000000001,10350750.0,56.0,394.0,231.0,196.0
2660500.000000001,10450750.0,56.0,370.0,572.0,230.0
2660500.000000001,10550750.0,58.0,396.0,295.0,189.0
2660500.000000001,10650750.0,58.0,365.0,429.0,182.0
2660500.000000001,10750750.0,66.0,371.0,251.0,151.0
2660500.000000001,10850750.0,62.0,399.0,252.0,168.0
2660500.000000001,10950750.0,60.0,392.0,252.0,169.0
2660500.000000001,11050750.0,57.0,400.0,291.0,181.0
2660500.000000001,11150750.0,59.0,414.0,339.0,198.0
2660500.000000001,11250750.0,55.0,408.0,297.0,169.0
2660500.000000001,11350750.0,53.0,408.0,234.0,157.0
2660500.000000001,11550750.0,56.0,399.0,295.0,174.0
2660500.000000001,11650750.0,55.0,388.0,338.0,194.0
2660500.000000001,11750750.0,51.0,382.0,438.0,142.0
2660500.000000001,11850750.0,51.0,380.0,399.0,161.0
2660500.000000001,11950750.0,55.0,383.0,320.0,189.0
2660500.000000001,12050750.0,58.0,412.0,278.0,180.0
2660500.000000001,12150750.0,54.0,402.0,328.0,174.0
2660500.000000001,12550750.0,59.0,379.0,177.0,158.0
2660500.000000001,12650750.0,52.0,471.0,461.0,256.0
2560500.000000001,-12149250.0,75.0,334.0,165.0,182.0
2560500.000000001,-11749250.0,64.0,358.0,261.0,221.0
2560500.000000001,-11649250.0,60.0,371.0,372.0,192.0
2560500.000000001,-11549250.0,71.0,340.0,161.0,224.0
2560500.000000001,-11449250.0,65.0,346.0,205.0,263.0
2560500.000000001,-11349250.0,81.0,349.0,138.0,203.0
2560500.000000001,-11249250.0,79.0,354.0,176.0,218.0
2560500.000000001,-11149250.0,78.0,364.0,149.0,148.0
2560500.000000001,-11049250.0,68.0,359.0,393.0,250.0
2560500.000000001,-10949250.0,72.0,359.0,290.0,243.0
2560500.000000001,-9349250.0,62.0,395.0,464.0,336.0
2560500.000000001,-9249250.0,65.0,432.0,793.0,313.0
2560500.000000001,-9149250.0,66.0,431.0,692.0,352.0
2560500.000000001,-1349250.0,83.0,285.0,91.0,140.0
2560500.000000001,-1249250.0,82.0,294.0,89.0,115.0
2560500.000000001,-1149250.0,81.0,291.0,44.0,147.0
2560500.000000001,-1049250.0,80.0,295.0,40.0,182.0
2560500.000000001,-949250.0,81.0,302.0,49.0,138.0
2560500.000000001,-849250.0,79.0,277.0,126.0,198.0
2560500.000000001,-749250.0,79.0,284.0,125.0,197.0
2560500.000000001,-649250.0,80.0,289.0,96.0,223.0
2560500.000000001,-549250.0,82.0,282.0,98.0,260.0
2560500.000000001,-449250.0,81.0,260.0,131.0,256.0
2560500.000000001,-349250.0,81.0,272.0,98.0,260.0
2560500.000000001,-249250.0,82.0,277.0,98.0,235.0
2560500.000000001,-149250.0,82.0,262.0,132.0,250.0
2560500.000000001,-49250.0,81.0,273.0,98.0,254.0
2560500.000000001,50750.0,83.0,289.0,117.0,242.0
2560500.000000001,150750.0,82.0,277.0,94.0,231.0
2560500.000000001,250750.0,83.0,284.0,95.0,230.0
2560500.000000001,350750.0,83.0,277.0,108.0,245.0
2560500.000000001,450750.0,83.0,302.0,103.0,282.0
2560500.000000001,550750.0,83.0,305.0,92.0,312.0
2560500.000000001,650750.0,83.0,280.0,60.0,293.0
2560500.000000001,750750.0,82.0,285.0,106.0,266.0
2560500.000000001,850750.0,82.0,286.0,95.0,249.0
2560500.000000001,950750.0,82.0,290.0,70.0,292.0
2560500.000000001,1050750.0,83.0,297.0,139.0,290.0
2560500.000000001,1150750.0,85.0,299.0,62.0,276.0
2560500.000000001,1250750.0,84.0,293.0,101.0,249.0
2560500.000000001,1350750.0,82.0,300.0,71.0,248.0
2560500.000000001,1450750.0,82.0,303.0,110.0,186.0
2560500.000000001,1550750.0,84.0,304.0,70.0,202.0
2560500.000000001,1650750.0,83.0,302.0,70.0,148.0
2560500.000000001,1750750.0,85.0,298.0,65.0,192.0
2560500.000000001,1850750.0,83.0,302.0,64.0,160.0
2560500.000000001,1950750.0,82.0,315.0,104.0,175.0
2560500.000000001,2050750.0,82.0,303.0,111.0,164.0
2560500.000000001,2150750.0,82.0,282.0,123.0,191.0
2560500.000000001,2250750.0,81.0,301.0,61.0,168.0
2560500.000000001,2350750.0,81.0,303.0,134.0,173.0
2560500.000000001,2450750.0,82.0,297.0,172.0,164.0
2560500.000000001,2550750.0,82.0,293.0,101.0,173.0
2560500.000000001,2650750.0,81.0,289.0,112.0,186.0
2560500.000000001,2750750.0,81.0,303.0,105.0,178.0
2560500.000000001,2850750.0,81.0,307.0,106.0,188.0
2560500.000000001,2950750.0,81.0,289.0,75.0,185.0
2560500.000000001,3050750.0,81.0,295.0,110.0,230.0
2560500.000000001,3150750.0,81.0,291.0,158.0,184.0
2560500.000000001,3250750.0,81.0,287.0,121.0,173.0
2560500.000000001,3350750.0,81.0,262.0,175.0,161.0
2560500.000000001,3450750.0,80.0,272.0,167.0,165.0
2560500.000000001,3550750.0,81.0,274.0,146.0,208.0
2560500.000000001,3650750.0,80.0,298.0,187.0,188.0
2560500.000000001,3750750.0,80.0,297.0,138.0,217.0
2560500.000000001,3850750.0,81.0,294.0,81.0,148.0
2560500.000000001,4250750.0,80.0,279.0,56.0,129.0
2560500.000000001,4350750.0,80.0,304.0,99.0,147.0
2560500.000000001,4450750.0,81.0,299.0,58.0,148.0
2560500.000000001,4550750.0,81.0,317.0,72.0,194.0
2560500.000000001,4650750.0,82.0,326.0,75.0,178.0
2560500.000000001,4750750.0,81.0,320.0,73.0,179.0
2560500.000000001,4850750.0,81.0,323.0,147.0,197.0
2560500.000000001,4950750.0,81.0,344.0,100.0,208.0
2560500.000000001,5050750.0,81.0,314.0,84.0,208.0
2560500.000000001,5150750.0,81.0,312.0,66.0,212.0
2560500.000000001,5250750.0,81.0,299.0,75.0,193.0
2560500.000000001,5350750.0,80.0,286.0,110.0,188.0
2560500.000000001,5450750.0,79.0,280.0,67.0,186.0
2560500.000000001,5550750.0,79.0,250.0,63.0,137.0
2560500.000000001,5650750.0,79.0,245.0,77.0,88.0
2560500.000000001,5750750.0,80.0,285.0,117.0,79.0
2560500.000000001,5850750.0,78.0,278.0,40.0,68.0
2560500.000000001,5950750.0,81.0,310.0,51.0,84.0
2560500.000000001,6050750.0,82.0,291.0,45.0,82.0
2560500.000000001,6150750.0,80.0,312.0,105.0,134.0
2560500.000000001,6250750.0,79.0,314.0,133.0,179.0
2560500.000000001,7350750.0,71.0,335.0,126.0,198.0
2560500.000000001,7550750.0,71.0,328.0,133.0,286.0
2560500.000000001,7650750.0,73.0,346.0,146.0,294.0
2560500.000000001,7750750.0,73.0,367.0,149.0,330.0
2560500.000000001,7850750.0,71.0,415.0,142.0,342.0
2560500.000000001,7950750.0,74.0,417.0,107.0,472.0
2560500.000000001,8050750.0,75.0,403.0,109.0,481.0
2560500.000000001,8150750.0,75.0,424.0,109.0,418.0
2560500.000000001,8250750.0,62.0,394.0,244.0,355.0
2560500.000000001,8350750.0,74.0,413.0,110.0,390.0
2560500.000000001,8450750.0,63.0,412.0,255.0,417.0
2560500.000000001,8550750.0,72.0,412.0,185.0,413.0
2560500.000000001,8650750.0,73.0,413.0,164.0,412.0
2560500.000000001,8750750.0,73.0,413.0,152.0,398.0
2560500.000000001,8850750.0,64.0,380.0,267.0,351.0
2560500.000000001,8950750.0,66.0,405.0,166.0,379.0
2560500.000000001,9050750.0,64.0,412.0,163.0,239.0
2560500.000000001,9150750.0,62.0,391.0,147.0,174.0
2560500.000000001,9250750.0,67.0,345.0,150.0,203.0
2560500.000000001,9350750.0,64.0,357.0,160.0,189.0
2560500.000000001,9450750.0,58.0,357.0,218.0,214.0
2560500.000000001,9650750.0,55.0,360.0,165.0,194.0
2560500.000000001,9750750.0,54.0,429.0,459.0,191.0
2560500.000000001,9850750.0,53.0,424.0,814.0,245.0
2560500.000000001,9950750.0,57.0,395.0,189.0,181.0
2560500.000000001,10050750.0,64.0,351.0,193.0,189.0
2560500.000000001,10150750.0,54.0,414.0,442.0,269.0
2560500.000000001,10250750.0,55.0,390.0,188.0,205.0
2560500.000000001,10350750.0,57.0,413.0,513.0,230.0
2560500.000000001,10450750.0,54.0,407.0,327.0,170.0
2560500.000000001,10550750.0,55.0,410.0,332.0,204.0
2560500.000000001,10650750.0,56.0,403.0,305.0,198.0
2560500.000000001,10750750.0,60.0,384.0,281.0,185.0
2560500.000000001,10850750.0,58.0,394.0,311.0,183.0
2560500.000000001,10950750.0,56.0,418.0,371.0,180.0
2560500.000000001,11050750.0,56.0,419.0,437.0,170.0
2560500.000000001,11150750.0,54.0,404.0,363.0,158.0
2560500.000000001,11250750.0,58.0,410.0,278.0,157.0
2560500.000000001,11350750.0,57.0,401.0,254.0,158.0
2560500.000000001,11450750.0,54.0,410.0,312.0,172.0
2560500.000000001,11550750.0,54.0,404.0,330.0,173.0
2560500.000000001,11650750.0,53.0,386.0,399.0,194.0
2560500.000000001,11750750.0,54.0,387.0,319.0,146.0
2560500.000000001,11850750.0,61.0,384.0,389.0,189.0
2560500.000000001,12050750.0,52.0,406.0,406.0,189.0
2560500.000000001,12150750.0,55.0,407.0,228.0,140.0
2560500.000000001,12650750.0,50.0,448.0,753.0,286.0
2460500.000000001,-17249250.0,58.0,348.0,393.0,256.0
2460500.000000001,-11649250.0,53.0,380.0,330.0,240.0
2460500.000000001,-11549250.0,62.0,361.0,238.0,240.0
2460500.000000001,-11449250.0,63.0,341.0,256.0,288.0
2460500.000000001,-11349250.0,69.0,364.0,145.0,256.0
2460500.000000001,-11249250.0,67.0,372.0,352.0,235.0
2460500.000000001,-11149250.0,76.0,347.0,137.0,181.0
2460500.000000001,-11049250.0,76.0,398.0,312.0,260.0
2460500.000000001,-10949250.0,78.0,365.0,329.0,258.0
2460500.000000001,-9149250.0,67.0,418.0,730.0,271.0
2460500.000000001,-9049250.0,67.0,388.0,481.0,381.0
2460500.000000001,-8949250.0,64.0,386.0,552.0,347.0
2460500.000000001,-8849250.0,71.0,417.0,809.0,351.0
2460500.000000001,-1449250.0,83.0,281.0,205.0,112.0
2460500.000000001,-1349250.0,82.0,293.0,88.0,107.0
2460500.000000001,-1249250.0,81.0,277.0,43.0,123.0
2460500.000000001,-1149250.0,81.0,299.0,40.0,141.0
2460500.000000001,-1049250.0,81.0,298.0,38.0,138.0
2460500.000000001,-949250.0,80.0,318.0,41.0,131.0
2460500.000000001,-849250.0,81.0,298.0,129.0,204.0
2460500.000000001,-749250.0,79.0,275.0,167.0,216.0
2460500.000000001,-649250.0,78.0,270.0,133.0,226.0
2460500.000000001,-549250.0,79.0,257.0,136.0,225.0
2460500.000000001,-449250.0,79.0,262.0,96.0,238.0
2460500.000000001,-349250.0,81.0,272.0,99.0,248.0
2460500.000000001,-249250.0,81.0,258.0,98.0,239.0
2460500.000000001,-149250.0,82.0,268.0,98.0,228.0
2460500.000000001,-49250.0,81.0,289.0,128.0,241.0
2460500.000000001,50750.0,82.0,268.0,94.0,240.0
2460500.000000001,150750.0,82.0,270.0,92.0,258.0
2460500.000000001,250750.0,82.0,281.0,96.0,252.0
2460500.000000001,350750.0,83.0,294.0,94.0,293.0
2460500.000000001,450750.0,83.0,279.0,91.0,307.0
2460500.000000001,550750.0,83.0,290.0,98.0,311.0
2460500.000000001,650750.0,84.0,297.0,97.0,306.0
2460500.000000001,750750.0,83.0,277.0,69.0,261.0
2460500.000000001,850750.0,83.0,287.0,110.0,294.0
2460500.000000001,950750.0,83.0,288.0,96.0,276.0
2460500.000000001,1050750.0,82.0,282.0,64.0,296.0
2460500.000000001,1150750.0,84.0,297.0,127.0,283.0
2460500.000000001,1250750.0,83.0,295.0,101.0,248.0
2460500.000000001,1350750.0,83.0,298.0,103.0,223.0
2460500.000000001,1450750.0,81.0,299.0,60.0,204.0
2460500.000000001,1550750.0,84.0,303.0,59.0,159.0
2460500.000000001,1650750.0,83.0,293.0,65.0,152.0
2460500.000000001,1750750.0,83.0,312.0,97.0,147.0
2460500.000000001,1850750.0,81.0,304.0,53.0,159.0
2460500.000000001,1950750.0,82.0,303.0,115.0,189.0
2460500.000000001,2050750.0,81.0,285.0,80.0,178.0
2460500.000000001,2150750.0,81.0,295.0,97.0,183.0
2460500.000000001,2250750.0,80.0,292.0,89.0,172.0
2460500.000000001,2350750.0,81.0,310.0,119.0,186.0
2460500.000000001,2450750.0,81.0,291.0,102.0,175.0
2460500.000000001,2550750.0,81.0,281.0,149.0,182.0
2460500.000000001,2650750.0,81.0,290.0,114.0,182.0
2460500.000000001,2750750.0,81.0,294.0,111.0,194.0
2460500.000000001,2850750.0,81.0,293.0,63.0,195.0
2460500.000000001,2950750.0,82.0,292.0,79.0,195.0
2460500.000000001,3050750.0,80.0,307.0,98.0,211.0
2460500.000000001,3150750.0,80.0,298.0,120.0,200.0
2460500.000000001,3250750.0,80.0,294.0,144.0,198.0
2460500.000000001,3350750.0,81.0,272.0,143.0,171.0
2460500.000000001,3450750.0,81.0,280.0,100.0,186.0
2460500.000000001,3550750.0,81.0,285.0,79.0,189.0
2460500.000000001,3650750.0,80.0,294.0,103.0,206.0
2460500.000000001,3750750.0,80.0,291.0,109.0,192.0
2460500.000000001,3850750.0,80.0,292.0,112.0,163.0
2460500.000000001,3950750.0,81.0,308.0,91.0,126.0
2460500.000000001,4350750.0,80.0,285.0,96.0,107.0
2460500.000000001,4450750.0,82.0,293.0,58.0,148.0
2460500.000000001,4550750.0,83.0,292.0,51.0,182.0
2460500.000000001,4650750.0,82.0,297.0,81.0,210.0
2460500.000000001,4750750.0,83.0,326.0,84.0,207.0
2460500.000000001,4850750.0,82.0,315.0,96.0,214.0
2460500.000000001,4950750.0,81.0,327.0,99.0,205.0
2460500.000000001,5050750.0,82.0,298.0,82.0,205.0
2460500.000000001,5150750.0,82.0,294.0,84.0,196.0
2460500.000000001,5250750.0,81.0,290.0,73.0,158.0
2460500.000000001,5350750.0,80.0,298.0,73.0,178.0
2460500.000000001,5450750.0,80.0,281.0,82.0,185.0
2460500.000000001,5550750.0,80.0,262.0,98.0,123.0
2460500.000000001,5650750.0,80.0,260.0,76.0,100.0
2460500.000000001,5750750.0,80.0,278.0,47.0,80.0
2460500.000000001,5850750.0,80.0,298.0,125.0,142.0
2460500.000000001,5950750.0,81.0,318.0,81.0,108.0
2460500.000000001,6050750.0,81.0,296.0,78.0,100.0
2460500.000000001,6150750.0,81.0,291.0,80.0,96.0
2460500.000000001,6250750.0,81.0,306.0,90.0,141.0
2460500.000000001,6350750.0,82.0,332.0,68.0,215.0
2460500.000000001,7450750.0,69.0,298.0,134.0,220.0
2460500.000000001,7550750.0,72.0,309.0,117.0,222.0
2460500.000000001,7650750.0,72.0,348.0,119.0,295.0
2460500.000000001,7750750.0,71.0,335.0,135.0,301.0
2460500.000000001,7850750.0,72.0,391.0,172.0,297.0
2460500.000000001,7950750.0,73.0,359.0,186.0,361.0
2460500.000000001,8050750.0,74.0,335.0,155.0,430.0
2460500.000000001,8250750.0,71.0,403.0,183.0,433.0
2460500.000000001,8350750.0,71.0,406.0,217.0,473.0
2460500.000000001,8450750.0,73.0,400.0,154.0,425.0
2460500.000000001,8550750.0,71.0,410.0,175.0,401.0
2460500.000000001,8650750.0,73.0,410.0,142.0,344.0
2460500.000000001,8750750.0,73.0,407.0,171.0,419.0
2460500.000000001,8850750.0,72.0,420.0,185.0,334.0
2460500.000000001,8950750.0,63.0,405.0,166.0,311.0
2460500.000000001,9050750.0,63.0,393.0,142.0,294.0
2460500.000000001,9150750.0,62.0,397.0,202.0,174.0
2460500.000000001,9250750.0,65.0,354.0,133.0,174.0
2460500.000000001,9350750.0,67.0,371.0,252.0,166.0
2460500.000000001,9450750.0,61.0,363.0,530.0,242.0
2460500.000000001,9550750.0,58.0,382.0,320.0,215.0
2460500.000000001,9750750.0,55.0,370.0,162.0,182.0
2460500.000000001,9850750.0,54.0,412.0,495.0,226.0
2460500.000000001,9950750.0,60.0,399.0,206.0,161.0
2460500.000000001,10050750.0,69.0,387.0,155.0,189.0
2460500.000000001,10150750.0,66.0,341.0,212.0,179.0
2460500.000000001,10250750.0,59.0,386.0,227.0,171.0
2460500.000000001,10350750.0,58.0,387.0,192.0,164.0
2460500.000000001,10450750.0,55.0,388.0,351.0,209.0
2460500.000000001,10550750.0,53.0,400.0,292.0,241.0
2460500.000000001,10650750.0,60.0,406.0,243.0,178.0
2460500.000000001,10750750.0,51.0,402.0,338.0,195.0
2460500.000000001,10850750.0,52.0,399.0,463.0,194.0
2460500.000000001,10950750.0,57.0,411.0,375.0,168.0
2460500.000000001,11050750.0,55.0,406.0,228.0,173.0
2460500.000000001,11150750.0,55.0,415.0,302.0,177.0
2460500.000000001,11250750.0,57.0,391.0,224.0,189.0
2460500.000000001,11350750.0,61.0,406.0,291.0,188.0
2460500.000000001,11450750.0,57.0,392.0,306.0,173.0
2460500.000000001,11550750.0,56.0,399.0,300.0,166.0
2460500.000000001,11650750.0,56.0,390.0,321.0,162.0
2460500.000000001,11750750.0,54.0,407.0,336.0,169.0
2460500.000000001,11850750.0,54.0,415.0,305.0,169.0
2460500.000000001,11950750.0,56.0,390.0,312.0,170.0
2360500.000000001,-11649250.0,59.0,371.0,332.0,248.0
2360500.000000001,-11549250.0,65.0,373.0,213.0,225.0
2360500.000000001,-11449250.0,59.0,388.0,265.0,297.0
2360500.000000001,-11349250.0,65.0,359.0,213.0,273.0
2360500.000000001,-11249250.0,61.0,344.0,225.0,251.0
2360500.000000001,-11149250.0,70.0,388.0,238.0,240.0
2360500.000000001,-11049250.0,71.0,385.0,264.0,244.0
2360500.000000001,-10949250.0,72.0,402.0,378.0,283.0
2360500.000000001,-10049250.0,78.0,355.0,677.0,352.0
2360500.000000001,-9949250.0,73.0,409.0,913.0,313.0
2360500.000000001,-9849250.0,74.0,446.0,769.0,316.0
2360500.000000001,-8849250.0,66.0,399.0,655.0,309.0
2360500.000000001,-8749250.0,73.0,425.0,584.0,416.0
2360500.000000001,-1449250.0,83.0,284.0,68.0,123.0
2360500.000000001,-1349250.0,83.0,293.0,42.0,129.0
2360500.000000001,-1249250.0,80.0,299.0,31.0,137.0
2360500.000000001,-1149250.0,80.0,287.0,32.0,153.0
2360500.000000001,-1049250.0,81.0,300.0,29.0,140.0
2360500.000000001,-949250.0,81.0,294.0,58.0,253.0
2360500.000000001,-849250.0,79.0,284.0,53.0,254.0
2360500.000000001,-749250.0,79.0,259.0,152.0,233.0
2360500.000000001,-649250.0,80.0,243.0,97.0,247.0
2360500.000000001,-549250.0,80.0,256.0,96.0,196.0
2360500.000000001,-449250.0,80.0,245.0,96.0,162.0
2360500.000000001,-349250.0,79.0,273.0,102.0,238.0
2360500.000000001,-249250.0,80.0,259.0,128.0,204.0
2360500.000000001,-149250.0,79.0,255.0,92.0,190.0
2360500.000000001,-49250.0,79.0,262.0,129.0,215.0
2360500.000000001,50750.0,79.0,287.0,88.0,241.0
2360500.000000001,150750.0,81.0,286.0,43.0,231.0
2360500.000000001,250750.0,84.0,295.0,36.0,269.0
2360500.000000001,350750.0,84.0,306.0,38.0,287.0
2360500.000000001,450750.0,83.0,284.0,41.0,273.0
2360500.000000001,550750.0,83.0,279.0,38.0,272.0
2360500.000000001,650750.0,83.0,293.0,51.0,262.0
2360500.000000001,750750.0,84.0,290.0,65.0,266.0
2360500.000000001,850750.0,83.0,291.0,131.0,285.0
2360500.000000001,950750.0,84.0,274.0,99.0,286.0
2360500.000000001,1050750.0,81.0,299.0,59.0,266.0
2360500.000000001,1150750.0,82.0,299.0,125.0,233.0
2360500.000000001,1250750.0,82.0,299.0,94.0,276.0
2360500.000000001,1350750.0,82.0,284.0,140.0,260.0
2360500.000000001,1450750.0,82.0,296.0,96.0,166.0
2360500.000000001,1550750.0,83.0,309.0,132.0,181.0
2360500.000000001,1650750.0,83.0,306.0,100.0,155.0
2360500.000000001,1750750.0,84.0,298.0,50.0,155.0
2360500.000000001,1850750.0,83.0,323.0,51.0,205.0
2360500.000000001,1950750.0,82.0,290.0,107.0,182.0
2360500.000000001,2050750.0,83.0,295.0,69.0,178.0
2360500.000000001,2150750.0,81.0,302.0,149.0,175.0
2360500.000000001,2250750.0,82.0,295.0,127.0,168.0
2360500.000000001,2350750.0,81.0,295.0,102.0,189.0
2360500.000000001,2450750.0,80.0,288.0,121.0,178.0
2360500.000000001,2550750.0,81.0,276.0,102.0,171.0
2360500.000000001,2650750.0,81.0,294.0,111.0,167.0
2360500.000000001,2750750.0,81.0,295.0,135.0,189.0
2360500.000000001,2850750.0,81.0,301.0,100.0,182.0
2360500.000000001,2950750.0,82.0,295.0,59.0,206.0
2360500.000000001,3050750.0,82.0,302.0,98.0,199.0
2360500.000000001,3150750.0,82.0,302.0,108.0,218.0
2360500.000000001,3250750.0,80.0,276.0,107.0,203.0
2360500.000000001,3350750.0,81.0,283.0,101.0,182.0
2360500.000000001,3450750.0,80.0,279.0,101.0,179.0
2360500.000000001,3550750.0,81.0,288.0,104.0,213.0
2360500.000000001,3650750.0,81.0,272.0,60.0,198.0
2360500.000000001,3750750.0,80.0,274.0,70.0,256.0
2360500.000000001,3850750.0,82.0,298.0,81.0,157.0
2360500.000000001,3950750.0,82.0,306.0,153.0,146.0
2360500.000000001,4050750.0,80.0,306.0,67.0,148.0
2360500.000000001,4350750.0,81.0,297.0,97.0,113.0
2360500.000000001,4450750.0,81.0,293.0,88.0,193.0
2360500.000000001,4550750.0,83.0,306.0,70.0,212.0
2360500.000000001,4650750.0,82.0,321.0,69.0,230.0
2360500.000000001,4750750.0,82.0,324.0,95.0,210.0
2360500.000000001,4850750.0,83.0,305.0,108.0,193.0
2360500.000000001,4950750.0,82.0,323.0,138.0,223.0
2360500.000000001,5050750.0,81.0,314.0,88.0,228.0
2360500.000000001,5150750.0,82.0,300.0,83.0,194.0
2360500.000000001,5250750.0,81.0,282.0,111.0,169.0
2360500.000000001,5350750.0,80.0,302.0,70.0,158.0
2360500.000000001,5450750.0,80.0,283.0,107.0,117.0
2360500.000000001,5550750.0,81.0,282.0,73.0,129.0
2360500.000000001,5650750.0,80.0,279.0,42.0,101.0
2360500.000000001,5750750.0,79.0,276.0,46.0,101.0
2360500.000000001,5850750.0,79.0,276.0,53.0,113.0
2360500.000000001,5950750.0,80.0,299.0,57.0,99.0
2360500.000000001,6050750.0,80.0,291.0,51.0,126.0
2360500.000000001,6150750.0,80.0,294.0,51.0,150.0
2360500.000000001,6250750.0,83.0,302.0,46.0,167.0
2360500.000000001,7550750.0,68.0,381.0,106.0,195.0
2360500.000000001,7650750.0,72.0,334.0,122.0,240.0
2360500.000000001,7850750.0,70.0,386.0,206.0,310.0
2360500.000000001,7950750.0,71.0,353.0,113.0,351.0
2360500.000000001,8050750.0,74.0,371.0,125.0,363.0
2360500.000000001,8150750.0,72.0,363.0,143.0,406.0
2360500.000000001,8250750.0,71.0,340.0,128.0,447.0
2360500.000000001,8350750.0,74.0,403.0,143.0,512.0
2360500.000000001,8450750.0,76.0,431.0,134.0,453.0
2360500.000000001,8550750.0,62.0,409.0,208.0,321.0
2360500.000000001,8650750.0,71.0,405.0,163.0,317.0
2360500.000000001,8750750.0,71.0,405.0,266.0,330.0
2360500.000000001,8850750.0,68.0,404.0,184.0,312.0
2360500.000000001,8950750.0,65.0,393.0,161.0,254.0
2360500.000000001,9050750.0,63.0,408.0,163.0,202.0
2360500.000000001,9150750.0,62.0,392.0,174.0,160.0
2360500.000000001,9850750.0,54.0,406.0,265.0,238.0
2360500.000000001,9950750.0,55.0,415.0,378.0,192.0
2360500.000000001,10050750.0,67.0,388.0,166.0,197.0
2360500.000000001,10150750.0,67.0,373.0,173.0,218.0
2360500.000000001,10250750.0,57.0,402.0,225.0,192.0
2360500.000000001,10350750.0,57.0,411.0,226.0,187.0
2360500.000000001,10450750.0,57.0,394.0,181.0,178.0
2360500.000000001,10550750.0,54.0,401.0,438.0,232.0
2360500.000000001,10650750.0,54.0,394.0,258.0,223.0
2360500.000000001,10750750.0,53.0,395.0,379.0,197.0
2360500.000000001,10850750.0,53.0,384.0,324.0,198.0
2360500.000000001,10950750.0,56.0,400.0,369.0,173.0
2360500.000000001,11050750.0,56.0,405.0,351.0,187.0
2360500.000000001,11150750.0,59.0,427.0,191.0,170.0
2360500.000000001,11250750.0,59.0,403.0,228.0,214.0
2360500.000000001,11350750.0,55.0,413.0,350.0,185.0
2360500.000000001,11650750.0,58.0,421.0,257.0,194.0
2260500.000000001,-11649250.0,56.0,397.0,392.0,236.0
2260500.000000001,-11549250.0,59.0,362.0,359.0,263.0
2260500.000000001,-11349250.0,60.0,369.0,247.0,311.0
2260500.000000001,-11249250.0,61.0,363.0,324.0,306.0
2260500.000000001,-11149250.0,62.0,340.0,313.0,304.0
2260500.000000001,-11049250.0,73.0,373.0,213.0,272.0
2260500.000000001,-10949250.0,59.0,364.0,473.0,235.0
2260500.000000001,-10849250.0,64.0,405.0,301.0,226.0
2260500.000000001,-10049250.0,73.0,449.0,393.0,307.0
2260500.000000001,-9949250.0,73.0,474.0,490.0,335.0
2260500.000000001,-9849250.0,73.0,448.0,739.0,315.0
2260500.000000001,-8649250.0,72.0,418.0,324.0,384.0
2260500.000000001,-8549250.0,57.0,393.0,546.0,288.0
2260500.000000001,-1449250.0,82.0,282.0,40.0,128.0
2260500.000000001,-1349250.0,81.0,282.0,28.0,151.0
2260500.000000001,-1249250.0,81.0,297.0,36.0,150.0
2260500.000000001,-1149250.0,80.0,299.0,48.0,255.0
2260500.000000001,-1049250.0,81.0,296.0,36.0,260.0
2260500.000000001,-949250.0,79.0,288.0,32.0,250.0
2260500.000000001,-849250.0,78.0,289.0,50.0,202.0
2260500.000000001,-749250.0,78.0,268.0,54.0,223.0
2260500.000000001,-649250.0,78.0,262.0,58.0,192.0
2260500.000000001,-549250.0,78.0,252.0,61.0,154.0
2260500.000000001,-449250.0,78.0,253.0,95.0,167.0
2260500.000000001,-349250.0,78.0,262.0,102.0,162.0
2260500.000000001,-249250.0,78.0,271.0,134.0,145.0
2260500.000000001,-149250.0,78.0,279.0,92.0,161.0
2260500.000000001,-49250.0,77.0,282.0,60.0,171.0
2260500.000000001,50750.0,78.0,277.0,37.0,170.0
2260500.000000001,150750.0,81.0,283.0,36.0,206.0
2260500.000000001,250750.0,82.0,288.0,36.0,256.0
2260500.000000001,350750.0,82.0,292.0,38.0,239.0
2260500.000000001,450750.0,82.0,286.0,42.0,283.0
2260500.000000001,550750.0,82.0,291.0,39.0,263.0
2260500.000000001,650750.0,82.0,295.0,38.0,240.0
2260500.000000001,750750.0,83.0,294.0,83.0,252.0
2260500.000000001,850750.0,83.0,295.0,94.0,274.0
2260500.000000001,950750.0,83.0,272.0,95.0,249.0
2260500.000000001,1050750.0,83.0,295.0,68.0,250.0
2260500.000000001,1150750.0,84.0,289.0,106.0,215.0
2260500.000000001,1250750.0,83.0,303.0,131.0,326.0
2260500.000000001,1350750.0,82.0,283.0,98.0,259.0
2260500.000000001,1450750.0,82.0,301.0,140.0,191.0
2260500.000000001,1550750.0,83.0,294.0,99.0,177.0
2260500.000000001,1650750.0,84.0,295.0,65.0,156.0
2260500.000000001,1750750.0,83.0,304.0,57.0,175.0
2260500.000000001,1850750.0,83.0,309.0,52.0,155.0
2260500.000000001,1950750.0,84.0,309.0,90.0,181.0
2260500.000000001,2050750.0,83.0,302.0,57.0,182.0
2260500.000000001,2150750.0,81.0,295.0,114.0,170.0
2260500.000000001,2250750.0,82.0,298.0,72.0,182.0
2260500.000000001,2350750.0,81.0,289.0,103.0,185.0
2260500.000000001,2450750.0,80.0,277.0,123.0,179.0
2260500.000000001,2550750.0,80.0,304.0,104.0,172.0
2260500.000000001,2650750.0,82.0,301.0,64.0,184.0
2260500.000000001,2750750.0,81.0,297.0,94.0,160.0
2260500.000000001,2850750.0,83.0,296.0,63.0,205.0
2260500.000000001,2950750.0,83.0,297.0,129.0,205.0
2260500.000000001,3050750.0,83.0,282.0,134.0,207.0
2260500.000000001,3150750.0,83.0,283.0,65.0,210.0
2260500.000000001,3250750.0,81.0,288.0,94.0,207.0
2260500.000000001,3350750.0,81.0,282.0,93.0,205.0
2260500.000000001,3450750.0,80.0,280.0,126.0,175.0
2260500.000000001,3550750.0,80.0,281.0,92.0,200.0
2260500.000000001,3650750.0,80.0,278.0,92.0,191.0
2260500.000000001,3750750.0,81.0,294.0,99.0,216.0
2260500.000000001,3850750.0,82.0,296.0,63.0,281.0
2260500.000000001,3950750.0,81.0,302.0,60.0,159.0
2260500.000000001,4050750.0,81.0,302.0,136.0,119.0
2260500.000000001,4450750.0,80.0,303.0,115.0,200.0
2260500.000000001,4550750.0,79.0,313.0,72.0,236.0
2260500.000000001,4650750.0,82.0,303.0,63.0,231.0
2260500.000000001,4750750.0,82.0,315.0,77.0,209.0
2260500.000000001,4850750.0,82.0,303.0,124.0,206.0
2260500.000000001,4950750.0,82.0,310.0,84.0,199.0
2260500.000000001,5050750.0,82.0,315.0,127.0,200.0
2260500.000000001,5150750.0,83.0,312.0,81.0,192.0
2260500.000000001,5250750.0,81.0,300.0,70.0,160.0
2260500.000000001,5350750.0,80.0,304.0,71.0,191.0
2260500.000000001,5450750.0,80.0,305.0,104.0,153.0
2260500.000000001,5550750.0,81.0,277.0,89.0,123.0
2260500.000000001,5650750.0,81.0,281.0,45.0,115.0
2260500.000000001,5750750.0,81.0,287.0,86.0,113.0
2260500.000000001,5850750.0,81.0,295.0,83.0,123.0
2260500.000000001,5950750.0,81.0,303.0,53.0,125.0
2260500.000000001,6050750.0,83.0,298.0,94.0,137.0
2260500.000000001,6150750.0,80.0,288.0,56.0,133.0
2260500.000000001,6250750.0,81.0,288.0,148.0,194.0
2260500.000000001,7850750.0,65.0,395.0,227.0,284.0
2260500.000000001,7950750.0,70.0,366.0,140.0,389.0
2260500.000000001,8050750.0,69.0,345.0,145.0,376.0
2260500.000000001,8150750.0,71.0,338.0,120.0,413.0
2260500.000000001,8250750.0,73.0,334.0,131.0,443.0
2260500.000000001,8350750.0,70.0,356.0,137.0,376.0
2260500.000000001,8450750.0,73.0,339.0,111.0,371.0
2260500.000000001,8550750.0,72.0,358.0,173.0,324.0
2260500.000000001,8650750.0,65.0,398.0,201.0,220.0
2260500.000000001,8750750.0,65.0,374.0,147.0,346.0
2260500.000000001,8850750.0,68.0,405.0,152.0,249.0
2260500.000000001,8950750.0,57.0,386.0,207.0,280.0
2260500.000000001,9050750.0,57.0,412.0,346.0,236.0
2260500.000000001,9150750.0,62.0,383.0,174.0,228.0
2260500.000000001,9250750.0,67.0,376.0,196.0,193.0
2260500.000000001,9950750.0,60.0,365.0,244.0,270.0
2260500.000000001,10050750.0,57.0,402.0,279.0,196.0
2260500.000000001,10250750.0,64.0,375.0,147.0,191.0
2260500.000000001,10350750.0,61.0,389.0,203.0,131.0
2260500.000000001,10450750.0,57.0,399.0,204.0,152.0
2260500.000000001,10550750.0,55.0,382.0,207.0,199.0
2260500.000000001,10650750.0,56.0,371.0,181.0,166.0
2260500.000000001,10750750.0,53.0,381.0,386.0,226.0
2260500.000000001,10850750.0,52.0,384.0,258.0,175.0
2260500.000000001,10950750.0,53.0,403.0,286.0,198.0
2260500.000000001,11050750.0,52.0,400.0,245.0,224.0
2260500.000000001,11150750.0,54.0,401.0,317.0,181.0
2160500.000000001,-16949250.0,55.0,419.0,469.0,257.0
2160500.000000001,-11649250.0,65.0,374.0,224.0,235.0
2160500.000000001,-11549250.0,62.0,362.0,521.0,246.0
2160500.000000001,-11449250.0,62.0,362.0,312.0,234.0
2160500.000000001,-11249250.0,58.0,376.0,327.0,286.0
2160500.000000001,-11149250.0,61.0,385.0,319.0,242.0
2160500.000000001,-10949250.0,65.0,365.0,271.0,241.0
2160500.000000001,-10849250.0,73.0,365.0,220.0,224.0
2160500.000000001,-10149250.0,75.0,403.0,386.0,296.0
2160500.000000001,-10049250.0,71.0,373.0,285.0,250.0
2160500.000000001,-9949250.0,71.0,394.0,482.0,312.0
2160500.000000001,-9849250.0,70.0,391.0,990.0,288.0
2160500.000000001,-8249250.0,67.0,387.0,218.0,254.0
2160500.000000001,-8149250.0,60.0,380.0,390.0,326.0
2160500.000000001,-8049250.0,59.0,411.0,340.0,259.0
2160500.000000001,-1449250.0,79.0,265.0,36.0,118.0
2160500.000000001,-1349250.0,80.0,286.0,32.0,136.0
2160500.000000001,-1249250.0,81.0,291.0,28.0,203.0
2160500.000000001,-1149250.0,81.0,283.0,35.0,203.0
2160500.000000001,-1049250.0,81.0,301.0,26.0,212.0
2160500.000000001,-949250.0,81.0,297.0,28.0,200.0
2160500.000000001,-849250.0,78.0,281.0,31.0,202.0
2160500.000000001,-749250.0,78.0,272.0,39.0,143.0
2160500.000000001,-649250.0,78.0,265.0,38.0,151.0
2160500.000000001,-549250.0,78.0,256.0,35.0,136.0
2160500.000000001,-449250.0,77.0,262.0,36.0,133.0
2160500.000000001,-349250.0,77.0,289.0,38.0,139.0
2160500.000000001,-249250.0,78.0,284.0,46.0,121.0
2160500.000000001,-149250.0,77.0,276.0,52.0,152.0
2160500.000000001,-49250.0,78.0,279.0,40.0,169.0
2160500.000000001,50750.0,79.0,291.0,35.0,172.0
2160500.000000001,150750.0,83.0,304.0,31.0,175.0
2160500.000000001,250750.0,81.0,311.0,35.0,178.0
2160500.000000001,350750.0,82.0,295.0,33.0,229.0
2160500.000000001,450750.0,83.0,301.0,45.0,192.0
2160500.000000001,550750.0,82.0,307.0,48.0,180.0
2160500.000000001,650750.0,83.0,297.0,43.0,195.0
2160500.000000001,750750.0,83.0,282.0,38.0,170.0
2160500.000000001,850750.0,82.0,285.0,70.0,205.0
2160500.000000001,950750.0,81.0,287.0,53.0,199.0
2160500.000000001,1050750.0,82.0,284.0,72.0,213.0
2160500.000000001,1150750.0,84.0,292.0,62.0,200.0
2160500.000000001,1250750.0,83.0,300.0,104.0,202.0
2160500.000000001,1350750.0,83.0,286.0,101.0,185.0
2160500.000000001,1450750.0,82.0,288.0,98.0,171.0
2160500.000000001,1550750.0,83.0,299.0,67.0,184.0
2160500.000000001,1650750.0,82.0,294.0,86.0,157.0
2160500.000000001,1750750.0,83.0,302.0,45.0,153.0
2160500.000000001,1850750.0,83.0,303.0,42.0,176.0
2160500.000000001,1950750.0,83.0,303.0,49.0,155.0
2160500.000000001,2050750.0,83.0,306.0,65.0,160.0
2160500.000000001,2150750.0,82.0,292.0,94.0,182.0
2160500.000000001,2250750.0,82.0,285.0,62.0,169.0
2160500.000000001,2350750.0,82.0,296.0,139.0,191.0
2160500.000000001,2450750.0,81.0,300.0,105.0,189.0
2160500.000000001,2550750.0,82.0,282.0,61.0,169.0
2160500.000000001,2650750.0,82.0,281.0,98.0,152.0
2160500.000000001,2750750.0,82.0,287.0,95.0,213.0
2160500.000000001,2850750.0,83.0,297.0,92.0,258.0
2160500.000000001,2950750.0,83.0,284.0,124.0,223.0
2160500.000000001,3050750.0,83.0,284.0,63.0,202.0
2160500.000000001,3150750.0,82.0,292.0,107.0,216.0
2160500.000000001,3250750.0,81.0,276.0,95.0,229.0
2160500.000000001,3350750.0,81.0,278.0,92.0,227.0
2160500.000000001,3450750.0,80.0,273.0,126.0,198.0
2160500.000000001,3550750.0,80.0,275.0,92.0,163.0
2160500.000000001,3650750.0,80.0,284.0,95.0,230.0
2160500.000000001,3750750.0,79.0,280.0,89.0,207.0
2160500.000000001,3850750.0,82.0,309.0,46.0,293.0
2160500.000000001,3950750.0,82.0,302.0,60.0,261.0
2160500.000000001,4050750.0,81.0,294.0,80.0,134.0
2160500.000000001,4550750.0,80.0,330.0,139.0,231.0
2160500.000000001,4650750.0,81.0,318.0,100.0,228.0
2160500.000000001,4750750.0,82.0,324.0,80.0,241.0
2160500.000000001,4850750.0,82.0,310.0,128.0,207.0
2160500.000000001,4950750.0,81.0,323.0,93.0,220.0
2160500.000000001,5050750.0,82.0,301.0,109.0,228.0
2160500.000000001,5150750.0,82.0,305.0,132.0,224.0
2160500.000000001,5250750.0,82.0,295.0,80.0,204.0
2160500.000000001,5350750.0,81.0,305.0,95.0,126.0
2160500.000000001,5450750.0,81.0,297.0,61.0,155.0
2160500.000000001,5550750.0,81.0,269.0,89.0,120.0
2160500.000000001,5650750.0,81.0,288.0,60.0,141.0
2160500.000000001,5750750.0,81.0,297.0,88.0,173.0
2160500.000000001,5850750.0,82.0,292.0,47.0,136.0
2160500.000000001,5950750.0,82.0,307.0,45.0,127.0
2160500.000000001,6050750.0,81.0,301.0,69.0,166.0
2160500.000000001,6150750.0,80.0,292.0,50.0,186.0
2160500.000000001,6250750.0,81.0,300.0,164.0,176.0
2160500.000000001,7850750.0,58.0,375.0,327.0,300.0
2160500.000000001,7950750.0,66.0,380.0,175.0,423.0
2160500.000000001,8050750.0,72.0,338.0,127.0,339.0
2160500.000000001,8150750.0,75.0,342.0,143.0,454.0
2160500.000000001,8250750.0,72.0,373.0,133.0,355.0
2160500.000000001,8350750.0,73.0,353.0,116.0,354.0
2160500.000000001,8450750.0,70.0,377.0,148.0,304.0
2160500.000000001,8550750.0,72.0,338.0,134.0,300.0
2160500.000000001,8650750.0,65.0,383.0,174.0,191.0
2160500.000000001,8750750.0,58.0,396.0,160.0,287.0
2160500.000000001,8850750.0,65.0,398.0,162.0,283.0
2160500.000000001,8950750.0,59.0,394.0,214.0,160.0
2160500.000000001,9050750.0,58.0,412.0,255.0,203.0
2160500.000000001,10050750.0,57.0,380.0,271.0,261.0
2160500.000000001,10150750.0,63.0,377.0,271.0,204.0
2160500.000000001,10250750.0,59.0,374.0,300.0,171.0
2160500.000000001,10350750.0,57.0,378.0,442.0,222.0
2160500.000000001,10450750.0,57.0,365.0,218.0,139.0
2160500.000000001,10550750.0,56.0,353.0,225.0,156.0
2160500.000000001,10650750.0,59.0,345.0,206.0,171.0
2160500.000000001,10750750.0,54.0,363.0,306.0,196.0
2160500.000000001,10850750.0,54.0,372.0,430.0,214.0
2160500.000000001,10950750.0,55.0,384.0,199.0,175.0
2160500.000000001,11050750.0,55.0,401.0,248.0,159.0
2160500.000000001,11150750.0,55.0,403.0,413.0,184.0
2160500.000000001,11250750.0,59.0,420.0,233.0,177.0
2160500.000000001,11650750.0,56.0,433.0,171.0,140.0
2160500.000000001,11750750.0,48.0,461.0,195.0,127.0
2060500.000000001,-11449250.0,57.0,390.0,500.0,239.0
2060500.000000001,-11349250.0,66.0,368.0,201.0,198.0
2060500.000000001,-11249250.0,70.0,382.0,180.0,211.0
2060500.000000001,-11149250.0,65.0,384.0,262.0,248.0
2060500.000000001,-11049250.0,67.0,391.0,332.0,223.0
2060500.000000001,-10949250.0,71.0,381.0,174.0,217.0
2060500.000000001,-10849250.0,57.0,364.0,353.0,193.0
2060500.000000001,-10749250.0,62.0,375.0,174.0,253.0
2060500.000000001,-10649250.0,61.0,385.0,236.0,192.0
2060500.000000001,-10349250.0,69.0,390.0,838.0,364.0
2060500.000000001,-10149250.0,74.0,404.0,339.0,283.0
2060500.000000001,-10049250.0,74.0,376.0,520.0,310.0
2060500.000000001,-9949250.0,71.0,361.0,458.0,259.0
2060500.000000001,-9849250.0,70.0,392.0,724.0,308.0
2060500.000000001,-8049250.0,71.0,378.0,304.0,273.0
2060500.000000001,-7849250.0,66.0,368.0,518.0,257.0
2060500.000000001,-1449250.0,78.0,262.0,53.0,114.0
2060500.000000001,-1349250.0,80.0,286.0,30.0,148.0
2060500.000000001,-1249250.0,80.0,286.0,31.0,149.0
2060500.000000001,-1149250.0,80.0,298.0,38.0,134.0
2060500.000000001,-1049250.0,81.0,283.0,43.0,283.0
2060500.000000001,-949250.0,81.0,295.0,33.0,271.0
2060500.000000001,-849250.0,81.0,303.0,41.0,148.0
2060500.000000001,-749250.0,81.0,305.0,44.0,153.0
2060500.000000001,-649250.0,78.0,273.0,42.0,140.0
2060500.000000001,-549250.0,78.0,268.0,52.0,116.0
2060500.000000001,-449250.0,78.0,297.0,43.0,118.0
2060500.000000001,-349250.0,78.0,296.0,46.0,118.0
2060500.000000001,-249250.0,78.0,288.0,47.0,120.0
2060500.000000001,-149250.0,77.0,288.0,69.0,125.0
2060500.000000001,-49250.0,77.0,285.0,33.0,126.0
2060500.000000001,50750.0,78.0,296.0,30.0,124.0
2060500.000000001,150750.0,81.0,306.0,29.0,127.0
2060500.000000001,250750.0,80.0,301.0,30.0,150.0
2060500.000000001,350750.0,82.0,296.0,31.0,115.0
2060500.000000001,450750.0,82.0,300.0,29.0,128.0
2060500.000000001,550750.0,82.0,300.0,35.0,124.0
2060500.000000001,650750.0,81.0,293.0,32.0,116.0
2060500.000000001,750750.0,82.0,285.0,34.0,143.0
2060500.000000001,850750.0,82.0,288.0,30.0,157.0
2060500.000000001,950750.0,84.0,290.0,33.0,162.0
2060500.000000001,1050750.0,82.0,297.0,44.0,196.0
2060500.000000001,1150750.0,84.0,277.0,40.0,204.0
2060500.000000001,1250750.0,82.0,296.0,132.0,169.0
2060500.000000001,1350750.0,81.0,290.0,99.0,168.0
2060500.000000001,1450750.0,82.0,294.0,104.0,182.0
2060500.000000001,1550750.0,82.0,281.0,61.0,153.0
2060500.000000001,1650750.0,81.0,304.0,105.0,169.0
2060500.000000001,1750750.0,81.0,312.0,64.0,172.0
2060500.000000001,1850750.0,83.0,312.0,60.0,170.0
2060500.000000001,1950750.0,82.0,305.0,55.0,161.0
2060500.000000001,2050750.0,82.0,276.0,56.0,177.0
2060500.000000001,2150750.0,81.0,293.0,91.0,158.0
2060500.000000001,2250750.0,82.0,287.0,67.0,153.0
2060500.000000001,2350750.0,82.0,267.0,60.0,179.0
2060500.000000001,2450750.0,81.0,283.0,125.0,164.0
2060500.000000001,2550750.0,82.0,275.0,58.0,174.0
2060500.000000001,2650750.0,83.0,287.0,87.0,163.0
2060500.000000001,2750750.0,82.0,283.0,126.0,206.0
2060500.000000001,2850750.0,81.0,283.0,91.0,238.0
2060500.000000001,2950750.0,82.0,286.0,50.0,182.0
2060500.000000001,3050750.0,84.0,285.0,49.0,227.0
2060500.000000001,3150750.0,84.0,287.0,62.0,227.0
2060500.000000001,3250750.0,82.0,277.0,50.0,222.0
2060500.000000001,3350750.0,82.0,277.0,90.0,210.0
2060500.000000001,3450750.0,80.0,266.0,87.0,191.0
2060500.000000001,3550750.0,80.0,275.0,84.0,195.0
2060500.000000001,3650750.0,80.0,278.0,41.0,226.0
2060500.000000001,3750750.0,79.0,297.0,39.0,215.0
2060500.000000001,3850750.0,80.0,298.0,46.0,307.0
2060500.000000001,3950750.0,81.0,303.0,56.0,352.0
2060500.000000001,4050750.0,83.0,305.0,53.0,139.0
2060500.000000001,4150750.0,82.0,306.0,66.0,127.0
2060500.000000001,4550750.0,79.0,316.0,85.0,247.0
2060500.000000001,4650750.0,79.0,334.0,173.0,217.0
2060500.000000001,4750750.0,83.0,317.0,100.0,244.0
2060500.000000001,4850750.0,82.0,308.0,92.0,250.0
2060500.000000001,4950750.0,82.0,304.0,122.0,205.0
2060500.000000001,5050750.0,82.0,302.0,95.0,231.0
2060500.000000001,5150750.0,82.0,293.0,95.0,190.0
2060500.000000001,5250750.0,82.0,301.0,132.0,236.0
2060500.000000001,5350750.0,82.0,283.0,65.0,132.0
2060500.000000001,5450750.0,82.0,282.0,91.0,130.0
2060500.000000001,5550750.0,82.0,283.0,59.0,154.0
2060500.000000001,5650750.0,82.0,287.0,60.0,163.0
2060500.000000001,5750750.0,82.0,292.0,67.0,177.0
2060500.000000001,5850750.0,82.0,302.0,59.0,157.0
2060500.000000001,5950750.0,81.0,297.0,63.0,179.0
2060500.000000001,6050750.0,83.0,311.0,96.0,207.0
2060500.000000001,8050750.0,73.0,365.0,178.0,369.0
2060500.000000001,8150750.0,73.0,345.0,122.0,451.0
2060500.000000001,8250750.0,72.0,342.0,132.0,337.0
2060500.000000001,8350750.0,71.0,369.0,128.0,304.0
2060500.000000001,8450750.0,71.0,376.0,111.0,391.0
2060500.000000001,8550750.0,71.0,370.0,149.0,307.0
2060500.000000001,8650750.0,67.0,340.0,178.0,223.0
2060500.000000001,8750750.0,59.0,389.0,266.0,294.0
2060500.000000001,8850750.0,64.0,391.0,174.0,174.0
2060500.000000001,8950750.0,63.0,397.0,158.0,187.0
2060500.000000001,9050750.0,65.0,369.0,160.0,197.0
2060500.000000001,10150750.0,57.0,366.0,288.0,285.0
2060500.000000001,10250750.0,64.0,370.0,219.0,208.0
2060500.000000001,10350750.0,55.0,368.0,171.0,178.0
2060500.000000001,10450750.0,57.0,398.0,255.0,186.0
2060500.000000001,10550750.0,57.0,374.0,414.0,172.0
2060500.000000001,10650750.0,60.0,371.0,255.0,174.0
2060500.000000001,10750750.0,61.0,347.0,178.0,183.0
2060500.000000001,10850750.0,55.0,367.0,305.0,192.0
2060500.000000001,10950750.0,53.0,376.0,354.0,188.0
2060500.000000001,11050750.0,52.0,380.0,233.0,184.0
2060500.000000001,11150750.0,53.0,371.0,229.0,196.0
2060500.000000001,11250750.0,53.0,396.0,304.0,188.0
2060500.000000001,11750750.0,51.0,467.0,389.0,214.0
2060500.000000001,12950750.0,54.0,437.0,517.0,216.0
1960500.000000001,-11249250.0,55.0,395.0,548.0,281.0
1960500.000000001,-11149250.0,55.0,393.0,437.0,260.0
1960500.000000001,-11049250.0,68.0,389.0,234.0,242.0
1960500.000000001,-10949250.0,71.0,376.0,206.0,201.0
1960500.000000001,-10849250.0,68.0,367.0,335.0,219.0
1960500.000000001,-10749250.0,53.0,430.0,497.0,193.0
1960500.000000001,-10649250.0,58.0,373.0,212.0,198.0
1960500.000000001,-10549250.0,54.0,377.0,335.0,192.0
1960500.000000001,-10449250.0,51.0,382.0,489.0,176.0
1960500.000000001,-10349250.0,59.0,380.0,598.0,221.0
1960500.000000001,-10249250.0,56.0,341.0,354.0,196.0
1960500.000000001,-10149250.0,66.0,385.0,423.0,286.0
1960500.000000001,-10049250.0,67.0,404.0,504.0,312.0
1960500.000000001,-9949250.0,64.0,412.0,512.0,275.0
1960500.000000001,-1449250.0,82.0,313.0,37.0,57.0
1960500.000000001,-1349250.0,77.0,263.0,41.0,127.0
1960500.000000001,-1249250.0,77.0,315.0,43.0,173.0
1960500.000000001,-1149250.0,78.0,291.0,77.0,224.0
1960500.000000001,-1049250.0,79.0,313.0,57.0,213.0
1960500.000000001,-949250.0,78.0,285.0,33.0,195.0
1960500.000000001,-849250.0,76.0,284.0,37.0,138.0
1960500.000000001,-749250.0,78.0,285.0,36.0,149.0
1960500.000000001,-649250.0,81.0,300.0,28.0,98.0
1960500.000000001,-549250.0,78.0,276.0,47.0,114.0
1960500.000000001,-449250.0,78.0,286.0,40.0,115.0
1960500.000000001,-349250.0,77.0,287.0,43.0,113.0
1960500.000000001,-249250.0,77.0,304.0,50.0,120.0
1960500.000000001,-149250.0,77.0,307.0,37.0,116.0
1960500.000000001,-49250.0,77.0,299.0,54.0,157.0
1960500.000000001,50750.0,77.0,285.0,40.0,121.0
1960500.000000001,150750.0,79.0,280.0,31.0,128.0
1960500.000000001,250750.0,80.0,305.0,32.0,114.0
1960500.000000001,350750.0,81.0,300.0,36.0,96.0
1960500.000000001,450750.0,80.0,305.0,35.0,108.0
1960500.000000001,550750.0,80.0,298.0,35.0,99.0
1960500.000000001,650750.0,79.0,299.0,37.0,135.0
1960500.000000001,750750.0,80.0,298.0,35.0,120.0
1960500.000000001,850750.0,81.0,320.0,42.0,167.0
1960500.000000001,950750.0,81.0,301.0,41.0,184.0
1960500.000000001,1050750.0,82.0,294.0,67.0,183.0
1960500.000000001,1150750.0,82.0,290.0,31.0,174.0
1960500.000000001,1250750.0,82.0,289.0,47.0,146.0
1960500.000000001,1350750.0,82.0,288.0,95.0,170.0
1960500.000000001,1450750.0,82.0,285.0,104.0,174.0
1960500.000000001,1550750.0,81.0,290.0,64.0,159.0
1960500.000000001,1650750.0,81.0,298.0,52.0,149.0
1960500.000000001,1750750.0,81.0,304.0,42.0,129.0
1960500.000000001,1850750.0,80.0,300.0,37.0,133.0
1960500.000000001,1950750.0,81.0,279.0,40.0,165.0
1960500.000000001,2050750.0,83.0,289.0,46.0,130.0
1960500.000000001,2150750.0,83.0,292.0,103.0,164.0
1960500.000000001,2250750.0,82.0,278.0,96.0,171.0
1960500.000000001,2350750.0,83.0,284.0,64.0,167.0
1960500.000000001,2450750.0,82.0,282.0,64.0,143.0
1960500.000000001,2550750.0,82.0,285.0,83.0,176.0
1960500.000000001,2650750.0,83.0,283.0,48.0,196.0
1960500.000000001,2750750.0,83.0,297.0,42.0,180.0
1960500.000000001,2850750.0,84.0,281.0,46.0,194.0
1960500.000000001,2950750.0,83.0,281.0,84.0,183.0
1960500.000000001,3050750.0,82.0,280.0,50.0,234.0
1960500.000000001,3150750.0,83.0,285.0,42.0,215.0
1960500.000000001,3250750.0,83.0,277.0,42.0,197.0
1960500.000000001,3350750.0,82.0,285.0,48.0,203.0
1960500.000000001,3450750.0,83.0,289.0,42.0,191.0
1960500.000000001,3550750.0,81.0,266.0,37.0,183.0
1960500.000000001,3650750.0,80.0,282.0,38.0,267.0
1960500.000000001,3750750.0,79.0,283.0,38.0,203.0
1960500.000000001,3850750.0,80.0,309.0,42.0,241.0
1960500.000000001,3950750.0,81.0,313.0,67.0,428.0
1960500.000000001,4050750.0,80.0,305.0,107.0,281.0
1960500.000000001,4150750.0,82.0,302.0,78.0,192.0
1960500.000000001,4250750.0,77.0,305.0,72.0,210.0
1960500.000000001,4650750.0,81.0,306.0,67.0,247.0
1960500.000000001,4750750.0,81.0,338.0,125.0,237.0
1960500.000000001,4850750.0,83.0,316.0,87.0,207.0
1960500.000000001,4950750.0,81.0,307.0,110.0,200.0
1960500.000000001,5050750.0,81.0,305.0,133.0,235.0
1960500.000000001,5150750.0,82.0,288.0,104.0,141.0
1960500.000000001,5250750.0,82.0,279.0,56.0,139.0
1960500.000000001,5350750.0,82.0,285.0,89.0,139.0
1960500.000000001,5450750.0,82.0,290.0,55.0,166.0
1960500.000000001,5550750.0,82.0,280.0,61.0,178.0
1960500.000000001,5650750.0,82.0,280.0,58.0,191.0
1960500.000000001,5750750.0,82.0,291.0,103.0,196.0
1960500.000000001,5850750.0,82.0,287.0,135.0,196.0
1960500.000000001,5950750.0,80.0,295.0,114.0,239.0
1960500.000000001,7950750.0,62.0,389.0,303.0,227.0
1960500.000000001,8050750.0,72.0,374.0,142.0,372.0
1960500.000000001,8150750.0,71.0,331.0,132.0,283.0
1960500.000000001,8250750.0,71.0,345.0,161.0,389.0
1960500.000000001,8350750.0,69.0,337.0,143.0,330.0
1960500.000000001,8450750.0,74.0,375.0,159.0,347.0
1960500.000000001,8550750.0,70.0,334.0,144.0,213.0
1960500.000000001,8650750.0,67.0,391.0,169.0,203.0
1960500.000000001,8750750.0,66.0,374.0,162.0,183.0
1960500.000000001,8850750.0,59.0,389.0,237.0,236.0
1960500.000000001,8950750.0,63.0,366.0,199.0,208.0
1960500.000000001,10250750.0,63.0,366.0,168.0,237.0
1960500.000000001,10350750.0,57.0,354.0,295.0,257.0
1960500.000000001,10450750.0,56.0,351.0,316.0,246.0
1960500.000000001,10550750.0,57.0,383.0,305.0,210.0
1960500.000000001,10650750.0,56.0,380.0,243.0,188.0
1960500.000000001,10750750.0,56.0,341.0,212.0,216.0
1960500.000000001,10850750.0,56.0,367.0,652.0,201.0
1960500.000000001,10950750.0,57.0,369.0,234.0,161.0
1960500.000000001,11050750.0,57.0,349.0,121.0,150.0
1960500.000000001,11150750.0,55.0,364.0,131.0,153.0
1960500.000000001,11250750.0,55.0,364.0,193.0,127.0
1960500.000000001,11350750.0,54.0,398.0,345.0,167.0
1960500.000000001,11450750.0,54.0,398.0,458.0,215.0
1960500.000000001,12950750.0,63.0,401.0,178.0,240.0
1960500.000000001,13050750.0,59.0,406.0,332.0,166.0
1860500.000000001,-11049250.0,61.0,403.0,334.0,247.0
1860500.000000001,-10949250.0,58.0,395.0,402.0,195.0
1860500.000000001,-10849250.0,56.0,386.0,519.0,261.0
1860500.000000001,-10749250.0,70.0,377.0,182.0,188.0
1860500.000000001,-10649250.0,57.0,374.0,364.0,222.0
1860500.000000001,-10549250.0,57.0,375.0,488.0,217.0
1860500.000000001,-10449250.0,57.0,369.0,269.0,199.0
1860500.000000001,-10349250.0,57.0,361.0,272.0,230.0
1860500.000000001,-10249250.0,59.0,418.0,431.0,231.0
1860500.000000001,-10149250.0,66.0,407.0,494.0,227.0
1860500.000000001,-10049250.0,58.0,393.0,474.0,171.0
1860500.000000001,-9949250.0,64.0,417.0,584.0,205.0
1860500.000000001,-1549250.0,75.0,287.0,54.0,87.0
1860500.000000001,-1449250.0,72.0,259.0,42.0,91.0
1860500.000000001,-1349250.0,72.0,282.0,49.0,112.0
1860500.000000001,-1249250.0,76.0,315.0,59.0,149.0
1860500.000000001,-1149250.0,76.0,332.0,57.0,205.0
1860500.000000001,-1049250.0,73.0,294.0,53.0,97.0
1860500.000000001,-949250.0,75.0,321.0,43.0,145.0
1860500.000000001,-849250.0,74.0,312.0,58.0,167.0
1860500.000000001,-749250.0,74.0,292.0,47.0,96.0
1860500.000000001,-649250.0,80.0,321.0,50.0,115.0
1860500.000000001,-549250.0,76.0,259.0,53.0,101.0
1860500.000000001,-449250.0,78.0,295.0,50.0,124.0
1860500.000000001,-349250.0,78.0,283.0,58.0,136.0
1860500.000000001,-249250.0,77.0,307.0,50.0,129.0
1860500.000000001,-149250.0,74.0,303.0,60.0,119.0
1860500.000000001,-49250.0,76.0,289.0,52.0,151.0
1860500.000000001,50750.0,76.0,275.0,45.0,102.0
1860500.000000001,150750.0,76.0,283.0,45.0,101.0
1860500.000000001,250750.0,79.0,297.0,49.0,108.0
1860500.000000001,350750.0,79.0,317.0,45.0,111.0
1860500.000000001,450750.0,79.0,309.0,47.0,99.0
1860500.000000001,550750.0,75.0,312.0,54.0,109.0
1860500.000000001,650750.0,77.0,294.0,45.0,116.0
1860500.000000001,750750.0,79.0,299.0,45.0,113.0
1860500.000000001,850750.0,76.0,305.0,79.0,129.0
1860500.000000001,950750.0,81.0,304.0,52.0,151.0
1860500.000000001,1050750.0,81.0,294.0,39.0,161.0
1860500.000000001,1150750.0,83.0,300.0,30.0,129.0
1860500.000000001,1250750.0,82.0,289.0,35.0,151.0
1860500.000000001,1350750.0,81.0,269.0,47.0,140.0
1860500.000000001,1450750.0,82.0,284.0,44.0,141.0
1860500.000000001,1550750.0,81.0,269.0,35.0,113.0
1860500.000000001,1650750.0,80.0,281.0,30.0,146.0
1860500.000000001,1750750.0,81.0,291.0,36.0,128.0
1860500.000000001,1850750.0,81.0,289.0,46.0,171.0
1860500.000000001,1950750.0,81.0,307.0,111.0,223.0
1860500.000000001,2050750.0,82.0,271.0,63.0,172.0
1860500.000000001,2150750.0,81.0,282.0,63.0,162.0
1860500.000000001,2250750.0,81.0,293.0,43.0,172.0
1860500.000000001,2350750.0,83.0,309.0,48.0,142.0
1860500.000000001,2450750.0,82.0,302.0,48.0,195.0
1860500.000000001,2550750.0,81.0,307.0,56.0,151.0
1860500.000000001,2650750.0,82.0,298.0,45.0,203.0
1860500.000000001,2750750.0,83.0,290.0,51.0,212.0
1860500.000000001,2850750.0,83.0,300.0,47.0,202.0
1860500.000000001,2950750.0,83.0,292.0,53.0,193.0
1860500.000000001,3050750.0,83.0,293.0,51.0,202.0
1860500.000000001,3150750.0,82.0,293.0,46.0,221.0
1860500.000000001,3250750.0,83.0,297.0,41.0,216.0
1860500.000000001,3350750.0,83.0,298.0,45.0,220.0
1860500.000000001,3450750.0,84.0,293.0,42.0,259.0
1860500.000000001,3550750.0,82.0,284.0,49.0,255.0
1860500.000000001,3650750.0,83.0,296.0,32.0,314.0
1860500.000000001,3750750.0,80.0,304.0,32.0,298.0
1860500.000000001,3850750.0,80.0,316.0,39.0,238.0
1860500.000000001,3950750.0,80.0,376.0,61.0,375.0
1860500.000000001,4050750.0,81.0,309.0,62.0,252.0
1860500.000000001,4150750.0,79.0,314.0,105.0,276.0
1860500.000000001,4250750.0,75.0,333.0,162.0,246.0
1860500.000000001,4750750.0,80.0,312.0,159.0,199.0
1860500.000000001,4850750.0,81.0,322.0,186.0,232.0
1860500.000000001,4950750.0,82.0,317.0,84.0,132.0
1860500.000000001,5050750.0,82.0,307.0,63.0,130.0
1860500.000000001,5150750.0,82.0,304.0,89.0,132.0
1860500.000000001,5250750.0,82.0,303.0,66.0,149.0
1860500.000000001,5350750.0,82.0,303.0,81.0,210.0
1860500.000000001,5450750.0,82.0,302.0,62.0,181.0
1860500.000000001,5550750.0,81.0,291.0,69.0,189.0
1860500.000000001,5650750.0,81.0,300.0,150.0,169.0
1860500.000000001,5750750.0,79.0,322.0,179.0,234.0
1860500.000000001,8050750.0,66.0,399.0,190.0,302.0
1860500.000000001,8150750.0,73.0,344.0,118.0,336.0
1860500.000000001,8250750.0,74.0,332.0,119.0,354.0
1860500.000000001,8350750.0,69.0,331.0,134.0,215.0
1860500.000000001,8450750.0,66.0,316.0,193.0,226.0
1860500.000000001,8550750.0,70.0,333.0,138.0,258.0
1860500.000000001,8650750.0,68.0,345.0,161.0,236.0
1860500.000000001,8750750.0,66.0,368.0,179.0,200.0
1860500.000000001,8850750.0,67.0,374.0,183.0,273.0
1860500.000000001,10250750.0,63.0,351.0,214.0,254.0
1860500.000000001,10350750.0,65.0,362.0,202.0,277.0
1860500.000000001,10450750.0,60.0,355.0,345.0,278.0
1860500.000000001,10550750.0,59.0,347.0,247.0,299.0
1860500.000000001,10750750.0,58.0,365.0,180.0,182.0
1860500.000000001,10850750.0,61.0,371.0,161.0,204.0
1860500.000000001,10950750.0,59.0,369.0,228.0,206.0
1860500.000000001,11050750.0,60.0,362.0,157.0,144.0
1860500.000000001,11150750.0,57.0,349.0,172.0,146.0
1860500.000000001,11250750.0,58.0,370.0,155.0,112.0
1860500.000000001,11350750.0,55.0,382.0,182.0,127.0
1860500.000000001,11450750.0,55.0,392.0,267.0,161.0
1860500.000000001,11550750.0,58.0,398.0,459.0,191.0
1860500.000000001,13050750.0,53.0,441.0,510.0,234.0
1860500.000000001,13150750.0,54.0,435.0,447.0,212.0
1760500.000000001,-10749250.0,61.0,384.0,268.0,207.0
1760500.000000001,-10349250.0,58.0,421.0,281.0,216.0
1760500.000000001,-10249250.0,63.0,409.0,284.0,224.0
1760500.000000001,-10149250.0,58.0,410.0,572.0,199.0
1760500.000000001,-10049250.0,59.0,407.0,528.0,181.0
1760500.000000001,-9949250.0,56.0,403.0,594.0,201.0
1760500.000000001,-9649250.0,59.0,386.0,553.0,263.0
1760500.000000001,-9549250.0,56.0,386.0,590.0,227.0
1760500.000000001,-1549250.0,70.0,245.0,47.0,72.0
1760500.000000001,-1449250.0,70.0,231.0,49.0,68.0
1760500.000000001,-1349250.0,68.0,261.0,43.0,56.0
1760500.000000001,-1249250.0,67.0,276.0,35.0,56.0
1760500.000000001,-1149250.0,72.0,352.0,101.0,103.0
1760500.000000001,-1049250.0,67.0,294.0,59.0,85.0
1760500.000000001,-949250.0,68.0,293.0,50.0,83.0
1760500.000000001,-849250.0,71.0,295.0,48.0,77.0
1760500.000000001,-749250.0,70.0,271.0,66.0,85.0
1760500.000000001,-649250.0,72.0,284.0,61.0,91.0
1760500.000000001,-549250.0,72.0,261.0,78.0,112.0
1760500.000000001,-449250.0,72.0,282.0,52.0,91.0
1760500.000000001,-349250.0,71.0,282.0,47.0,91.0
1760500.000000001,-249250.0,68.0,303.0,65.0,137.0
1760500.000000001,-149250.0,70.0,271.0,59.0,95.0
1760500.000000001,-49250.0,72.0,257.0,56.0,114.0
1760500.000000001,50750.0,74.0,301.0,47.0,89.0
1760500.000000001,150750.0,74.0,297.0,50.0,102.0
1760500.000000001,250750.0,72.0,277.0,48.0,113.0
1760500.000000001,350750.0,70.0,270.0,48.0,105.0
1760500.000000001,450750.0,67.0,273.0,44.0,95.0
1760500.000000001,550750.0,67.0,330.0,45.0,94.0
1760500.000000001,650750.0,69.0,311.0,52.0,107.0
1760500.000000001,750750.0,71.0,319.0,47.0,120.0
1760500.000000001,850750.0,75.0,285.0,50.0,105.0
1760500.000000001,950750.0,77.0,274.0,64.0,113.0
1760500.000000001,1050750.0,79.0,274.0,59.0,153.0
1760500.000000001,1150750.0,80.0,275.0,54.0,138.0
1760500.000000001,1250750.0,81.0,280.0,51.0,142.0
1760500.000000001,1350750.0,82.0,295.0,72.0,147.0
1760500.000000001,1450750.0,80.0,278.0,50.0,130.0
1760500.000000001,1550750.0,80.0,277.0,46.0,114.0
1760500.000000001,1650750.0,80.0,283.0,48.0,139.0
1760500.000000001,1750750.0,79.0,284.0,50.0,139.0
1760500.000000001,1850750.0,79.0,304.0,60.0,144.0
1760500.000000001,1950750.0,79.0,302.0,106.0,161.0
1760500.000000001,2050750.0,79.0,296.0,68.0,137.0
1760500.000000001,2150750.0,80.0,315.0,81.0,138.0
1760500.000000001,2250750.0,81.0,319.0,50.0,160.0
1760500.000000001,2350750.0,80.0,308.0,53.0,146.0
1760500.000000001,2450750.0,81.0,317.0,65.0,257.0
1760500.000000001,2550750.0,82.0,312.0,48.0,132.0
1760500.000000001,2650750.0,81.0,302.0,48.0,185.0
1760500.000000001,2750750.0,83.0,299.0,50.0,186.0
1760500.000000001,2850750.0,83.0,314.0,51.0,205.0
1760500.000000001,2950750.0,83.0,302.0,39.0,218.0
1760500.000000001,3050750.0,83.0,296.0,46.0,192.0
1760500.000000001,3150750.0,82.0,302.0,44.0,216.0
1760500.000000001,3250750.0,82.0,306.0,55.0,205.0
1760500.000000001,3350750.0,82.0,295.0,38.0,202.0
1760500.000000001,3450750.0,83.0,301.0,81.0,245.0
1760500.000000001,3550750.0,83.0,289.0,44.0,274.0
1760500.000000001,3650750.0,85.0,305.0,34.0,333.0
1760500.000000001,3750750.0,84.0,321.0,45.0,432.0
1760500.000000001,3850750.0,80.0,343.0,59.0,447.0
1760500.000000001,3950750.0,80.0,347.0,58.0,433.0
1760500.000000001,4050750.0,75.0,312.0,86.0,341.0
1760500.000000001,4150750.0,75.0,328.0,113.0,356.0
1760500.000000001,4250750.0,78.0,353.0,179.0,324.0
1760500.000000001,4450750.0,77.0,363.0,249.0,298.0
1760500.000000001,4750750.0,80.0,298.0,128.0,205.0
1760500.000000001,4850750.0,80.0,349.0,208.0,250.0
1760500.000000001,4950750.0,82.0,296.0,58.0,151.0
1760500.000000001,5050750.0,83.0,312.0,53.0,126.0
1760500.000000001,5150750.0,82.0,307.0,64.0,163.0
1760500.000000001,5250750.0,81.0,295.0,63.0,193.0
1760500.000000001,5350750.0,81.0,296.0,80.0,197.0
1760500.000000001,5450750.0,80.0,301.0,115.0,192.0
1760500.000000001,5550750.0,80.0,306.0,129.0,246.0
1760500.000000001,5650750.0,80.0,299.0,171.0,232.0
1760500.000000001,8050750.0,57.0,398.0,370.0,242.0
1760500.000000001,8150750.0,70.0,368.0,127.0,381.0
1760500.000000001,8250750.0,71.0,387.0,144.0,258.0
1760500.000000001,8350750.0,70.0,321.0,180.0,236.0
1760500.000000001,8450750.0,72.0,306.0,122.0,271.0
1760500.000000001,8550750.0,69.0,377.0,188.0,201.0
1760500.000000001,8650750.0,73.0,366.0,152.0,319.0
1760500.000000001,10350750.0,62.0,359.0,310.0,297.0
1760500.000000001,10650750.0,58.0,363.0,255.0,221.0
1760500.000000001,10750750.0,56.0,408.0,300.0,175.0
1760500.000000001,10850750.0,61.0,340.0,158.0,235.0
1760500.000000001,10950750.0,59.0,364.0,134.0,250.0
1760500.000000001,11050750.0,62.0,343.0,139.0,166.0
1760500.000000001,11150750.0,58.0,345.0,140.0,202.0
1760500.000000001,11250750.0,58.0,378.0,137.0,162.0
1760500.000000001,11350750.0,57.0,376.0,166.0,178.0
1760500.000000001,11450750.0,57.0,382.0,164.0,160.0
1760500.000000001,11550750.0,55.0,398.0,279.0,176.0
1760500.000000001,11650750.0,58.0,444.0,504.0,246.0
1760500.000000001,13050750.0,64.0,392.0,151.0,317.0
1660500.000000001,-10249250.0,59.0,425.0,641.0,256.0
1660500.000000001,-10149250.0,56.0,422.0,544.0,229.0
1660500.000000001,-10049250.0,70.0,385.0,205.0,267.0
1660500.000000001,-9949250.0,61.0,413.0,469.0,244.0
1660500.000000001,-9849250.0,62.0,416.0,511.0,254.0
1660500.000000001,-9749250.0,63.0,406.0,515.0,267.0
1660500.000000001,-9649250.0,68.0,382.0,384.0,294.0
1660500.000000001,-9549250.0,59.0,398.0,546.0,223.0
1660500.000000001,-9449250.0,55.0,401.0,549.0,178.0
1660500.000000001,-9349250.0,56.0,408.0,707.0,284.0
1660500.000000001,-1649250.0,62.0,223.0,55.0,73.0
1660500.000000001,-1549250.0,64.0,189.0,57.0,61.0
1660500.000000001,-1449250.0,65.0,221.0,64.0,107.0
1660500.000000001,-1349250.0,65.0,273.0,57.0,99.0
1660500.000000001,-1249250.0,67.0,314.0,49.0,77.0
1660500.000000001,-1149250.0,64.0,300.0,44.0,82.0
1660500.000000001,-1049250.0,69.0,356.0,59.0,142.0
1660500.000000001,-949250.0,64.0,314.0,58.0,80.0
1660500.000000001,-849250.0,65.0,283.0,40.0,64.0
1660500.000000001,-749250.0,64.0,307.0,44.0,78.0
1660500.000000001,-649250.0,67.0,297.0,51.0,71.0
1660500.000000001,-549250.0,67.0,280.0,55.0,69.0
1660500.000000001,-449250.0,68.0,338.0,65.0,86.0
1660500.000000001,-349250.0,65.0,337.0,60.0,81.0
1660500.000000001,-249250.0,68.0,355.0,140.0,133.0
1660500.000000001,-149250.0,67.0,319.0,73.0,189.0
1660500.000000001,-49250.0,64.0,317.0,52.0,103.0
1660500.000000001,50750.0,64.0,280.0,50.0,78.0
1660500.000000001,150750.0,66.0,283.0,43.0,89.0
1660500.000000001,250750.0,65.0,263.0,53.0,111.0
1660500.000000001,350750.0,62.0,271.0,41.0,66.0
1660500.000000001,450750.0,62.0,267.0,50.0,64.0
1660500.000000001,550750.0,67.0,322.0,37.0,99.0
1660500.000000001,650750.0,69.0,314.0,41.0,93.0
1660500.000000001,750750.0,69.0,325.0,61.0,144.0
1660500.000000001,850750.0,72.0,274.0,56.0,105.0
1660500.000000001,950750.0,73.0,289.0,68.0,95.0
1660500.000000001,1050750.0,73.0,302.0,67.0,130.0
1660500.000000001,1150750.0,76.0,268.0,67.0,120.0
1660500.000000001,1250750.0,78.0,258.0,108.0,109.0
1660500.000000001,1350750.0,77.0,263.0,130.0,128.0
1660500.000000001,1450750.0,78.0,271.0,95.0,120.0
1660500.000000001,1550750.0,77.0,293.0,90.0,132.0
1660500.000000001,1650750.0,76.0,273.0,129.0,124.0
1660500.000000001,1750750.0,77.0,251.0,128.0,124.0
1660500.000000001,1850750.0,77.0,302.0,109.0,174.0
1660500.000000001,1950750.0,78.0,305.0,118.0,170.0
1660500.000000001,2050750.0,77.0,313.0,93.0,144.0
1660500.000000001,2150750.0,79.0,337.0,75.0,153.0
1660500.000000001,2250750.0,80.0,329.0,66.0,173.0
1660500.000000001,2350750.0,77.0,351.0,80.0,137.0
1660500.000000001,2450750.0,77.0,334.0,80.0,118.0
1660500.000000001,2550750.0,77.0,312.0,64.0,119.0
1660500.000000001,2650750.0,79.0,306.0,59.0,154.0
1660500.000000001,2750750.0,79.0,314.0,54.0,244.0
1660500.000000001,2850750.0,80.0,322.0,61.0,242.0
1660500.000000001,2950750.0,80.0,318.0,63.0,348.0
1660500.000000001,3050750.0,80.0,310.0,81.0,232.0
1660500.000000001,3150750.0,81.0,316.0,71.0,161.0
1660500.000000001,3250750.0,81.0,307.0,62.0,216.0
1660500.000000001,3350750.0,80.0,291.0,60.0,216.0
1660500.000000001,3450750.0,80.0,294.0,53.0,237.0
1660500.000000001,3550750.0,80.0,298.0,57.0,350.0
1660500.000000001,3650750.0,81.0,317.0,76.0,330.0
1660500.000000001,3750750.0,77.0,353.0,50.0,424.0
1660500.000000001,3850750.0,75.0,341.0,51.0,350.0
1660500.000000001,3950750.0,77.0,369.0,64.0,459.0
1660500.000000001,4050750.0,75.0,394.0,88.0,533.0
1660500.000000001,4150750.0,79.0,323.0,200.0,408.0
1660500.000000001,4250750.0,78.0,371.0,168.0,372.0
1660500.000000001,4350750.0,73.0,369.0,246.0,266.0
1660500.000000001,4750750.0,82.0,301.0,178.0,212.0
1660500.000000001,4850750.0,80.0,349.0,204.0,290.0
1660500.000000001,4950750.0,81.0,351.0,153.0,209.0
1660500.000000001,5050750.0,81.0,308.0,44.0,177.0
1660500.000000001,5150750.0,82.0,304.0,53.0,142.0
1660500.000000001,5250750.0,79.0,299.0,148.0,181.0
1660500.000000001,5350750.0,81.0,308.0,108.0,240.0
1660500.000000001,5450750.0,81.0,284.0,173.0,204.0
1660500.000000001,8150750.0,58.0,382.0,262.0,288.0
1660500.000000001,8250750.0,75.0,367.0,125.0,266.0
1660500.000000001,8350750.0,72.0,396.0,181.0,297.0
1660500.000000001,8450750.0,72.0,385.0,142.0,290.0
1660500.000000001,8550750.0,73.0,345.0,133.0,319.0
1660500.000000001,8650750.0,71.0,345.0,160.0,302.0
1660500.000000001,10650750.0,55.0,374.0,283.0,236.0
1660500.000000001,10750750.0,55.0,400.0,258.0,200.0
1660500.000000001,10850750.0,61.0,328.0,230.0,241.0
1660500.000000001,10950750.0,61.0,379.0,220.0,224.0
1660500.000000001,11050750.0,62.0,361.0,154.0,148.0
1660500.000000001,11150750.0,58.0,342.0,147.0,193.0
1660500.000000001,11250750.0,57.0,392.0,130.0,147.0
1660500.000000001,11550750.0,56.0,387.0,244.0,178.0
1660500.000000001,11650750.0,57.0,403.0,385.0,200.0
1660500.000000001,11750750.0,53.0,454.0,538.0,209.0
1660500.000000001,13050750.0,55.0,384.0,283.0,217.0
1660500.000000001,13150750.0,54.0,409.0,423.0,194.0
1560500.000000001,-10149250.0,62.0,405.0,255.0,221.0
1560500.000000001,-10049250.0,60.0,414.0,255.0,236.0
1560500.000000001,-9949250.0,61.0,404.0,399.0,276.0
1560500.000000001,-9849250.0,62.0,411.0,421.0,317.0
1560500.000000001,-9749250.0,65.0,393.0,233.0,266.0
1560500.000000001,-9649250.0,66.0,394.0,435.0,309.0
1560500.000000001,-9549250.0,61.0,401.0,559.0,241.0
1560500.000000001,-9449250.0,57.0,400.0,552.0,172.0
1560500.000000001,-9349250.0,59.0,396.0,595.0,266.0
1560500.000000001,-1649250.0,60.0,219.0,100.0,78.0
1560500.000000001,-1549250.0,64.0,202.0,71.0,88.0
1560500.000000001,-1449250.0,65.0,215.0,72.0,81.0
1560500.000000001,-1349250.0,62.0,264.0,77.0,84.0
1560500.000000001,-1249250.0,61.0,302.0,70.0,77.0
1560500.000000001,-1149250.0,60.0,320.0,90.0,72.0
1560500.000000001,-1049250.0,62.0,325.0,146.0,88.0
1560500.000000001,-949250.0,63.0,313.0,63.0,80.0
1560500.000000001,-849250.0,64.0,332.0,78.0,83.0
1560500.000000001,-749250.0,65.0,308.0,74.0,72.0
1560500.000000001,-649250.0,63.0,257.0,58.0,64.0
1560500.000000001,-549250.0,61.0,306.0,74.0,70.0
1560500.000000001,-449250.0,67.0,327.0,64.0,125.0
1560500.000000001,-349250.0,64.0,311.0,58.0,105.0
1560500.000000001,-249250.0,64.0,287.0,60.0,82.0
1560500.000000001,-149250.0,62.0,265.0,67.0,97.0
1560500.000000001,-49250.0,64.0,249.0,55.0,60.0
1560500.000000001,50750.0,66.0,265.0,59.0,123.0
1560500.000000001,150750.0,64.0,257.0,55.0,64.0
1560500.000000001,250750.0,63.0,283.0,49.0,56.0
1560500.000000001,350750.0,59.0,290.0,51.0,55.0
1560500.000000001,450750.0,62.0,288.0,46.0,58.0
1560500.000000001,550750.0,60.0,284.0,40.0,72.0
1560500.000000001,650750.0,63.0,308.0,37.0,72.0
1560500.000000001,750750.0,69.0,312.0,73.0,145.0
1560500.000000001,850750.0,70.0,268.0,55.0,103.0
1560500.000000001,950750.0,69.0,275.0,57.0,80.0
1560500.000000001,1050750.0,69.0,263.0,71.0,74.0
1560500.000000001,1150750.0,74.0,274.0,48.0,117.0
1560500.000000001,1250750.0,76.0,255.0,68.0,111.0
1560500.000000001,1350750.0,76.0,263.0,78.0,116.0
1560500.000000001,1450750.0,76.0,290.0,67.0,94.0
1560500.000000001,1550750.0,71.0,311.0,222.0,200.0
1560500.000000001,1650750.0,76.0,301.0,104.0,94.0
1560500.000000001,1750750.0,75.0,284.0,67.0,97.0
1560500.000000001,1850750.0,74.0,319.0,79.0,154.0
1560500.000000001,1950750.0,73.0,325.0,67.0,138.0
1560500.000000001,2050750.0,74.0,328.0,66.0,143.0
1560500.000000001,2150750.0,76.0,354.0,61.0,140.0
1560500.000000001,2250750.0,76.0,372.0,76.0,189.0
1560500.000000001,2350750.0,75.0,362.0,127.0,156.0
1560500.000000001,2450750.0,75.0,376.0,124.0,194.0
1560500.000000001,2550750.0,73.0,326.0,104.0,158.0
1560500.000000001,2650750.0,78.0,332.0,104.0,191.0
1560500.000000001,2750750.0,76.0,341.0,122.0,144.0
1560500.000000001,2850750.0,78.0,325.0,61.0,186.0
1560500.000000001,2950750.0,79.0,314.0,65.0,124.0
1560500.000000001,3050750.0,78.0,311.0,76.0,136.0
1560500.000000001,3150750.0,78.0,312.0,55.0,137.0
1560500.000000001,3250750.0,77.0,325.0,59.0,143.0
1560500.000000001,3350750.0,76.0,336.0,84.0,161.0
1560500.000000001,3450750.0,78.0,330.0,70.0,190.0
1560500.000000001,3550750.0,78.0,320.0,83.0,182.0
1560500.000000001,3650750.0,75.0,378.0,128.0,189.0
1560500.000000001,3750750.0,78.0,416.0,53.0,649.0
1560500.000000001,3850750.0,73.0,366.0,96.0,517.0
1560500.000000001,3950750.0,78.0,415.0,123.0,617.0
1560500.000000001,4050750.0,80.0,367.0,137.0,698.0
1560500.000000001,4150750.0,71.0,374.0,181.0,377.0
1560500.000000001,4250750.0,72.0,394.0,314.0,412.0
1560500.000000001,4350750.0,74.0,354.0,264.0,248.0
1560500.000000001,4450750.0,76.0,325.0,95.0,276.0
1560500.000000001,4550750.0,76.0,326.0,164.0,223.0
1560500.000000001,4850750.0,74.0,380.0,273.0,288.0
1560500.000000001,4950750.0,77.0,385.0,260.0,329.0
1560500.000000001,5050750.0,80.0,342.0,144.0,270.0
1560500.000000001,5150750.0,79.0,299.0,218.0,198.0
1560500.000000001,5250750.0,81.0,278.0,244.0,157.0
1560500.000000001,8150750.0,60.0,382.0,235.0,220.0
1560500.000000001,8250750.0,65.0,357.0,164.0,285.0
1560500.000000001,8350750.0,71.0,382.0,140.0,322.0
1560500.000000001,8450750.0,71.0,354.0,147.0,357.0
1560500.000000001,8550750.0,68.0,353.0,161.0,209.0
1560500.000000001,8650750.0,66.0,376.0,219.0,302.0
1560500.000000001,8750750.0,67.0,383.0,241.0,266.0
1560500.000000001,10750750.0,53.0,371.0,342.0,217.0
1560500.000000001,10950750.0,58.0,346.0,196.0,276.0
1560500.000000001,11050750.0,53.0,410.0,292.0,202.0
1560500.000000001,11150750.0,54.0,372.0,253.0,168.0
1560500.000000001,11250750.0,58.0,363.0,148.0,226.0
1560500.000000001,11350750.0,59.0,387.0,248.0,208.0
1560500.000000001,11450750.0,58.0,391.0,235.0,198.0
1560500.000000001,11550750.0,57.0,390.0,177.0,201.0
1560500.000000001,11650750.0,58.0,396.0,244.0,209.0
1560500.000000001,11750750.0,57.0,397.0,179.0,181.0
1560500.000000001,11850750.0,60.0,423.0,347.0,202.0
1560500.000000001,13150750.0,57.0,401.0,375.0,224.0
1560500.000000001,13250750.0,55.0,439.0,485.0,227.0
1560500.000000001,13350750.0,54.0,464.0,510.0,246.0
1460500.000000001,-9749250.0,66.0,389.0,430.0,397.0
1460500.000000001,-9649250.0,66.0,406.0,258.0,422.0
1460500.000000001,-9549250.0,61.0,402.0,501.0,258.0
1460500.000000001,-9449250.0,58.0,399.0,610.0,202.0
1460500.000000001,-6749250.0,66.0,392.0,507.0,233.0
1460500.000000001,-1649250.0,53.0,254.0,158.0,112.0
1460500.000000001,-1549250.0,58.0,303.0,294.0,103.0
1460500.000000001,-1449250.0,62.0,353.0,109.0,86.0
1460500.000000001,-1349250.0,59.0,346.0,107.0,67.0
1460500.000000001,-1249250.0,60.0,367.0,105.0,93.0
1460500.000000001,-1149250.0,61.0,369.0,123.0,118.0
1460500.000000001,-1049250.0,61.0,353.0,131.0,102.0
1460500.000000001,-949250.0,61.0,318.0,94.0,83.0
1460500.000000001,-849250.0,63.0,342.0,98.0,82.0
1460500.000000001,-749250.0,60.0,292.0,115.0,98.0
1460500.000000001,-649250.0,61.0,272.0,89.0,81.0
1460500.000000001,-549250.0,59.0,282.0,60.0,54.0
1460500.000000001,-449250.0,62.0,301.0,61.0,76.0
1460500.000000001,-349250.0,61.0,292.0,68.0,84.0
1460500.000000001,-249250.0,63.0,316.0,67.0,109.0
1460500.000000001,-149250.0,63.0,293.0,57.0,73.0
1460500.000000001,-49250.0,64.0,300.0,73.0,115.0
1460500.000000001,50750.0,67.0,292.0,56.0,74.0
1460500.000000001,150750.0,63.0,271.0,54.0,70.0
1460500.000000001,250750.0,54.0,279.0,59.0,89.0
1460500.000000001,350750.0,56.0,252.0,48.0,36.0
1460500.000000001,450750.0,58.0,230.0,50.0,54.0
1460500.000000001,550750.0,63.0,296.0,79.0,91.0
1460500.000000001,650750.0,64.0,281.0,106.0,91.0
1460500.000000001,750750.0,62.0,295.0,99.0,117.0
1460500.000000001,850750.0,64.0,308.0,88.0,54.0
1460500.000000001,950750.0,61.0,269.0,91.0,73.0
1460500.000000001,1050750.0,67.0,270.0,61.0,71.0
1460500.000000001,1150750.0,69.0,331.0,74.0,125.0
1460500.000000001,1250750.0,74.0,323.0,58.0,137.0
1460500.000000001,1350750.0,73.0,294.0,54.0,113.0
1460500.000000001,1450750.0,79.0,302.0,135.0,111.0
1460500.000000001,1550750.0,74.0,305.0,70.0,111.0
1460500.000000001,1750750.0,73.0,331.0,84.0,134.0
1460500.000000001,1850750.0,74.0,364.0,102.0,156.0
1460500.000000001,1950750.0,75.0,387.0,77.0,167.0
1460500.000000001,2050750.0,69.0,340.0,65.0,169.0
1460500.000000001,2150750.0,71.0,363.0,75.0,149.0
1460500.000000001,2250750.0,70.0,367.0,80.0,153.0
1460500.000000001,2350750.0,68.0,348.0,102.0,176.0
1460500.000000001,2450750.0,69.0,362.0,119.0,155.0
1460500.000000001,2550750.0,68.0,342.0,93.0,134.0
1460500.000000001,2650750.0,70.0,379.0,129.0,168.0
1460500.000000001,2750750.0,70.0,342.0,116.0,149.0
1460500.000000001,2850750.0,79.0,387.0,62.0,184.0
1460500.000000001,2950750.0,77.0,311.0,55.0,104.0
1460500.000000001,3050750.0,76.0,332.0,65.0,93.0
1460500.000000001,3150750.0,74.0,313.0,78.0,103.0
1460500.000000001,3250750.0,71.0,283.0,72.0,137.0
1460500.000000001,3350750.0,71.0,342.0,85.0,132.0
1460500.000000001,3450750.0,76.0,378.0,106.0,209.0
1460500.000000001,3550750.0,75.0,365.0,100.0,159.0
1460500.000000001,3650750.0,73.0,375.0,137.0,150.0
1460500.000000001,3750750.0,74.0,427.0,65.0,548.0
1460500.000000001,3850750.0,76.0,410.0,84.0,547.0
1460500.000000001,3950750.0,70.0,392.0,140.0,631.0
1460500.000000001,4050750.0,67.0,327.0,134.0,518.0
1460500.000000001,4150750.0,66.0,383.0,218.0,454.0
1460500.000000001,4250750.0,68.0,386.0,387.0,441.0
1460500.000000001,4350750.0,76.0,367.0,206.0,327.0
1460500.000000001,4450750.0,74.0,312.0,115.0,274.0
1460500.000000001,4550750.0,77.0,317.0,216.0,252.0
1460500.000000001,4650750.0,78.0,309.0,193.0,234.0
1460500.000000001,4850750.0,77.0,370.0,416.0,303.0
1460500.000000001,4950750.0,80.0,300.0,93.0,180.0
1460500.000000001,8250750.0,58.0,424.0,416.0,311.0
1460500.000000001,8350750.0,71.0,378.0,154.0,264.0
1460500.000000001,8450750.0,66.0,389.0,166.0,112.0
1460500.000000001,8550750.0,65.0,370.0,144.0,181.0
1460500.000000001,8650750.0,67.0,375.0,221.0,252.0
1460500.000000001,8750750.0,70.0,380.0,207.0,225.0
1460500.000000001,10850750.0,54.0,410.0,333.0,221.0
1460500.000000001,11050750.0,58.0,375.0,245.0,164.0
1460500.000000001,11150750.0,54.0,397.0,266.0,192.0
1460500.000000001,11250750.0,60.0,406.0,160.0,156.0
1460500.000000001,11450750.0,58.0,380.0,199.0,186.0
1460500.000000001,11550750.0,57.0,386.0,236.0,206.0
1460500.000000001,11650750.0,58.0,393.0,192.0,174.0
1460500.000000001,11750750.0,60.0,406.0,192.0,202.0
1460500.000000001,11850750.0,56.0,444.0,343.0,230.0
1460500.000000001,13250750.0,54.0,430.0,389.0,208.0
1360500.000000001,-9649250.0,65.0,426.0,229.0,270.0
1360500.000000001,-9549250.0,64.0,423.0,346.0,318.0
1360500.000000001,-9449250.0,55.0,409.0,572.0,157.0
1360500.000000001,-8049250.0,73.0,349.0,153.0,240.0
1360500.000000001,-1649250.0,54.0,324.0,238.0,126.0
1360500.000000001,-1549250.0,55.0,321.0,220.0,125.0
1360500.000000001,-1449250.0,56.0,383.0,240.0,101.0
1360500.000000001,-1349250.0,57.0,388.0,261.0,150.0
1360500.000000001,-1249250.0,60.0,366.0,161.0,138.0
1360500.000000001,-1149250.0,60.0,367.0,210.0,120.0
1360500.000000001,-1049250.0,59.0,364.0,171.0,118.0
1360500.000000001,-949250.0,59.0,349.0,145.0,109.0
1360500.000000001,-849250.0,59.0,363.0,162.0,94.0
1360500.000000001,-749250.0,60.0,301.0,88.0,86.0
1360500.000000001,-649250.0,59.0,308.0,110.0,89.0
1360500.000000001,-549250.0,60.0,291.0,85.0,42.0
1360500.000000001,-449250.0,61.0,292.0,90.0,63.0
1360500.000000001,-349250.0,61.0,301.0,67.0,72.0
1360500.000000001,-249250.0,64.0,330.0,119.0,143.0
1360500.000000001,-149250.0,62.0,315.0,64.0,56.0
1360500.000000001,-49250.0,63.0,332.0,57.0,86.0
1360500.000000001,50750.0,62.0,314.0,75.0,64.0
1360500.000000001,150750.0,63.0,305.0,64.0,69.0
1360500.000000001,250750.0,62.0,282.0,69.0,92.0
1360500.000000001,350750.0,64.0,320.0,88.0,111.0
1360500.000000001,450750.0,57.0,268.0,83.0,96.0
1360500.000000001,550750.0,63.0,290.0,124.0,129.0
1360500.000000001,650750.0,64.0,291.0,100.0,103.0
1360500.000000001,750750.0,66.0,305.0,100.0,69.0
1360500.000000001,850750.0,66.0,299.0,96.0,78.0
1360500.000000001,950750.0,64.0,318.0,123.0,86.0
1360500.000000001,1050750.0,65.0,326.0,110.0,85.0
1360500.000000001,1150750.0,67.0,299.0,112.0,83.0
1360500.000000001,1250750.0,64.0,298.0,86.0,66.0
1360500.000000001,1350750.0,66.0,305.0,80.0,56.0
1360500.000000001,1450750.0,65.0,316.0,72.0,101.0
1360500.000000001,1550750.0,67.0,338.0,71.0,170.0
1360500.000000001,1650750.0,66.0,425.0,123.0,137.0
1360500.000000001,1750750.0,68.0,366.0,80.0,159.0
1360500.000000001,1850750.0,69.0,379.0,95.0,201.0
1360500.000000001,1950750.0,67.0,384.0,119.0,195.0
1360500.000000001,2050750.0,69.0,397.0,126.0,227.0
1360500.000000001,2150750.0,68.0,377.0,125.0,213.0
1360500.000000001,2250750.0,71.0,383.0,133.0,251.0
1360500.000000001,2350750.0,71.0,379.0,160.0,226.0
1360500.000000001,2450750.0,69.0,379.0,115.0,172.0
1360500.000000001,2550750.0,67.0,337.0,110.0,148.0
1360500.000000001,2650750.0,68.0,377.0,232.0,166.0
1360500.000000001,2750750.0,69.0,366.0,99.0,146.0
1360500.000000001,2850750.0,75.0,380.0,103.0,141.0
1360500.000000001,2950750.0,76.0,359.0,97.0,125.0
1360500.000000001,3050750.0,75.0,366.0,79.0,149.0
1360500.000000001,3150750.0,70.0,327.0,93.0,106.0
1360500.000000001,3250750.0,68.0,343.0,99.0,129.0
1360500.000000001,3350750.0,65.0,321.0,81.0,92.0
1360500.000000001,3450750.0,66.0,366.0,107.0,127.0
1360500.000000001,3550750.0,71.0,342.0,102.0,159.0
1360500.000000001,3650750.0,72.0,398.0,117.0,142.0
1360500.000000001,3750750.0,73.0,345.0,99.0,199.0
1360500.000000001,3850750.0,66.0,383.0,103.0,435.0
1360500.000000001,3950750.0,65.0,337.0,156.0,355.0
1360500.000000001,4050750.0,62.0,405.0,256.0,437.0
1360500.000000001,4250750.0,68.0,394.0,266.0,407.0
1360500.000000001,4350750.0,68.0,397.0,306.0,381.0
1360500.000000001,4450750.0,74.0,318.0,100.0,334.0
1360500.000000001,4550750.0,78.0,313.0,93.0,229.0
1360500.000000001,4650750.0,78.0,324.0,277.0,277.0
1360500.000000001,4750750.0,79.0,301.0,123.0,211.0
1360500.000000001,8250750.0,58.0,379.0,355.0,175.0
1360500.000000001,8350750.0,58.0,393.0,250.0,230.0
1360500.000000001,8550750.0,65.0,365.0,227.0,290.0
1360500.000000001,8650750.0,69.0,384.0,216.0,293.0
1360500.000000001,8750750.0,66.0,359.0,171.0,260.0
1360500.000000001,10750750.0,54.0,365.0,440.0,208.0
1360500.000000001,10850750.0,55.0,364.0,279.0,179.0
1360500.000000001,10950750.0,61.0,377.0,382.0,185.0
1360500.000000001,11250750.0,51.0,404.0,342.0,160.0
1360500.000000001,11350750.0,54.0,406.0,288.0,184.0
1360500.000000001,11450750.0,59.0,390.0,280.0,224.0
1360500.000000001,11550750.0,55.0,390.0,184.0,195.0
1360500.000000001,11650750.0,56.0,413.0,227.0,196.0
1360500.000000001,11750750.0,52.0,418.0,324.0,186.0
1360500.000000001,11850750.0,54.0,434.0,365.0,213.0
1360500.000000001,11950750.0,60.0,424.0,415.0,196.0
1360500.000000001,13250750.0,61.0,407.0,364.0,195.0
1360500.000000001,13650750.0,53.0,419.0,457.0,214.0
1260500.000000001,-9449250.0,57.0,400.0,475.0,140.0
1260500.000000001,-8149250.0,64.0,363.0,239.0,189.0
1260500.000000001,-7849250.0,70.0,343.0,125.0,235.0
1260500.000000001,-7749250.0,62.0,356.0,449.0,279.0
1260500.000000001,-1649250.0,54.0,339.0,229.0,182.0
1260500.000000001,-1549250.0,55.0,390.0,170.0,130.0
1260500.000000001,-1449250.0,55.0,401.0,258.0,141.0
1260500.000000001,-1349250.0,54.0,395.0,304.0,189.0
1260500.000000001,-1249250.0,58.0,393.0,179.0,171.0
1260500.000000001,-1149250.0,60.0,383.0,151.0,155.0
1260500.000000001,-1049250.0,59.0,365.0,166.0,123.0
1260500.000000001,-949250.0,59.0,342.0,143.0,98.0
1260500.000000001,-749250.0,57.0,280.0,109.0,67.0
1260500.000000001,-649250.0,57.0,313.0,97.0,79.0
1260500.000000001,-549250.0,56.0,338.0,138.0,81.0
1260500.000000001,-449250.0,60.0,294.0,102.0,82.0
1260500.000000001,-349250.0,62.0,305.0,102.0,106.0
1260500.000000001,-249250.0,61.0,307.0,108.0,75.0
1260500.000000001,-149250.0,61.0,280.0,85.0,64.0
1260500.000000001,-49250.0,65.0,288.0,115.0,101.0
1260500.000000001,50750.0,65.0,277.0,92.0,106.0
1260500.000000001,150750.0,66.0,298.0,82.0,108.0
1260500.000000001,250750.0,65.0,317.0,143.0,91.0
1260500.000000001,350750.0,64.0,278.0,148.0,114.0
1260500.000000001,450750.0,63.0,287.0,137.0,113.0
1260500.000000001,550750.0,65.0,254.0,101.0,88.0
1260500.000000001,650750.0,62.0,288.0,107.0,72.0
1260500.000000001,750750.0,62.0,324.0,86.0,66.0
1260500.000000001,850750.0,63.0,327.0,89.0,70.0
1260500.000000001,950750.0,61.0,336.0,95.0,97.0
1260500.000000001,1050750.0,65.0,303.0,89.0,101.0
1260500.000000001,1150750.0,66.0,313.0,100.0,110.0
1260500.000000001,1250750.0,65.0,314.0,97.0,101.0
1260500.000000001,1350750.0,66.0,338.0,90.0,171.0
1260500.000000001,1450750.0,65.0,352.0,113.0,131.0
1260500.000000001,1550750.0,67.0,380.0,124.0,98.0
1260500.000000001,1650750.0,70.0,340.0,124.0,134.0
1260500.000000001,1750750.0,66.0,361.0,145.0,166.0
1260500.000000001,1850750.0,68.0,345.0,134.0,208.0
1260500.000000001,1950750.0,66.0,361.0,121.0,183.0
1260500.000000001,2050750.0,64.0,362.0,208.0,188.0
1260500.000000001,2150750.0,65.0,343.0,96.0,174.0
1260500.000000001,2250750.0,64.0,341.0,94.0,189.0
1260500.000000001,2350750.0,66.0,331.0,145.0,187.0
1260500.000000001,2450750.0,66.0,360.0,122.0,171.0
1260500.000000001,2550750.0,67.0,347.0,111.0,180.0
1260500.000000001,2650750.0,66.0,344.0,111.0,182.0
1260500.000000001,2750750.0,65.0,322.0,125.0,124.0
1260500.000000001,2850750.0,70.0,390.0,112.0,193.0
1260500.000000001,2950750.0,69.0,382.0,106.0,126.0
1260500.000000001,3050750.0,66.0,338.0,92.0,113.0
1260500.000000001,3150750.0,66.0,329.0,84.0,136.0
1260500.000000001,3250750.0,66.0,393.0,123.0,233.0
1260500.000000001,3350750.0,66.0,384.0,109.0,162.0
1260500.000000001,3450750.0,67.0,348.0,124.0,144.0
1260500.000000001,3550750.0,65.0,341.0,102.0,131.0
1260500.000000001,3650750.0,69.0,358.0,122.0,138.0
1260500.000000001,3750750.0,69.0,334.0,112.0,387.0
1260500.000000001,3850750.0,67.0,380.0,132.0,341.0
1260500.000000001,3950750.0,60.0,384.0,237.0,300.0
1260500.000000001,4050750.0,59.0,414.0,217.0,310.0
1260500.000000001,4150750.0,58.0,422.0,292.0,358.0
1260500.000000001,4250750.0,63.0,399.0,230.0,378.0
1260500.000000001,4350750.0,66.0,420.0,351.0,439.0
1260500.000000001,4450750.0,74.0,332.0,127.0,359.0
1260500.000000001,4550750.0,75.0,343.0,188.0,265.0
1260500.000000001,4650750.0,79.0,330.0,142.0,206.0
1260500.000000001,4750750.0,80.0,292.0,102.0,220.0
1260500.000000001,5450750.0,81.0,275.0,486.0,233.0
1260500.000000001,5550750.0,79.0,298.0,133.0,262.0
1260500.000000001,8350750.0,55.0,391.0,645.0,176.0
1260500.000000001,8450750.0,58.0,391.0,404.0,206.0
1260500.000000001,8650750.0,61.0,371.0,385.0,287.0
1260500.000000001,8750750.0,67.0,392.0,196.0,262.0
1260500.000000001,10850750.0,53.0,360.0,322.0,214.0
1260500.000000001,11350750.0,52.0,388.0,280.0,208.0
1260500.000000001,11450750.0,57.0,404.0,223.0,200.0
1260500.000000001,11550750.0,55.0,362.0,314.0,233.0
1260500.000000001,11650750.0,55.0,376.0,287.0,209.0
1260500.000000001,11750750.0,53.0,406.0,225.0,207.0
1260500.000000001,11850750.0,52.0,419.0,427.0,188.0
1260500.000000001,13450750.0,58.0,390.0,375.0,182.0
1260500.000000001,13650750.0,53.0,433.0,425.0,148.0
1260500.000000001,13750750.0,51.0,456.0,518.0,205.0
1160500.000000001,-9549250.0,60.0,387.0,356.0,238.0
1160500.000000001,-9449250.0,54.0,406.0,647.0,127.0
1160500.000000001,-9349250.0,55.0,389.0,631.0,125.0
1160500.000000001,-8349250.0,60.0,374.0,363.0,288.0
1160500.000000001,-8249250.0,53.0,431.0,638.0,220.0
1160500.000000001,-8149250.0,54.0,435.0,564.0,222.0
1160500.000000001,-7949250.0,59.0,376.0,243.0,233.0
1160500.000000001,-7849250.0,65.0,362.0,271.0,205.0
1160500.000000001,-7749250.0,58.0,373.0,315.0,193.0
1160500.000000001,-7649250.0,59.0,355.0,358.0,194.0
1160500.000000001,-7549250.0,54.0,385.0,440.0,184.0
1160500.000000001,-7449250.0,60.0,365.0,378.0,171.0
1160500.000000001,-7149250.0,61.0,367.0,484.0,226.0
1160500.000000001,-1449250.0,54.0,381.0,261.0,216.0
1160500.000000001,-1349250.0,55.0,409.0,318.0,156.0
1160500.000000001,-1249250.0,49.0,403.0,280.0,189.0
1160500.000000001,-1149250.0,51.0,388.0,261.0,161.0
1160500.000000001,-1049250.0,54.0,361.0,248.0,200.0
1160500.000000001,-949250.0,56.0,344.0,151.0,121.0
1160500.000000001,-849250.0,60.0,302.0,180.0,107.0
1160500.000000001,-749250.0,61.0,305.0,137.0,99.0
1160500.000000001,-649250.0,61.0,274.0,115.0,98.0
1160500.000000001,-549250.0,63.0,313.0,124.0,94.0
1160500.000000001,-449250.0,63.0,286.0,102.0,74.0
1160500.000000001,-349250.0,64.0,316.0,86.0,93.0
1160500.000000001,-249250.0,64.0,288.0,97.0,165.0
1160500.000000001,-149250.0,65.0,309.0,143.0,116.0
1160500.000000001,-49250.0,65.0,286.0,191.0,103.0
1160500.000000001,50750.0,62.0,322.0,236.0,129.0
1160500.000000001,150750.0,60.0,308.0,201.0,79.0
1160500.000000001,250750.0,61.0,315.0,133.0,113.0
1160500.000000001,350750.0,62.0,293.0,106.0,68.0
1160500.000000001,450750.0,60.0,305.0,119.0,82.0
1160500.000000001,650750.0,62.0,309.0,133.0,66.0
1160500.000000001,750750.0,61.0,302.0,104.0,71.0
1160500.000000001,850750.0,57.0,284.0,84.0,57.0
1160500.000000001,950750.0,58.0,301.0,88.0,56.0
1160500.000000001,1050750.0,61.0,337.0,270.0,93.0
1160500.000000001,1150750.0,65.0,288.0,121.0,110.0
1160500.000000001,1250750.0,70.0,290.0,105.0,114.0
1160500.000000001,1350750.0,64.0,326.0,227.0,98.0
1160500.000000001,1450750.0,66.0,310.0,113.0,118.0
1160500.000000001,1550750.0,66.0,379.0,232.0,266.0
1160500.000000001,1650750.0,67.0,310.0,117.0,144.0
1160500.000000001,1750750.0,66.0,313.0,145.0,173.0
1160500.000000001,1850750.0,62.0,341.0,97.0,168.0
1160500.000000001,1950750.0,62.0,288.0,91.0,121.0
1160500.000000001,2050750.0,61.0,334.0,123.0,137.0
1160500.000000001,2150750.0,63.0,331.0,104.0,223.0
1160500.000000001,2250750.0,64.0,356.0,93.0,167.0
1160500.000000001,2350750.0,62.0,336.0,153.0,193.0
1160500.000000001,2450750.0,61.0,311.0,134.0,145.0
1160500.000000001,2550750.0,63.0,305.0,85.0,86.0
1160500.000000001,2650750.0,65.0,273.0,133.0,116.0
1160500.000000001,2750750.0,65.0,220.0,114.0,183.0
1160500.000000001,2850750.0,65.0,241.0,127.0,126.0
1160500.000000001,2950750.0,65.0,278.0,154.0,129.0
1160500.000000001,3050750.0,67.0,306.0,107.0,140.0
1160500.000000001,3150750.0,67.0,296.0,142.0,291.0
1160500.000000001,3250750.0,67.0,325.0,108.0,296.0
1160500.000000001,3350750.0,66.0,332.0,172.0,245.0
1160500.000000001,3450750.0,67.0,327.0,157.0,241.0
1160500.000000001,3550750.0,67.0,310.0,184.0,274.0
1160500.000000001,3650750.0,68.0,326.0,153.0,283.0
1160500.000000001,3750750.0,68.0,316.0,147.0,285.0
1160500.000000001,3850750.0,62.0,372.0,310.0,272.0
1160500.000000001,3950750.0,59.0,403.0,331.0,272.0
1160500.000000001,4050750.0,59.0,390.0,343.0,274.0
1160500.000000001,4150750.0,57.0,424.0,354.0,325.0
1160500.000000001,4250750.0,62.0,411.0,341.0,401.0
1160500.000000001,4350750.0,67.0,413.0,233.0,451.0
1160500.000000001,4450750.0,73.0,370.0,179.0,370.0
1160500.000000001,4550750.0,75.0,331.0,84.0,259.0
1160500.000000001,4650750.0,78.0,342.0,85.0,234.0
1160500.000000001,4750750.0,79.0,357.0,143.0,202.0
1160500.000000001,4850750.0,81.0,298.0,82.0,164.0
1160500.000000001,5050750.0,82.0,291.0,111.0,231.0
1160500.000000001,5150750.0,81.0,314.0,233.0,210.0
1160500.000000001,5250750.0,79.0,321.0,101.0,222.0
1160500.000000001,5350750.0,81.0,304.0,133.0,199.0
1160500.000000001,5450750.0,80.0,310.0,169.0,216.0
1160500.000000001,5550750.0,80.0,308.0,175.0,189.0
1160500.000000001,8450750.0,52.0,409.0,413.0,183.0
1160500.000000001,8550750.0,70.0,372.0,199.0,280.0
1160500.000000001,8650750.0,73.0,357.0,223.0,269.0
1160500.000000001,8750750.0,63.0,381.0,346.0,211.0
1160500.000000001,10850750.0,52.0,373.0,380.0,210.0
1160500.000000001,11550750.0,55.0,381.0,325.0,208.0
1160500.000000001,11650750.0,62.0,399.0,290.0,245.0
1160500.000000001,11750750.0,63.0,377.0,339.0,252.0
1160500.000000001,13550750.0,58.0,360.0,418.0,175.0
1160500.000000001,13750750.0,53.0,441.0,570.0,240.0
1060500.000000001,-9349250.0,47.0,452.0,673.0,203.0
1060500.000000001,-9249250.0,52.0,407.0,601.0,150.0
1060500.000000001,-8849250.0,55.0,399.0,504.0,196.0
1060500.000000001,-8449250.0,57.0,442.0,437.0,220.0
1060500.000000001,-8349250.0,60.0,380.0,210.0,171.0
1060500.000000001,-8249250.0,55.0,397.0,392.0,195.0
1060500.000000001,-8149250.0,55.0,422.0,387.0,213.0
1060500.000000001,-7949250.0,60.0,399.0,534.0,208.0
1060500.000000001,-7849250.0,60.0,392.0,449.0,236.0
1060500.000000001,-7649250.0,58.0,384.0,180.0,132.0
1060500.000000001,-7549250.0,60.0,360.0,152.0,168.0
1060500.000000001,-7449250.0,62.0,359.0,176.0,205.0
1060500.000000001,-7349250.0,59.0,336.0,190.0,183.0
1060500.000000001,-7249250.0,60.0,335.0,156.0,167.0
1060500.000000001,-7149250.0,59.0,323.0,166.0,140.0
1060500.000000001,-7049250.0,60.0,403.0,496.0,205.0
1060500.000000001,-6949250.0,52.0,387.0,525.0,322.0
1060500.000000001,-1349250.0,56.0,373.0,280.0,160.0
1060500.000000001,-1249250.0,52.0,364.0,302.0,166.0
1060500.000000001,-1149250.0,53.0,374.0,297.0,185.0
1060500.000000001,-1049250.0,55.0,371.0,212.0,174.0
1060500.000000001,-949250.0,58.0,360.0,192.0,158.0
1060500.000000001,-849250.0,58.0,359.0,177.0,144.0
1060500.000000001,-749250.0,59.0,358.0,234.0,134.0
1060500.000000001,-649250.0,54.0,322.0,151.0,114.0
1060500.000000001,-549250.0,59.0,330.0,199.0,121.0
1060500.000000001,-449250.0,61.0,310.0,166.0,100.0
1060500.000000001,-349250.0,62.0,318.0,124.0,112.0
1060500.000000001,-249250.0,62.0,312.0,123.0,129.0
1060500.000000001,-149250.0,61.0,329.0,140.0,120.0
1060500.000000001,-49250.0,60.0,301.0,128.0,108.0
1060500.000000001,50750.0,60.0,298.0,162.0,140.0
1060500.000000001,150750.0,60.0,331.0,122.0,129.0
1060500.000000001,250750.0,60.0,311.0,115.0,89.0
1060500.000000001,350750.0,61.0,277.0,103.0,102.0
1060500.000000001,450750.0,61.0,288.0,77.0,76.0
1060500.000000001,550750.0,61.0,286.0,97.0,62.0
1060500.000000001,650750.0,60.0,252.0,90.0,70.0
1060500.000000001,750750.0,63.0,286.0,97.0,72.0
1060500.000000001,850750.0,56.0,314.0,85.0,72.0
1060500.000000001,950750.0,56.0,340.0,119.0,94.0
1060500.000000001,1050750.0,59.0,317.0,119.0,79.0
1060500.000000001,1150750.0,60.0,308.0,138.0,85.0
1060500.000000001,1250750.0,64.0,304.0,192.0,109.0
1060500.000000001,1350750.0,64.0,310.0,197.0,202.0
1060500.000000001,1450750.0,65.0,307.0,231.0,202.0
1060500.000000001,1550750.0,73.0,365.0,466.0,166.0
1060500.000000001,1650750.0,64.0,312.0,159.0,154.0
1060500.000000001,1750750.0,58.0,324.0,173.0,126.0
1060500.000000001,1850750.0,63.0,319.0,94.0,174.0
1060500.000000001,1950750.0,61.0,290.0,138.0,122.0
1060500.000000001,2050750.0,64.0,316.0,193.0,162.0
1060500.000000001,2150750.0,65.0,310.0,157.0,176.0
1060500.000000001,2250750.0,68.0,280.0,151.0,147.0
1060500.000000001,2350750.0,59.0,324.0,110.0,157.0
1060500.000000001,2450750.0,62.0,304.0,126.0,134.0
1060500.000000001,2550750.0,62.0,352.0,228.0,115.0
1060500.000000001,2650750.0,63.0,332.0,161.0,92.0
1060500.000000001,2750750.0,62.0,301.0,130.0,119.0
1060500.000000001,2850750.0,64.0,370.0,149.0,125.0
1060500.000000001,2950750.0,64.0,277.0,110.0,115.0
1060500.000000001,3050750.0,64.0,273.0,156.0,128.0
1060500.000000001,3150750.0,65.0,284.0,182.0,129.0
1060500.000000001,3250750.0,64.0,285.0,183.0,154.0
1060500.000000001,3350750.0,66.0,314.0,268.0,235.0
1060500.000000001,3450750.0,66.0,304.0,207.0,240.0
1060500.000000001,3550750.0,65.0,307.0,204.0,237.0
1060500.000000001,3650750.0,66.0,323.0,202.0,282.0
1060500.000000001,3750750.0,67.0,347.0,178.0,279.0
1060500.000000001,3850750.0,60.0,378.0,326.0,257.0
1060500.000000001,3950750.0,55.0,386.0,309.0,283.0
1060500.000000001,4050750.0,57.0,397.0,345.0,263.0
1060500.000000001,4150750.0,57.0,410.0,333.0,366.0
1060500.000000001,4250750.0,64.0,429.0,303.0,420.0
1060500.000000001,4350750.0,63.0,419.0,285.0,436.0
1060500.000000001,4450750.0,81.0,329.0,105.0,356.0
1060500.000000001,4550750.0,79.0,336.0,113.0,291.0
1060500.000000001,4650750.0,78.0,381.0,187.0,303.0
1060500.000000001,4750750.0,80.0,404.0,245.0,341.0
1060500.000000001,4850750.0,81.0,374.0,177.0,187.0
1060500.000000001,4950750.0,82.0,336.0,109.0,209.0
1060500.000000001,5050750.0,80.0,351.0,105.0,197.0
1060500.000000001,5150750.0,79.0,306.0,96.0,205.0
1060500.000000001,5250750.0,79.0,321.0,68.0,226.0
1060500.000000001,5350750.0,81.0,326.0,103.0,215.0
1060500.000000001,5450750.0,81.0,325.0,100.0,208.0
1060500.000000001,5550750.0,82.0,301.0,89.0,175.0
1060500.000000001,8450750.0,54.0,398.0,307.0,158.0
1060500.000000001,8550750.0,59.0,374.0,495.0,230.0
1060500.000000001,8650750.0,74.0,351.0,253.0,298.0
1060500.000000001,8850750.0,65.0,383.0,484.0,286.0
1060500.000000001,11650750.0,58.0,398.0,278.0,239.0
1060500.000000001,13050750.0,56.0,399.0,401.0,210.0
1060500.000000001,13550750.0,56.0,365.0,432.0,133.0
1060500.000000001,13850750.0,48.0,428.0,602.0,136.0
960500.0000000009,-9249250.0,55.0,405.0,499.0,178.0
960500.0000000009,-9149250.0,52.0,424.0,697.0,217.0
960500.0000000009,-9049250.0,54.0,434.0,676.0,162.0
960500.0000000009,-8949250.0,52.0,409.0,560.0,179.0
960500.0000000009,-8749250.0,52.0,400.0,482.0,165.0
960500.0000000009,-8649250.0,53.0,390.0,441.0,249.0
960500.0000000009,-8549250.0,53.0,417.0,488.0,166.0
960500.0000000009,-8449250.0,58.0,412.0,318.0,161.0
960500.0000000009,-8349250.0,53.0,385.0,419.0,192.0
960500.0000000009,-8249250.0,55.0,416.0,362.0,194.0
960500.0000000009,-8149250.0,50.0,439.0,395.0,151.0
960500.0000000009,-8049250.0,55.0,420.0,565.0,264.0
960500.0000000009,-7949250.0,57.0,421.0,494.0,212.0
960500.0000000009,-7849250.0,57.0,397.0,243.0,171.0
960500.0000000009,-7749250.0,60.0,373.0,191.0,171.0
960500.0000000009,-7649250.0,62.0,366.0,180.0,192.0
960500.0000000009,-7549250.0,58.0,367.0,223.0,194.0
960500.0000000009,-7449250.0,58.0,367.0,199.0,156.0
960500.0000000009,-7349250.0,61.0,360.0,166.0,135.0
960500.0000000009,-7249250.0,57.0,322.0,192.0,150.0
960500.0000000009,-7149250.0,58.0,311.0,202.0,145.0
960500.0000000009,-7049250.0,60.0,330.0,227.0,164.0
960500.0000000009,-6849250.0,47.0,390.0,492.0,313.0
960500.0000000009,-1349250.0,54.0,356.0,283.0,212.0
960500.0000000009,-1249250.0,53.0,346.0,362.0,191.0
960500.0000000009,-1149250.0,52.0,342.0,347.0,174.0
960500.0000000009,-1049250.0,53.0,355.0,389.0,190.0
960500.0000000009,-949250.0,56.0,362.0,265.0,205.0
960500.0000000009,-849250.0,59.0,349.0,148.0,119.0
960500.0000000009,-749250.0,59.0,349.0,188.0,164.0
960500.0000000009,-649250.0,60.0,319.0,188.0,142.0
960500.0000000009,-549250.0,61.0,334.0,178.0,150.0
960500.0000000009,-449250.0,63.0,337.0,155.0,153.0
960500.0000000009,-349250.0,64.0,332.0,188.0,119.0
960500.0000000009,-249250.0,63.0,295.0,138.0,137.0
960500.0000000009,-149250.0,63.0,351.0,152.0,144.0
960500.0000000009,-49250.0,60.0,306.0,139.0,130.0
960500.0000000009,50750.0,60.0,318.0,121.0,122.0
960500.0000000009,150750.0,61.0,317.0,123.0,105.0
960500.0000000009,250750.0,62.0,289.0,161.0,154.0
960500.0000000009,350750.0,61.0,278.0,164.0,112.0
960500.0000000009,450750.0,62.0,340.0,106.0,132.0
960500.0000000009,550750.0,62.0,299.0,148.0,93.0
960500.0000000009,650750.0,62.0,259.0,219.0,83.0
960500.0000000009,750750.0,61.0,306.0,156.0,67.0
960500.0000000009,850750.0,58.0,351.0,240.0,83.0
960500.0000000009,950750.0,57.0,301.0,111.0,103.0
960500.0000000009,1050750.0,59.0,324.0,123.0,57.0
960500.0000000009,1150750.0,60.0,303.0,166.0,95.0
960500.0000000009,1250750.0,62.0,318.0,137.0,98.0
960500.0000000009,1350750.0,59.0,331.0,173.0,112.0
960500.0000000009,1450750.0,61.0,324.0,191.0,173.0
960500.0000000009,1550750.0,62.0,344.0,246.0,131.0
960500.0000000009,1650750.0,64.0,334.0,343.0,153.0
960500.0000000009,1750750.0,60.0,337.0,149.0,100.0
960500.0000000009,1850750.0,61.0,342.0,200.0,124.0
960500.0000000009,1950750.0,62.0,316.0,282.0,123.0
960500.0000000009,2050750.0,63.0,307.0,173.0,101.0
960500.0000000009,2150750.0,65.0,304.0,190.0,159.0
960500.0000000009,2250750.0,63.0,377.0,179.0,173.0
960500.0000000009,2350750.0,64.0,339.0,153.0,156.0
960500.0000000009,2450750.0,61.0,358.0,161.0,119.0
960500.0000000009,2550750.0,61.0,360.0,124.0,144.0
960500.0000000009,2650750.0,61.0,311.0,129.0,120.0
960500.0000000009,2750750.0,62.0,314.0,153.0,111.0
960500.0000000009,2850750.0,61.0,315.0,138.0,110.0
960500.0000000009,2950750.0,63.0,298.0,153.0,87.0
960500.0000000009,3050750.0,62.0,285.0,182.0,112.0
960500.0000000009,3150750.0,59.0,240.0,90.0,82.0
960500.0000000009,3250750.0,63.0,270.0,162.0,155.0
960500.0000000009,3350750.0,65.0,289.0,239.0,160.0
960500.0000000009,3450750.0,64.0,286.0,188.0,191.0
960500.0000000009,3550750.0,66.0,310.0,175.0,206.0
960500.0000000009,3650750.0,66.0,320.0,173.0,194.0
960500.0000000009,3750750.0,65.0,336.0,186.0,225.0
960500.0000000009,3850750.0,60.0,377.0,348.0,215.0
960500.0000000009,3950750.0,57.0,408.0,355.0,246.0
960500.0000000009,4050750.0,59.0,396.0,471.0,298.0
960500.0000000009,4150750.0,58.0,412.0,408.0,332.0
960500.0000000009,4250750.0,68.0,391.0,209.0,401.0
960500.0000000009,4350750.0,70.0,402.0,205.0,441.0
960500.0000000009,4450750.0,71.0,372.0,265.0,381.0
960500.0000000009,4550750.0,71.0,387.0,219.0,351.0
960500.0000000009,4650750.0,71.0,374.0,214.0,336.0
960500.0000000009,4750750.0,79.0,360.0,170.0,378.0
960500.0000000009,4850750.0,81.0,366.0,131.0,258.0
960500.0000000009,4950750.0,81.0,362.0,123.0,214.0
960500.0000000009,5050750.0,81.0,350.0,151.0,207.0
960500.0000000009,5150750.0,78.0,349.0,114.0,225.0
960500.0000000009,5250750.0,80.0,301.0,88.0,204.0
960500.0000000009,5350750.0,79.0,328.0,209.0,230.0
960500.0000000009,5450750.0,80.0,312.0,129.0,155.0
960500.0000000009,5550750.0,79.0,314.0,128.0,162.0
960500.0000000009,8550750.0,54.0,354.0,401.0,161.0
960500.0000000009,8850750.0,58.0,349.0,494.0,190.0
960500.0000000009,8950750.0,60.0,391.0,491.0,214.0
960500.0000000009,10950750.0,55.0,394.0,395.0,195.0
960500.0000000009,12950750.0,54.0,397.0,369.0,180.0
960500.0000000009,13850750.0,51.0,434.0,430.0,211.0
860500.0000000009,-9049250.0,52.0,414.0,508.0,198.0
860500.0000000009,-8949250.0,62.0,422.0,293.0,289.0
860500.0000000009,-8649250.0,50.0,418.0,390.0,156.0
860500.0000000009,-8549250.0,55.0,413.0,370.0,187.0
860500.0000000009,-8449250.0,52.0,414.0,308.0,163.0
860500.0000000009,-8349250.0,54.0,415.0,365.0,191.0
860500.0000000009,-8249250.0,52.0,426.0,340.0,179.0
860500.0000000009,-8149250.0,54.0,424.0,495.0,277.0
860500.0000000009,-8049250.0,52.0,439.0,379.0,160.0
860500.0000000009,-7949250.0,55.0,420.0,289.0,176.0
860500.0000000009,-7849250.0,51.0,395.0,250.0,166.0
860500.0000000009,-7749250.0,52.0,371.0,201.0,142.0
860500.0000000009,-7649250.0,54.0,359.0,189.0,174.0
860500.0000000009,-7549250.0,57.0,367.0,210.0,153.0
860500.0000000009,-7449250.0,57.0,391.0,210.0,137.0
860500.0000000009,-7349250.0,58.0,355.0,169.0,115.0
860500.0000000009,-7249250.0,57.0,351.0,220.0,174.0
860500.0000000009,-7149250.0,57.0,373.0,208.0,133.0
860500.0000000009,-6949250.0,60.0,385.0,225.0,179.0
860500.0000000009,-6849250.0,52.0,378.0,282.0,189.0
860500.0000000009,-6749250.0,47.0,382.0,348.0,202.0
860500.0000000009,-6649250.0,46.0,402.0,391.0,334.0
860500.0000000009,-1249250.0,52.0,329.0,270.0,170.0
860500.0000000009,-1149250.0,50.0,332.0,365.0,165.0
860500.0000000009,-1049250.0,50.0,352.0,333.0,213.0
860500.0000000009,-949250.0,51.0,318.0,251.0,214.0
860500.0000000009,-849250.0,54.0,348.0,322.0,154.0
860500.0000000009,-749250.0,59.0,325.0,197.0,126.0
860500.0000000009,-649250.0,61.0,346.0,248.0,155.0
860500.0000000009,-549250.0,63.0,340.0,206.0,163.0
860500.0000000009,-449250.0,63.0,344.0,176.0,177.0
860500.0000000009,-349250.0,62.0,347.0,232.0,191.0
860500.0000000009,-249250.0,63.0,307.0,250.0,179.0
860500.0000000009,-149250.0,62.0,327.0,314.0,197.0
860500.0000000009,-49250.0,59.0,349.0,166.0,233.0
860500.0000000009,150750.0,61.0,344.0,229.0,150.0
860500.0000000009,250750.0,67.0,335.0,115.0,119.0
860500.0000000009,350750.0,64.0,281.0,156.0,148.0
860500.0000000009,450750.0,61.0,302.0,163.0,113.0
860500.0000000009,550750.0,60.0,302.0,263.0,174.0
860500.0000000009,650750.0,57.0,326.0,263.0,108.0
860500.0000000009,750750.0,61.0,325.0,131.0,118.0
860500.0000000009,850750.0,57.0,324.0,185.0,98.0
860500.0000000009,950750.0,57.0,311.0,166.0,106.0
860500.0000000009,1050750.0,60.0,315.0,127.0,105.0
860500.0000000009,1150750.0,55.0,302.0,133.0,71.0
860500.0000000009,1250750.0,58.0,351.0,189.0,117.0
860500.0000000009,1350750.0,58.0,353.0,153.0,116.0
860500.0000000009,1450750.0,59.0,351.0,193.0,123.0
860500.0000000009,1550750.0,59.0,348.0,217.0,131.0
860500.0000000009,1650750.0,61.0,361.0,312.0,158.0
860500.0000000009,1750750.0,62.0,347.0,258.0,121.0
860500.0000000009,1850750.0,63.0,360.0,244.0,118.0
860500.0000000009,1950750.0,62.0,354.0,211.0,112.0
860500.0000000009,2050750.0,60.0,366.0,181.0,128.0
860500.0000000009,2150750.0,60.0,374.0,126.0,115.0
860500.0000000009,2250750.0,61.0,376.0,161.0,142.0
860500.0000000009,2350750.0,60.0,373.0,161.0,132.0
860500.0000000009,2450750.0,59.0,366.0,179.0,125.0
860500.0000000009,2550750.0,59.0,376.0,224.0,169.0
860500.0000000009,2650750.0,61.0,334.0,250.0,142.0
860500.0000000009,2750750.0,59.0,322.0,171.0,166.0
860500.0000000009,2850750.0,58.0,319.0,154.0,125.0
860500.0000000009,2950750.0,60.0,320.0,110.0,94.0
860500.0000000009,3050750.0,60.0,277.0,147.0,74.0
860500.0000000009,3150750.0,62.0,280.0,91.0,63.0
860500.0000000009,3250750.0,62.0,293.0,168.0,95.0
860500.0000000009,3350750.0,62.0,267.0,206.0,97.0
860500.0000000009,3450750.0,64.0,310.0,301.0,198.0
860500.0000000009,3550750.0,64.0,333.0,183.0,206.0
860500.0000000009,3650750.0,66.0,373.0,192.0,200.0
860500.0000000009,3750750.0,62.0,368.0,247.0,216.0
860500.0000000009,3850750.0,60.0,353.0,252.0,195.0
860500.0000000009,3950750.0,55.0,394.0,477.0,286.0
860500.0000000009,4050750.0,58.0,416.0,435.0,268.0
860500.0000000009,4150750.0,61.0,409.0,346.0,297.0
860500.0000000009,4250750.0,67.0,409.0,242.0,408.0
860500.0000000009,4350750.0,66.0,415.0,323.0,376.0
860500.0000000009,4550750.0,75.0,396.0,241.0,407.0
860500.0000000009,4650750.0,77.0,378.0,169.0,321.0
860500.0000000009,4750750.0,77.0,351.0,142.0,268.0
860500.0000000009,4850750.0,81.0,386.0,123.0,292.0
860500.0000000009,4950750.0,79.0,353.0,167.0,221.0
860500.0000000009,5050750.0,80.0,349.0,177.0,261.0
860500.0000000009,5150750.0,78.0,364.0,142.0,307.0
860500.0000000009,5250750.0,78.0,343.0,155.0,312.0
860500.0000000009,5350750.0,79.0,332.0,125.0,200.0
860500.0000000009,5450750.0,79.0,316.0,131.0,158.0
860500.0000000009,8850750.0,56.0,405.0,545.0,234.0
860500.0000000009,8950750.0,55.0,376.0,626.0,196.0
860500.0000000009,11050750.0,50.0,390.0,512.0,147.0
860500.0000000009,13650750.0,52.0,430.0,298.0,180.0
860500.0000000009,13750750.0,51.0,427.0,400.0,227.0
860500.0000000009,13850750.0,51.0,437.0,570.0,244.0
860500.0000000009,13950750.0,49.0,433.0,515.0,189.0
760500.0000000009,-8649250.0,50.0,410.0,434.0,165.0
760500.0000000009,-8549250.0,49.0,423.0,609.0,217.0
760500.0000000009,-8449250.0,50.0,489.0,572.0,224.0
760500.0000000009,-8349250.0,51.0,451.0,478.0,238.0
760500.0000000009,-8249250.0,49.0,400.0,294.0,195.0
760500.0000000009,-8149250.0,55.0,440.0,331.0,221.0
760500.0000000009,-8049250.0,49.0,474.0,499.0,228.0
760500.0000000009,-7949250.0,50.0,392.0,237.0,195.0
760500.0000000009,-7849250.0,52.0,386.0,199.0,130.0
760500.0000000009,-7749250.0,51.0,363.0,206.0,111.0
760500.0000000009,-7649250.0,53.0,362.0,258.0,149.0
760500.0000000009,-7549250.0,53.0,355.0,207.0,140.0
760500.0000000009,-7449250.0,55.0,372.0,236.0,170.0
760500.0000000009,-7349250.0,49.0,418.0,321.0,121.0
760500.0000000009,-7249250.0,48.0,377.0,211.0,114.0
760500.0000000009,-7149250.0,52.0,384.0,209.0,167.0
760500.0000000009,-7049250.0,59.0,408.0,265.0,156.0
760500.0000000009,-6949250.0,54.0,374.0,250.0,194.0
760500.0000000009,-6849250.0,48.0,386.0,236.0,180.0
760500.0000000009,-6749250.0,50.0,391.0,239.0,148.0
760500.0000000009,-6649250.0,48.0,372.0,258.0,123.0
760500.0000000009,-1149250.0,50.0,333.0,369.0,140.0
760500.0000000009,-1049250.0,50.0,337.0,382.0,168.0
760500.0000000009,-949250.0,51.0,365.0,319.0,140.0
760500.0000000009,-849250.0,54.0,303.0,226.0,110.0
760500.0000000009,-749250.0,57.0,334.0,353.0,198.0
760500.0000000009,-649250.0,60.0,323.0,295.0,197.0
760500.0000000009,-549250.0,61.0,342.0,252.0,185.0
760500.0000000009,-449250.0,60.0,326.0,279.0,231.0
760500.0000000009,-349250.0,59.0,334.0,367.0,203.0
760500.0000000009,-249250.0,57.0,340.0,590.0,403.0
760500.0000000009,-149250.0,57.0,333.0,454.0,409.0
760500.0000000009,50750.0,56.0,338.0,635.0,332.0
760500.0000000009,150750.0,60.0,344.0,282.0,160.0
760500.0000000009,250750.0,62.0,346.0,245.0,257.0
760500.0000000009,350750.0,57.0,339.0,216.0,128.0
760500.0000000009,450750.0,55.0,319.0,242.0,122.0
760500.0000000009,550750.0,53.0,299.0,232.0,107.0
760500.0000000009,650750.0,53.0,295.0,300.0,140.0
760500.0000000009,750750.0,55.0,349.0,125.0,116.0
760500.0000000009,850750.0,54.0,292.0,178.0,86.0
760500.0000000009,950750.0,56.0,265.0,144.0,77.0
760500.0000000009,1050750.0,57.0,332.0,160.0,86.0
760500.0000000009,1150750.0,54.0,369.0,281.0,186.0
760500.0000000009,1250750.0,54.0,366.0,264.0,141.0
760500.0000000009,1350750.0,56.0,362.0,229.0,130.0
760500.0000000009,1450750.0,55.0,358.0,166.0,113.0
760500.0000000009,1550750.0,56.0,360.0,180.0,103.0
760500.0000000009,1650750.0,56.0,371.0,193.0,128.0
760500.0000000009,1750750.0,57.0,356.0,193.0,139.0
760500.0000000009,1850750.0,61.0,385.0,138.0,114.0
760500.0000000009,1950750.0,62.0,398.0,196.0,132.0
760500.0000000009,2050750.0,61.0,388.0,158.0,136.0
760500.0000000009,2150750.0,61.0,394.0,165.0,101.0
760500.0000000009,2250750.0,61.0,390.0,171.0,142.0
760500.0000000009,2350750.0,58.0,389.0,162.0,141.0
760500.0000000009,2450750.0,55.0,370.0,199.0,186.0
760500.0000000009,2550750.0,57.0,374.0,317.0,178.0
760500.0000000009,2650750.0,56.0,343.0,206.0,155.0
760500.0000000009,2750750.0,58.0,348.0,176.0,158.0
760500.0000000009,2850750.0,58.0,337.0,228.0,112.0
760500.0000000009,2950750.0,59.0,328.0,164.0,135.0
760500.0000000009,3050750.0,60.0,327.0,143.0,111.0
760500.0000000009,3150750.0,62.0,310.0,145.0,78.0
760500.0000000009,3250750.0,60.0,310.0,106.0,85.0
760500.0000000009,3350750.0,63.0,349.0,230.0,152.0
760500.0000000009,3450750.0,63.0,384.0,215.0,208.0
760500.0000000009,3550750.0,63.0,349.0,212.0,213.0
760500.0000000009,3650750.0,63.0,346.0,200.0,181.0
760500.0000000009,3750750.0,62.0,361.0,249.0,219.0
760500.0000000009,3850750.0,62.0,361.0,326.0,228.0
760500.0000000009,3950750.0,57.0,398.0,448.0,189.0
760500.0000000009,4050750.0,59.0,395.0,519.0,239.0
760500.0000000009,4150750.0,64.0,396.0,358.0,316.0
760500.0000000009,4250750.0,66.0,389.0,385.0,358.0
760500.0000000009,4350750.0,59.0,403.0,580.0,274.0
760500.0000000009,4450750.0,65.0,412.0,381.0,274.0
760500.0000000009,4550750.0,77.0,395.0,194.0,318.0
760500.0000000009,4650750.0,80.0,361.0,135.0,301.0
760500.0000000009,4750750.0,80.0,384.0,122.0,291.0
760500.0000000009,4850750.0,79.0,379.0,167.0,322.0
760500.0000000009,4950750.0,82.0,357.0,162.0,249.0
760500.0000000009,5050750.0,80.0,341.0,203.0,298.0
760500.0000000009,5150750.0,79.0,347.0,173.0,285.0
760500.0000000009,5250750.0,78.0,352.0,139.0,157.0
760500.0000000009,5350750.0,78.0,348.0,130.0,185.0
760500.0000000009,5450750.0,78.0,350.0,151.0,200.0
760500.0000000009,8950750.0,52.0,419.0,567.0,245.0
760500.0000000009,9050750.0,56.0,382.0,361.0,174.0
760500.0000000009,11150750.0,52.0,395.0,334.0,130.0
760500.0000000009,13750750.0,54.0,452.0,349.0,179.0
760500.0000000009,13850750.0,52.0,408.0,370.0,164.0
660500.0000000009,-8549250.0,46.0,406.0,728.0,226.0
660500.0000000009,-8449250.0,49.0,448.0,530.0,237.0
660500.0000000009,-8349250.0,50.0,447.0,407.0,229.0
660500.0000000009,-8249250.0,51.0,455.0,491.0,267.0
660500.0000000009,-8149250.0,61.0,398.0,565.0,235.0
660500.0000000009,-8049250.0,53.0,423.0,448.0,264.0
660500.0000000009,-7949250.0,52.0,384.0,286.0,121.0
660500.0000000009,-7849250.0,50.0,371.0,230.0,122.0
660500.0000000009,-7749250.0,51.0,351.0,237.0,103.0
660500.0000000009,-7649250.0,52.0,356.0,253.0,131.0
660500.0000000009,-7549250.0,53.0,375.0,297.0,162.0
660500.0000000009,-7449250.0,49.0,411.0,310.0,162.0
660500.0000000009,-7349250.0,48.0,429.0,282.0,173.0
660500.0000000009,-7249250.0,47.0,417.0,301.0,125.0
660500.0000000009,-7149250.0,47.0,412.0,234.0,184.0
660500.0000000009,-7049250.0,48.0,418.0,310.0,175.0
660500.0000000009,-6949250.0,48.0,414.0,323.0,161.0
660500.0000000009,-6849250.0,51.0,443.0,440.0,219.0
660500.0000000009,-6749250.0,48.0,403.0,264.0,141.0
660500.0000000009,-6649250.0,47.0,422.0,283.0,128.0
660500.0000000009,-6549250.0,49.0,398.0,283.0,160.0
660500.0000000009,-6449250.0,51.0,383.0,433.0,329.0
660500.0000000009,-6349250.0,50.0,397.0,426.0,334.0
660500.0000000009,-6249250.0,53.0,380.0,538.0,244.0
660500.0000000009,-6149250.0,51.0,421.0,465.0,258.0
660500.0000000009,-1049250.0,50.0,313.0,366.0,170.0
660500.0000000009,-949250.0,50.0,339.0,378.0,157.0
660500.0000000009,-849250.0,49.0,329.0,279.0,127.0
660500.0000000009,-749250.0,51.0,359.0,291.0,241.0
660500.0000000009,-649250.0,55.0,330.0,305.0,188.0
660500.0000000009,-549250.0,58.0,324.0,293.0,188.0
660500.0000000009,-349250.0,51.0,343.0,325.0,169.0
660500.0000000009,-249250.0,54.0,353.0,325.0,250.0
660500.0000000009,-149250.0,59.0,379.0,423.0,370.0
660500.0000000009,-49250.0,64.0,399.0,610.0,420.0
660500.0000000009,50750.0,62.0,370.0,528.0,244.0
660500.0000000009,650750.0,53.0,318.0,258.0,107.0
660500.0000000009,750750.0,54.0,300.0,282.0,95.0
660500.0000000009,850750.0,55.0,279.0,213.0,91.0
660500.0000000009,950750.0,56.0,334.0,257.0,113.0
660500.0000000009,1050750.0,53.0,356.0,252.0,107.0
660500.0000000009,1150750.0,50.0,393.0,524.0,337.0
660500.0000000009,1250750.0,53.0,373.0,297.0,115.0
660500.0000000009,1350750.0,53.0,373.0,218.0,104.0
660500.0000000009,1450750.0,53.0,369.0,291.0,156.0
660500.0000000009,1550750.0,56.0,323.0,308.0,133.0
660500.0000000009,1650750.0,55.0,364.0,176.0,116.0
660500.0000000009,1750750.0,56.0,392.0,176.0,141.0
660500.0000000009,1850750.0,57.0,386.0,186.0,142.0
660500.0000000009,1950750.0,58.0,402.0,210.0,143.0
660500.0000000009,2050750.0,57.0,403.0,208.0,138.0
660500.0000000009,2150750.0,60.0,406.0,187.0,122.0
660500.0000000009,2250750.0,58.0,402.0,185.0,151.0
660500.0000000009,2350750.0,60.0,373.0,227.0,177.0
660500.0000000009,2450750.0,59.0,368.0,255.0,203.0
660500.0000000009,2550750.0,56.0,404.0,191.0,158.0
660500.0000000009,2650750.0,57.0,362.0,266.0,159.0
660500.0000000009,2750750.0,57.0,344.0,227.0,128.0
660500.0000000009,2850750.0,57.0,341.0,216.0,118.0
660500.0000000009,2950750.0,56.0,350.0,241.0,130.0
660500.0000000009,3050750.0,58.0,357.0,176.0,130.0
660500.0000000009,3150750.0,59.0,340.0,208.0,141.0
660500.0000000009,3250750.0,61.0,333.0,155.0,146.0
660500.0000000009,3350750.0,63.0,330.0,162.0,146.0
660500.0000000009,3450750.0,62.0,324.0,182.0,160.0
660500.0000000009,3550750.0,63.0,315.0,186.0,182.0
660500.0000000009,3650750.0,64.0,336.0,179.0,185.0
660500.0000000009,3750750.0,64.0,378.0,232.0,209.0
660500.0000000009,3850750.0,63.0,389.0,319.0,214.0
660500.0000000009,3950750.0,58.0,400.0,337.0,250.0
660500.0000000009,4050750.0,64.0,394.0,337.0,351.0
660500.0000000009,4150750.0,57.0,419.0,490.0,247.0
660500.0000000009,4250750.0,56.0,427.0,500.0,273.0
660500.0000000009,4350750.0,63.0,411.0,359.0,278.0
660500.0000000009,4450750.0,68.0,389.0,194.0,320.0
660500.0000000009,4550750.0,75.0,364.0,180.0,308.0
660500.0000000009,4650750.0,74.0,368.0,163.0,273.0
660500.0000000009,4750750.0,79.0,383.0,152.0,264.0
660500.0000000009,4850750.0,79.0,381.0,174.0,178.0
660500.0000000009,4950750.0,78.0,353.0,237.0,248.0
660500.0000000009,5050750.0,79.0,359.0,201.0,271.0
660500.0000000009,5150750.0,80.0,335.0,231.0,178.0
660500.0000000009,5250750.0,80.0,334.0,154.0,162.0
660500.0000000009,5350750.0,79.0,320.0,122.0,185.0
660500.0000000009,11150750.0,54.0,408.0,304.0,218.0
660500.0000000009,11250750.0,51.0,442.0,611.0,223.0
660500.0000000009,11350750.0,55.0,410.0,617.0,221.0
660500.0000000009,12950750.0,52.0,426.0,408.0,218.0
660500.0000000009,13450750.0,53.0,397.0,275.0,180.0
660500.0000000009,13850750.0,52.0,452.0,499.0,241.0
560500.0000000009,-8549250.0,49.0,423.0,769.0,211.0
560500.0000000009,-8449250.0,52.0,448.0,389.0,241.0
560500.0000000009,-8349250.0,51.0,455.0,327.0,174.0
560500.0000000009,-8249250.0,54.0,438.0,506.0,242.0
560500.0000000009,-8149250.0,53.0,470.0,358.0,248.0
560500.0000000009,-8049250.0,52.0,379.0,300.0,107.0
560500.0000000009,-7949250.0,52.0,371.0,297.0,100.0
560500.0000000009,-7849250.0,52.0,360.0,220.0,135.0
560500.0000000009,-7749250.0,51.0,358.0,215.0,105.0
560500.0000000009,-7649250.0,51.0,375.0,256.0,113.0
560500.0000000009,-7549250.0,49.0,391.0,287.0,125.0
560500.0000000009,-7449250.0,48.0,429.0,514.0,173.0
560500.0000000009,-7349250.0,46.0,360.0,198.0,154.0
560500.0000000009,-7249250.0,45.0,421.0,325.0,170.0
560500.0000000009,-7149250.0,46.0,400.0,254.0,147.0
560500.0000000009,-7049250.0,43.0,404.0,305.0,160.0
560500.0000000009,-6949250.0,47.0,424.0,441.0,219.0
560500.0000000009,-6849250.0,51.0,441.0,464.0,206.0
560500.0000000009,-6749250.0,49.0,439.0,406.0,206.0
560500.0000000009,-6649250.0,47.0,413.0,249.0,158.0
560500.0000000009,-6549250.0,47.0,407.0,263.0,133.0
560500.0000000009,-6449250.0,45.0,389.0,235.0,146.0
560500.0000000009,-6349250.0,45.0,387.0,243.0,153.0
560500.0000000009,-6249250.0,43.0,389.0,158.0,125.0
560500.0000000009,-6149250.0,44.0,404.0,230.0,181.0
560500.0000000009,-6049250.0,42.0,393.0,242.0,134.0
560500.0000000009,-5949250.0,44.0,406.0,360.0,146.0
560500.0000000009,-949250.0,50.0,336.0,427.0,153.0
560500.0000000009,-849250.0,48.0,341.0,338.0,146.0
560500.0000000009,-749250.0,52.0,334.0,234.0,138.0
560500.0000000009,-649250.0,55.0,317.0,245.0,161.0
560500.0000000009,-249250.0,49.0,270.0,201.0,149.0
560500.0000000009,650750.0,52.0,301.0,414.0,143.0
560500.0000000009,750750.0,52.0,327.0,330.0,164.0
560500.0000000009,850750.0,52.0,288.0,219.0,110.0
560500.0000000009,950750.0,51.0,339.0,295.0,150.0
560500.0000000009,1050750.0,47.0,376.0,297.0,192.0
560500.0000000009,1150750.0,52.0,371.0,298.0,222.0
560500.0000000009,1250750.0,54.0,376.0,207.0,140.0
560500.0000000009,1350750.0,56.0,364.0,227.0,113.0
560500.0000000009,1450750.0,52.0,357.0,324.0,174.0
560500.0000000009,1550750.0,55.0,340.0,495.0,136.0
560500.0000000009,1650750.0,57.0,348.0,281.0,134.0
560500.0000000009,1750750.0,56.0,399.0,279.0,133.0
560500.0000000009,1850750.0,54.0,380.0,224.0,163.0
560500.0000000009,1950750.0,55.0,392.0,302.0,170.0
560500.0000000009,2050750.0,56.0,407.0,216.0,145.0
560500.0000000009,2150750.0,58.0,378.0,332.0,143.0
560500.0000000009,2250750.0,56.0,417.0,240.0,155.0
560500.0000000009,2350750.0,55.0,421.0,252.0,132.0
560500.0000000009,2450750.0,57.0,386.0,284.0,158.0
560500.0000000009,2550750.0,54.0,418.0,218.0,134.0
560500.0000000009,2650750.0,54.0,390.0,280.0,115.0
560500.0000000009,2750750.0,55.0,394.0,275.0,124.0
560500.0000000009,2850750.0,55.0,383.0,261.0,144.0
560500.0000000009,2950750.0,55.0,387.0,239.0,115.0
560500.0000000009,3050750.0,56.0,380.0,259.0,155.0
560500.0000000009,3150750.0,58.0,366.0,189.0,132.0
560500.0000000009,3250750.0,59.0,372.0,269.0,147.0
560500.0000000009,3350750.0,59.0,347.0,259.0,164.0
560500.0000000009,3450750.0,62.0,346.0,155.0,156.0
560500.0000000009,3550750.0,64.0,363.0,205.0,192.0
560500.0000000009,3650750.0,65.0,360.0,207.0,208.0
560500.0000000009,3750750.0,66.0,364.0,176.0,247.0
560500.0000000009,3850750.0,72.0,373.0,247.0,416.0
560500.0000000009,3950750.0,73.0,381.0,263.0,358.0
560500.0000000009,4050750.0,71.0,382.0,264.0,379.0
560500.0000000009,4150750.0,69.0,351.0,244.0,477.0
560500.0000000009,4250750.0,62.0,382.0,301.0,200.0
560500.0000000009,4350750.0,71.0,364.0,136.0,257.0
560500.0000000009,4450750.0,65.0,387.0,155.0,264.0
560500.0000000009,4550750.0,76.0,348.0,182.0,276.0
560500.0000000009,4650750.0,69.0,378.0,190.0,257.0
560500.0000000009,4750750.0,77.0,389.0,141.0,160.0
560500.0000000009,4850750.0,79.0,355.0,153.0,155.0
560500.0000000009,4950750.0,78.0,374.0,145.0,230.0
560500.0000000009,5050750.0,78.0,363.0,164.0,255.0
560500.0000000009,5150750.0,80.0,342.0,139.0,232.0
560500.0000000009,5250750.0,79.0,347.0,132.0,186.0
560500.0000000009,5350750.0,75.0,356.0,199.0,213.0
560500.0000000009,10650750.0,50.0,424.0,442.0,228.0
560500.0000000009,10750750.0,50.0,427.0,327.0,123.0
560500.0000000009,11150750.0,51.0,403.0,377.0,221.0
560500.0000000009,11250750.0,49.0,436.0,475.0,229.0
560500.0000000009,11350750.0,52.0,430.0,449.0,168.0
560500.0000000009,11450750.0,51.0,412.0,411.0,178.0
560500.0000000009,12850750.0,50.0,434.0,415.0,189.0
560500.0000000009,12950750.0,52.0,423.0,420.0,208.0
560500.0000000009,13050750.0,52.0,428.0,452.0,218.0
560500.0000000009,13150750.0,54.0,374.0,291.0,197.0
460500.00000000093,-8549250.0,47.0,439.0,512.0,164.0
460500.00000000093,-8449250.0,53.0,451.0,494.0,288.0
460500.00000000093,-8349250.0,55.0,420.0,286.0,189.0
460500.00000000093,-8249250.0,53.0,445.0,540.0,335.0
460500.00000000093,-8149250.0,52.0,354.0,277.0,137.0
460500.00000000093,-8049250.0,51.0,358.0,243.0,141.0
460500.00000000093,-7949250.0,50.0,360.0,202.0,127.0
460500.00000000093,-7849250.0,52.0,350.0,230.0,86.0
460500.00000000093,-7749250.0,46.0,381.0,277.0,137.0
460500.00000000093,-7649250.0,45.0,372.0,262.0,108.0
460500.00000000093,-7449250.0,52.0,384.0,339.0,162.0
460500.00000000093,-7349250.0,43.0,422.0,300.0,154.0
460500.00000000093,-7249250.0,45.0,434.0,352.0,187.0
460500.00000000093,-7149250.0,41.0,413.0,315.0,170.0
460500.00000000093,-7049250.0,42.0,429.0,354.0,169.0
460500.00000000093,-6949250.0,45.0,434.0,307.0,161.0
460500.00000000093,-6849250.0,52.0,392.0,171.0,217.0
460500.00000000093,-6749250.0,56.0,368.0,199.0,191.0
460500.00000000093,-6649250.0,49.0,411.0,253.0,133.0
460500.00000000093,-6549250.0,48.0,412.0,242.0,164.0
460500.00000000093,-6449250.0,47.0,394.0,254.0,171.0
460500.00000000093,-6349250.0,46.0,390.0,236.0,143.0
460500.00000000093,-6249250.0,45.0,402.0,242.0,145.0
460500.00000000093,-6149250.0,45.0,400.0,353.0,146.0
460500.00000000093,-6049250.0,44.0,392.0,322.0,142.0
460500.00000000093,-5949250.0,46.0,397.0,318.0,182.0
460500.00000000093,-5849250.0,44.0,395.0,336.0,179.0
460500.00000000093,-5749250.0,48.0,399.0,471.0,283.0
460500.00000000093,1050750.0,51.0,364.0,311.0,140.0
460500.00000000093,1150750.0,49.0,355.0,296.0,130.0
460500.00000000093,1250750.0,52.0,359.0,281.0,144.0
460500.00000000093,1350750.0,51.0,350.0,291.0,124.0
460500.00000000093,1450750.0,51.0,327.0,244.0,118.0
460500.00000000093,1550750.0,51.0,351.0,405.0,172.0
460500.00000000093,1650750.0,55.0,329.0,319.0,113.0
460500.00000000093,1750750.0,56.0,395.0,386.0,186.0
460500.00000000093,1850750.0,54.0,409.0,330.0,133.0
460500.00000000093,1950750.0,55.0,381.0,216.0,122.0
460500.00000000093,2050750.0,58.0,367.0,246.0,133.0
460500.00000000093,2150750.0,58.0,384.0,250.0,150.0
460500.00000000093,2250750.0,58.0,392.0,262.0,117.0
460500.00000000093,2350750.0,54.0,430.0,302.0,131.0
460500.00000000093,2450750.0,56.0,392.0,227.0,118.0
460500.00000000093,2550750.0,53.0,379.0,262.0,107.0
460500.00000000093,2650750.0,54.0,401.0,272.0,98.0
460500.00000000093,2750750.0,54.0,391.0,228.0,103.0
460500.00000000093,2850750.0,54.0,386.0,255.0,129.0
460500.00000000093,2950750.0,55.0,401.0,245.0,115.0
460500.00000000093,3050750.0,55.0,392.0,266.0,124.0
460500.00000000093,3150750.0,54.0,373.0,258.0,137.0
460500.00000000093,3250750.0,56.0,369.0,291.0,133.0
460500.00000000093,3350750.0,57.0,367.0,242.0,164.0
460500.00000000093,3450750.0,61.0,346.0,176.0,168.0
460500.00000000093,3550750.0,63.0,354.0,263.0,241.0
460500.00000000093,3650750.0,59.0,377.0,403.0,177.0
460500.00000000093,3750750.0,65.0,356.0,245.0,246.0
460500.00000000093,3850750.0,74.0,392.0,188.0,376.0
460500.00000000093,3950750.0,80.0,335.0,107.0,247.0
460500.00000000093,4050750.0,82.0,278.0,85.0,255.0
460500.00000000093,4150750.0,81.0,353.0,95.0,280.0
460500.00000000093,4250750.0,70.0,348.0,204.0,337.0
460500.00000000093,4350750.0,67.0,328.0,116.0,230.0
460500.00000000093,4450750.0,73.0,349.0,142.0,191.0
460500.00000000093,4550750.0,75.0,344.0,166.0,162.0
460500.00000000093,4650750.0,79.0,353.0,125.0,180.0
460500.00000000093,4750750.0,78.0,384.0,161.0,243.0
460500.00000000093,4850750.0,81.0,382.0,133.0,128.0
460500.00000000093,4950750.0,79.0,360.0,150.0,147.0
460500.00000000093,5050750.0,78.0,345.0,135.0,176.0
460500.00000000093,5150750.0,77.0,334.0,143.0,168.0
460500.00000000093,5250750.0,77.0,355.0,145.0,225.0
460500.00000000093,10750750.0,48.0,457.0,511.0,194.0
460500.00000000093,10850750.0,51.0,432.0,368.0,151.0
460500.00000000093,11250750.0,53.0,402.0,431.0,223.0
460500.00000000093,11350750.0,50.0,422.0,402.0,132.0
460500.00000000093,11450750.0,50.0,430.0,424.0,166.0
460500.00000000093,12650750.0,49.0,410.0,352.0,192.0
460500.00000000093,12750750.0,49.0,412.0,526.0,244.0
460500.00000000093,12850750.0,49.0,454.0,552.0,239.0
460500.00000000093,12950750.0,50.0,432.0,422.0,198.0
460500.00000000093,13050750.0,50.0,418.0,305.0,229.0
360500.00000000093,-8549250.0,52.0,462.0,625.0,264.0
360500.00000000093,-8449250.0,53.0,484.0,608.0,327.0
360500.00000000093,-8349250.0,56.0,423.0,346.0,252.0
360500.00000000093,-8249250.0,46.0,407.0,343.0,217.0
360500.00000000093,-8149250.0,49.0,360.0,271.0,113.0
360500.00000000093,-8049250.0,51.0,358.0,308.0,178.0
360500.00000000093,-7949250.0,49.0,356.0,288.0,141.0
360500.00000000093,-7849250.0,48.0,360.0,269.0,118.0
360500.00000000093,-7749250.0,45.0,321.0,293.0,140.0
360500.00000000093,-7649250.0,45.0,354.0,282.0,140.0
360500.00000000093,-7549250.0,45.0,323.0,296.0,107.0
360500.00000000093,-7449250.0,41.0,366.0,315.0,156.0
360500.00000000093,-7349250.0,42.0,374.0,294.0,159.0
360500.00000000093,-7249250.0,41.0,409.0,280.0,149.0
360500.00000000093,-7149250.0,42.0,434.0,477.0,221.0
360500.00000000093,-7049250.0,43.0,406.0,246.0,133.0
360500.00000000093,-6949250.0,45.0,391.0,204.0,133.0
360500.00000000093,-6849250.0,49.0,395.0,203.0,122.0
360500.00000000093,-6749250.0,52.0,362.0,162.0,124.0
360500.00000000093,-6649250.0,50.0,411.0,339.0,139.0
360500.00000000093,-6549250.0,46.0,389.0,208.0,123.0
360500.00000000093,-6449250.0,45.0,394.0,229.0,150.0
360500.00000000093,-6349250.0,45.0,399.0,266.0,164.0
360500.00000000093,-6249250.0,47.0,417.0,357.0,137.0
360500.00000000093,-6149250.0,45.0,395.0,339.0,141.0
360500.00000000093,-6049250.0,46.0,393.0,263.0,147.0
360500.00000000093,-5949250.0,47.0,390.0,304.0,148.0
360500.00000000093,-5849250.0,46.0,400.0,403.0,173.0
360500.00000000093,-5749250.0,46.0,386.0,313.0,205.0
360500.00000000093,1150750.0,52.0,326.0,295.0,111.0
360500.00000000093,1250750.0,48.0,371.0,402.0,176.0
360500.00000000093,1350750.0,50.0,364.0,364.0,163.0
360500.00000000093,1450750.0,49.0,344.0,358.0,160.0
360500.00000000093,1550750.0,50.0,346.0,265.0,109.0
360500.00000000093,1650750.0,63.0,361.0,374.0,192.0
360500.00000000093,1750750.0,57.0,364.0,339.0,123.0
360500.00000000093,1850750.0,58.0,381.0,283.0,99.0
360500.00000000093,1950750.0,54.0,396.0,250.0,132.0
360500.00000000093,2050750.0,52.0,333.0,249.0,127.0
360500.00000000093,2150750.0,54.0,352.0,234.0,139.0
360500.00000000093,2250750.0,56.0,357.0,235.0,102.0
360500.00000000093,2350750.0,55.0,380.0,242.0,110.0
360500.00000000093,2450750.0,54.0,378.0,321.0,115.0
360500.00000000093,2550750.0,54.0,395.0,303.0,107.0
360500.00000000093,2650750.0,54.0,375.0,239.0,115.0
360500.00000000093,2750750.0,54.0,386.0,251.0,107.0
360500.00000000093,2850750.0,54.0,387.0,262.0,110.0
360500.00000000093,2950750.0,53.0,356.0,246.0,105.0
360500.00000000093,3050750.0,53.0,377.0,253.0,114.0
360500.00000000093,3150750.0,53.0,388.0,290.0,127.0
360500.00000000093,3250750.0,55.0,386.0,301.0,107.0
360500.00000000093,3350750.0,56.0,371.0,342.0,102.0
360500.00000000093,3450750.0,60.0,388.0,283.0,161.0
360500.00000000093,3550750.0,62.0,360.0,261.0,225.0
360500.00000000093,3650750.0,63.0,366.0,264.0,248.0
360500.00000000093,3750750.0,64.0,386.0,245.0,247.0
360500.00000000093,3850750.0,70.0,368.0,181.0,358.0
360500.00000000093,3950750.0,82.0,316.0,102.0,186.0
360500.00000000093,4050750.0,80.0,311.0,95.0,196.0
360500.00000000093,4150750.0,84.0,313.0,115.0,197.0
360500.00000000093,4250750.0,76.0,346.0,142.0,250.0
360500.00000000093,4350750.0,70.0,359.0,124.0,223.0
360500.00000000093,4450750.0,74.0,364.0,136.0,172.0
360500.00000000093,4550750.0,76.0,350.0,163.0,176.0
360500.00000000093,4650750.0,74.0,303.0,163.0,178.0
360500.00000000093,4750750.0,76.0,368.0,141.0,167.0
360500.00000000093,4850750.0,77.0,347.0,149.0,227.0
360500.00000000093,4950750.0,77.0,316.0,151.0,215.0
360500.00000000093,5050750.0,78.0,342.0,138.0,199.0
360500.00000000093,5150750.0,77.0,301.0,142.0,233.0
360500.00000000093,10850750.0,49.0,446.0,467.0,207.0
360500.00000000093,10950750.0,48.0,448.0,439.0,214.0
360500.00000000093,11050750.0,52.0,405.0,283.0,202.0
360500.00000000093,11350750.0,47.0,424.0,386.0,154.0
360500.00000000093,11450750.0,47.0,412.0,407.0,160.0
360500.00000000093,12650750.0,47.0,425.0,504.0,232.0
360500.00000000093,12750750.0,48.0,421.0,531.0,209.0
360500.00000000093,12850750.0,50.0,444.0,537.0,254.0
360500.00000000093,12950750.0,50.0,424.0,456.0,216.0
260500.00000000093,-8749250.0,48.0,371.0,504.0,286.0
260500.00000000093,-8649250.0,48.0,372.0,544.0,183.0
260500.00000000093,-8549250.0,49.0,461.0,408.0,218.0
260500.00000000093,-8449250.0,54.0,441.0,445.0,223.0
260500.00000000093,-8349250.0,52.0,428.0,558.0,237.0
260500.00000000093,-8249250.0,47.0,382.0,280.0,203.0
260500.00000000093,-8149250.0,51.0,360.0,237.0,160.0
260500.00000000093,-8049250.0,48.0,348.0,267.0,115.0
260500.00000000093,-7949250.0,47.0,336.0,247.0,129.0
260500.00000000093,-7849250.0,44.0,325.0,312.0,120.0
260500.00000000093,-7749250.0,44.0,321.0,349.0,156.0
260500.00000000093,-7649250.0,44.0,334.0,351.0,168.0
260500.00000000093,-7549250.0,45.0,332.0,440.0,159.0
260500.00000000093,-7449250.0,41.0,322.0,429.0,140.0
260500.00000000093,-7349250.0,40.0,363.0,304.0,162.0
260500.00000000093,-7249250.0,40.0,403.0,315.0,117.0
260500.00000000093,-7149250.0,40.0,413.0,263.0,144.0
260500.00000000093,-7049250.0,43.0,415.0,266.0,149.0
260500.00000000093,-6949250.0,47.0,395.0,265.0,153.0
260500.00000000093,-6849250.0,51.0,397.0,239.0,166.0
260500.00000000093,-6749250.0,51.0,381.0,236.0,136.0
260500.00000000093,-6649250.0,54.0,375.0,180.0,182.0
260500.00000000093,-6549250.0,47.0,398.0,187.0,134.0
260500.00000000093,-6449250.0,45.0,396.0,219.0,144.0
260500.00000000093,-6349250.0,45.0,391.0,268.0,136.0
260500.00000000093,-6249250.0,44.0,408.0,294.0,165.0
260500.00000000093,-6149250.0,45.0,386.0,270.0,134.0
260500.00000000093,-6049250.0,47.0,404.0,316.0,153.0
260500.00000000093,-5949250.0,46.0,406.0,349.0,151.0
260500.00000000093,-5849250.0,46.0,391.0,298.0,155.0
260500.00000000093,-5749250.0,47.0,397.0,379.0,152.0
260500.00000000093,1150750.0,45.0,370.0,307.0,189.0
260500.00000000093,1250750.0,47.0,385.0,432.0,186.0
260500.00000000093,1350750.0,49.0,397.0,485.0,166.0
260500.00000000093,1450750.0,48.0,376.0,390.0,171.0
260500.00000000093,1550750.0,48.0,344.0,237.0,149.0
260500.00000000093,1650750.0,51.0,348.0,333.0,153.0
260500.00000000093,1750750.0,53.0,341.0,241.0,121.0
260500.00000000093,1850750.0,54.0,346.0,237.0,101.0
260500.00000000093,1950750.0,50.0,317.0,222.0,126.0
260500.00000000093,2050750.0,50.0,336.0,241.0,117.0
260500.00000000093,2150750.0,51.0,343.0,229.0,99.0
260500.00000000093,2250750.0,50.0,323.0,235.0,95.0
260500.00000000093,2350750.0,48.0,374.0,241.0,107.0
260500.00000000093,2450750.0,52.0,366.0,272.0,135.0
260500.00000000093,2550750.0,51.0,380.0,230.0,120.0
260500.00000000093,2650750.0,49.0,375.0,218.0,131.0
260500.00000000093,2750750.0,51.0,365.0,292.0,127.0
260500.00000000093,2850750.0,50.0,355.0,249.0,117.0
260500.00000000093,2950750.0,50.0,335.0,256.0,119.0
260500.00000000093,3050750.0,52.0,357.0,281.0,139.0
260500.00000000093,3150750.0,50.0,368.0,283.0,120.0
260500.00000000093,3250750.0,52.0,370.0,311.0,140.0
260500.00000000093,3350750.0,52.0,393.0,317.0,146.0
260500.00000000093,3450750.0,57.0,385.0,319.0,154.0
260500.00000000093,3550750.0,63.0,369.0,276.0,235.0
260500.00000000093,3650750.0,62.0,361.0,250.0,208.0
260500.00000000093,3750750.0,62.0,378.0,319.0,254.0
260500.00000000093,3850750.0,70.0,385.0,199.0,259.0
260500.00000000093,3950750.0,77.0,355.0,141.0,239.0
260500.00000000093,4050750.0,75.0,366.0,154.0,323.0
260500.00000000093,4150750.0,80.0,261.0,72.0,160.0
260500.00000000093,4250750.0,77.0,390.0,126.0,179.0
260500.00000000093,4350750.0,78.0,334.0,130.0,160.0
260500.00000000093,4450750.0,77.0,376.0,154.0,194.0
260500.00000000093,4550750.0,75.0,344.0,124.0,207.0
260500.00000000093,4650750.0,72.0,349.0,142.0,265.0
260500.00000000093,4750750.0,73.0,338.0,122.0,230.0
260500.00000000093,4850750.0,76.0,341.0,138.0,236.0
260500.00000000093,4950750.0,79.0,374.0,134.0,312.0
260500.00000000093,5050750.0,77.0,382.0,140.0,288.0
260500.00000000093,10950750.0,52.0,428.0,370.0,165.0
260500.00000000093,11050750.0,50.0,516.0,391.0,217.0
260500.00000000093,11150750.0,52.0,420.0,429.0,302.0
260500.00000000093,11450750.0,50.0,409.0,365.0,196.0
260500.00000000093,11550750.0,48.0,410.0,429.0,154.0
260500.00000000093,12450750.0,46.0,396.0,487.0,236.0
260500.00000000093,12550750.0,49.0,404.0,466.0,176.0
260500.00000000093,12650750.0,49.0,438.0,578.0,191.0
260500.00000000093,12750750.0,49.0,439.0,491.0,204.0
260500.00000000093,12850750.0,49.0,462.0,522.0,268.0
260500.00000000093,12950750.0,47.0,429.0,463.0,225.0
260500.00000000093,13050750.0,50.0,403.0,424.0,214.0
260500.00000000093,13950750.0,51.0,427.0,384.0,209.0
160500.00000000093,-8749250.0,49.0,344.0,508.0,213.0
160500.00000000093,-8649250.0,52.0,419.0,466.0,209.0
160500.00000000093,-8549250.0,54.0,450.0,648.0,351.0
160500.00000000093,-8449250.0,47.0,395.0,356.0,211.0
160500.00000000093,-8349250.0,47.0,339.0,350.0,170.0
160500.00000000093,-8249250.0,48.0,338.0,251.0,184.0
160500.00000000093,-8149250.0,46.0,362.0,295.0,164.0
160500.00000000093,-8049250.0,46.0,346.0,256.0,141.0
160500.00000000093,-7949250.0,45.0,330.0,291.0,155.0
160500.00000000093,-7849250.0,44.0,322.0,340.0,147.0
160500.00000000093,-7749250.0,45.0,324.0,419.0,181.0
160500.00000000093,-7649250.0,43.0,315.0,420.0,180.0
160500.00000000093,-7549250.0,48.0,309.0,407.0,193.0
160500.00000000093,-7349250.0,42.0,351.0,377.0,134.0
160500.00000000093,-7249250.0,42.0,379.0,276.0,172.0
160500.00000000093,-7149250.0,42.0,406.0,343.0,171.0
160500.00000000093,-7049250.0,44.0,367.0,228.0,131.0
160500.00000000093,-6949250.0,47.0,399.0,356.0,182.0
160500.00000000093,-6849250.0,48.0,388.0,210.0,155.0
160500.00000000093,-6749250.0,50.0,394.0,225.0,114.0
160500.00000000093,-6649250.0,48.0,405.0,195.0,112.0
160500.00000000093,-6549250.0,44.0,397.0,225.0,144.0
160500.00000000093,-6449250.0,43.0,405.0,228.0,140.0
160500.00000000093,-6349250.0,43.0,413.0,283.0,139.0
160500.00000000093,-6249250.0,45.0,403.0,241.0,138.0
160500.00000000093,-6149250.0,45.0,392.0,264.0,134.0
160500.00000000093,-6049250.0,44.0,398.0,285.0,147.0
160500.00000000093,-5949250.0,43.0,408.0,311.0,137.0
160500.00000000093,-5849250.0,44.0,387.0,278.0,131.0
160500.00000000093,-5749250.0,46.0,392.0,304.0,151.0
160500.00000000093,-5649250.0,47.0,386.0,289.0,169.0
160500.00000000093,1150750.0,47.0,405.0,367.0,173.0
160500.00000000093,1250750.0,44.0,385.0,371.0,177.0
160500.00000000093,1350750.0,45.0,395.0,403.0,175.0
160500.00000000093,1450750.0,47.0,388.0,404.0,176.0
160500.00000000093,1550750.0,47.0,390.0,387.0,199.0
160500.00000000093,1650750.0,47.0,357.0,289.0,168.0
160500.00000000093,1750750.0,46.0,332.0,205.0,129.0
160500.00000000093,1850750.0,46.0,330.0,205.0,91.0
160500.00000000093,1950750.0,46.0,348.0,293.0,102.0
160500.00000000093,2050750.0,49.0,346.0,215.0,111.0
160500.00000000093,2150750.0,47.0,335.0,200.0,96.0
160500.00000000093,2250750.0,46.0,331.0,190.0,96.0
160500.00000000093,2350750.0,46.0,349.0,177.0,85.0
160500.00000000093,2450750.0,47.0,372.0,253.0,102.0
160500.00000000093,2550750.0,46.0,364.0,221.0,85.0
160500.00000000093,2650750.0,49.0,369.0,216.0,119.0
160500.00000000093,2750750.0,47.0,345.0,253.0,105.0
160500.00000000093,2850750.0,46.0,335.0,221.0,116.0
160500.00000000093,2950750.0,48.0,348.0,223.0,146.0
160500.00000000093,3050750.0,50.0,365.0,281.0,157.0
160500.00000000093,3150750.0,50.0,375.0,365.0,143.0
160500.00000000093,3250750.0,51.0,363.0,300.0,173.0
160500.00000000093,3350750.0,58.0,370.0,280.0,207.0
160500.00000000093,3450750.0,61.0,387.0,233.0,196.0
160500.00000000093,3550750.0,62.0,348.0,263.0,198.0
160500.00000000093,3750750.0,61.0,349.0,288.0,222.0
160500.00000000093,3850750.0,62.0,401.0,421.0,236.0
160500.00000000093,3950750.0,68.0,341.0,262.0,319.0
160500.00000000093,4050750.0,74.0,374.0,188.0,280.0
160500.00000000093,4150750.0,65.0,353.0,247.0,192.0
160500.00000000093,4250750.0,75.0,305.0,133.0,211.0
160500.00000000093,4350750.0,81.0,359.0,90.0,188.0
160500.00000000093,4450750.0,77.0,357.0,131.0,235.0
160500.00000000093,4550750.0,76.0,337.0,149.0,202.0
160500.00000000093,4650750.0,74.0,351.0,178.0,251.0
160500.00000000093,4750750.0,74.0,385.0,146.0,266.0
160500.00000000093,4850750.0,75.0,376.0,170.0,302.0
160500.00000000093,11050750.0,47.0,448.0,364.0,187.0
160500.00000000093,11150750.0,50.0,437.0,333.0,177.0
160500.00000000093,11250750.0,49.0,381.0,336.0,207.0
160500.00000000093,11350750.0,49.0,431.0,366.0,216.0
160500.00000000093,12150750.0,47.0,392.0,470.0,198.0
160500.00000000093,12250750.0,46.0,396.0,414.0,194.0
160500.00000000093,12350750.0,49.0,361.0,427.0,270.0
160500.00000000093,12450750.0,47.0,411.0,469.0,169.0
160500.00000000093,12550750.0,48.0,439.0,505.0,196.0
160500.00000000093,12650750.0,49.0,443.0,503.0,191.0
160500.00000000093,12750750.0,49.0,481.0,604.0,290.0
160500.00000000093,12850750.0,48.0,406.0,484.0,198.0
160500.00000000093,12950750.0,49.0,428.0,429.0,212.0
160500.00000000093,13050750.0,50.0,407.0,341.0,184.0
160500.00000000093,13150750.0,52.0,375.0,315.0,196.0
60500.00000000093,-8849250.0,52.0,415.0,487.0,220.0
60500.00000000093,-8749250.0,50.0,431.0,360.0,204.0
60500.00000000093,-8649250.0,54.0,451.0,941.0,412.0
60500.00000000093,-8549250.0,47.0,384.0,445.0,231.0
60500.00000000093,-8449250.0,45.0,353.0,431.0,227.0
60500.00000000093,-8349250.0,47.0,328.0,318.0,189.0
60500.00000000093,-8249250.0,46.0,333.0,313.0,175.0
60500.00000000093,-8149250.0,48.0,354.0,266.0,171.0
60500.00000000093,-8049250.0,50.0,330.0,299.0,155.0
60500.00000000093,-7949250.0,48.0,343.0,299.0,199.0
60500.00000000093,-7849250.0,43.0,328.0,402.0,203.0
60500.00000000093,-7749250.0,45.0,339.0,399.0,209.0
60500.00000000093,-7649250.0,48.0,324.0,432.0,223.0
60500.00000000093,-7549250.0,47.0,331.0,413.0,193.0
60500.00000000093,-7449250.0,44.0,352.0,395.0,207.0
60500.00000000093,-7349250.0,41.0,405.0,293.0,194.0
60500.00000000093,-7249250.0,41.0,384.0,258.0,169.0
60500.00000000093,-7149250.0,41.0,373.0,221.0,171.0
60500.00000000093,-7049250.0,52.0,379.0,253.0,187.0
60500.00000000093,-6949250.0,47.0,375.0,208.0,154.0
60500.00000000093,-6849250.0,48.0,385.0,212.0,162.0
60500.00000000093,-6749250.0,47.0,399.0,239.0,144.0
60500.00000000093,-6649250.0,45.0,398.0,211.0,145.0
60500.00000000093,-6549250.0,43.0,394.0,207.0,147.0
60500.00000000093,-6449250.0,43.0,392.0,227.0,143.0
60500.00000000093,-6349250.0,43.0,412.0,262.0,137.0
60500.00000000093,-6249250.0,44.0,410.0,252.0,136.0
60500.00000000093,-6149250.0,46.0,406.0,267.0,148.0
60500.00000000093,-6049250.0,45.0,393.0,240.0,142.0
60500.00000000093,-5949250.0,44.0,408.0,299.0,147.0
60500.00000000093,-5849250.0,44.0,405.0,261.0,148.0
60500.00000000093,-5749250.0,45.0,391.0,226.0,113.0
60500.00000000093,-5649250.0,54.0,392.0,176.0,185.0
60500.00000000093,1050750.0,52.0,349.0,402.0,214.0
60500.00000000093,1150750.0,47.0,409.0,335.0,170.0
60500.00000000093,1250750.0,45.0,383.0,270.0,144.0
60500.00000000093,1350750.0,45.0,395.0,298.0,172.0
60500.00000000093,1450750.0,44.0,389.0,329.0,160.0
60500.00000000093,1550750.0,48.0,380.0,402.0,160.0
60500.00000000093,1650750.0,52.0,349.0,288.0,182.0
60500.00000000093,1750750.0,47.0,345.0,263.0,114.0
60500.00000000093,1850750.0,47.0,344.0,251.0,109.0
60500.00000000093,1950750.0,48.0,344.0,254.0,115.0
60500.00000000093,2050750.0,46.0,334.0,241.0,94.0
60500.00000000093,2150750.0,47.0,337.0,197.0,86.0
60500.00000000093,2250750.0,46.0,335.0,204.0,82.0
60500.00000000093,2350750.0,45.0,370.0,201.0,79.0
60500.00000000093,2450750.0,45.0,370.0,196.0,80.0
60500.00000000093,2550750.0,46.0,371.0,245.0,89.0
60500.00000000093,2650750.0,45.0,337.0,227.0,129.0
60500.00000000093,2750750.0,46.0,346.0,248.0,101.0
60500.00000000093,2850750.0,47.0,359.0,214.0,126.0
60500.00000000093,2950750.0,49.0,371.0,328.0,151.0
60500.00000000093,3050750.0,50.0,363.0,311.0,162.0
60500.00000000093,3150750.0,50.0,376.0,312.0,164.0
60500.00000000093,3250750.0,53.0,366.0,350.0,189.0
60500.00000000093,3350750.0,54.0,419.0,600.0,287.0
60500.00000000093,3450750.0,56.0,382.0,417.0,242.0
60500.00000000093,3550750.0,57.0,376.0,352.0,233.0
60500.00000000093,3650750.0,54.0,356.0,272.0,180.0
60500.00000000093,3750750.0,57.0,363.0,265.0,189.0
60500.00000000093,3850750.0,56.0,386.0,336.0,174.0
60500.00000000093,3950750.0,55.0,382.0,493.0,244.0
60500.00000000093,4050750.0,60.0,376.0,237.0,216.0
60500.00000000093,4150750.0,65.0,342.0,153.0,187.0
60500.00000000093,4250750.0,76.0,340.0,120.0,171.0
60500.00000000093,4350750.0,79.0,275.0,85.0,116.0
60500.00000000093,4450750.0,76.0,336.0,90.0,138.0
60500.00000000093,4550750.0,76.0,359.0,121.0,252.0
60500.00000000093,4650750.0,73.0,344.0,144.0,240.0
60500.00000000093,4750750.0,76.0,388.0,123.0,286.0
60500.00000000093,11050750.0,48.0,424.0,435.0,194.0
60500.00000000093,11150750.0,47.0,441.0,493.0,182.0
60500.00000000093,11250750.0,49.0,396.0,340.0,219.0
60500.00000000093,11350750.0,46.0,356.0,250.0,143.0
60500.00000000093,11450750.0,47.0,372.0,264.0,209.0
60500.00000000093,12150750.0,47.0,419.0,340.0,168.0
60500.00000000093,12250750.0,46.0,437.0,370.0,188.0
60500.00000000093,12350750.0,47.0,397.0,353.0,197.0
60500.00000000093,12450750.0,52.0,404.0,497.0,194.0
60500.00000000093,12550750.0,46.0,409.0,513.0,192.0
60500.00000000093,12650750.0,50.0,453.0,488.0,236.0
60500.00000000093,12750750.0,50.0,466.0,514.0,235.0
60500.00000000093,12850750.0,48.0,440.0,481.0,174.0
60500.00000000093,12950750.0,45.0,424.0,322.0,153.0
60500.00000000093,13050750.0,48.0,356.0,267.0,154.0
60500.00000000093,13450750.0,51.0,426.0,326.0,235.0
60500.00000000093,13550750.0,54.0,427.0,346.0,199.0
60500.00000000093,13650750.0,52.0,403.0,394.0,205.0
60500.00000000093,13750750.0,51.0,394.0,375.0,206.0
60500.00000000093,13850750.0,47.0,428.0,350.0,214.0
60500.00000000093,14250750.0,47.0,406.0,330.0,159.0
-39499.99999999907,-10149250.0,69.0,341.0,155.0,135.0
-39499.99999999907,-8949250.0,64.0,380.0,405.0,275.0
-39499.99999999907,-8849250.0,55.0,451.0,416.0,162.0
-39499.99999999907,-8749250.0,57.0,396.0,542.0,268.0
-39499.99999999907,-8649250.0,49.0,451.0,916.0,386.0
-39499.99999999907,-8549250.0,51.0,376.0,508.0,265.0
-39499.99999999907,-8449250.0,46.0,350.0,417.0,261.0
-39499.99999999907,-8349250.0,47.0,325.0,397.0,193.0
-39499.99999999907,-8249250.0,47.0,340.0,436.0,221.0
-39499.99999999907,-8149250.0,45.0,341.0,410.0,193.0
-39499.99999999907,-8049250.0,42.0,349.0,325.0,257.0
-39499.99999999907,-7949250.0,43.0,329.0,389.0,234.0
-39499.99999999907,-7849250.0,43.0,361.0,474.0,274.0
-39499.99999999907,-7749250.0,45.0,351.0,453.0,216.0
-39499.99999999907,-7649250.0,44.0,325.0,454.0,223.0
-39499.99999999907,-7549250.0,44.0,338.0,478.0,204.0
-39499.99999999907,-7449250.0,42.0,366.0,310.0,205.0
-39499.99999999907,-7349250.0,44.0,360.0,241.0,164.0
-39499.99999999907,-7249250.0,41.0,346.0,231.0,171.0
-39499.99999999907,-7149250.0,42.0,386.0,223.0,158.0
-39499.99999999907,-7049250.0,43.0,387.0,275.0,205.0
-39499.99999999907,-6949250.0,39.0,382.0,329.0,161.0
-39499.99999999907,-6849250.0,40.0,380.0,232.0,170.0
-39499.99999999907,-6749250.0,40.0,351.0,242.0,150.0
-39499.99999999907,-6649250.0,41.0,401.0,264.0,155.0
-39499.99999999907,-6549250.0,41.0,393.0,271.0,134.0
-39499.99999999907,-6449250.0,42.0,412.0,318.0,147.0
-39499.99999999907,-6349250.0,41.0,416.0,305.0,126.0
-39499.99999999907,-6249250.0,41.0,417.0,332.0,143.0
-39499.99999999907,-6149250.0,45.0,410.0,300.0,161.0
-39499.99999999907,-6049250.0,44.0,414.0,398.0,154.0
-39499.99999999907,-5949250.0,45.0,404.0,297.0,151.0
-39499.99999999907,-5849250.0,46.0,405.0,301.0,139.0
-39499.99999999907,-5749250.0,46.0,387.0,334.0,182.0
-39499.99999999907,-5549250.0,49.0,389.0,439.0,180.0
-39499.99999999907,-5449250.0,51.0,392.0,549.0,171.0
-39499.99999999907,1050750.0,50.0,364.0,318.0,136.0
-39499.99999999907,1150750.0,50.0,398.0,253.0,147.0
-39499.99999999907,1250750.0,47.0,400.0,271.0,131.0
-39499.99999999907,1350750.0,51.0,389.0,257.0,145.0
-39499.99999999907,1450750.0,46.0,387.0,260.0,151.0
-39499.99999999907,1550750.0,48.0,375.0,418.0,153.0
-39499.99999999907,1650750.0,52.0,359.0,343.0,142.0
-39499.99999999907,1750750.0,49.0,337.0,240.0,149.0
-39499.99999999907,1850750.0,48.0,365.0,231.0,127.0
-39499.99999999907,1950750.0,47.0,360.0,239.0,113.0
-39499.99999999907,2050750.0,46.0,353.0,222.0,93.0
-39499.99999999907,2150750.0,47.0,341.0,238.0,76.0
-39499.99999999907,2250750.0,46.0,352.0,230.0,100.0
-39499.99999999907,2350750.0,46.0,346.0,219.0,103.0
-39499.99999999907,2450750.0,44.0,362.0,272.0,90.0
-39499.99999999907,2550750.0,45.0,344.0,183.0,83.0
-39499.99999999907,2650750.0,45.0,352.0,260.0,118.0
-39499.99999999907,2750750.0,47.0,359.0,250.0,127.0
-39499.99999999907,2850750.0,47.0,367.0,265.0,152.0
-39499.99999999907,2950750.0,48.0,368.0,254.0,136.0
-39499.99999999907,3050750.0,50.0,374.0,293.0,166.0
-39499.99999999907,3150750.0,52.0,383.0,343.0,163.0
-39499.99999999907,3250750.0,53.0,398.0,505.0,281.0
-39499.99999999907,3350750.0,57.0,404.0,447.0,212.0
-39499.99999999907,3450750.0,63.0,370.0,278.0,219.0
-39499.99999999907,3850750.0,59.0,376.0,252.0,235.0
-39499.99999999907,3950750.0,55.0,395.0,393.0,235.0
-39499.99999999907,4050750.0,63.0,388.0,276.0,258.0
-39499.99999999907,4150750.0,49.0,416.0,581.0,314.0
-39499.99999999907,4250750.0,70.0,315.0,104.0,147.0
-39499.99999999907,4350750.0,79.0,301.0,79.0,137.0
-39499.99999999907,4450750.0,76.0,337.0,80.0,153.0
-39499.99999999907,4550750.0,73.0,331.0,101.0,243.0
-39499.99999999907,4650750.0,75.0,331.0,150.0,260.0
-39499.99999999907,11150750.0,50.0,437.0,456.0,193.0
-39499.99999999907,11250750.0,45.0,424.0,302.0,128.0
-39499.99999999907,11350750.0,45.0,406.0,273.0,154.0
-39499.99999999907,11450750.0,47.0,385.0,294.0,219.0
-39499.99999999907,12150750.0,48.0,428.0,400.0,267.0
-39499.99999999907,12250750.0,46.0,397.0,384.0,224.0
-39499.99999999907,12350750.0,48.0,443.0,439.0,234.0
-39499.99999999907,12450750.0,49.0,393.0,396.0,205.0
-39499.99999999907,12550750.0,46.0,420.0,490.0,168.0
-39499.99999999907,12650750.0,50.0,461.0,470.0,201.0
-39499.99999999907,12750750.0,48.0,449.0,450.0,190.0
-39499.99999999907,12850750.0,46.0,393.0,328.0,148.0
-39499.99999999907,12950750.0,47.0,375.0,304.0,249.0
-39499.99999999907,13050750.0,50.0,370.0,313.0,178.0
-39499.99999999907,13350750.0,53.0,392.0,435.0,192.0
-39499.99999999907,14250750.0,51.0,364.0,343.0,224.0
-39499.99999999907,14550750.0,47.0,394.0,310.0,124.0
-139499.99999999907,-8949250.0,65.0,394.0,373.0,286.0
-139499.99999999907,-8749250.0,68.0,398.0,390.0,317.0
-139499.99999999907,-8649250.0,48.0,403.0,484.0,252.0
-139499.99999999907,-8549250.0,46.0,349.0,444.0,232.0
-139499.99999999907,-8449250.0,45.0,337.0,437.0,258.0
-139499.99999999907,-8349250.0,44.0,335.0,434.0,261.0
-139499.99999999907,-8249250.0,44.0,323.0,379.0,239.0
-139499.99999999907,-8149250.0,43.0,348.0,351.0,234.0
-139499.99999999907,-8049250.0,42.0,349.0,431.0,263.0
-139499.99999999907,-7949250.0,43.0,344.0,437.0,238.0
-139499.99999999907,-7849250.0,44.0,334.0,462.0,230.0
-139499.99999999907,-7749250.0,44.0,335.0,497.0,223.0
-139499.99999999907,-7649250.0,43.0,327.0,589.0,258.0
-139499.99999999907,-7549250.0,43.0,352.0,481.0,251.0
-139499.99999999907,-7449250.0,41.0,365.0,354.0,222.0
-139499.99999999907,-7349250.0,42.0,370.0,237.0,217.0
-139499.99999999907,-7249250.0,41.0,353.0,186.0,186.0
-139499.99999999907,-7149250.0,41.0,385.0,234.0,213.0
-139499.99999999907,-7049250.0,40.0,384.0,324.0,155.0
-139499.99999999907,-6949250.0,40.0,376.0,232.0,191.0
-139499.99999999907,-6849250.0,40.0,367.0,253.0,157.0
-139499.99999999907,-6749250.0,41.0,364.0,246.0,132.0
-139499.99999999907,-6649250.0,43.0,395.0,276.0,148.0
-139499.99999999907,-6549250.0,43.0,399.0,260.0,132.0
-139499.99999999907,-6449250.0,44.0,419.0,287.0,154.0
-139499.99999999907,-6349250.0,41.0,390.0,263.0,147.0
-139499.99999999907,-6249250.0,40.0,384.0,262.0,192.0
-139499.99999999907,-6149250.0,45.0,417.0,332.0,151.0
-139499.99999999907,-6049250.0,47.0,401.0,258.0,141.0
-139499.99999999907,-5949250.0,47.0,409.0,234.0,123.0
-139499.99999999907,-5849250.0,47.0,406.0,251.0,147.0
-139499.99999999907,-5749250.0,45.0,391.0,414.0,178.0
-139499.99999999907,-5649250.0,46.0,389.0,474.0,190.0
-139499.99999999907,-5549250.0,45.0,386.0,495.0,135.0
-139499.99999999907,-5449250.0,48.0,401.0,608.0,190.0
-139499.99999999907,-5349250.0,50.0,383.0,330.0,141.0
-139499.99999999907,-5249250.0,47.0,385.0,290.0,107.0
-139499.99999999907,-5149250.0,49.0,396.0,268.0,133.0
-139499.99999999907,1050750.0,49.0,374.0,243.0,146.0
-139499.99999999907,1150750.0,49.0,375.0,293.0,149.0
-139499.99999999907,1250750.0,48.0,406.0,253.0,151.0
-139499.99999999907,1350750.0,48.0,401.0,238.0,148.0
-139499.99999999907,1450750.0,47.0,390.0,280.0,145.0
-139499.99999999907,1550750.0,50.0,389.0,298.0,151.0
-139499.99999999907,1650750.0,53.0,379.0,226.0,173.0
-139499.99999999907,1750750.0,50.0,400.0,256.0,137.0
-139499.99999999907,1850750.0,53.0,390.0,233.0,125.0
-139499.99999999907,1950750.0,48.0,369.0,264.0,110.0
-139499.99999999907,2050750.0,48.0,375.0,275.0,123.0
-139499.99999999907,2150750.0,46.0,370.0,299.0,131.0
-139499.99999999907,2250750.0,46.0,363.0,322.0,119.0
-139499.99999999907,2350750.0,45.0,365.0,247.0,128.0
-139499.99999999907,2450750.0,46.0,364.0,224.0,96.0
-139499.99999999907,2550750.0,45.0,376.0,258.0,128.0
-139499.99999999907,2650750.0,45.0,354.0,243.0,132.0
-139499.99999999907,2750750.0,47.0,381.0,262.0,150.0
-139499.99999999907,2850750.0,48.0,374.0,271.0,140.0
-139499.99999999907,2950750.0,48.0,363.0,265.0,128.0
-139499.99999999907,3050750.0,48.0,369.0,280.0,141.0
-139499.99999999907,3150750.0,50.0,413.0,497.0,232.0
-139499.99999999907,3250750.0,54.0,443.0,489.0,262.0
-139499.99999999907,3350750.0,58.0,370.0,405.0,204.0
-139499.99999999907,3450750.0,58.0,391.0,241.0,212.0
-139499.99999999907,3850750.0,56.0,404.0,370.0,205.0
-139499.99999999907,3950750.0,69.0,368.0,250.0,254.0
-139499.99999999907,4050750.0,69.0,386.0,188.0,257.0
-139499.99999999907,4150750.0,67.0,348.0,169.0,252.0
-139499.99999999907,4250750.0,62.0,327.0,144.0,139.0
-139499.99999999907,4350750.0,71.0,326.0,104.0,158.0
-139499.99999999907,4450750.0,74.0,332.0,101.0,250.0
-139499.99999999907,4550750.0,72.0,359.0,136.0,201.0
-139499.99999999907,4650750.0,72.0,321.0,249.0,251.0
-139499.99999999907,11250750.0,48.0,402.0,331.0,138.0
-139499.99999999907,11350750.0,43.0,404.0,261.0,147.0
-139499.99999999907,11450750.0,45.0,413.0,289.0,156.0
-139499.99999999907,11550750.0,48.0,369.0,349.0,263.0
-139499.99999999907,12250750.0,49.0,423.0,432.0,226.0
-139499.99999999907,12350750.0,46.0,420.0,421.0,193.0
-139499.99999999907,12450750.0,46.0,414.0,318.0,159.0
-139499.99999999907,12550750.0,46.0,416.0,339.0,186.0
-139499.99999999907,12650750.0,47.0,419.0,369.0,183.0
-139499.99999999907,12750750.0,47.0,380.0,286.0,168.0
-139499.99999999907,12850750.0,47.0,437.0,421.0,191.0
-139499.99999999907,12950750.0,45.0,396.0,306.0,212.0
-139499.99999999907,13350750.0,54.0,413.0,342.0,216.0
-139499.99999999907,13550750.0,52.0,412.0,452.0,187.0
-139499.99999999907,14650750.0,48.0,370.0,340.0,212.0
-139499.99999999907,14750750.0,48.0,414.0,374.0,173.0
-139499.99999999907,14850750.0,49.0,443.0,599.0,231.0
-239499.99999999907,-8949250.0,65.0,354.0,177.0,237.0
-239499.99999999907,-8749250.0,59.0,427.0,839.0,356.0
-239499.99999999907,-8649250.0,49.0,399.0,523.0,267.0
-239499.99999999907,-8549250.0,46.0,366.0,463.0,243.0
-239499.99999999907,-8449250.0,41.0,341.0,475.0,234.0
-239499.99999999907,-8349250.0,43.0,328.0,463.0,255.0
-239499.99999999907,-8249250.0,43.0,330.0,462.0,251.0
-239499.99999999907,-8149250.0,43.0,342.0,461.0,231.0
-239499.99999999907,-8049250.0,43.0,339.0,413.0,245.0
-239499.99999999907,-7949250.0,44.0,340.0,425.0,232.0
-239499.99999999907,-7849250.0,45.0,331.0,452.0,216.0
-239499.99999999907,-7749250.0,44.0,324.0,522.0,226.0
-239499.99999999907,-7649250.0,41.0,336.0,713.0,239.0
-239499.99999999907,-7549250.0,43.0,353.0,509.0,249.0
-239499.99999999907,-7449250.0,41.0,365.0,443.0,241.0
-239499.99999999907,-7349250.0,41.0,373.0,332.0,213.0
-239499.99999999907,-7149250.0,42.0,385.0,373.0,215.0
-239499.99999999907,-7049250.0,42.0,373.0,248.0,205.0
-239499.99999999907,-6949250.0,41.0,359.0,239.0,159.0
-239499.99999999907,-6849250.0,43.0,359.0,293.0,150.0
-239499.99999999907,-6749250.0,42.0,385.0,284.0,168.0
-239499.99999999907,-6649250.0,41.0,376.0,237.0,170.0
-239499.99999999907,-6549250.0,41.0,397.0,330.0,125.0
-239499.99999999907,-6449250.0,41.0,389.0,291.0,126.0
-239499.99999999907,-6349250.0,42.0,386.0,261.0,162.0
-239499.99999999907,-6049250.0,48.0,382.0,210.0,161.0
-239499.99999999907,-5949250.0,50.0,385.0,233.0,180.0
-239499.99999999907,-5849250.0,44.0,385.0,330.0,142.0
-239499.99999999907,-5749250.0,44.0,387.0,310.0,136.0
-239499.99999999907,-5649250.0,43.0,383.0,279.0,172.0
-239499.99999999907,-5549250.0,47.0,391.0,369.0,191.0
-239499.99999999907,-5449250.0,46.0,397.0,404.0,215.0
-239499.99999999907,-5349250.0,47.0,391.0,266.0,125.0
-239499.99999999907,-5249250.0,48.0,381.0,212.0,117.0
-239499.99999999907,-5149250.0,50.0,386.0,187.0,136.0
-239499.99999999907,-5049250.0,50.0,375.0,200.0,111.0
-239499.99999999907,1150750.0,49.0,413.0,224.0,152.0
-239499.99999999907,1250750.0,52.0,442.0,276.0,226.0
-239499.99999999907,1350750.0,49.0,390.0,279.0,168.0
-239499.99999999907,1450750.0,50.0,391.0,261.0,151.0
-239499.99999999907,1550750.0,51.0,401.0,244.0,119.0
-239499.99999999907,1650750.0,52.0,419.0,201.0,141.0
-239499.99999999907,1750750.0,53.0,416.0,226.0,183.0
-239499.99999999907,1850750.0,51.0,381.0,203.0,98.0
-239499.99999999907,1950750.0,49.0,384.0,213.0,146.0
-239499.99999999907,2050750.0,48.0,383.0,302.0,131.0
-239499.99999999907,2150750.0,48.0,369.0,331.0,130.0
-239499.99999999907,2250750.0,46.0,384.0,319.0,133.0
-239499.99999999907,2350750.0,46.0,368.0,262.0,122.0
-239499.99999999907,2450750.0,45.0,370.0,297.0,149.0
-239499.99999999907,2550750.0,47.0,355.0,301.0,143.0
-239499.99999999907,2650750.0,48.0,367.0,248.0,135.0
-239499.99999999907,2750750.0,49.0,383.0,262.0,114.0
-239499.99999999907,2850750.0,49.0,368.0,258.0,143.0
-239499.99999999907,2950750.0,49.0,380.0,266.0,142.0
-239499.99999999907,3050750.0,49.0,387.0,482.0,157.0
-239499.99999999907,3150750.0,48.0,396.0,455.0,168.0
-239499.99999999907,3350750.0,59.0,395.0,223.0,172.0
-239499.99999999907,3450750.0,59.0,332.0,203.0,164.0
-239499.99999999907,3850750.0,73.0,363.0,209.0,267.0
-239499.99999999907,3950750.0,70.0,381.0,198.0,191.0
-239499.99999999907,4050750.0,72.0,393.0,160.0,243.0
-239499.99999999907,4150750.0,69.0,400.0,144.0,238.0
-239499.99999999907,4250750.0,66.0,392.0,132.0,199.0
-239499.99999999907,4350750.0,70.0,357.0,120.0,186.0
-239499.99999999907,4450750.0,70.0,339.0,198.0,234.0
-239499.99999999907,4550750.0,58.0,367.0,219.0,201.0
-239499.99999999907,11250750.0,48.0,429.0,457.0,261.0
-239499.99999999907,11350750.0,47.0,436.0,347.0,144.0
-239499.99999999907,11450750.0,46.0,372.0,271.0,203.0
-239499.99999999907,11550750.0,46.0,371.0,287.0,212.0
-239499.99999999907,11650750.0,49.0,377.0,430.0,268.0
-239499.99999999907,12350750.0,47.0,419.0,355.0,194.0
-239499.99999999907,12450750.0,46.0,398.0,309.0,152.0
-239499.99999999907,12550750.0,49.0,433.0,323.0,240.0
-239499.99999999907,12650750.0,47.0,405.0,282.0,186.0
-239499.99999999907,12750750.0,47.0,409.0,314.0,245.0
-239499.99999999907,12850750.0,49.0,434.0,327.0,187.0
-239499.99999999907,13350750.0,50.0,433.0,422.0,222.0
-239499.99999999907,13450750.0,49.0,413.0,360.0,171.0
-239499.99999999907,14750750.0,48.0,358.0,413.0,235.0
-239499.99999999907,14850750.0,49.0,385.0,328.0,204.0
-239499.99999999907,15250750.0,51.0,394.0,490.0,247.0
-239499.99999999907,15450750.0,50.0,415.0,381.0,201.0
-239499.99999999907,16350750.0,50.0,396.0,537.0,212.0
-339499.99999999907,-8849250.0,58.0,384.0,393.0,258.0
-339499.99999999907,-8749250.0,52.0,421.0,737.0,362.0
-339499.99999999907,-8649250.0,46.0,373.0,377.0,226.0
-339499.99999999907,-8549250.0,45.0,364.0,517.0,259.0
-339499.99999999907,-8449250.0,43.0,354.0,569.0,242.0
-339499.99999999907,-8349250.0,42.0,338.0,594.0,279.0
-339499.99999999907,-8249250.0,44.0,336.0,540.0,248.0
-339499.99999999907,-8149250.0,44.0,340.0,379.0,223.0
-339499.99999999907,-8049250.0,46.0,354.0,388.0,201.0
-339499.99999999907,-7949250.0,46.0,351.0,397.0,210.0
-339499.99999999907,-7849250.0,45.0,352.0,415.0,219.0
-339499.99999999907,-7749250.0,43.0,355.0,401.0,221.0
-339499.99999999907,-7649250.0,43.0,328.0,557.0,230.0
-339499.99999999907,-7549250.0,41.0,373.0,334.0,226.0
-339499.99999999907,-7449250.0,41.0,377.0,366.0,233.0
-339499.99999999907,-7349250.0,42.0,393.0,304.0,232.0
-339499.99999999907,-7249250.0,41.0,392.0,317.0,214.0
-339499.99999999907,-7149250.0,41.0,385.0,245.0,167.0
-339499.99999999907,-7049250.0,41.0,365.0,204.0,168.0
-339499.99999999907,-6949250.0,42.0,364.0,301.0,156.0
-339499.99999999907,-6749250.0,41.0,363.0,262.0,119.0
-339499.99999999907,-6649250.0,41.0,384.0,239.0,152.0
-339499.99999999907,-6549250.0,40.0,373.0,213.0,153.0
-339499.99999999907,-6449250.0,46.0,387.0,238.0,181.0
-339499.99999999907,-6349250.0,40.0,378.0,247.0,166.0
-339499.99999999907,-6249250.0,40.0,379.0,213.0,119.0
-339499.99999999907,-6149250.0,44.0,387.0,227.0,166.0
-339499.99999999907,-6049250.0,44.0,397.0,264.0,178.0
-339499.99999999907,-5949250.0,44.0,390.0,226.0,126.0
-339499.99999999907,-5849250.0,47.0,397.0,277.0,155.0
-339499.99999999907,-5749250.0,48.0,410.0,250.0,150.0
-339499.99999999907,-5649250.0,44.0,393.0,234.0,128.0
-339499.99999999907,-5549250.0,44.0,387.0,207.0,133.0
-339499.99999999907,-5449250.0,49.0,390.0,338.0,98.0
-339499.99999999907,-5349250.0,48.0,381.0,194.0,94.0
-339499.99999999907,-5249250.0,47.0,380.0,245.0,108.0
-339499.99999999907,-5149250.0,47.0,374.0,205.0,110.0
-339499.99999999907,-5049250.0,50.0,376.0,228.0,109.0
-339499.99999999907,-4949250.0,55.0,385.0,294.0,209.0
-339499.99999999907,-4849250.0,51.0,375.0,226.0,133.0
-339499.99999999907,-4749250.0,53.0,383.0,185.0,152.0
-339499.99999999907,-4649250.0,55.0,392.0,159.0,130.0
-339499.99999999907,-4549250.0,56.0,400.0,206.0,140.0
-339499.99999999907,-4449250.0,56.0,393.0,220.0,170.0
-339499.99999999907,1250750.0,48.0,408.0,257.0,137.0
-339499.99999999907,1350750.0,49.0,366.0,227.0,117.0
-339499.99999999907,1450750.0,49.0,392.0,246.0,120.0
-339499.99999999907,1550750.0,47.0,384.0,254.0,147.0
-339499.99999999907,1650750.0,51.0,403.0,209.0,174.0
-339499.99999999907,1750750.0,53.0,392.0,213.0,141.0
-339499.99999999907,1850750.0,52.0,370.0,179.0,122.0
-339499.99999999907,1950750.0,51.0,359.0,240.0,135.0
-339499.99999999907,2050750.0,52.0,381.0,211.0,116.0
-339499.99999999907,2150750.0,49.0,376.0,322.0,129.0
-339499.99999999907,2250750.0,47.0,368.0,356.0,134.0
-339499.99999999907,2350750.0,47.0,369.0,273.0,136.0
-339499.99999999907,2450750.0,49.0,355.0,288.0,171.0
-339499.99999999907,2550750.0,45.0,304.0,250.0,127.0
-339499.99999999907,2650750.0,45.0,342.0,235.0,125.0
-339499.99999999907,2750750.0,50.0,358.0,244.0,142.0
-339499.99999999907,2850750.0,55.0,337.0,234.0,151.0
-339499.99999999907,2950750.0,49.0,358.0,243.0,137.0
-339499.99999999907,3050750.0,50.0,406.0,316.0,136.0
-339499.99999999907,3150750.0,52.0,415.0,306.0,154.0
-339499.99999999907,3250750.0,67.0,341.0,218.0,199.0
-339499.99999999907,3350750.0,56.0,343.0,276.0,112.0
-339499.99999999907,3450750.0,55.0,308.0,247.0,119.0
-339499.99999999907,3550750.0,60.0,242.0,145.0,115.0
-339499.99999999907,3650750.0,64.0,283.0,130.0,182.0
-339499.99999999907,3750750.0,66.0,323.0,88.0,216.0
-339499.99999999907,3850750.0,76.0,394.0,147.0,255.0
-339499.99999999907,3950750.0,69.0,367.0,153.0,226.0
-339499.99999999907,4050750.0,78.0,393.0,163.0,260.0
-339499.99999999907,4150750.0,56.0,412.0,572.0,318.0
-339499.99999999907,4250750.0,62.0,356.0,302.0,177.0
-339499.99999999907,4350750.0,71.0,356.0,152.0,173.0
-339499.99999999907,4450750.0,63.0,345.0,193.0,179.0
-339499.99999999907,11350750.0,47.0,439.0,385.0,202.0
-339499.99999999907,11450750.0,47.0,427.0,387.0,195.0
-339499.99999999907,11550750.0,46.0,423.0,413.0,210.0
-339499.99999999907,11650750.0,54.0,407.0,400.0,291.0
-339499.99999999907,11750750.0,49.0,400.0,383.0,247.0
-339499.99999999907,12050750.0,53.0,437.0,502.0,265.0
-339499.99999999907,12550750.0,49.0,447.0,361.0,272.0
-339499.99999999907,12650750.0,47.0,402.0,341.0,236.0
-339499.99999999907,12750750.0,51.0,438.0,497.0,291.0
-339499.99999999907,12850750.0,49.0,389.0,393.0,225.0
-339499.99999999907,13250750.0,48.0,464.0,386.0,163.0
-339499.99999999907,13350750.0,51.0,465.0,447.0,253.0
-339499.99999999907,13550750.0,48.0,416.0,332.0,159.0
-339499.99999999907,14350750.0,48.0,397.0,327.0,134.0
-339499.99999999907,14450750.0,50.0,380.0,298.0,114.0
-339499.99999999907,14750750.0,50.0,408.0,370.0,225.0
-339499.99999999907,14850750.0,48.0,354.0,277.0,157.0
-339499.99999999907,14950750.0,50.0,424.0,324.0,172.0
-339499.99999999907,15150750.0,49.0,394.0,511.0,280.0
-339499.99999999907,15250750.0,50.0,404.0,429.0,251.0
-339499.99999999907,15350750.0,49.0,403.0,469.0,246.0
-339499.99999999907,15450750.0,50.0,402.0,336.0,198.0
-339499.99999999907,15550750.0,51.0,424.0,317.0,214.0
-339499.99999999907,15650750.0,49.0,427.0,261.0,180.0
-339499.99999999907,15750750.0,51.0,416.0,284.0,192.0
-439499.99999999907,-8949250.0,65.0,390.0,273.0,168.0
-439499.99999999907,-8849250.0,60.0,380.0,272.0,195.0
-439499.99999999907,-8749250.0,53.0,429.0,730.0,263.0
-439499.99999999907,-8649250.0,47.0,385.0,356.0,260.0
-439499.99999999907,-8549250.0,47.0,341.0,474.0,239.0
-439499.99999999907,-8449250.0,46.0,344.0,465.0,237.0
-439499.99999999907,-8349250.0,44.0,358.0,567.0,277.0
-439499.99999999907,-8249250.0,45.0,386.0,407.0,244.0
-439499.99999999907,-8049250.0,45.0,392.0,304.0,173.0
-439499.99999999907,-7949250.0,43.0,376.0,349.0,192.0
-439499.99999999907,-7849250.0,44.0,356.0,378.0,190.0
-439499.99999999907,-7749250.0,41.0,357.0,360.0,190.0
-439499.99999999907,-7649250.0,43.0,374.0,344.0,190.0
-439499.99999999907,-7549250.0,40.0,388.0,318.0,202.0
-439499.99999999907,-7449250.0,40.0,391.0,315.0,175.0
-439499.99999999907,-7349250.0,41.0,381.0,320.0,186.0
-439499.99999999907,-7249250.0,39.0,388.0,279.0,178.0
-439499.99999999907,-7149250.0,39.0,366.0,211.0,159.0
-439499.99999999907,-7049250.0,42.0,363.0,257.0,160.0
-439499.99999999907,-6949250.0,40.0,367.0,280.0,165.0
-439499.99999999907,-6849250.0,40.0,364.0,279.0,183.0
-439499.99999999907,-6749250.0,40.0,362.0,248.0,150.0
-439499.99999999907,-6549250.0,43.0,375.0,250.0,203.0
-439499.99999999907,-6449250.0,40.0,366.0,226.0,171.0
-439499.99999999907,-6349250.0,41.0,401.0,283.0,152.0
-439499.99999999907,-6249250.0,42.0,394.0,281.0,148.0
-439499.99999999907,-6149250.0,40.0,406.0,253.0,167.0
-439499.99999999907,-6049250.0,46.0,414.0,238.0,142.0
-439499.99999999907,-5949250.0,44.0,395.0,234.0,129.0
-439499.99999999907,-5849250.0,43.0,410.0,270.0,127.0
-439499.99999999907,-5749250.0,44.0,403.0,236.0,129.0
-439499.99999999907,-5649250.0,46.0,405.0,234.0,134.0
-439499.99999999907,-5449250.0,46.0,382.0,258.0,100.0
-439499.99999999907,-5349250.0,49.0,391.0,254.0,95.0
-439499.99999999907,-5249250.0,47.0,381.0,234.0,99.0
-439499.99999999907,-5149250.0,49.0,404.0,224.0,108.0
-439499.99999999907,-5049250.0,53.0,385.0,234.0,100.0
-439499.99999999907,-4949250.0,53.0,374.0,184.0,118.0
-439499.99999999907,-4849250.0,54.0,369.0,203.0,118.0
-439499.99999999907,-4749250.0,56.0,364.0,193.0,121.0
-439499.99999999907,-4649250.0,55.0,377.0,136.0,137.0
-439499.99999999907,-4549250.0,57.0,421.0,205.0,133.0
-439499.99999999907,-4449250.0,60.0,341.0,186.0,176.0
-439499.99999999907,-4349250.0,60.0,371.0,113.0,153.0
-439499.99999999907,1250750.0,52.0,377.0,179.0,107.0
-439499.99999999907,1350750.0,49.0,374.0,262.0,152.0
-439499.99999999907,1450750.0,56.0,378.0,243.0,137.0
-439499.99999999907,1550750.0,52.0,406.0,234.0,126.0
-439499.99999999907,1650750.0,50.0,379.0,294.0,168.0
-439499.99999999907,1750750.0,51.0,386.0,159.0,150.0
-439499.99999999907,1850750.0,50.0,384.0,178.0,86.0
-439499.99999999907,1950750.0,51.0,372.0,179.0,67.0
-439499.99999999907,2050750.0,51.0,309.0,165.0,83.0
-439499.99999999907,2150750.0,50.0,344.0,268.0,134.0
-439499.99999999907,2250750.0,50.0,378.0,271.0,130.0
-439499.99999999907,2350750.0,50.0,370.0,237.0,137.0
-439499.99999999907,2450750.0,49.0,394.0,248.0,123.0
-439499.99999999907,2550750.0,48.0,343.0,224.0,127.0
-439499.99999999907,2650750.0,50.0,318.0,246.0,119.0
-439499.99999999907,2750750.0,51.0,345.0,235.0,140.0
-439499.99999999907,2850750.0,54.0,344.0,227.0,122.0
-439499.99999999907,2950750.0,51.0,304.0,203.0,104.0
-439499.99999999907,3050750.0,52.0,352.0,208.0,114.0
-439499.99999999907,3150750.0,52.0,349.0,304.0,144.0
-439499.99999999907,3350750.0,56.0,367.0,250.0,125.0
-439499.99999999907,3450750.0,57.0,282.0,200.0,124.0
-439499.99999999907,3550750.0,58.0,258.0,210.0,96.0
-439499.99999999907,3650750.0,58.0,283.0,83.0,142.0
-439499.99999999907,3750750.0,73.0,329.0,128.0,252.0
-439499.99999999907,3850750.0,86.0,330.0,101.0,244.0
-439499.99999999907,3950750.0,57.0,383.0,358.0,244.0
-439499.99999999907,4050750.0,74.0,377.0,157.0,269.0
-439499.99999999907,4150750.0,73.0,371.0,115.0,240.0
-439499.99999999907,4250750.0,69.0,371.0,125.0,199.0
-439499.99999999907,4350750.0,66.0,343.0,212.0,188.0
-439499.99999999907,11450750.0,48.0,452.0,514.0,236.0
-439499.99999999907,11550750.0,52.0,451.0,467.0,287.0
-439499.99999999907,11650750.0,51.0,431.0,481.0,238.0
-439499.99999999907,11750750.0,49.0,453.0,492.0,283.0
-439499.99999999907,13350750.0,53.0,399.0,346.0,277.0
-439499.99999999907,13550750.0,51.0,410.0,509.0,236.0
-439499.99999999907,13650750.0,51.0,399.0,340.0,167.0
-439499.99999999907,15050750.0,49.0,392.0,411.0,236.0
-439499.99999999907,15150750.0,53.0,430.0,535.0,294.0
-439499.99999999907,15250750.0,50.0,443.0,855.0,389.0
-439499.99999999907,15350750.0,50.0,457.0,754.0,339.0
-439499.99999999907,15450750.0,54.0,449.0,468.0,231.0
-439499.99999999907,15550750.0,51.0,424.0,313.0,217.0
-439499.99999999907,15650750.0,51.0,433.0,320.0,250.0
-439499.99999999907,15750750.0,52.0,420.0,291.0,245.0
-439499.99999999907,15850750.0,50.0,370.0,294.0,232.0
-439499.99999999907,15950750.0,50.0,394.0,263.0,168.0
-439499.99999999907,16050750.0,52.0,397.0,341.0,240.0
-539499.9999999991,-8949250.0,76.0,369.0,144.0,187.0
-539499.9999999991,-8849250.0,64.0,374.0,365.0,203.0
-539499.9999999991,-8749250.0,51.0,416.0,365.0,254.0
-539499.9999999991,-8649250.0,49.0,425.0,469.0,268.0
-539499.9999999991,-8449250.0,45.0,368.0,340.0,200.0
-539499.9999999991,-8249250.0,44.0,389.0,324.0,233.0
-539499.9999999991,-8149250.0,41.0,376.0,329.0,173.0
-539499.9999999991,-8049250.0,42.0,384.0,298.0,166.0
-539499.9999999991,-7949250.0,43.0,363.0,329.0,193.0
-539499.9999999991,-7849250.0,43.0,366.0,338.0,181.0
-539499.9999999991,-7749250.0,42.0,371.0,325.0,167.0
-539499.9999999991,-7649250.0,43.0,366.0,304.0,170.0
-539499.9999999991,-7549250.0,42.0,395.0,306.0,161.0
-539499.9999999991,-7449250.0,39.0,400.0,326.0,228.0
-539499.9999999991,-7349250.0,41.0,399.0,295.0,233.0
-539499.9999999991,-7249250.0,40.0,380.0,279.0,180.0
-539499.9999999991,-7149250.0,41.0,378.0,290.0,171.0
-539499.9999999991,-7049250.0,38.0,371.0,267.0,167.0
-539499.9999999991,-6849250.0,39.0,367.0,253.0,168.0
-539499.9999999991,-6749250.0,40.0,379.0,267.0,168.0
-539499.9999999991,-6649250.0,39.0,359.0,244.0,168.0
-539499.9999999991,-6549250.0,41.0,376.0,231.0,161.0
-539499.9999999991,-6449250.0,41.0,401.0,228.0,162.0
-539499.9999999991,-6349250.0,42.0,411.0,356.0,151.0
-539499.9999999991,-6249250.0,42.0,400.0,243.0,170.0
-539499.9999999991,-6149250.0,42.0,398.0,297.0,143.0
-539499.9999999991,-6049250.0,43.0,413.0,234.0,122.0
-539499.9999999991,-5949250.0,43.0,395.0,233.0,120.0
-539499.9999999991,-5849250.0,45.0,412.0,244.0,109.0
-539499.9999999991,-5749250.0,44.0,388.0,438.0,130.0
-539499.9999999991,-5649250.0,45.0,404.0,238.0,102.0
-539499.9999999991,-5549250.0,46.0,402.0,261.0,125.0
-539499.9999999991,-5449250.0,46.0,398.0,229.0,107.0
-539499.9999999991,-5349250.0,49.0,351.0,278.0,109.0
-539499.9999999991,-5249250.0,49.0,362.0,278.0,99.0
-539499.9999999991,-5149250.0,51.0,373.0,382.0,110.0
-539499.9999999991,-5049250.0,53.0,381.0,246.0,92.0
-539499.9999999991,-4949250.0,55.0,384.0,250.0,112.0
-539499.9999999991,-4849250.0,55.0,378.0,148.0,111.0
-539499.9999999991,-4749250.0,56.0,385.0,174.0,123.0
-539499.9999999991,-4649250.0,53.0,336.0,137.0,136.0
-539499.9999999991,-4549250.0,60.0,333.0,111.0,159.0
-539499.9999999991,-4449250.0,59.0,376.0,188.0,182.0
-539499.9999999991,-4349250.0,61.0,384.0,148.0,162.0
-539499.9999999991,-4249250.0,61.0,380.0,113.0,172.0
-539499.9999999991,1350750.0,52.0,369.0,178.0,122.0
-539499.9999999991,1450750.0,49.0,378.0,257.0,111.0
-539499.9999999991,1550750.0,52.0,360.0,217.0,135.0
-539499.9999999991,1650750.0,54.0,397.0,232.0,125.0
-539499.9999999991,1750750.0,52.0,405.0,170.0,128.0
-539499.9999999991,1850750.0,51.0,401.0,155.0,109.0
-539499.9999999991,1950750.0,51.0,362.0,174.0,92.0
-539499.9999999991,2050750.0,50.0,318.0,190.0,101.0
-539499.9999999991,2150750.0,51.0,328.0,211.0,83.0
-539499.9999999991,2250750.0,49.0,361.0,253.0,126.0
-539499.9999999991,2350750.0,53.0,359.0,334.0,143.0
-539499.9999999991,2450750.0,52.0,334.0,213.0,140.0
-539499.9999999991,2550750.0,50.0,297.0,223.0,99.0
-539499.9999999991,2650750.0,54.0,350.0,280.0,127.0
-539499.9999999991,2750750.0,54.0,298.0,168.0,138.0
-539499.9999999991,2850750.0,54.0,289.0,231.0,106.0
-539499.9999999991,2950750.0,53.0,335.0,169.0,103.0
-539499.9999999991,3050750.0,56.0,359.0,237.0,112.0
-539499.9999999991,3150750.0,56.0,343.0,182.0,104.0
-539499.9999999991,3350750.0,56.0,294.0,170.0,125.0
-539499.9999999991,3450750.0,57.0,260.0,200.0,101.0
-539499.9999999991,3550750.0,55.0,266.0,191.0,91.0
-539499.9999999991,3650750.0,53.0,252.0,108.0,163.0
-539499.9999999991,3750750.0,55.0,292.0,115.0,190.0
-539499.9999999991,3850750.0,57.0,324.0,105.0,170.0
-539499.9999999991,3950750.0,65.0,363.0,152.0,211.0
-539499.9999999991,4050750.0,63.0,365.0,142.0,162.0
-539499.9999999991,4150750.0,67.0,382.0,143.0,172.0
-539499.9999999991,4250750.0,69.0,393.0,319.0,232.0
-539499.9999999991,4350750.0,63.0,359.0,298.0,217.0
-539499.9999999991,11550750.0,51.0,448.0,429.0,229.0
-539499.9999999991,11650750.0,52.0,436.0,314.0,219.0
-539499.9999999991,11750750.0,53.0,418.0,260.0,185.0
-539499.9999999991,13350750.0,54.0,432.0,489.0,238.0
-539499.9999999991,13650750.0,54.0,380.0,237.0,195.0
-539499.9999999991,15250750.0,51.0,389.0,171.0,231.0
-539499.9999999991,15350750.0,50.0,368.0,395.0,247.0
-539499.9999999991,15450750.0,51.0,373.0,484.0,273.0
-539499.9999999991,15550750.0,50.0,398.0,455.0,233.0
-539499.9999999991,15650750.0,53.0,503.0,838.0,330.0
-539499.9999999991,15750750.0,54.0,472.0,590.0,288.0
-539499.9999999991,15850750.0,53.0,433.0,513.0,216.0
-539499.9999999991,15950750.0,54.0,433.0,527.0,223.0
-539499.9999999991,16050750.0,56.0,433.0,583.0,294.0
-539499.9999999991,16150750.0,55.0,412.0,469.0,308.0
-539499.9999999991,16950750.0,52.0,401.0,353.0,227.0
-639499.9999999991,-8949250.0,77.0,362.0,98.0,180.0
-639499.9999999991,-8849250.0,62.0,371.0,382.0,220.0
-639499.9999999991,-8749250.0,67.0,404.0,302.0,258.0
-639499.9999999991,-8649250.0,54.0,421.0,880.0,402.0
-639499.9999999991,-8549250.0,51.0,430.0,582.0,304.0
-639499.9999999991,-8449250.0,46.0,359.0,319.0,184.0
-639499.9999999991,-8349250.0,45.0,360.0,292.0,165.0
-639499.9999999991,-8249250.0,44.0,355.0,305.0,204.0
-639499.9999999991,-8149250.0,41.0,360.0,281.0,184.0
-639499.9999999991,-8049250.0,41.0,394.0,370.0,211.0
-639499.9999999991,-7949250.0,41.0,395.0,295.0,163.0
-639499.9999999991,-7849250.0,41.0,379.0,275.0,179.0
-639499.9999999991,-7749250.0,41.0,375.0,259.0,178.0
-639499.9999999991,-7649250.0,40.0,388.0,277.0,216.0
-639499.9999999991,-7549250.0,40.0,375.0,297.0,181.0
-639499.9999999991,-7449250.0,39.0,386.0,314.0,214.0
-639499.9999999991,-7349250.0,40.0,380.0,310.0,201.0
-639499.9999999991,-7249250.0,41.0,374.0,353.0,233.0
-639499.9999999991,-7149250.0,42.0,375.0,312.0,180.0
-639499.9999999991,-7049250.0,43.0,392.0,265.0,180.0
-639499.9999999991,-6949250.0,39.0,376.0,287.0,164.0
-639499.9999999991,-6849250.0,39.0,375.0,265.0,156.0
-639499.9999999991,-6749250.0,39.0,387.0,277.0,171.0
-639499.9999999991,-6649250.0,41.0,391.0,256.0,176.0
-639499.9999999991,-6549250.0,41.0,387.0,240.0,145.0
-639499.9999999991,-6449250.0,40.0,399.0,259.0,183.0
-639499.9999999991,-6349250.0,42.0,423.0,273.0,140.0
-639499.9999999991,-6249250.0,40.0,418.0,405.0,171.0
-639499.9999999991,-6149250.0,40.0,399.0,302.0,153.0
-639499.9999999991,-6049250.0,43.0,382.0,344.0,148.0
-639499.9999999991,-5949250.0,44.0,396.0,290.0,135.0
-639499.9999999991,-5849250.0,45.0,404.0,272.0,130.0
-639499.9999999991,-5749250.0,47.0,406.0,274.0,132.0
-639499.9999999991,-5649250.0,45.0,409.0,272.0,124.0
-639499.9999999991,-5549250.0,47.0,402.0,244.0,122.0
-639499.9999999991,-5449250.0,48.0,360.0,269.0,123.0
-639499.9999999991,-5349250.0,51.0,354.0,255.0,128.0
-639499.9999999991,-5249250.0,54.0,344.0,216.0,107.0
-639499.9999999991,-5149250.0,54.0,332.0,145.0,116.0
-639499.9999999991,-5049250.0,52.0,319.0,169.0,103.0
-639499.9999999991,-4949250.0,53.0,312.0,175.0,106.0
-639499.9999999991,-4849250.0,55.0,339.0,198.0,103.0
-639499.9999999991,-4749250.0,53.0,367.0,267.0,96.0
-639499.9999999991,-4649250.0,54.0,293.0,98.0,174.0
-639499.9999999991,-4549250.0,60.0,331.0,109.0,157.0
-639499.9999999991,-4449250.0,61.0,342.0,166.0,163.0
-639499.9999999991,-4349250.0,60.0,388.0,104.0,177.0
-639499.9999999991,-4249250.0,63.0,359.0,110.0,187.0
-639499.9999999991,-4149250.0,64.0,340.0,106.0,193.0
-639499.9999999991,-4049250.0,67.0,360.0,123.0,200.0
-639499.9999999991,-3949250.0,55.0,344.0,151.0,115.0
-639499.9999999991,1450750.0,56.0,356.0,169.0,123.0
-639499.9999999991,1550750.0,55.0,350.0,163.0,123.0
-639499.9999999991,1650750.0,51.0,395.0,241.0,190.0
-639499.9999999991,1750750.0,53.0,432.0,175.0,121.0
-639499.9999999991,1850750.0,51.0,374.0,177.0,125.0
-639499.9999999991,1950750.0,50.0,330.0,223.0,111.0
-639499.9999999991,2050750.0,50.0,341.0,243.0,112.0
-639499.9999999991,2150750.0,53.0,345.0,163.0,107.0
-639499.9999999991,2250750.0,54.0,332.0,150.0,100.0
-639499.9999999991,2350750.0,54.0,282.0,167.0,79.0
-639499.9999999991,2450750.0,51.0,313.0,248.0,107.0
-639499.9999999991,2550750.0,55.0,328.0,196.0,91.0
-639499.9999999991,2650750.0,55.0,297.0,200.0,81.0
-639499.9999999991,2750750.0,54.0,308.0,177.0,98.0
-639499.9999999991,2850750.0,57.0,333.0,142.0,102.0
-639499.9999999991,2950750.0,54.0,345.0,198.0,123.0
-639499.9999999991,3050750.0,54.0,357.0,229.0,109.0
-639499.9999999991,3150750.0,54.0,338.0,163.0,121.0
-639499.9999999991,3250750.0,55.0,318.0,170.0,111.0
-639499.9999999991,3350750.0,54.0,300.0,172.0,134.0
-639499.9999999991,3450750.0,55.0,288.0,167.0,116.0
-639499.9999999991,3550750.0,54.0,262.0,130.0,124.0
-639499.9999999991,3650750.0,53.0,303.0,87.0,121.0
-639499.9999999991,3750750.0,55.0,280.0,112.0,117.0
-639499.9999999991,3850750.0,52.0,287.0,96.0,134.0
-639499.9999999991,3950750.0,64.0,327.0,100.0,248.0
-639499.9999999991,4050750.0,64.0,380.0,144.0,273.0
-639499.9999999991,4150750.0,63.0,370.0,180.0,171.0
-639499.9999999991,4250750.0,63.0,374.0,219.0,159.0
-639499.9999999991,11650750.0,51.0,438.0,410.0,232.0
-639499.9999999991,14950750.0,51.0,384.0,393.0,244.0
-639499.9999999991,15450750.0,51.0,371.0,489.0,280.0
-639499.9999999991,15550750.0,53.0,364.0,526.0,284.0
-639499.9999999991,15650750.0,52.0,397.0,589.0,264.0
-639499.9999999991,15750750.0,53.0,404.0,571.0,270.0
-639499.9999999991,15850750.0,52.0,467.0,703.0,273.0
-639499.9999999991,15950750.0,54.0,483.0,628.0,278.0
-639499.9999999991,16050750.0,52.0,443.0,475.0,269.0
-639499.9999999991,16150750.0,51.0,442.0,569.0,268.0
-639499.9999999991,16250750.0,47.0,436.0,598.0,250.0
-639499.9999999991,16550750.0,51.0,429.0,369.0,228.0
-639499.9999999991,16650750.0,52.0,423.0,512.0,231.0
-639499.9999999991,16750750.0,52.0,424.0,475.0,218.0
-639499.9999999991,17250750.0,53.0,409.0,500.0,271.0
-739499.9999999991,-8849250.0,79.0,323.0,180.0,109.0
-739499.9999999991,-8749250.0,59.0,399.0,499.0,222.0
-739499.9999999991,-8649250.0,60.0,399.0,519.0,292.0
-739499.9999999991,-8549250.0,59.0,405.0,433.0,227.0
-739499.9999999991,-8449250.0,49.0,405.0,319.0,191.0
-739499.9999999991,-8349250.0,47.0,373.0,301.0,184.0
-739499.9999999991,-8249250.0,45.0,376.0,285.0,155.0
-739499.9999999991,-8149250.0,42.0,360.0,282.0,203.0
-739499.9999999991,-8049250.0,41.0,395.0,343.0,166.0
-739499.9999999991,-7949250.0,43.0,367.0,326.0,189.0
-739499.9999999991,-7849250.0,42.0,367.0,252.0,158.0
-739499.9999999991,-7749250.0,41.0,357.0,298.0,199.0
-739499.9999999991,-7649250.0,41.0,374.0,275.0,189.0
-739499.9999999991,-7549250.0,41.0,381.0,274.0,202.0
-739499.9999999991,-7449250.0,40.0,387.0,270.0,189.0
-739499.9999999991,-7349250.0,39.0,375.0,308.0,212.0
-739499.9999999991,-7249250.0,39.0,378.0,349.0,197.0
-739499.9999999991,-7149250.0,40.0,385.0,312.0,169.0
-739499.9999999991,-7049250.0,41.0,374.0,255.0,152.0
-739499.9999999991,-6949250.0,40.0,385.0,250.0,158.0
-739499.9999999991,-6849250.0,40.0,381.0,296.0,160.0
-739499.9999999991,-6749250.0,40.0,393.0,243.0,176.0
-739499.9999999991,-6649250.0,40.0,401.0,274.0,162.0
-739499.9999999991,-6549250.0,40.0,399.0,224.0,147.0
-739499.9999999991,-6449250.0,40.0,412.0,320.0,172.0
-739499.9999999991,-6349250.0,40.0,423.0,256.0,165.0
-739499.9999999991,-6249250.0,42.0,415.0,257.0,151.0
-739499.9999999991,-6149250.0,41.0,401.0,279.0,168.0
-739499.9999999991,-6049250.0,47.0,408.0,440.0,145.0
-739499.9999999991,-5949250.0,47.0,411.0,342.0,139.0
-739499.9999999991,-5849250.0,46.0,410.0,402.0,140.0
-739499.9999999991,-5749250.0,48.0,383.0,276.0,135.0
-739499.9999999991,-5649250.0,48.0,411.0,335.0,145.0
-739499.9999999991,-5549250.0,48.0,408.0,245.0,128.0
-739499.9999999991,-5449250.0,49.0,360.0,245.0,100.0
-739499.9999999991,-5349250.0,51.0,364.0,239.0,109.0
-739499.9999999991,-5249250.0,54.0,352.0,226.0,109.0
-739499.9999999991,-5149250.0,53.0,331.0,160.0,116.0
-739499.9999999991,-5049250.0,55.0,309.0,131.0,108.0
-739499.9999999991,-4949250.0,54.0,324.0,193.0,108.0
-739499.9999999991,-4849250.0,53.0,342.0,202.0,99.0
-739499.9999999991,-4749250.0,57.0,321.0,135.0,132.0
-739499.9999999991,-4649250.0,56.0,292.0,79.0,110.0
-739499.9999999991,-4549250.0,57.0,327.0,96.0,163.0
-739499.9999999991,-4449250.0,59.0,329.0,136.0,165.0
-739499.9999999991,-4349250.0,61.0,348.0,113.0,159.0
-739499.9999999991,-4249250.0,62.0,385.0,145.0,163.0
-739499.9999999991,-4149250.0,60.0,348.0,108.0,241.0
-739499.9999999991,-4049250.0,66.0,369.0,121.0,180.0
-739499.9999999991,-3949250.0,60.0,363.0,172.0,201.0
-739499.9999999991,1450750.0,64.0,375.0,147.0,147.0
-739499.9999999991,1650750.0,53.0,373.0,244.0,213.0
-739499.9999999991,1750750.0,52.0,339.0,219.0,130.0
-739499.9999999991,1850750.0,53.0,360.0,220.0,122.0
-739499.9999999991,1950750.0,50.0,347.0,223.0,159.0
-739499.9999999991,2050750.0,51.0,320.0,195.0,101.0
-739499.9999999991,2150750.0,52.0,325.0,143.0,65.0
-739499.9999999991,2250750.0,54.0,297.0,154.0,78.0
-739499.9999999991,2350750.0,55.0,311.0,182.0,136.0
-739499.9999999991,2450750.0,55.0,310.0,171.0,95.0
-739499.9999999991,2550750.0,55.0,311.0,127.0,59.0
-739499.9999999991,2650750.0,52.0,284.0,151.0,59.0
-739499.9999999991,2750750.0,55.0,349.0,157.0,114.0
-739499.9999999991,2850750.0,53.0,323.0,149.0,91.0
-739499.9999999991,2950750.0,55.0,331.0,229.0,125.0
-739499.9999999991,3050750.0,55.0,331.0,238.0,102.0
-739499.9999999991,3150750.0,55.0,305.0,160.0,108.0
-739499.9999999991,3250750.0,53.0,355.0,166.0,121.0
-739499.9999999991,3450750.0,58.0,330.0,147.0,140.0
-739499.9999999991,3550750.0,56.0,272.0,93.0,75.0
-739499.9999999991,3650750.0,56.0,311.0,134.0,150.0
-739499.9999999991,3750750.0,60.0,302.0,80.0,117.0
-739499.9999999991,3850750.0,62.0,315.0,80.0,153.0
-739499.9999999991,3950750.0,64.0,296.0,87.0,183.0
-739499.9999999991,4050750.0,66.0,353.0,106.0,228.0
-739499.9999999991,4150750.0,65.0,334.0,132.0,168.0
-739499.9999999991,4250750.0,68.0,365.0,136.0,152.0
-739499.9999999991,11850750.0,53.0,440.0,493.0,222.0
-739499.9999999991,11950750.0,53.0,436.0,393.0,205.0
-739499.9999999991,12050750.0,55.0,440.0,295.0,235.0
-739499.9999999991,12350750.0,54.0,381.0,447.0,166.0
-739499.9999999991,15450750.0,50.0,395.0,489.0,278.0
-739499.9999999991,15550750.0,52.0,399.0,418.0,270.0
-739499.9999999991,15650750.0,50.0,392.0,492.0,229.0
-739499.9999999991,15750750.0,53.0,377.0,423.0,273.0
-739499.9999999991,15850750.0,52.0,395.0,436.0,252.0
-739499.9999999991,15950750.0,51.0,413.0,664.0,232.0
-739499.9999999991,16050750.0,52.0,430.0,609.0,255.0
-739499.9999999991,16150750.0,54.0,447.0,620.0,270.0
-739499.9999999991,16250750.0,53.0,455.0,503.0,264.0
-739499.9999999991,16350750.0,52.0,437.0,475.0,255.0
-739499.9999999991,16450750.0,53.0,423.0,374.0,247.0
-839499.9999999991,-8749250.0,75.0,345.0,195.0,159.0
-839499.9999999991,-8649250.0,65.0,381.0,326.0,202.0
-839499.9999999991,-8549250.0,53.0,405.0,393.0,258.0
-839499.9999999991,-8449250.0,52.0,425.0,337.0,169.0
-839499.9999999991,-8349250.0,47.0,370.0,314.0,170.0
-839499.9999999991,-8249250.0,46.0,369.0,312.0,161.0
-839499.9999999991,-8149250.0,46.0,365.0,325.0,166.0
-839499.9999999991,-8049250.0,44.0,343.0,327.0,149.0
-839499.9999999991,-7949250.0,46.0,368.0,292.0,158.0
-839499.9999999991,-7849250.0,43.0,362.0,270.0,162.0
-839499.9999999991,-7749250.0,45.0,365.0,301.0,182.0
-839499.9999999991,-7649250.0,41.0,365.0,283.0,155.0
-839499.9999999991,-7549250.0,41.0,382.0,303.0,165.0
-839499.9999999991,-7449250.0,40.0,374.0,273.0,179.0
-839499.9999999991,-7349250.0,40.0,382.0,274.0,184.0
-839499.9999999991,-7249250.0,40.0,382.0,277.0,175.0
-839499.9999999991,-7149250.0,41.0,380.0,312.0,163.0
-839499.9999999991,-7049250.0,40.0,393.0,260.0,146.0
-839499.9999999991,-6949250.0,39.0,390.0,246.0,157.0
-839499.9999999991,-6849250.0,39.0,412.0,238.0,227.0
-839499.9999999991,-6749250.0,39.0,402.0,323.0,176.0
-839499.9999999991,-6649250.0,41.0,397.0,220.0,142.0
-839499.9999999991,-6549250.0,40.0,391.0,233.0,156.0
-839499.9999999991,-6449250.0,41.0,404.0,259.0,155.0
-839499.9999999991,-6349250.0,41.0,412.0,235.0,164.0
-839499.9999999991,-6249250.0,42.0,408.0,255.0,170.0
-839499.9999999991,-6149250.0,42.0,403.0,225.0,158.0
-839499.9999999991,-6049250.0,46.0,380.0,283.0,136.0
-839499.9999999991,-5949250.0,47.0,361.0,331.0,143.0
-839499.9999999991,-5849250.0,48.0,382.0,280.0,143.0
-839499.9999999991,-5749250.0,48.0,371.0,325.0,138.0
-839499.9999999991,-5649250.0,46.0,385.0,287.0,144.0
-839499.9999999991,-5549250.0,48.0,350.0,241.0,108.0
-839499.9999999991,-5449250.0,50.0,325.0,213.0,107.0
-839499.9999999991,-5349250.0,51.0,351.0,191.0,113.0
-839499.9999999991,-5249250.0,52.0,347.0,227.0,111.0
-839499.9999999991,-5149250.0,52.0,331.0,195.0,140.0
-839499.9999999991,-5049250.0,56.0,342.0,170.0,105.0
-839499.9999999991,-4949250.0,53.0,295.0,119.0,95.0
-839499.9999999991,-4849250.0,55.0,298.0,117.0,102.0
-839499.9999999991,-4749250.0,57.0,321.0,109.0,176.0
-839499.9999999991,-4649250.0,56.0,289.0,91.0,138.0
-839499.9999999991,-4549250.0,65.0,344.0,97.0,199.0
-839499.9999999991,-4449250.0,62.0,360.0,160.0,185.0
-839499.9999999991,-4349250.0,59.0,350.0,108.0,162.0
-839499.9999999991,-4249250.0,61.0,344.0,148.0,165.0
-839499.9999999991,-4149250.0,62.0,366.0,139.0,179.0
-839499.9999999991,-4049250.0,70.0,361.0,125.0,157.0
-839499.9999999991,-3949250.0,58.0,382.0,225.0,175.0
-839499.9999999991,1550750.0,62.0,368.0,123.0,223.0
-839499.9999999991,1650750.0,52.0,356.0,209.0,187.0
-839499.9999999991,1750750.0,51.0,316.0,142.0,126.0
-839499.9999999991,1850750.0,54.0,338.0,160.0,122.0
-839499.9999999991,1950750.0,53.0,330.0,190.0,99.0
-839499.9999999991,2050750.0,53.0,338.0,162.0,101.0
-839499.9999999991,2150750.0,53.0,328.0,163.0,63.0
-839499.9999999991,2250750.0,54.0,316.0,179.0,106.0
-839499.9999999991,2350750.0,54.0,327.0,143.0,83.0
-839499.9999999991,2450750.0,53.0,329.0,171.0,92.0
-839499.9999999991,2550750.0,53.0,352.0,161.0,97.0
-839499.9999999991,2650750.0,54.0,359.0,184.0,104.0
-839499.9999999991,2750750.0,54.0,340.0,145.0,99.0
-839499.9999999991,2850750.0,53.0,333.0,133.0,86.0
-839499.9999999991,2950750.0,56.0,325.0,155.0,116.0
-839499.9999999991,3050750.0,55.0,297.0,264.0,116.0
-839499.9999999991,3150750.0,55.0,309.0,197.0,100.0
-839499.9999999991,3250750.0,56.0,340.0,193.0,125.0
-839499.9999999991,3350750.0,54.0,358.0,177.0,105.0
-839499.9999999991,3450750.0,55.0,312.0,114.0,141.0
-839499.9999999991,3550750.0,59.0,296.0,96.0,113.0
-839499.9999999991,3650750.0,56.0,326.0,107.0,97.0
-839499.9999999991,3750750.0,57.0,334.0,130.0,100.0
-839499.9999999991,3850750.0,60.0,292.0,81.0,185.0
-839499.9999999991,3950750.0,58.0,295.0,91.0,134.0
-839499.9999999991,4050750.0,61.0,333.0,124.0,129.0
-839499.9999999991,4150750.0,61.0,363.0,182.0,153.0
-839499.9999999991,4250750.0,65.0,366.0,129.0,182.0
-839499.9999999991,4350750.0,60.0,363.0,220.0,169.0
-839499.9999999991,12050750.0,55.0,467.0,389.0,250.0
-839499.9999999991,12150750.0,53.0,413.0,377.0,333.0
-839499.9999999991,12250750.0,54.0,462.0,429.0,273.0
-839499.9999999991,12450750.0,58.0,405.0,215.0,196.0
-839499.9999999991,14650750.0,52.0,400.0,242.0,224.0
-839499.9999999991,15450750.0,50.0,432.0,322.0,246.0
-839499.9999999991,15550750.0,49.0,386.0,354.0,222.0
-839499.9999999991,15650750.0,51.0,394.0,307.0,222.0
-839499.9999999991,15750750.0,52.0,354.0,278.0,269.0
-839499.9999999991,15850750.0,53.0,396.0,283.0,243.0
-839499.9999999991,15950750.0,51.0,388.0,414.0,242.0
-839499.9999999991,16050750.0,51.0,356.0,394.0,264.0
-839499.9999999991,16150750.0,49.0,359.0,385.0,259.0
-839499.9999999991,16250750.0,57.0,441.0,507.0,256.0
-839499.9999999991,16350750.0,54.0,462.0,520.0,300.0
-939499.9999999991,-8749250.0,77.0,323.0,327.0,170.0
-939499.9999999991,-8649250.0,63.0,431.0,541.0,290.0
-939499.9999999991,-8549250.0,55.0,457.0,645.0,270.0
-939499.9999999991,-8449250.0,52.0,388.0,595.0,266.0
-939499.9999999991,-8349250.0,48.0,381.0,285.0,170.0
-939499.9999999991,-8249250.0,55.0,391.0,303.0,179.0
-939499.9999999991,-8149250.0,47.0,381.0,332.0,185.0
-939499.9999999991,-8049250.0,46.0,359.0,317.0,178.0
-939499.9999999991,-7949250.0,50.0,373.0,323.0,146.0
-939499.9999999991,-7849250.0,48.0,350.0,307.0,152.0
-939499.9999999991,-7749250.0,45.0,361.0,336.0,163.0
-939499.9999999991,-7649250.0,43.0,368.0,350.0,148.0
-939499.9999999991,-7549250.0,41.0,398.0,238.0,156.0
-939499.9999999991,-7449250.0,39.0,379.0,298.0,154.0
-939499.9999999991,-7349250.0,39.0,372.0,302.0,143.0
-939499.9999999991,-7249250.0,39.0,393.0,286.0,132.0
-939499.9999999991,-7149250.0,40.0,383.0,236.0,156.0
-939499.9999999991,-7049250.0,40.0,391.0,270.0,157.0
-939499.9999999991,-6949250.0,39.0,396.0,276.0,180.0
-939499.9999999991,-6849250.0,43.0,388.0,276.0,172.0
-939499.9999999991,-6749250.0,39.0,383.0,269.0,176.0
-939499.9999999991,-6649250.0,40.0,394.0,202.0,165.0
-939499.9999999991,-6549250.0,41.0,399.0,235.0,161.0
-939499.9999999991,-6449250.0,40.0,400.0,238.0,162.0
-939499.9999999991,-6349250.0,42.0,414.0,234.0,153.0
-939499.9999999991,-6249250.0,44.0,409.0,267.0,171.0
-939499.9999999991,-6149250.0,47.0,383.0,210.0,150.0
-939499.9999999991,-6049250.0,47.0,364.0,242.0,129.0
-939499.9999999991,-5949250.0,48.0,345.0,238.0,138.0
-939499.9999999991,-5849250.0,50.0,374.0,364.0,161.0
-939499.9999999991,-5749250.0,52.0,378.0,247.0,132.0
-939499.9999999991,-5649250.0,49.0,328.0,229.0,122.0
-939499.9999999991,-5549250.0,48.0,332.0,227.0,125.0
-939499.9999999991,-5449250.0,50.0,355.0,251.0,138.0
-939499.9999999991,-5349250.0,52.0,324.0,165.0,88.0
-939499.9999999991,-5249250.0,52.0,362.0,214.0,99.0
-939499.9999999991,-5149250.0,53.0,301.0,193.0,113.0
-939499.9999999991,-5049250.0,55.0,351.0,143.0,173.0
-939499.9999999991,-4949250.0,56.0,291.0,112.0,116.0
-939499.9999999991,-4849250.0,53.0,277.0,153.0,118.0
-939499.9999999991,-4749250.0,56.0,320.0,103.0,142.0
-939499.9999999991,-4649250.0,61.0,323.0,101.0,170.0
-939499.9999999991,-4549250.0,65.0,366.0,108.0,259.0
-939499.9999999991,-4449250.0,64.0,358.0,108.0,203.0
-939499.9999999991,-4349250.0,64.0,346.0,107.0,205.0
-939499.9999999991,-4249250.0,66.0,404.0,98.0,213.0
-939499.9999999991,-4149250.0,60.0,378.0,268.0,184.0
-939499.9999999991,-4049250.0,65.0,374.0,232.0,204.0
-939499.9999999991,-3949250.0,51.0,402.0,225.0,139.0
-939499.9999999991,1550750.0,61.0,371.0,213.0,194.0
-939499.9999999991,1650750.0,53.0,370.0,198.0,169.0
-939499.9999999991,1750750.0,54.0,293.0,148.0,112.0
-939499.9999999991,1850750.0,60.0,302.0,109.0,95.0
-939499.9999999991,1950750.0,58.0,331.0,124.0,96.0
-939499.9999999991,2050750.0,54.0,342.0,166.0,95.0
-939499.9999999991,2150750.0,55.0,330.0,153.0,77.0
-939499.9999999991,2250750.0,53.0,319.0,116.0,77.0
-939499.9999999991,2350750.0,52.0,343.0,142.0,104.0
-939499.9999999991,2450750.0,53.0,319.0,178.0,104.0
-939499.9999999991,2550750.0,52.0,362.0,160.0,119.0
-939499.9999999991,2650750.0,53.0,351.0,133.0,76.0
-939499.9999999991,2750750.0,53.0,344.0,110.0,82.0
-939499.9999999991,2850750.0,54.0,357.0,168.0,96.0
-939499.9999999991,2950750.0,58.0,325.0,163.0,134.0
-939499.9999999991,3050750.0,54.0,327.0,176.0,97.0
-939499.9999999991,3150750.0,55.0,311.0,143.0,110.0
-939499.9999999991,3250750.0,54.0,374.0,200.0,121.0
-939499.9999999991,3350750.0,57.0,329.0,115.0,134.0
-939499.9999999991,3550750.0,56.0,367.0,136.0,107.0
-939499.9999999991,3750750.0,58.0,275.0,107.0,133.0
-939499.9999999991,3850750.0,58.0,328.0,82.0,133.0
-939499.9999999991,3950750.0,50.0,355.0,226.0,104.0
-939499.9999999991,4050750.0,60.0,343.0,113.0,123.0
-939499.9999999991,4150750.0,60.0,348.0,133.0,93.0
-939499.9999999991,4250750.0,60.0,322.0,113.0,132.0
-939499.9999999991,4350750.0,59.0,328.0,136.0,194.0
-939499.9999999991,12750750.0,55.0,358.0,247.0,229.0
-939499.9999999991,12850750.0,53.0,374.0,289.0,225.0
-939499.9999999991,12950750.0,54.0,398.0,337.0,187.0
-939499.9999999991,13250750.0,59.0,369.0,213.0,163.0
-939499.9999999991,13450750.0,56.0,417.0,381.0,168.0
-939499.9999999991,13750750.0,63.0,380.0,229.0,182.0
-939499.9999999991,14150750.0,56.0,379.0,197.0,189.0
-939499.9999999991,15650750.0,58.0,417.0,286.0,244.0
-939499.9999999991,15750750.0,54.0,409.0,202.0,207.0
-939499.9999999991,15850750.0,49.0,384.0,273.0,274.0
-939499.9999999991,16350750.0,56.0,450.0,561.0,256.0
-939499.9999999991,16450750.0,53.0,404.0,504.0,253.0
-939499.9999999991,17550750.0,51.0,420.0,441.0,217.0
-1039499.9999999991,-8649250.0,71.0,397.0,408.0,264.0
-1039499.9999999991,-8549250.0,66.0,385.0,473.0,255.0
-1039499.9999999991,-8449250.0,54.0,411.0,442.0,198.0
-1039499.9999999991,-8349250.0,50.0,359.0,311.0,202.0
-1039499.9999999991,-8249250.0,53.0,370.0,286.0,152.0
-1039499.9999999991,-8149250.0,47.0,314.0,232.0,155.0
-1039499.9999999991,-8049250.0,49.0,329.0,219.0,178.0
-1039499.9999999991,-7949250.0,55.0,312.0,330.0,178.0
-1039499.9999999991,-7849250.0,48.0,379.0,237.0,162.0
-1039499.9999999991,-7749250.0,48.0,366.0,342.0,160.0
-1039499.9999999991,-7649250.0,45.0,351.0,258.0,113.0
-1039499.9999999991,-7549250.0,44.0,357.0,263.0,135.0
-1039499.9999999991,-7449250.0,42.0,378.0,298.0,109.0
-1039499.9999999991,-7349250.0,41.0,357.0,283.0,128.0
-1039499.9999999991,-7249250.0,40.0,351.0,269.0,159.0
-1039499.9999999991,-7149250.0,41.0,384.0,233.0,130.0
-1039499.9999999991,-7049250.0,44.0,398.0,245.0,136.0
-1039499.9999999991,-6949250.0,44.0,373.0,223.0,167.0
-1039499.9999999991,-6849250.0,41.0,363.0,229.0,135.0
-1039499.9999999991,-6749250.0,43.0,351.0,239.0,150.0
-1039499.9999999991,-6649250.0,43.0,351.0,208.0,151.0
-1039499.9999999991,-6549250.0,44.0,334.0,226.0,148.0
-1039499.9999999991,-6449250.0,42.0,351.0,275.0,167.0
-1039499.9999999991,-6349250.0,45.0,406.0,222.0,149.0
-1039499.9999999991,-6249250.0,46.0,340.0,250.0,126.0
-1039499.9999999991,-6149250.0,47.0,359.0,213.0,140.0
-1039499.9999999991,-6049250.0,45.0,352.0,299.0,137.0
-1039499.9999999991,-5949250.0,48.0,338.0,302.0,143.0
-1039499.9999999991,-5849250.0,49.0,380.0,337.0,160.0
-1039499.9999999991,-5749250.0,49.0,381.0,221.0,129.0
-1039499.9999999991,-5649250.0,46.0,349.0,179.0,128.0
-1039499.9999999991,-5549250.0,49.0,320.0,165.0,115.0
-1039499.9999999991,-5449250.0,50.0,342.0,144.0,88.0
-1039499.9999999991,-5349250.0,52.0,376.0,149.0,108.0
-1039499.9999999991,-5249250.0,53.0,372.0,152.0,135.0
-1039499.9999999991,-5149250.0,55.0,329.0,122.0,93.0
-1039499.9999999991,-5049250.0,57.0,299.0,137.0,136.0
-1039499.9999999991,-4949250.0,54.0,332.0,216.0,103.0
-1039499.9999999991,-4849250.0,56.0,301.0,122.0,147.0
-1039499.9999999991,-4749250.0,62.0,349.0,117.0,180.0
-1039499.9999999991,-4649250.0,63.0,327.0,112.0,147.0
-1039499.9999999991,-4549250.0,64.0,357.0,91.0,180.0
-1039499.9999999991,-4449250.0,70.0,389.0,103.0,243.0
-1039499.9999999991,-4349250.0,67.0,353.0,104.0,196.0
-1039499.9999999991,-4249250.0,67.0,380.0,241.0,243.0
-1039499.9999999991,-4149250.0,62.0,402.0,265.0,204.0
-1039499.9999999991,-4049250.0,55.0,393.0,257.0,197.0
-1039499.9999999991,1550750.0,66.0,379.0,189.0,260.0
-1039499.9999999991,1650750.0,53.0,373.0,266.0,139.0
-1039499.9999999991,1750750.0,60.0,299.0,147.0,100.0
-1039499.9999999991,1850750.0,57.0,295.0,111.0,89.0
-1039499.9999999991,1950750.0,65.0,353.0,146.0,102.0
-1039499.9999999991,2050750.0,56.0,344.0,149.0,89.0
-1039499.9999999991,2150750.0,54.0,349.0,178.0,91.0
-1039499.9999999991,2250750.0,56.0,368.0,136.0,153.0
-1039499.9999999991,2350750.0,53.0,337.0,131.0,79.0
-1039499.9999999991,2450750.0,55.0,329.0,119.0,84.0
-1039499.9999999991,2550750.0,55.0,384.0,112.0,91.0
-1039499.9999999991,2650750.0,54.0,361.0,121.0,90.0
-1039499.9999999991,2750750.0,54.0,353.0,119.0,85.0
-1039499.9999999991,2850750.0,56.0,313.0,154.0,101.0
-1039499.9999999991,2950750.0,55.0,371.0,164.0,92.0
-1039499.9999999991,3050750.0,54.0,342.0,130.0,95.0
-1039499.9999999991,3250750.0,53.0,327.0,106.0,85.0
-1039499.9999999991,3350750.0,54.0,351.0,103.0,92.0
-1039499.9999999991,3450750.0,55.0,323.0,119.0,87.0
-1039499.9999999991,3550750.0,56.0,321.0,109.0,78.0
-1039499.9999999991,3650750.0,57.0,324.0,133.0,103.0
-1039499.9999999991,3750750.0,56.0,415.0,211.0,141.0
-1039499.9999999991,3850750.0,51.0,364.0,181.0,102.0
-1039499.9999999991,3950750.0,55.0,382.0,194.0,94.0
-1039499.9999999991,4050750.0,52.0,385.0,169.0,111.0
-1039499.9999999991,4150750.0,53.0,341.0,121.0,89.0
-1039499.9999999991,4250750.0,66.0,316.0,121.0,143.0
-1039499.9999999991,4350750.0,54.0,356.0,236.0,115.0
-1039499.9999999991,13850750.0,62.0,369.0,265.0,162.0
-1039499.9999999991,13950750.0,59.0,396.0,306.0,215.0
-1039499.9999999991,16450750.0,52.0,457.0,569.0,286.0
-1039499.9999999991,16550750.0,51.0,404.0,409.0,264.0
-1039499.9999999991,17750750.0,54.0,423.0,437.0,221.0
-1139499.999999999,-8649250.0,79.0,296.0,179.0,122.0
-1139499.999999999,-8549250.0,67.0,341.0,323.0,242.0
-1139499.999999999,-8449250.0,67.0,392.0,375.0,277.0
-1139499.999999999,-8349250.0,51.0,386.0,391.0,210.0
-1139499.999999999,-8249250.0,51.0,397.0,370.0,203.0
-1139499.999999999,-8149250.0,49.0,327.0,237.0,138.0
-1139499.999999999,-8049250.0,50.0,353.0,217.0,167.0
-1139499.999999999,-7949250.0,52.0,332.0,237.0,195.0
-1139499.999999999,-7849250.0,49.0,333.0,230.0,153.0
-1139499.999999999,-7749250.0,52.0,329.0,313.0,161.0
-1139499.999999999,-7649250.0,50.0,324.0,212.0,116.0
-1139499.999999999,-7549250.0,49.0,335.0,287.0,133.0
-1139499.999999999,-7449250.0,46.0,341.0,270.0,124.0
-1139499.999999999,-7349250.0,43.0,354.0,251.0,135.0
-1139499.999999999,-7249250.0,43.0,363.0,277.0,133.0
-1139499.999999999,-7149250.0,43.0,392.0,249.0,140.0
-1139499.999999999,-7049250.0,45.0,427.0,239.0,151.0
-1139499.999999999,-6949250.0,46.0,353.0,223.0,164.0
-1139499.999999999,-6849250.0,44.0,348.0,188.0,132.0
-1139499.999999999,-6749250.0,45.0,365.0,194.0,144.0
-1139499.999999999,-6649250.0,43.0,372.0,247.0,133.0
-1139499.999999999,-6549250.0,43.0,363.0,208.0,143.0
-1139499.999999999,-6449250.0,45.0,344.0,206.0,150.0
-1139499.999999999,-6349250.0,46.0,333.0,304.0,136.0
-1139499.999999999,-6249250.0,47.0,344.0,274.0,142.0
-1139499.999999999,-6149250.0,48.0,362.0,206.0,139.0
-1139499.999999999,-6049250.0,49.0,345.0,250.0,127.0
-1139499.999999999,-5949250.0,46.0,357.0,407.0,153.0
-1139499.999999999,-5849250.0,50.0,332.0,149.0,103.0
-1139499.999999999,-5749250.0,50.0,343.0,163.0,129.0
-1139499.999999999,-5649250.0,49.0,345.0,155.0,110.0
-1139499.999999999,-5549250.0,49.0,342.0,190.0,114.0
-1139499.999999999,-5449250.0,50.0,367.0,193.0,110.0
-1139499.999999999,-5349250.0,51.0,334.0,129.0,115.0
-1139499.999999999,-5249250.0,54.0,351.0,131.0,129.0
-1139499.999999999,-5149250.0,56.0,302.0,140.0,108.0
-1139499.999999999,-5049250.0,57.0,314.0,155.0,88.0
-1139499.999999999,-4949250.0,58.0,329.0,160.0,118.0
-1139499.999999999,-4849250.0,57.0,279.0,109.0,139.0
-1139499.999999999,-4749250.0,66.0,315.0,147.0,161.0
-1139499.999999999,-4649250.0,62.0,356.0,162.0,157.0
-1139499.999999999,-4549250.0,67.0,362.0,95.0,206.0
-1139499.999999999,-4449250.0,69.0,392.0,134.0,245.0
-1139499.999999999,-4349250.0,60.0,348.0,263.0,208.0
-1139499.999999999,-4249250.0,67.0,369.0,166.0,231.0
-1139499.999999999,-4149250.0,60.0,377.0,219.0,196.0
-1139499.999999999,1550750.0,69.0,390.0,128.0,277.0
-1139499.999999999,1650750.0,59.0,365.0,201.0,124.0
-1139499.999999999,1750750.0,58.0,341.0,128.0,86.0
-1139499.999999999,1850750.0,57.0,317.0,90.0,87.0
-1139499.999999999,1950750.0,55.0,340.0,104.0,82.0
-1139499.999999999,2050750.0,56.0,320.0,96.0,88.0
-1139499.999999999,2150750.0,57.0,334.0,121.0,83.0
-1139499.999999999,2250750.0,55.0,333.0,101.0,86.0
-1139499.999999999,2350750.0,55.0,354.0,104.0,80.0
-1139499.999999999,2450750.0,55.0,349.0,127.0,103.0
-1139499.999999999,2550750.0,54.0,344.0,115.0,98.0
-1139499.999999999,2650750.0,53.0,354.0,121.0,81.0
-1139499.999999999,2750750.0,53.0,362.0,123.0,81.0
-1139499.999999999,2850750.0,56.0,318.0,137.0,92.0
-1139499.999999999,2950750.0,56.0,296.0,132.0,100.0
-1139499.999999999,3050750.0,58.0,321.0,160.0,120.0
-1139499.999999999,3150750.0,56.0,302.0,146.0,120.0
-1139499.999999999,3250750.0,55.0,338.0,136.0,113.0
-1139499.999999999,3350750.0,55.0,330.0,131.0,96.0
-1139499.999999999,3450750.0,56.0,308.0,108.0,74.0
-1139499.999999999,3550750.0,60.0,353.0,177.0,96.0
-1139499.999999999,3650750.0,57.0,291.0,98.0,99.0
-1139499.999999999,3750750.0,57.0,343.0,108.0,94.0
-1139499.999999999,3850750.0,57.0,356.0,173.0,87.0
-1139499.999999999,3950750.0,55.0,367.0,145.0,105.0
-1139499.999999999,4050750.0,55.0,363.0,131.0,91.0
-1139499.999999999,4150750.0,61.0,358.0,131.0,92.0
-1139499.999999999,4250750.0,62.0,324.0,104.0,101.0
-1139499.999999999,4350750.0,55.0,369.0,160.0,116.0
-1139499.999999999,13450750.0,59.0,359.0,192.0,194.0
-1139499.999999999,16550750.0,53.0,383.0,341.0,255.0
-1139499.999999999,16650750.0,53.0,396.0,421.0,215.0
-1239499.999999999,-8549250.0,76.0,319.0,214.0,166.0
-1239499.999999999,-8449250.0,60.0,393.0,444.0,231.0
-1239499.999999999,-8349250.0,54.0,408.0,527.0,207.0
-1239499.999999999,-8249250.0,53.0,397.0,402.0,166.0
-1239499.999999999,-8149250.0,46.0,354.0,210.0,155.0
-1239499.999999999,-8049250.0,48.0,349.0,260.0,158.0
-1239499.999999999,-7949250.0,49.0,347.0,290.0,187.0
-1239499.999999999,-7849250.0,49.0,334.0,270.0,191.0
-1239499.999999999,-7749250.0,53.0,315.0,314.0,164.0
-1239499.999999999,-7649250.0,45.0,339.0,264.0,157.0
-1239499.999999999,-7549250.0,49.0,332.0,226.0,130.0
-1239499.999999999,-7449250.0,50.0,359.0,311.0,137.0
-1239499.999999999,-7249250.0,45.0,370.0,244.0,139.0
-1239499.999999999,-7149250.0,48.0,353.0,221.0,122.0
-1239499.999999999,-7049250.0,48.0,375.0,230.0,129.0
-1239499.999999999,-6949250.0,47.0,351.0,213.0,117.0
-1239499.999999999,-6849250.0,49.0,379.0,251.0,117.0
-1239499.999999999,-6749250.0,44.0,364.0,301.0,145.0
-1239499.999999999,-6649250.0,42.0,348.0,218.0,126.0
-1239499.999999999,-6549250.0,44.0,342.0,210.0,124.0
-1239499.999999999,-6449250.0,46.0,341.0,177.0,161.0
-1239499.999999999,-6349250.0,47.0,339.0,160.0,112.0
-1239499.999999999,-6249250.0,44.0,346.0,183.0,107.0
-1239499.999999999,-6149250.0,44.0,375.0,200.0,110.0
-1239499.999999999,-6049250.0,42.0,337.0,198.0,133.0
-1239499.999999999,-5949250.0,43.0,354.0,231.0,144.0
-1239499.999999999,-5849250.0,48.0,359.0,191.0,109.0
-1239499.999999999,-5749250.0,49.0,349.0,209.0,130.0
-1239499.999999999,-5649250.0,51.0,353.0,234.0,144.0
-1239499.999999999,-5549250.0,53.0,353.0,230.0,121.0
-1239499.999999999,-5449250.0,52.0,346.0,141.0,104.0
-1239499.999999999,-5349250.0,54.0,373.0,144.0,112.0
-1239499.999999999,-5249250.0,55.0,385.0,162.0,120.0
-1239499.999999999,-5149250.0,58.0,284.0,115.0,108.0
-1239499.999999999,-5049250.0,58.0,315.0,145.0,104.0
-1239499.999999999,-4949250.0,57.0,311.0,183.0,124.0
-1239499.999999999,-4849250.0,67.0,342.0,141.0,203.0
-1239499.999999999,-4749250.0,70.0,350.0,123.0,182.0
-1239499.999999999,-4649250.0,69.0,397.0,153.0,212.0
-1239499.999999999,-4549250.0,54.0,389.0,319.0,184.0
-1239499.999999999,-4449250.0,65.0,399.0,183.0,253.0
-1239499.999999999,-4349250.0,64.0,370.0,203.0,221.0
-1239499.999999999,-4249250.0,59.0,365.0,288.0,202.0
-1239499.999999999,1650750.0,60.0,360.0,103.0,138.0
-1239499.999999999,1750750.0,59.0,384.0,214.0,123.0
-1239499.999999999,1850750.0,58.0,345.0,136.0,102.0
-1239499.999999999,1950750.0,56.0,333.0,95.0,92.0
-1239499.999999999,2050750.0,55.0,337.0,125.0,92.0
-1239499.999999999,2150750.0,55.0,346.0,98.0,90.0
-1239499.999999999,2250750.0,54.0,338.0,100.0,89.0
-1239499.999999999,2350750.0,56.0,337.0,127.0,87.0
-1239499.999999999,2450750.0,56.0,345.0,122.0,111.0
-1239499.999999999,2550750.0,54.0,362.0,105.0,91.0
-1239499.999999999,2650750.0,53.0,365.0,147.0,90.0
-1239499.999999999,2750750.0,54.0,344.0,151.0,89.0
-1239499.999999999,2850750.0,54.0,352.0,156.0,82.0
-1239499.999999999,2950750.0,55.0,323.0,128.0,87.0
-1239499.999999999,3050750.0,56.0,353.0,134.0,110.0
-1239499.999999999,3150750.0,56.0,280.0,213.0,96.0
-1239499.999999999,3250750.0,56.0,272.0,169.0,100.0
-1239499.999999999,3350750.0,62.0,329.0,240.0,130.0
-1239499.999999999,3450750.0,59.0,311.0,125.0,67.0
-1239499.999999999,3550750.0,58.0,354.0,114.0,86.0
-1239499.999999999,3650750.0,61.0,345.0,117.0,135.0
-1239499.999999999,3750750.0,59.0,346.0,168.0,93.0
-1239499.999999999,3850750.0,53.0,371.0,191.0,106.0
-1239499.999999999,3950750.0,54.0,334.0,111.0,105.0
-1239499.999999999,4050750.0,58.0,334.0,116.0,105.0
-1239499.999999999,4150750.0,59.0,329.0,137.0,112.0
-1239499.999999999,4250750.0,64.0,324.0,110.0,95.0
-1239499.999999999,4350750.0,59.0,334.0,126.0,96.0
-1239499.999999999,4450750.0,58.0,350.0,128.0,133.0
-1239499.999999999,15850750.0,58.0,333.0,125.0,149.0
-1339499.999999999,-8449250.0,68.0,357.0,280.0,231.0
-1339499.999999999,-8349250.0,66.0,338.0,268.0,174.0
-1339499.999999999,-8249250.0,56.0,385.0,531.0,277.0
-1339499.999999999,-8149250.0,52.0,404.0,559.0,250.0
-1339499.999999999,-8049250.0,53.0,390.0,467.0,285.0
-1339499.999999999,-7949250.0,53.0,400.0,269.0,180.0
-1339499.999999999,-7849250.0,52.0,360.0,382.0,141.0
-1339499.999999999,-7749250.0,48.0,378.0,277.0,192.0
-1339499.999999999,-7649250.0,48.0,326.0,222.0,151.0
-1339499.999999999,-7549250.0,49.0,341.0,271.0,155.0
-1339499.999999999,-7449250.0,51.0,346.0,266.0,138.0
-1339499.999999999,-7349250.0,52.0,362.0,312.0,155.0
-1339499.999999999,-7249250.0,48.0,364.0,222.0,131.0
-1339499.999999999,-7149250.0,46.0,361.0,213.0,146.0
-1339499.999999999,-7049250.0,51.0,361.0,201.0,155.0
-1339499.999999999,-6949250.0,50.0,374.0,185.0,163.0
-1339499.999999999,-6849250.0,48.0,346.0,214.0,114.0
-1339499.999999999,-6749250.0,46.0,363.0,189.0,106.0
-1339499.999999999,-6649250.0,47.0,357.0,202.0,110.0
-1339499.999999999,-6549250.0,43.0,364.0,179.0,124.0
-1339499.999999999,-6449250.0,45.0,348.0,184.0,99.0
-1339499.999999999,-6349250.0,43.0,359.0,196.0,121.0
-1339499.999999999,-6249250.0,47.0,353.0,149.0,145.0
-1339499.999999999,-6149250.0,50.0,354.0,160.0,122.0
-1339499.999999999,-6049250.0,45.0,344.0,191.0,130.0
-1339499.999999999,-5949250.0,49.0,340.0,195.0,109.0
-1339499.999999999,-5849250.0,50.0,341.0,133.0,99.0
-1339499.999999999,-5749250.0,49.0,381.0,166.0,114.0
-1339499.999999999,-5649250.0,52.0,346.0,228.0,147.0
-1339499.999999999,-5549250.0,52.0,344.0,140.0,108.0
-1339499.999999999,-5449250.0,52.0,349.0,177.0,107.0
-1339499.999999999,-5349250.0,57.0,363.0,175.0,104.0
-1339499.999999999,-5249250.0,56.0,372.0,147.0,116.0
-1339499.999999999,-5149250.0,58.0,326.0,157.0,105.0
-1339499.999999999,-5049250.0,58.0,317.0,152.0,119.0
-1339499.999999999,-4949250.0,58.0,332.0,136.0,125.0
-1339499.999999999,-4849250.0,58.0,329.0,187.0,157.0
-1339499.999999999,-4749250.0,59.0,328.0,151.0,128.0
-1339499.999999999,-4649250.0,57.0,376.0,238.0,233.0
-1339499.999999999,-4549250.0,62.0,379.0,272.0,232.0
-1339499.999999999,-4449250.0,67.0,381.0,267.0,287.0
-1339499.999999999,-4349250.0,59.0,364.0,341.0,211.0
-1339499.999999999,-4249250.0,52.0,362.0,217.0,186.0
-1339499.999999999,1550750.0,76.0,349.0,93.0,172.0
-1339499.999999999,1650750.0,59.0,378.0,123.0,134.0
-1339499.999999999,1750750.0,60.0,371.0,112.0,123.0
-1339499.999999999,1850750.0,56.0,366.0,114.0,100.0
-1339499.999999999,1950750.0,57.0,318.0,106.0,110.0
-1339499.999999999,2050750.0,54.0,352.0,122.0,104.0
-1339499.999999999,2150750.0,54.0,353.0,105.0,92.0
-1339499.999999999,2250750.0,54.0,323.0,83.0,91.0
-1339499.999999999,2350750.0,59.0,342.0,134.0,127.0
-1339499.999999999,2450750.0,60.0,321.0,180.0,151.0
-1339499.999999999,2550750.0,53.0,365.0,121.0,106.0
-1339499.999999999,2650750.0,53.0,355.0,190.0,99.0
-1339499.999999999,2750750.0,54.0,360.0,158.0,88.0
-1339499.999999999,2850750.0,55.0,356.0,188.0,79.0
-1339499.999999999,2950750.0,54.0,332.0,156.0,81.0
-1339499.999999999,3050750.0,55.0,327.0,126.0,88.0
-1339499.999999999,3150750.0,57.0,286.0,249.0,106.0
-1339499.999999999,3250750.0,56.0,273.0,161.0,86.0
-1339499.999999999,3350750.0,62.0,336.0,290.0,132.0
-1339499.999999999,3450750.0,62.0,327.0,102.0,64.0
-1339499.999999999,3550750.0,62.0,301.0,116.0,85.0
-1339499.999999999,3650750.0,60.0,299.0,110.0,79.0
-1339499.999999999,3750750.0,55.0,375.0,164.0,112.0
-1339499.999999999,3850750.0,60.0,329.0,129.0,108.0
-1339499.999999999,3950750.0,56.0,359.0,134.0,98.0
-1339499.999999999,4050750.0,57.0,331.0,136.0,107.0
-1339499.999999999,4150750.0,56.0,386.0,202.0,112.0
-1339499.999999999,4250750.0,59.0,331.0,116.0,96.0
-1339499.999999999,4350750.0,61.0,338.0,112.0,86.0
-1339499.999999999,4450750.0,57.0,341.0,126.0,80.0
-1339499.999999999,14850750.0,60.0,336.0,120.0,132.0
-1339499.999999999,14950750.0,58.0,350.0,113.0,175.0
-1339499.999999999,15850750.0,56.0,327.0,75.0,75.0
-1439499.999999999,-8449250.0,78.0,307.0,218.0,165.0
-1439499.999999999,-8349250.0,66.0,374.0,277.0,251.0
-1439499.999999999,-8249250.0,63.0,362.0,396.0,206.0
-1439499.999999999,-8149250.0,54.0,424.0,381.0,203.0
-1439499.999999999,-8049250.0,52.0,403.0,516.0,175.0
-1439499.999999999,-7949250.0,52.0,392.0,718.0,271.0
-1439499.999999999,-7849250.0,49.0,357.0,565.0,205.0
-1439499.999999999,-7749250.0,51.0,343.0,383.0,168.0
-1439499.999999999,-7649250.0,49.0,346.0,289.0,164.0
-1439499.999999999,-7549250.0,49.0,367.0,259.0,145.0
-1439499.999999999,-7449250.0,51.0,357.0,271.0,105.0
-1439499.999999999,-7349250.0,51.0,349.0,264.0,143.0
-1439499.999999999,-7249250.0,53.0,371.0,229.0,145.0
-1439499.999999999,-7149250.0,52.0,367.0,204.0,147.0
-1439499.999999999,-7049250.0,52.0,356.0,302.0,98.0
-1439499.999999999,-6949250.0,49.0,358.0,197.0,125.0
-1439499.999999999,-6849250.0,47.0,345.0,189.0,102.0
-1439499.999999999,-6749250.0,52.0,334.0,155.0,102.0
-1439499.999999999,-6649250.0,48.0,352.0,170.0,139.0
-1439499.999999999,-6549250.0,49.0,357.0,197.0,207.0
-1439499.999999999,-6449250.0,44.0,352.0,179.0,118.0
-1439499.999999999,-6349250.0,44.0,347.0,186.0,113.0
-1439499.999999999,-6249250.0,52.0,361.0,200.0,154.0
-1439499.999999999,-6149250.0,48.0,349.0,168.0,114.0
-1439499.999999999,-6049250.0,49.0,358.0,173.0,110.0
-1439499.999999999,-5949250.0,48.0,341.0,179.0,98.0
-1439499.999999999,-5849250.0,50.0,349.0,222.0,101.0
-1439499.999999999,-5749250.0,51.0,358.0,161.0,123.0
-1439499.999999999,-5649250.0,53.0,350.0,195.0,103.0
-1439499.999999999,-5549250.0,54.0,367.0,142.0,105.0
-1439499.999999999,-5449250.0,54.0,373.0,151.0,103.0
-1439499.999999999,-5349250.0,58.0,383.0,150.0,130.0
-1439499.999999999,-5249250.0,55.0,341.0,126.0,84.0
-1439499.999999999,-5149250.0,57.0,325.0,114.0,97.0
-1439499.999999999,-5049250.0,56.0,300.0,115.0,87.0
-1439499.999999999,-4949250.0,58.0,318.0,153.0,110.0
-1439499.999999999,-4849250.0,58.0,316.0,166.0,128.0
-1439499.999999999,-4749250.0,56.0,357.0,203.0,131.0
-1439499.999999999,-4649250.0,56.0,379.0,245.0,161.0
-1439499.999999999,-4549250.0,59.0,374.0,220.0,207.0
-1439499.999999999,-4449250.0,55.0,411.0,495.0,201.0
-1439499.999999999,1550750.0,65.0,337.0,90.0,171.0
-1439499.999999999,1650750.0,59.0,367.0,107.0,112.0
-1439499.999999999,1750750.0,60.0,326.0,119.0,115.0
-1439499.999999999,1850750.0,57.0,338.0,88.0,99.0
-1439499.999999999,1950750.0,56.0,333.0,107.0,92.0
-1439499.999999999,2050750.0,56.0,333.0,99.0,84.0
-1439499.999999999,2150750.0,56.0,338.0,92.0,82.0
-1439499.999999999,2250750.0,55.0,336.0,98.0,67.0
-1439499.999999999,2350750.0,58.0,333.0,108.0,85.0
-1439499.999999999,2450750.0,59.0,300.0,165.0,100.0
-1439499.999999999,2550750.0,54.0,352.0,137.0,87.0
-1439499.999999999,2650750.0,54.0,364.0,140.0,70.0
-1439499.999999999,2750750.0,59.0,300.0,160.0,96.0
-1439499.999999999,2850750.0,54.0,354.0,131.0,90.0
-1439499.999999999,2950750.0,59.0,297.0,242.0,81.0
-1439499.999999999,3050750.0,56.0,359.0,129.0,111.0
-1439499.999999999,3150750.0,57.0,332.0,120.0,98.0
-1439499.999999999,3250750.0,59.0,345.0,131.0,109.0
-1439499.999999999,3350750.0,60.0,321.0,114.0,61.0
-1439499.999999999,3450750.0,59.0,342.0,171.0,87.0
-1439499.999999999,3550750.0,61.0,295.0,114.0,111.0
-1439499.999999999,3650750.0,62.0,303.0,127.0,72.0
-1439499.999999999,3750750.0,56.0,343.0,122.0,93.0
-1439499.999999999,3850750.0,58.0,347.0,136.0,110.0
-1439499.999999999,3950750.0,55.0,360.0,130.0,102.0
-1439499.999999999,4050750.0,59.0,325.0,131.0,109.0
-1439499.999999999,4150750.0,57.0,347.0,148.0,87.0
-1439499.999999999,4250750.0,60.0,342.0,119.0,118.0
-1439499.999999999,4350750.0,59.0,342.0,124.0,96.0
-1439499.999999999,4950750.0,59.0,380.0,218.0,223.0
-1439499.999999999,5450750.0,59.0,358.0,218.0,162.0
-1439499.999999999,14550750.0,57.0,340.0,263.0,168.0
-1439499.999999999,14650750.0,60.0,333.0,85.0,156.0
-1439499.999999999,14750750.0,61.0,329.0,95.0,103.0
-1439499.999999999,14850750.0,59.0,332.0,242.0,89.0
-1439499.999999999,14950750.0,60.0,315.0,88.0,119.0
-1439499.999999999,15050750.0,62.0,348.0,78.0,172.0
-1439499.999999999,15150750.0,58.0,326.0,97.0,130.0
-1439499.999999999,15850750.0,59.0,325.0,75.0,93.0
-1439499.999999999,15950750.0,55.0,378.0,151.0,178.0
-1539499.999999999,-8349250.0,69.0,342.0,228.0,222.0
-1539499.999999999,-8249250.0,67.0,379.0,273.0,267.0
-1539499.999999999,-8149250.0,64.0,383.0,453.0,193.0
-1539499.999999999,-8049250.0,60.0,380.0,447.0,243.0
-1539499.999999999,-7949250.0,62.0,345.0,382.0,174.0
-1539499.999999999,-7849250.0,63.0,396.0,421.0,250.0
-1539499.999999999,-7749250.0,54.0,401.0,571.0,284.0
-1539499.999999999,-7649250.0,52.0,398.0,482.0,277.0
-1539499.999999999,-7549250.0,52.0,368.0,262.0,184.0
-1539499.999999999,-7449250.0,57.0,358.0,272.0,126.0
-1539499.999999999,-7349250.0,52.0,366.0,255.0,173.0
-1539499.999999999,-7249250.0,52.0,360.0,229.0,122.0
-1539499.999999999,-7149250.0,52.0,364.0,199.0,125.0
-1539499.999999999,-7049250.0,55.0,355.0,189.0,124.0
-1539499.999999999,-6949250.0,53.0,345.0,304.0,95.0
-1539499.999999999,-6849250.0,50.0,353.0,170.0,122.0
-1539499.999999999,-6749250.0,52.0,375.0,229.0,125.0
-1539499.999999999,-6649250.0,50.0,367.0,165.0,100.0
-1539499.999999999,-6549250.0,51.0,358.0,166.0,174.0
-1539499.999999999,-6449250.0,50.0,340.0,181.0,123.0
-1539499.999999999,-6349250.0,50.0,351.0,145.0,180.0
-1539499.999999999,-6249250.0,50.0,372.0,134.0,146.0
-1539499.999999999,-6149250.0,51.0,347.0,145.0,99.0
-1539499.999999999,-6049250.0,50.0,368.0,133.0,87.0
-1539499.999999999,-5949250.0,52.0,365.0,170.0,91.0
-1539499.999999999,-5849250.0,52.0,311.0,152.0,94.0
-1539499.999999999,-5749250.0,54.0,352.0,148.0,102.0
-1539499.999999999,-5649250.0,53.0,335.0,141.0,106.0
-1539499.999999999,-5549250.0,55.0,368.0,147.0,105.0
-1539499.999999999,-5449250.0,54.0,368.0,147.0,104.0
-1539499.999999999,-5349250.0,54.0,394.0,182.0,122.0
-1539499.999999999,-5249250.0,61.0,361.0,154.0,112.0
-1539499.999999999,-5149250.0,57.0,307.0,156.0,84.0
-1539499.999999999,-5049250.0,60.0,290.0,151.0,97.0
-1539499.999999999,-4949250.0,58.0,335.0,138.0,117.0
-1539499.999999999,-4849250.0,59.0,330.0,154.0,142.0
-1539499.999999999,-4749250.0,59.0,361.0,143.0,163.0
-1539499.999999999,-4649250.0,59.0,380.0,206.0,160.0
-1539499.999999999,-4549250.0,57.0,385.0,251.0,185.0
-1539499.999999999,-4449250.0,55.0,398.0,433.0,193.0
-1539499.999999999,1450750.0,75.0,339.0,87.0,172.0
-1539499.999999999,1550750.0,63.0,326.0,72.0,147.0
-1539499.999999999,1650750.0,60.0,374.0,109.0,126.0
-1539499.999999999,1750750.0,59.0,318.0,87.0,99.0
-1539499.999999999,1850750.0,57.0,329.0,74.0,87.0
-1539499.999999999,1950750.0,56.0,331.0,104.0,71.0
-1539499.999999999,2050750.0,55.0,322.0,98.0,86.0
-1539499.999999999,2150750.0,55.0,336.0,103.0,81.0
-1539499.999999999,2250750.0,57.0,316.0,100.0,77.0
-1539499.999999999,2350750.0,56.0,313.0,105.0,73.0
-1539499.999999999,2450750.0,58.0,288.0,129.0,106.0
-1539499.999999999,2550750.0,58.0,265.0,104.0,79.0
-1539499.999999999,2650750.0,59.0,303.0,139.0,95.0
-1539499.999999999,2750750.0,60.0,288.0,203.0,61.0
-1539499.999999999,2850750.0,61.0,355.0,125.0,81.0
-1539499.999999999,2950750.0,61.0,327.0,112.0,83.0
-1539499.999999999,3050750.0,62.0,365.0,115.0,78.0
-1539499.999999999,3150750.0,62.0,320.0,108.0,66.0
-1539499.999999999,3250750.0,60.0,290.0,102.0,71.0
-1539499.999999999,3350750.0,64.0,317.0,118.0,103.0
-1539499.999999999,3450750.0,63.0,336.0,117.0,122.0
-1539499.999999999,3550750.0,62.0,329.0,149.0,67.0
-1539499.999999999,3650750.0,60.0,325.0,139.0,67.0
-1539499.999999999,3750750.0,62.0,359.0,160.0,95.0
-1539499.999999999,3950750.0,57.0,334.0,112.0,71.0
-1539499.999999999,4050750.0,58.0,347.0,142.0,103.0
-1539499.999999999,4150750.0,61.0,316.0,118.0,112.0
-1539499.999999999,4250750.0,62.0,329.0,120.0,92.0
-1539499.999999999,4350750.0,61.0,348.0,129.0,96.0
-1539499.999999999,4450750.0,63.0,323.0,142.0,196.0
-1539499.999999999,5250750.0,56.0,386.0,236.0,246.0
-1539499.999999999,5350750.0,58.0,389.0,363.0,227.0
-1539499.999999999,5450750.0,54.0,408.0,406.0,226.0
-1539499.999999999,14550750.0,64.0,361.0,175.0,176.0
-1539499.999999999,14650750.0,63.0,344.0,88.0,115.0
-1539499.999999999,14750750.0,60.0,335.0,118.0,123.0
-1539499.999999999,14850750.0,61.0,314.0,121.0,143.0
-1539499.999999999,14950750.0,62.0,307.0,75.0,151.0
-1539499.999999999,15050750.0,63.0,342.0,62.0,210.0
-1539499.999999999,15150750.0,61.0,348.0,102.0,175.0
-1539499.999999999,15850750.0,61.0,330.0,66.0,122.0
-1539499.999999999,15950750.0,52.0,396.0,219.0,116.0
-1539499.999999999,18550750.0,53.0,441.0,460.0,323.0
-1639499.999999999,-8349250.0,81.0,277.0,232.0,199.0
-1639499.999999999,-8249250.0,70.0,347.0,183.0,190.0
-1639499.999999999,-8149250.0,64.0,381.0,346.0,263.0
-1639499.999999999,-8049250.0,64.0,377.0,307.0,258.0
-1639499.999999999,-7949250.0,64.0,406.0,353.0,274.0
-1639499.999999999,-7849250.0,62.0,373.0,286.0,234.0
-1639499.999999999,-7749250.0,66.0,390.0,279.0,225.0
-1639499.999999999,-7649250.0,63.0,443.0,632.0,280.0
-1639499.999999999,-7549250.0,51.0,387.0,429.0,183.0
-1639499.999999999,-7449250.0,54.0,389.0,288.0,151.0
-1639499.999999999,-7349250.0,53.0,368.0,264.0,136.0
-1639499.999999999,-7249250.0,51.0,370.0,215.0,147.0
-1639499.999999999,-7149250.0,52.0,371.0,243.0,139.0
-1639499.999999999,-7049250.0,53.0,337.0,272.0,89.0
-1639499.999999999,-6949250.0,56.0,328.0,236.0,88.0
-1639499.999999999,-6849250.0,53.0,340.0,306.0,62.0
-1639499.999999999,-6749250.0,56.0,376.0,304.0,118.0
-1639499.999999999,-6649250.0,50.0,361.0,170.0,107.0
-1639499.999999999,-6549250.0,50.0,362.0,146.0,99.0
-1639499.999999999,-6449250.0,55.0,374.0,209.0,95.0
-1639499.999999999,-6349250.0,49.0,366.0,189.0,123.0
-1639499.999999999,-6249250.0,54.0,378.0,176.0,122.0
-1639499.999999999,-6149250.0,52.0,366.0,160.0,114.0
-1639499.999999999,-6049250.0,50.0,335.0,330.0,165.0
-1639499.999999999,-5949250.0,52.0,382.0,130.0,105.0
-1639499.999999999,-5849250.0,53.0,353.0,129.0,94.0
-1639499.999999999,-5749250.0,55.0,346.0,153.0,101.0
-1639499.999999999,-5649250.0,56.0,365.0,155.0,114.0
-1639499.999999999,-5549250.0,54.0,375.0,179.0,96.0
-1639499.999999999,-5449250.0,56.0,353.0,164.0,106.0
-1639499.999999999,-5349250.0,53.0,379.0,159.0,108.0
-1639499.999999999,-5249250.0,58.0,348.0,151.0,110.0
-1639499.999999999,-5149250.0,60.0,337.0,242.0,167.0
-1639499.999999999,-5049250.0,57.0,334.0,168.0,98.0
-1639499.999999999,-4949250.0,62.0,311.0,148.0,112.0
-1639499.999999999,-4849250.0,60.0,321.0,147.0,119.0
-1639499.999999999,-4749250.0,57.0,336.0,177.0,141.0
-1639499.999999999,-4649250.0,62.0,377.0,182.0,200.0
-1639499.999999999,-4549250.0,58.0,408.0,354.0,198.0
-1639499.999999999,-4449250.0,56.0,389.0,375.0,197.0
-1639499.999999999,1450750.0,72.0,377.0,121.0,186.0
-1639499.999999999,1550750.0,59.0,332.0,140.0,132.0
-1639499.999999999,1650750.0,62.0,364.0,111.0,258.0
-1639499.999999999,1750750.0,58.0,331.0,73.0,135.0
-1639499.999999999,1850750.0,58.0,330.0,69.0,98.0
-1639499.999999999,1950750.0,57.0,329.0,102.0,105.0
-1639499.999999999,2050750.0,57.0,311.0,85.0,113.0
-1639499.999999999,2150750.0,59.0,331.0,78.0,87.0
-1639499.999999999,2250750.0,58.0,319.0,107.0,69.0
-1639499.999999999,2350750.0,59.0,321.0,129.0,100.0
-1639499.999999999,2450750.0,60.0,289.0,133.0,120.0
-1639499.999999999,2550750.0,58.0,282.0,154.0,101.0
-1639499.999999999,2650750.0,58.0,263.0,155.0,54.0
-1639499.999999999,2750750.0,59.0,303.0,92.0,55.0
-1639499.999999999,2850750.0,60.0,265.0,135.0,81.0
-1639499.999999999,2950750.0,63.0,316.0,116.0,116.0
-1639499.999999999,3050750.0,61.0,302.0,125.0,78.0
-1639499.999999999,3150750.0,62.0,267.0,113.0,98.0
-1639499.999999999,3250750.0,64.0,300.0,142.0,122.0
-1639499.999999999,3350750.0,65.0,316.0,129.0,105.0
-1639499.999999999,3450750.0,63.0,316.0,123.0,161.0
-1639499.999999999,3550750.0,59.0,334.0,152.0,115.0
-1639499.999999999,3650750.0,61.0,342.0,131.0,102.0
-1639499.999999999,3750750.0,60.0,337.0,124.0,83.0
-1639499.999999999,3850750.0,60.0,378.0,201.0,112.0
-1639499.999999999,3950750.0,57.0,347.0,107.0,98.0
-1639499.999999999,4050750.0,61.0,343.0,121.0,121.0
-1639499.999999999,4150750.0,60.0,344.0,135.0,121.0
-1639499.999999999,4250750.0,59.0,322.0,101.0,87.0
-1639499.999999999,4350750.0,62.0,322.0,115.0,107.0
-1639499.999999999,4450750.0,62.0,318.0,125.0,139.0
-1639499.999999999,5250750.0,59.0,353.0,272.0,212.0
-1639499.999999999,5350750.0,54.0,401.0,319.0,192.0
-1639499.999999999,5450750.0,54.0,411.0,387.0,227.0
-1639499.999999999,14050750.0,63.0,351.0,143.0,183.0
-1639499.999999999,14150750.0,63.0,349.0,134.0,171.0
-1639499.999999999,14250750.0,69.0,337.0,70.0,180.0
-1639499.999999999,14550750.0,64.0,328.0,353.0,137.0
-1639499.999999999,14650750.0,66.0,322.0,105.0,129.0
-1639499.999999999,14750750.0,62.0,308.0,71.0,138.0
-1639499.999999999,14850750.0,60.0,324.0,114.0,210.0
-1639499.999999999,14950750.0,67.0,357.0,60.0,242.0
-1639499.999999999,15050750.0,63.0,359.0,72.0,230.0
-1639499.999999999,15850750.0,62.0,329.0,62.0,141.0
-1639499.999999999,15950750.0,62.0,309.0,56.0,92.0
-1639499.999999999,16050750.0,60.0,344.0,73.0,103.0
-1639499.999999999,18450750.0,50.0,414.0,411.0,203.0
-1739499.999999999,-8249250.0,79.0,289.0,203.0,123.0
-1739499.999999999,-8149250.0,73.0,327.0,167.0,200.0
-1739499.999999999,-8049250.0,71.0,375.0,236.0,204.0
-1739499.999999999,-7949250.0,68.0,341.0,292.0,161.0
-1739499.999999999,-7849250.0,62.0,398.0,287.0,233.0
-1739499.999999999,-7749250.0,71.0,428.0,249.0,233.0
-1739499.999999999,-7649250.0,64.0,356.0,298.0,195.0
-1739499.999999999,-7549250.0,53.0,385.0,412.0,215.0
-1739499.999999999,-7449250.0,55.0,379.0,300.0,173.0
-1739499.999999999,-7349250.0,54.0,363.0,319.0,158.0
-1739499.999999999,-7249250.0,52.0,356.0,409.0,169.0
-1739499.999999999,-7149250.0,52.0,334.0,295.0,135.0
-1739499.999999999,-7049250.0,54.0,342.0,244.0,121.0
-1739499.999999999,-6949250.0,56.0,334.0,268.0,115.0
-1739499.999999999,-6849250.0,53.0,328.0,190.0,92.0
-1739499.999999999,-6749250.0,56.0,382.0,218.0,112.0
-1739499.999999999,-6649250.0,54.0,372.0,198.0,100.0
-1739499.999999999,-6549250.0,57.0,377.0,180.0,107.0
-1739499.999999999,-6449250.0,53.0,359.0,198.0,114.0
-1739499.999999999,-6349250.0,52.0,371.0,174.0,103.0
-1739499.999999999,-6149250.0,53.0,379.0,224.0,118.0
-1739499.999999999,-6049250.0,50.0,349.0,217.0,179.0
-1739499.999999999,-5949250.0,52.0,354.0,120.0,102.0
-1739499.999999999,-5849250.0,53.0,376.0,128.0,113.0
-1739499.999999999,-5749250.0,56.0,359.0,171.0,108.0
-1739499.999999999,-5649250.0,56.0,393.0,159.0,121.0
-1739499.999999999,-5549250.0,55.0,356.0,173.0,110.0
-1739499.999999999,-5449250.0,55.0,374.0,160.0,101.0
-1739499.999999999,-5349250.0,52.0,382.0,164.0,95.0
-1739499.999999999,-5249250.0,57.0,373.0,153.0,110.0
-1739499.999999999,-5149250.0,58.0,340.0,186.0,124.0
-1739499.999999999,-5049250.0,55.0,318.0,150.0,96.0
-1739499.999999999,-4949250.0,58.0,325.0,126.0,105.0
-1739499.999999999,-4849250.0,59.0,363.0,207.0,148.0
-1739499.999999999,-4749250.0,61.0,365.0,172.0,144.0
-1739499.999999999,-4649250.0,57.0,361.0,198.0,145.0
-1739499.999999999,-4549250.0,59.0,397.0,335.0,204.0
-1739499.999999999,-4449250.0,52.0,390.0,300.0,211.0
-1739499.999999999,1450750.0,81.0,342.0,47.0,146.0
-1739499.999999999,1550750.0,64.0,297.0,105.0,169.0
-1739499.999999999,1650750.0,59.0,314.0,83.0,179.0
-1739499.999999999,1750750.0,58.0,319.0,61.0,175.0
-1739499.999999999,1850750.0,64.0,328.0,95.0,171.0
-1739499.999999999,1950750.0,58.0,313.0,104.0,141.0
-1739499.999999999,2050750.0,59.0,277.0,82.0,133.0
-1739499.999999999,2150750.0,61.0,278.0,76.0,132.0
-1739499.999999999,2250750.0,61.0,273.0,93.0,120.0
-1739499.999999999,2350750.0,60.0,286.0,87.0,98.0
-1739499.999999999,2450750.0,61.0,269.0,98.0,96.0
-1739499.999999999,2550750.0,58.0,270.0,135.0,131.0
-1739499.999999999,2650750.0,60.0,267.0,102.0,72.0
-1739499.999999999,2750750.0,60.0,265.0,104.0,47.0
-1739499.999999999,2850750.0,61.0,311.0,134.0,77.0
-1739499.999999999,2950750.0,63.0,324.0,323.0,145.0
-1739499.999999999,3050750.0,63.0,308.0,285.0,178.0
-1739499.999999999,3150750.0,62.0,313.0,122.0,75.0
-1739499.999999999,3250750.0,63.0,323.0,125.0,110.0
-1739499.999999999,3350750.0,66.0,319.0,149.0,146.0
-1739499.999999999,3450750.0,64.0,308.0,164.0,171.0
-1739499.999999999,3650750.0,63.0,325.0,92.0,102.0
-1739499.999999999,3750750.0,58.0,350.0,179.0,114.0
-1739499.999999999,3850750.0,58.0,321.0,132.0,123.0
-1739499.999999999,3950750.0,58.0,322.0,174.0,161.0
-1739499.999999999,4050750.0,56.0,339.0,257.0,162.0
-1739499.999999999,4150750.0,58.0,333.0,136.0,116.0
-1739499.999999999,4250750.0,61.0,304.0,110.0,91.0
-1739499.999999999,4350750.0,61.0,319.0,146.0,137.0
-1739499.999999999,5150750.0,62.0,346.0,217.0,144.0
-1739499.999999999,5250750.0,61.0,357.0,248.0,159.0
-1739499.999999999,5350750.0,58.0,350.0,228.0,152.0
-1739499.999999999,5450750.0,52.0,413.0,366.0,182.0
-1739499.999999999,13950750.0,64.0,370.0,91.0,218.0
-1739499.999999999,14050750.0,64.0,330.0,56.0,157.0
-1739499.999999999,14150750.0,67.0,293.0,69.0,169.0
-1739499.999999999,14250750.0,65.0,308.0,293.0,194.0
-1739499.999999999,14350750.0,66.0,343.0,55.0,206.0
-1739499.999999999,14450750.0,66.0,330.0,128.0,162.0
-1739499.999999999,14550750.0,63.0,352.0,59.0,195.0
-1739499.999999999,14650750.0,65.0,326.0,68.0,194.0
-1739499.999999999,14750750.0,65.0,317.0,63.0,204.0
-1739499.999999999,14850750.0,63.0,296.0,67.0,192.0
-1739499.999999999,14950750.0,65.0,321.0,65.0,251.0
-1739499.999999999,15050750.0,64.0,311.0,55.0,167.0
-1739499.999999999,15150750.0,66.0,343.0,49.0,184.0
-1739499.999999999,15250750.0,61.0,344.0,109.0,170.0
-1739499.999999999,15750750.0,60.0,347.0,132.0,175.0
-1739499.999999999,15850750.0,64.0,338.0,60.0,142.0
-1739499.999999999,15950750.0,62.0,348.0,61.0,93.0
-1739499.999999999,16050750.0,61.0,330.0,55.0,75.0
-1739499.999999999,16150750.0,54.0,375.0,196.0,173.0
-1839499.999999999,-8049250.0,79.0,306.0,199.0,125.0
-1839499.999999999,-7949250.0,84.0,276.0,109.0,127.0
-1839499.999999999,-7849250.0,68.0,362.0,272.0,204.0
-1839499.999999999,-7749250.0,67.0,391.0,231.0,244.0
-1839499.999999999,-7649250.0,67.0,403.0,247.0,199.0
-1839499.999999999,-7449250.0,56.0,371.0,516.0,178.0
-1839499.999999999,-7349250.0,52.0,389.0,528.0,197.0
-1839499.999999999,-7249250.0,51.0,345.0,424.0,169.0
-1839499.999999999,-7149250.0,51.0,362.0,400.0,179.0
-1839499.999999999,-7049250.0,56.0,359.0,234.0,141.0
-1839499.999999999,-6949250.0,57.0,398.0,255.0,119.0
-1839499.999999999,-6849250.0,58.0,349.0,178.0,107.0
-1839499.999999999,-6749250.0,57.0,364.0,200.0,96.0
-1839499.999999999,-6649250.0,55.0,355.0,210.0,117.0
-1839499.999999999,-6549250.0,56.0,358.0,182.0,109.0
-1839499.999999999,-6449250.0,57.0,344.0,213.0,118.0
-1839499.999999999,-6349250.0,60.0,339.0,265.0,108.0
-1839499.999999999,-6249250.0,57.0,346.0,213.0,100.0
-1839499.999999999,-6149250.0,54.0,340.0,177.0,80.0
-1839499.999999999,-6049250.0,55.0,379.0,241.0,115.0
-1839499.999999999,-5949250.0,54.0,383.0,149.0,115.0
-1839499.999999999,-5849250.0,54.0,375.0,140.0,115.0
-1839499.999999999,-5749250.0,55.0,399.0,188.0,115.0
-1839499.999999999,-5649250.0,56.0,398.0,222.0,100.0
-1839499.999999999,-5449250.0,53.0,372.0,193.0,103.0
-1839499.999999999,-5349250.0,53.0,351.0,151.0,100.0
-1839499.999999999,-5249250.0,57.0,365.0,166.0,101.0
-1839499.999999999,-5149250.0,56.0,310.0,154.0,97.0
-1839499.999999999,-5049250.0,58.0,350.0,151.0,122.0
-1839499.999999999,-4949250.0,57.0,357.0,175.0,104.0
-1839499.999999999,-4849250.0,57.0,371.0,188.0,119.0
-1839499.999999999,-4749250.0,58.0,371.0,209.0,141.0
-1839499.999999999,-4649250.0,57.0,391.0,290.0,152.0
-1839499.999999999,-4549250.0,62.0,387.0,332.0,205.0
-1839499.999999999,-4449250.0,52.0,383.0,539.0,174.0
-1839499.999999999,1450750.0,81.0,329.0,58.0,138.0
-1839499.999999999,1550750.0,72.0,387.0,97.0,172.0
-1839499.999999999,1650750.0,71.0,331.0,57.0,189.0
-1839499.999999999,1750750.0,67.0,301.0,69.0,176.0
-1839499.999999999,1850750.0,62.0,311.0,82.0,173.0
-1839499.999999999,1950750.0,64.0,278.0,82.0,153.0
-1839499.999999999,2050750.0,62.0,298.0,88.0,152.0
-1839499.999999999,2150750.0,69.0,278.0,80.0,163.0
-1839499.999999999,2250750.0,63.0,275.0,83.0,149.0
-1839499.999999999,2350750.0,64.0,253.0,87.0,127.0
-1839499.999999999,2450750.0,63.0,283.0,159.0,107.0
-1839499.999999999,2550750.0,63.0,267.0,137.0,88.0
-1839499.999999999,2650750.0,65.0,243.0,85.0,72.0
-1839499.999999999,2750750.0,62.0,248.0,74.0,87.0
-1839499.999999999,2850750.0,63.0,254.0,106.0,114.0
-1839499.999999999,2950750.0,61.0,242.0,112.0,107.0
-1839499.999999999,3050750.0,61.0,265.0,95.0,68.0
-1839499.999999999,3250750.0,61.0,273.0,128.0,92.0
-1839499.999999999,3350750.0,61.0,277.0,115.0,101.0
-1839499.999999999,3450750.0,61.0,308.0,134.0,92.0
-1839499.999999999,3550750.0,63.0,264.0,99.0,145.0
-1839499.999999999,3650750.0,64.0,354.0,115.0,168.0
-1839499.999999999,3750750.0,60.0,357.0,135.0,111.0
-1839499.999999999,3850750.0,63.0,287.0,176.0,121.0
-1839499.999999999,3950750.0,58.0,357.0,193.0,162.0
-1839499.999999999,4050750.0,64.0,346.0,166.0,147.0
-1839499.999999999,4150750.0,60.0,351.0,139.0,123.0
-1839499.999999999,4250750.0,62.0,315.0,153.0,173.0
-1839499.999999999,4850750.0,62.0,335.0,125.0,174.0
-1839499.999999999,4950750.0,60.0,342.0,125.0,145.0
-1839499.999999999,5050750.0,61.0,352.0,170.0,128.0
-1839499.999999999,5150750.0,62.0,346.0,152.0,141.0
-1839499.999999999,5250750.0,63.0,337.0,173.0,207.0
-1839499.999999999,5350750.0,49.0,356.0,305.0,211.0
-1839499.999999999,13850750.0,64.0,362.0,196.0,184.0
-1839499.999999999,13950750.0,64.0,360.0,142.0,169.0
-1839499.999999999,14050750.0,65.0,312.0,65.0,175.0
-1839499.999999999,14150750.0,68.0,326.0,67.0,169.0
-1839499.999999999,14250750.0,68.0,319.0,67.0,160.0
-1839499.999999999,14350750.0,68.0,357.0,69.0,193.0
-1839499.999999999,14450750.0,69.0,349.0,67.0,198.0
-1839499.999999999,14550750.0,66.0,362.0,88.0,295.0
-1839499.999999999,14650750.0,70.0,327.0,106.0,177.0
-1839499.999999999,14750750.0,67.0,370.0,72.0,229.0
-1839499.999999999,14850750.0,67.0,311.0,62.0,156.0
-1839499.999999999,14950750.0,66.0,316.0,97.0,170.0
-1839499.999999999,15050750.0,68.0,356.0,73.0,332.0
-1839499.999999999,15150750.0,68.0,348.0,52.0,209.0
-1839499.999999999,15250750.0,65.0,335.0,86.0,207.0
-1839499.999999999,15350750.0,64.0,374.0,58.0,167.0
-1839499.999999999,15750750.0,58.0,345.0,100.0,205.0
-1839499.999999999,15850750.0,61.0,359.0,63.0,174.0
-1839499.999999999,15950750.0,63.0,279.0,52.0,103.0
-1839499.999999999,16050750.0,66.0,323.0,62.0,143.0
-1839499.999999999,16150750.0,51.0,450.0,461.0,181.0
-1839499.999999999,19750750.0,51.0,385.0,373.0,178.0
-1939499.999999999,-7849250.0,81.0,303.0,126.0,140.0
-1939499.999999999,-7749250.0,69.0,335.0,200.0,233.0
-1939499.999999999,-7649250.0,65.0,383.0,216.0,218.0
-1939499.999999999,-7549250.0,65.0,378.0,207.0,204.0
-1939499.999999999,-7449250.0,67.0,403.0,243.0,220.0
-1939499.999999999,-7349250.0,72.0,333.0,282.0,155.0
-1939499.999999999,-7249250.0,52.0,403.0,652.0,281.0
-1939499.999999999,-7149250.0,53.0,394.0,416.0,188.0
-1939499.999999999,-7049250.0,53.0,377.0,289.0,156.0
-1939499.999999999,-6949250.0,64.0,354.0,263.0,228.0
-1939499.999999999,-6849250.0,58.0,373.0,267.0,161.0
-1939499.999999999,-6749250.0,57.0,357.0,221.0,95.0
-1939499.999999999,-6649250.0,51.0,367.0,314.0,117.0
-1939499.999999999,-6549250.0,57.0,370.0,208.0,94.0
-1939499.999999999,-6449250.0,59.0,355.0,214.0,122.0
-1939499.999999999,-6349250.0,57.0,321.0,280.0,123.0
-1939499.999999999,-6249250.0,57.0,338.0,168.0,104.0
-1939499.999999999,-6149250.0,54.0,367.0,159.0,110.0
-1939499.999999999,-6049250.0,50.0,339.0,141.0,102.0
-1939499.999999999,-5949250.0,51.0,331.0,137.0,118.0
-1939499.999999999,-5849250.0,54.0,362.0,186.0,85.0
-1939499.999999999,-5749250.0,50.0,362.0,184.0,196.0
-1939499.999999999,-5649250.0,55.0,338.0,152.0,91.0
-1939499.999999999,-5549250.0,55.0,365.0,146.0,108.0
-1939499.999999999,-5449250.0,56.0,347.0,199.0,100.0
-1939499.999999999,-5349250.0,52.0,393.0,159.0,122.0
-1939499.999999999,-5249250.0,57.0,356.0,179.0,97.0
-1939499.999999999,-5149250.0,56.0,355.0,128.0,97.0
-1939499.999999999,-5049250.0,57.0,344.0,137.0,116.0
-1939499.999999999,-4949250.0,55.0,379.0,183.0,97.0
-1939499.999999999,-4849250.0,56.0,385.0,197.0,113.0
-1939499.999999999,-4749250.0,56.0,396.0,224.0,131.0
-1939499.999999999,-4649250.0,57.0,402.0,244.0,139.0
-1939499.999999999,-4549250.0,60.0,386.0,276.0,208.0
-1939499.999999999,1350750.0,80.0,285.0,188.0,139.0
-1939499.999999999,1450750.0,77.0,364.0,160.0,179.0
-1939499.999999999,1550750.0,82.0,344.0,117.0,151.0
-1939499.999999999,1650750.0,77.0,316.0,79.0,174.0
-1939499.999999999,1750750.0,74.0,324.0,90.0,173.0
-1939499.999999999,1850750.0,69.0,250.0,81.0,172.0
-1939499.999999999,1950750.0,70.0,276.0,124.0,173.0
-1939499.999999999,2050750.0,66.0,265.0,94.0,164.0
-1939499.999999999,2150750.0,64.0,224.0,89.0,151.0
-1939499.999999999,2250750.0,66.0,272.0,94.0,182.0
-1939499.999999999,2350750.0,65.0,245.0,100.0,122.0
-1939499.999999999,2450750.0,64.0,264.0,132.0,107.0
-1939499.999999999,2550750.0,66.0,276.0,120.0,107.0
-1939499.999999999,2650750.0,62.0,264.0,104.0,90.0
-1939499.999999999,2750750.0,66.0,281.0,119.0,95.0
-1939499.999999999,2850750.0,64.0,227.0,93.0,102.0
-1939499.999999999,2950750.0,60.0,227.0,90.0,106.0
-1939499.999999999,3050750.0,65.0,334.0,106.0,177.0
-1939499.999999999,3150750.0,66.0,277.0,95.0,164.0
-1939499.999999999,3250750.0,62.0,323.0,118.0,83.0
-1939499.999999999,3350750.0,61.0,318.0,123.0,101.0
-1939499.999999999,3450750.0,62.0,329.0,134.0,106.0
-1939499.999999999,3550750.0,61.0,327.0,147.0,65.0
-1939499.999999999,3650750.0,61.0,309.0,117.0,132.0
-1939499.999999999,3750750.0,61.0,293.0,120.0,135.0
-1939499.999999999,3850750.0,63.0,311.0,128.0,157.0
-1939499.999999999,3950750.0,60.0,319.0,146.0,125.0
-1939499.999999999,4050750.0,59.0,331.0,138.0,135.0
-1939499.999999999,4850750.0,62.0,344.0,200.0,154.0
-1939499.999999999,4950750.0,60.0,313.0,163.0,145.0
-1939499.999999999,5050750.0,62.0,344.0,227.0,124.0
-1939499.999999999,5150750.0,59.0,338.0,223.0,104.0
-1939499.999999999,5250750.0,63.0,352.0,166.0,133.0
-1939499.999999999,5350750.0,52.0,380.0,326.0,235.0
-1939499.999999999,13750750.0,68.0,306.0,63.0,221.0
-1939499.999999999,13850750.0,67.0,317.0,75.0,222.0
-1939499.999999999,13950750.0,69.0,361.0,60.0,242.0
-1939499.999999999,14050750.0,65.0,343.0,103.0,153.0
-1939499.999999999,14150750.0,68.0,333.0,71.0,157.0
-1939499.999999999,14250750.0,66.0,329.0,69.0,183.0
-1939499.999999999,14350750.0,67.0,317.0,91.0,181.0
-1939499.999999999,14450750.0,68.0,360.0,89.0,243.0
-1939499.999999999,14550750.0,68.0,365.0,67.0,231.0
-1939499.999999999,14650750.0,69.0,365.0,63.0,266.0
-1939499.999999999,14750750.0,69.0,373.0,61.0,248.0
-1939499.999999999,14850750.0,69.0,355.0,66.0,226.0
-1939499.999999999,14950750.0,70.0,377.0,63.0,251.0
-1939499.999999999,15050750.0,68.0,346.0,60.0,321.0
-1939499.999999999,15150750.0,67.0,335.0,64.0,210.0
-1939499.999999999,15250750.0,67.0,354.0,56.0,238.0
-1939499.999999999,15350750.0,64.0,329.0,133.0,169.0
-1939499.999999999,15450750.0,64.0,320.0,47.0,142.0
-1939499.999999999,15750750.0,61.0,316.0,50.0,110.0
-1939499.999999999,15850750.0,62.0,363.0,58.0,240.0
-1939499.999999999,15950750.0,63.0,295.0,37.0,157.0
-1939499.999999999,16050750.0,66.0,329.0,127.0,160.0
-1939499.999999999,16150750.0,61.0,372.0,202.0,81.0
-2039499.999999999,-7749250.0,81.0,289.0,241.0,169.0
-2039499.999999999,-7649250.0,64.0,345.0,189.0,111.0
-2039499.999999999,-7549250.0,64.0,354.0,164.0,97.0
-2039499.999999999,-7449250.0,70.0,349.0,154.0,140.0
-2039499.999999999,-7349250.0,70.0,342.0,244.0,213.0
-2039499.999999999,-7249250.0,69.0,348.0,305.0,251.0
-2039499.999999999,-7149250.0,72.0,355.0,195.0,205.0
-2039499.999999999,-7049250.0,56.0,389.0,353.0,198.0
-2039499.999999999,-6949250.0,65.0,378.0,179.0,190.0
-2039499.999999999,-6849250.0,59.0,320.0,207.0,171.0
-2039499.999999999,-6749250.0,57.0,351.0,198.0,137.0
-2039499.999999999,-6649250.0,59.0,399.0,255.0,124.0
-2039499.999999999,-6549250.0,58.0,331.0,210.0,95.0
-2039499.999999999,-6449250.0,60.0,337.0,248.0,102.0
-2039499.999999999,-6249250.0,56.0,361.0,197.0,111.0
-2039499.999999999,-6149250.0,55.0,381.0,167.0,108.0
-2039499.999999999,-6049250.0,52.0,366.0,168.0,112.0
-2039499.999999999,-5849250.0,53.0,323.0,165.0,104.0
-2039499.999999999,-5749250.0,54.0,341.0,144.0,99.0
-2039499.999999999,-5649250.0,53.0,302.0,136.0,110.0
-2039499.999999999,-5549250.0,54.0,366.0,169.0,105.0
-2039499.999999999,-5449250.0,56.0,386.0,177.0,107.0
-2039499.999999999,-5349250.0,53.0,368.0,170.0,101.0
-2039499.999999999,-5249250.0,53.0,388.0,168.0,123.0
-2039499.999999999,-5149250.0,56.0,351.0,159.0,105.0
-2039499.999999999,-5049250.0,55.0,354.0,136.0,95.0
-2039499.999999999,-4949250.0,52.0,380.0,240.0,118.0
-2039499.999999999,-4849250.0,51.0,399.0,224.0,150.0
-2039499.999999999,-4749250.0,59.0,407.0,203.0,175.0
-2039499.999999999,-4649250.0,58.0,372.0,253.0,118.0
-2039499.999999999,-4549250.0,53.0,374.0,408.0,195.0
-2039499.999999999,1450750.0,87.0,322.0,76.0,126.0
-2039499.999999999,1550750.0,83.0,338.0,111.0,176.0
-2039499.999999999,1650750.0,79.0,327.0,103.0,173.0
-2039499.999999999,1750750.0,77.0,339.0,93.0,156.0
-2039499.999999999,1850750.0,76.0,310.0,96.0,190.0
-2039499.999999999,1950750.0,74.0,294.0,86.0,180.0
-2039499.999999999,2050750.0,78.0,276.0,71.0,204.0
-2039499.999999999,2150750.0,75.0,276.0,78.0,144.0
-2039499.999999999,2250750.0,72.0,283.0,91.0,149.0
-2039499.999999999,2350750.0,70.0,297.0,78.0,202.0
-2039499.999999999,2450750.0,66.0,280.0,90.0,85.0
-2039499.999999999,2550750.0,65.0,289.0,129.0,119.0
-2039499.999999999,2650750.0,65.0,309.0,121.0,116.0
-2039499.999999999,2750750.0,71.0,299.0,114.0,258.0
-2039499.999999999,2850750.0,68.0,273.0,95.0,200.0
-2039499.999999999,2950750.0,63.0,324.0,128.0,129.0
-2039499.999999999,3050750.0,60.0,260.0,85.0,113.0
-2039499.999999999,3150750.0,62.0,281.0,97.0,138.0
-2039499.999999999,3250750.0,63.0,281.0,97.0,110.0
-2039499.999999999,3350750.0,63.0,268.0,98.0,117.0
-2039499.999999999,3450750.0,59.0,245.0,100.0,118.0
-2039499.999999999,3550750.0,60.0,327.0,136.0,101.0
-2039499.999999999,3650750.0,59.0,316.0,136.0,95.0
-2039499.999999999,3750750.0,61.0,301.0,112.0,126.0
-2039499.999999999,3850750.0,58.0,344.0,198.0,128.0
-2039499.999999999,3950750.0,59.0,318.0,212.0,205.0
-2039499.999999999,4850750.0,61.0,341.0,199.0,181.0
-2039499.999999999,4950750.0,60.0,362.0,195.0,129.0
-2039499.999999999,5050750.0,58.0,343.0,223.0,120.0
-2039499.999999999,5150750.0,63.0,358.0,233.0,156.0
-2039499.999999999,5250750.0,45.0,387.0,334.0,177.0
-2039499.999999999,13750750.0,69.0,330.0,53.0,232.0
-2039499.999999999,13850750.0,69.0,325.0,85.0,279.0
-2039499.999999999,13950750.0,72.0,296.0,71.0,174.0
-2039499.999999999,14050750.0,71.0,333.0,74.0,199.0
-2039499.999999999,14150750.0,69.0,347.0,133.0,253.0
-2039499.999999999,14250750.0,68.0,369.0,55.0,285.0
-2039499.999999999,14350750.0,72.0,343.0,56.0,214.0
-2039499.999999999,14450750.0,69.0,360.0,75.0,249.0
-2039499.999999999,14550750.0,71.0,365.0,89.0,253.0
-2039499.999999999,14650750.0,72.0,388.0,67.0,226.0
-2039499.999999999,14750750.0,74.0,378.0,59.0,235.0
-2039499.999999999,14850750.0,72.0,380.0,56.0,258.0
-2039499.999999999,14950750.0,72.0,353.0,53.0,254.0
-2039499.999999999,15050750.0,76.0,386.0,96.0,381.0
-2039499.999999999,15150750.0,73.0,380.0,65.0,362.0
-2039499.999999999,15250750.0,72.0,350.0,62.0,334.0
-2039499.999999999,15350750.0,66.0,306.0,71.0,185.0
-2039499.999999999,15450750.0,68.0,329.0,49.0,172.0
-2039499.999999999,15550750.0,74.0,321.0,51.0,217.0
-2039499.999999999,15650750.0,69.0,323.0,55.0,197.0
-2039499.999999999,15750750.0,63.0,322.0,50.0,165.0
-2039499.999999999,15850750.0,59.0,288.0,35.0,118.0
-2039499.999999999,15950750.0,66.0,348.0,35.0,152.0
-2039499.999999999,16050750.0,68.0,284.0,53.0,147.0
-2039499.999999999,16150750.0,60.0,363.0,109.0,98.0
-2139499.999999999,-7749250.0,81.0,287.0,278.0,205.0
-2139499.999999999,-7649250.0,77.0,318.0,197.0,185.0
-2139499.999999999,-7549250.0,77.0,322.0,173.0,257.0
-2139499.999999999,-7449250.0,71.0,358.0,166.0,104.0
-2139499.999999999,-7349250.0,68.0,351.0,173.0,149.0
-2139499.999999999,-7249250.0,70.0,348.0,254.0,216.0
-2139499.999999999,-7149250.0,62.0,355.0,300.0,179.0
-2139499.999999999,-7049250.0,57.0,385.0,308.0,196.0
-2139499.999999999,-6949250.0,66.0,358.0,160.0,159.0
-2139499.999999999,-6849250.0,63.0,346.0,179.0,175.0
-2139499.999999999,-6749250.0,58.0,369.0,232.0,204.0
-2139499.999999999,-6649250.0,62.0,353.0,213.0,165.0
-2139499.999999999,-6549250.0,58.0,347.0,209.0,155.0
-2139499.999999999,-6349250.0,54.0,354.0,124.0,133.0
-2139499.999999999,-6249250.0,55.0,363.0,170.0,141.0
-2139499.999999999,-6149250.0,55.0,387.0,180.0,113.0
-2139499.999999999,-6049250.0,53.0,374.0,182.0,103.0
-2139499.999999999,-5949250.0,52.0,378.0,211.0,164.0
-2139499.999999999,-5849250.0,52.0,347.0,174.0,95.0
-2139499.999999999,-5749250.0,53.0,314.0,134.0,78.0
-2139499.999999999,-5649250.0,55.0,382.0,166.0,103.0
-2139499.999999999,-5549250.0,54.0,380.0,151.0,95.0
-2139499.999999999,-5449250.0,53.0,358.0,149.0,89.0
-2139499.999999999,-5349250.0,51.0,374.0,236.0,134.0
-2139499.999999999,-5249250.0,51.0,383.0,146.0,98.0
-2139499.999999999,-5149250.0,54.0,359.0,164.0,88.0
-2139499.999999999,-5049250.0,54.0,365.0,164.0,94.0
-2139499.999999999,-4949250.0,48.0,386.0,254.0,163.0
-2139499.999999999,-4849250.0,54.0,380.0,217.0,164.0
-2139499.999999999,-4749250.0,60.0,394.0,195.0,141.0
-2139499.999999999,-4649250.0,56.0,393.0,308.0,138.0
-2139499.999999999,-4549250.0,57.0,383.0,583.0,259.0
-2139499.999999999,1550750.0,86.0,319.0,81.0,129.0
-2139499.999999999,1650750.0,82.0,291.0,90.0,155.0
-2139499.999999999,1750750.0,79.0,292.0,107.0,167.0
-2139499.999999999,1850750.0,78.0,308.0,81.0,157.0
-2139499.999999999,1950750.0,80.0,320.0,72.0,181.0
-2139499.999999999,2050750.0,81.0,282.0,72.0,164.0
-2139499.999999999,2150750.0,74.0,279.0,66.0,179.0
-2139499.999999999,2250750.0,73.0,256.0,78.0,156.0
-2139499.999999999,2350750.0,70.0,284.0,82.0,162.0
-2139499.999999999,2450750.0,63.0,313.0,75.0,91.0
-2139499.999999999,2550750.0,66.0,320.0,181.0,121.0
-2139499.999999999,2650750.0,64.0,285.0,102.0,90.0
-2139499.999999999,2750750.0,64.0,288.0,90.0,95.0
-2139499.999999999,2850750.0,66.0,285.0,97.0,113.0
-2139499.999999999,2950750.0,64.0,272.0,88.0,98.0
-2139499.999999999,3050750.0,65.0,297.0,94.0,150.0
-2139499.999999999,3150750.0,60.0,248.0,109.0,77.0
-2139499.999999999,3250750.0,62.0,289.0,150.0,169.0
-2139499.999999999,3350750.0,61.0,261.0,108.0,101.0
-2139499.999999999,3450750.0,62.0,251.0,118.0,147.0
-2139499.999999999,3550750.0,62.0,323.0,142.0,127.0
-2139499.999999999,3650750.0,58.0,349.0,167.0,95.0
-2139499.999999999,3750750.0,62.0,360.0,155.0,195.0
-2139499.999999999,3850750.0,61.0,335.0,192.0,154.0
-2139499.999999999,4850750.0,62.0,326.0,158.0,147.0
-2139499.999999999,4950750.0,59.0,338.0,206.0,135.0
-2139499.999999999,5050750.0,59.0,364.0,222.0,150.0
-2139499.999999999,5150750.0,52.0,368.0,216.0,156.0
-2139499.999999999,5250750.0,53.0,404.0,315.0,167.0
-2139499.999999999,13650750.0,69.0,339.0,58.0,248.0
-2139499.999999999,13750750.0,75.0,328.0,41.0,236.0
-2139499.999999999,13850750.0,74.0,283.0,42.0,261.0
-2139499.999999999,13950750.0,76.0,306.0,44.0,275.0
-2139499.999999999,14050750.0,73.0,355.0,60.0,244.0
-2139499.999999999,14150750.0,76.0,329.0,39.0,247.0
-2139499.999999999,14250750.0,76.0,344.0,42.0,337.0
-2139499.999999999,14350750.0,68.0,347.0,40.0,311.0
-2139499.999999999,14450750.0,75.0,358.0,40.0,246.0
-2139499.999999999,14550750.0,75.0,353.0,56.0,199.0
-2139499.999999999,14650750.0,76.0,353.0,48.0,256.0
-2139499.999999999,14750750.0,74.0,329.0,47.0,155.0
-2139499.999999999,14850750.0,68.0,344.0,55.0,210.0
-2139499.999999999,14950750.0,69.0,356.0,60.0,249.0
-2139499.999999999,15050750.0,70.0,374.0,46.0,292.0
-2139499.999999999,15150750.0,75.0,371.0,52.0,298.0
-2139499.999999999,15250750.0,75.0,372.0,53.0,260.0
-2139499.999999999,15350750.0,76.0,367.0,45.0,276.0
-2139499.999999999,15450750.0,68.0,309.0,65.0,217.0
-2139499.999999999,15550750.0,70.0,339.0,56.0,245.0
-2139499.999999999,15650750.0,74.0,355.0,52.0,264.0
-2139499.999999999,15750750.0,70.0,320.0,41.0,262.0
-2139499.999999999,15850750.0,65.0,317.0,43.0,190.0
-2139499.999999999,15950750.0,65.0,328.0,56.0,168.0
-2139499.999999999,16050750.0,68.0,268.0,86.0,172.0
-2139499.999999999,16150750.0,64.0,317.0,68.0,128.0
-2139499.999999999,16250750.0,60.0,333.0,137.0,159.0
-2239499.999999999,-7649250.0,83.0,282.0,126.0,181.0
-2239499.999999999,-7549250.0,79.0,324.0,175.0,154.0
-2239499.999999999,-7449250.0,79.0,324.0,224.0,218.0
-2239499.999999999,-7349250.0,72.0,332.0,152.0,117.0
-2239499.999999999,-7249250.0,70.0,342.0,218.0,195.0
-2239499.999999999,-7149250.0,65.0,359.0,311.0,198.0
-2239499.999999999,-7049250.0,57.0,384.0,237.0,178.0
-2239499.999999999,-6949250.0,68.0,349.0,145.0,213.0
-2239499.999999999,-6849250.0,67.0,363.0,154.0,189.0
-2239499.999999999,-6749250.0,68.0,338.0,157.0,200.0
-2239499.999999999,-6649250.0,62.0,338.0,217.0,159.0
-2239499.999999999,-6549250.0,59.0,325.0,256.0,149.0
-2239499.999999999,-6449250.0,63.0,345.0,163.0,188.0
-2239499.999999999,-6349250.0,58.0,365.0,222.0,129.0
-2239499.999999999,-6249250.0,56.0,376.0,168.0,131.0
-2239499.999999999,-6149250.0,55.0,374.0,197.0,86.0
-2239499.999999999,-6049250.0,52.0,353.0,208.0,89.0
-2239499.999999999,-5949250.0,52.0,367.0,182.0,119.0
-2239499.999999999,-5849250.0,54.0,363.0,181.0,95.0
-2239499.999999999,-5749250.0,55.0,353.0,158.0,89.0
-2239499.999999999,-5649250.0,56.0,345.0,148.0,102.0
-2239499.999999999,-5549250.0,53.0,367.0,158.0,94.0
-2239499.999999999,-5449250.0,54.0,372.0,162.0,111.0
-2239499.999999999,-5349250.0,54.0,381.0,175.0,112.0
-2239499.999999999,-5249250.0,53.0,383.0,185.0,130.0
-2239499.999999999,-5149250.0,52.0,368.0,213.0,114.0
-2239499.999999999,-5049250.0,51.0,371.0,218.0,136.0
-2239499.999999999,-4949250.0,49.0,388.0,392.0,171.0
-2239499.999999999,-4849250.0,54.0,394.0,212.0,160.0
-2239499.999999999,-4749250.0,51.0,416.0,325.0,132.0
-2239499.999999999,-4649250.0,52.0,411.0,348.0,162.0
-2239499.999999999,1550750.0,87.0,269.0,107.0,147.0
-2239499.999999999,1650750.0,85.0,311.0,135.0,135.0
-2239499.999999999,1750750.0,79.0,285.0,75.0,134.0
-2239499.999999999,1850750.0,76.0,304.0,65.0,147.0
-2239499.999999999,1950750.0,78.0,332.0,72.0,152.0
-2239499.999999999,2050750.0,77.0,322.0,83.0,171.0
-2239499.999999999,2150750.0,75.0,272.0,90.0,109.0
-2239499.999999999,2250750.0,72.0,278.0,69.0,86.0
-2239499.999999999,2350750.0,69.0,297.0,83.0,99.0
-2239499.999999999,2450750.0,68.0,327.0,68.0,88.0
-2239499.999999999,2550750.0,70.0,301.0,90.0,86.0
-2239499.999999999,2650750.0,68.0,338.0,125.0,89.0
-2239499.999999999,2750750.0,75.0,322.0,94.0,65.0
-2239499.999999999,2850750.0,75.0,274.0,69.0,167.0
-2239499.999999999,2950750.0,67.0,249.0,104.0,117.0
-2239499.999999999,3050750.0,66.0,231.0,75.0,188.0
-2239499.999999999,3150750.0,64.0,283.0,92.0,181.0
-2239499.999999999,3250750.0,61.0,287.0,104.0,142.0
-2239499.999999999,3350750.0,62.0,258.0,100.0,136.0
-2239499.999999999,3450750.0,62.0,336.0,140.0,128.0
-2239499.999999999,3550750.0,57.0,339.0,164.0,105.0
-2239499.999999999,3650750.0,62.0,319.0,130.0,166.0
-2239499.999999999,3750750.0,63.0,372.0,242.0,176.0
-2239499.999999999,4850750.0,62.0,330.0,147.0,132.0
-2239499.999999999,4950750.0,64.0,357.0,237.0,138.0
-2239499.999999999,5050750.0,56.0,384.0,308.0,148.0
-2239499.999999999,5150750.0,50.0,396.0,341.0,195.0
-2239499.999999999,6150750.0,54.0,361.0,211.0,158.0
-2239499.999999999,13450750.0,74.0,307.0,61.0,247.0
-2239499.999999999,13550750.0,74.0,311.0,52.0,283.0
-2239499.999999999,13650750.0,77.0,324.0,47.0,284.0
-2239499.999999999,13750750.0,76.0,338.0,38.0,247.0
-2239499.999999999,13850750.0,73.0,315.0,38.0,252.0
-2239499.999999999,13950750.0,76.0,348.0,41.0,311.0
-2239499.999999999,14050750.0,78.0,323.0,41.0,290.0
-2239499.999999999,14150750.0,77.0,358.0,40.0,327.0
-2239499.999999999,14250750.0,76.0,353.0,42.0,348.0
-2239499.999999999,14350750.0,76.0,318.0,36.0,304.0
-2239499.999999999,14450750.0,76.0,357.0,45.0,357.0
-2239499.999999999,14550750.0,76.0,355.0,43.0,335.0
-2239499.999999999,14650750.0,77.0,304.0,47.0,229.0
-2239499.999999999,14750750.0,72.0,333.0,35.0,275.0
-2239499.999999999,14850750.0,73.0,345.0,38.0,225.0
-2239499.999999999,14950750.0,71.0,365.0,31.0,258.0
-2239499.999999999,15050750.0,69.0,356.0,48.0,261.0
-2239499.999999999,15150750.0,75.0,367.0,45.0,233.0
-2239499.999999999,15250750.0,74.0,355.0,46.0,336.0
-2239499.999999999,15350750.0,77.0,362.0,41.0,359.0
-2239499.999999999,15450750.0,74.0,386.0,66.0,384.0
-2239499.999999999,15550750.0,68.0,331.0,71.0,310.0
-2239499.999999999,15650750.0,77.0,378.0,44.0,372.0
-2239499.999999999,15750750.0,78.0,367.0,54.0,383.0
-2239499.999999999,15850750.0,75.0,339.0,44.0,290.0
-2239499.999999999,15950750.0,75.0,346.0,54.0,330.0
-2239499.999999999,16050750.0,68.0,310.0,77.0,228.0
-2239499.999999999,16150750.0,62.0,326.0,68.0,126.0
-2239499.999999999,16250750.0,66.0,335.0,61.0,156.0
-2239499.999999999,16350750.0,68.0,344.0,77.0,182.0
-2239499.999999999,16450750.0,64.0,360.0,78.0,159.0
-2339499.999999999,-7649250.0,84.0,272.0,94.0,172.0
-2339499.999999999,-7549250.0,81.0,325.0,173.0,191.0
-2339499.999999999,-7449250.0,82.0,313.0,130.0,132.0
-2339499.999999999,-7349250.0,73.0,324.0,185.0,153.0
-2339499.999999999,-7249250.0,71.0,336.0,215.0,195.0
-2339499.999999999,-7149250.0,62.0,348.0,289.0,168.0
-2339499.999999999,-7049250.0,59.0,385.0,261.0,210.0
-2339499.999999999,-6949250.0,70.0,337.0,156.0,168.0
-2339499.999999999,-6849250.0,69.0,345.0,178.0,194.0
-2339499.999999999,-6749250.0,68.0,368.0,141.0,215.0
-2339499.999999999,-6649250.0,64.0,325.0,208.0,183.0
-2339499.999999999,-6549250.0,59.0,330.0,221.0,180.0
-2339499.999999999,-6449250.0,64.0,353.0,173.0,129.0
-2339499.999999999,-6349250.0,55.0,385.0,211.0,123.0
-2339499.999999999,-6249250.0,56.0,345.0,237.0,111.0
-2339499.999999999,-6149250.0,53.0,365.0,203.0,118.0
-2339499.999999999,-6049250.0,55.0,347.0,198.0,119.0
-2339499.999999999,-5949250.0,54.0,346.0,200.0,104.0
-2339499.999999999,-5849250.0,56.0,342.0,165.0,128.0
-2339499.999999999,-5749250.0,56.0,346.0,204.0,107.0
-2339499.999999999,-5649250.0,56.0,347.0,203.0,100.0
-2339499.999999999,-5549250.0,55.0,380.0,171.0,94.0
-2339499.999999999,-5449250.0,56.0,393.0,178.0,112.0
-2339499.999999999,-5349250.0,54.0,389.0,229.0,125.0
-2339499.999999999,-5249250.0,52.0,397.0,261.0,140.0
-2339499.999999999,-5149250.0,52.0,377.0,210.0,157.0
-2339499.999999999,-5049250.0,52.0,393.0,263.0,162.0
-2339499.999999999,-4949250.0,52.0,392.0,233.0,162.0
-2339499.999999999,-4849250.0,53.0,399.0,209.0,148.0
-2339499.999999999,-4749250.0,54.0,415.0,268.0,155.0
-2339499.999999999,1650750.0,87.0,296.0,106.0,111.0
-2339499.999999999,1750750.0,82.0,300.0,66.0,137.0
-2339499.999999999,1850750.0,74.0,327.0,67.0,158.0
-2339499.999999999,1950750.0,73.0,317.0,66.0,91.0
-2339499.999999999,2050750.0,75.0,274.0,66.0,111.0
-2339499.999999999,2150750.0,74.0,283.0,67.0,105.0
-2339499.999999999,2250750.0,72.0,263.0,79.0,95.0
-2339499.999999999,2350750.0,72.0,285.0,51.0,103.0
-2339499.999999999,2450750.0,68.0,269.0,61.0,79.0
-2339499.999999999,2550750.0,72.0,322.0,79.0,73.0
-2339499.999999999,2650750.0,72.0,374.0,107.0,126.0
-2339499.999999999,2750750.0,83.0,341.0,64.0,112.0
-2339499.999999999,2850750.0,74.0,361.0,108.0,223.0
-2339499.999999999,2950750.0,66.0,238.0,64.0,121.0
-2339499.999999999,3050750.0,68.0,244.0,84.0,151.0
-2339499.999999999,3150750.0,69.0,249.0,103.0,178.0
-2339499.999999999,3250750.0,65.0,340.0,115.0,197.0
-2339499.999999999,3350750.0,66.0,357.0,114.0,226.0
-2339499.999999999,3450750.0,66.0,337.0,106.0,222.0
-2339499.999999999,3550750.0,66.0,272.0,112.0,173.0
-2339499.999999999,3650750.0,65.0,249.0,119.0,124.0
-2339499.999999999,3750750.0,64.0,307.0,114.0,119.0
-2339499.999999999,4750750.0,63.0,298.0,117.0,165.0
-2339499.999999999,4850750.0,64.0,322.0,141.0,179.0
-2339499.999999999,4950750.0,62.0,367.0,234.0,162.0
-2339499.999999999,5050750.0,55.0,371.0,195.0,143.0
-2339499.999999999,5150750.0,52.0,396.0,271.0,198.0
-2339499.999999999,13150750.0,75.0,335.0,67.0,207.0
-2339499.999999999,13250750.0,77.0,342.0,46.0,240.0
-2339499.999999999,13350750.0,81.0,310.0,37.0,258.0
-2339499.999999999,13450750.0,75.0,322.0,47.0,264.0
-2339499.999999999,13550750.0,72.0,311.0,45.0,287.0
-2339499.999999999,13650750.0,77.0,331.0,37.0,267.0
-2339499.999999999,13750750.0,77.0,319.0,38.0,285.0
-2339499.999999999,13850750.0,76.0,337.0,37.0,281.0
-2339499.999999999,13950750.0,78.0,317.0,41.0,276.0
-2339499.999999999,14050750.0,78.0,313.0,47.0,284.0
-2339499.999999999,14150750.0,77.0,319.0,38.0,287.0
-2339499.999999999,14250750.0,74.0,337.0,42.0,302.0
-2339499.999999999,14350750.0,73.0,322.0,39.0,270.0
-2339499.999999999,14450750.0,77.0,339.0,36.0,286.0
-2339499.999999999,14550750.0,77.0,351.0,40.0,301.0
-2339499.999999999,14650750.0,76.0,359.0,30.0,298.0
-2339499.999999999,14750750.0,74.0,323.0,45.0,298.0
-2339499.999999999,14850750.0,74.0,333.0,47.0,297.0
-2339499.999999999,14950750.0,73.0,363.0,33.0,279.0
-2339499.999999999,15050750.0,68.0,346.0,46.0,298.0
-2339499.999999999,15150750.0,75.0,352.0,36.0,325.0
-2339499.999999999,15250750.0,77.0,382.0,33.0,330.0
-2339499.999999999,15350750.0,75.0,370.0,39.0,371.0
-2339499.999999999,15450750.0,77.0,384.0,44.0,383.0
-2339499.999999999,15550750.0,69.0,343.0,66.0,366.0
-2339499.999999999,15650750.0,70.0,364.0,94.0,362.0
-2339499.999999999,15750750.0,80.0,346.0,61.0,374.0
-2339499.999999999,15850750.0,82.0,385.0,50.0,434.0
-2339499.999999999,15950750.0,82.0,370.0,65.0,454.0
-2339499.999999999,16050750.0,66.0,302.0,51.0,229.0
-2339499.999999999,16150750.0,62.0,298.0,67.0,154.0
-2339499.999999999,16250750.0,64.0,333.0,58.0,218.0
-2339499.999999999,16350750.0,64.0,331.0,85.0,203.0
-2339499.999999999,16450750.0,64.0,340.0,155.0,179.0
-2439499.999999999,-7649250.0,82.0,273.0,164.0,197.0
-2439499.999999999,-7549250.0,80.0,298.0,202.0,161.0
-2439499.999999999,-7449250.0,80.0,316.0,182.0,157.0
-2439499.999999999,-7349250.0,73.0,340.0,250.0,170.0
-2439499.999999999,-7249250.0,70.0,328.0,172.0,226.0
-2439499.999999999,-7149250.0,63.0,364.0,367.0,231.0
-2439499.999999999,-7049250.0,60.0,380.0,140.0,176.0
-2439499.999999999,-6949250.0,69.0,357.0,139.0,177.0
-2439499.999999999,-6849250.0,67.0,339.0,165.0,186.0
-2439499.999999999,-6749250.0,63.0,323.0,190.0,186.0
-2439499.999999999,-6649250.0,65.0,344.0,194.0,217.0
-2439499.999999999,-6549250.0,59.0,329.0,256.0,211.0
-2439499.999999999,-6449250.0,59.0,388.0,197.0,206.0
-2439499.999999999,-6349250.0,58.0,353.0,232.0,128.0
-2439499.999999999,-6249250.0,52.0,349.0,278.0,143.0
-2439499.999999999,-6149250.0,55.0,375.0,229.0,129.0
-2439499.999999999,-6049250.0,54.0,340.0,223.0,128.0
-2439499.999999999,-5949250.0,53.0,338.0,198.0,130.0
-2439499.999999999,-5849250.0,57.0,377.0,246.0,117.0
-2439499.999999999,-5749250.0,56.0,363.0,201.0,109.0
-2439499.999999999,-5649250.0,56.0,362.0,187.0,121.0
-2439499.999999999,-5549250.0,55.0,367.0,221.0,117.0
-2439499.999999999,-5449250.0,55.0,391.0,198.0,108.0
-2439499.999999999,-5349250.0,53.0,379.0,189.0,110.0
-2439499.999999999,-5249250.0,49.0,379.0,294.0,141.0
-2439499.999999999,-5149250.0,51.0,386.0,296.0,163.0
-2439499.999999999,-5049250.0,50.0,383.0,216.0,191.0
-2439499.999999999,-4949250.0,51.0,396.0,251.0,168.0
-2439499.999999999,-4849250.0,54.0,414.0,231.0,162.0
-2439499.999999999,-4749250.0,58.0,367.0,355.0,277.0
-2439499.999999999,1650750.0,88.0,237.0,91.0,126.0
-2439499.999999999,1750750.0,86.0,294.0,50.0,116.0
-2439499.999999999,1850750.0,80.0,314.0,60.0,123.0
-2439499.999999999,1950750.0,76.0,314.0,62.0,136.0
-2439499.999999999,2050750.0,75.0,316.0,68.0,155.0
-2439499.999999999,2150750.0,77.0,282.0,65.0,111.0
-2439499.999999999,2250750.0,73.0,273.0,62.0,111.0
-2439499.999999999,2350750.0,76.0,278.0,76.0,102.0
-2439499.999999999,2450750.0,75.0,291.0,75.0,85.0
-2439499.999999999,2550750.0,80.0,374.0,74.0,81.0
-2439499.999999999,2650750.0,76.0,368.0,83.0,75.0
-2439499.999999999,2750750.0,72.0,290.0,115.0,63.0
-2439499.999999999,2850750.0,68.0,268.0,99.0,90.0
-2439499.999999999,2950750.0,68.0,227.0,98.0,148.0
-2439499.999999999,3050750.0,69.0,249.0,70.0,113.0
-2439499.999999999,3150750.0,69.0,296.0,89.0,166.0
-2439499.999999999,3250750.0,71.0,376.0,79.0,187.0
-2439499.999999999,3350750.0,68.0,413.0,112.0,237.0
-2439499.999999999,3450750.0,67.0,329.0,109.0,198.0
-2439499.999999999,3550750.0,67.0,300.0,120.0,193.0
-2439499.999999999,3650750.0,66.0,240.0,108.0,157.0
-2439499.999999999,3750750.0,65.0,226.0,140.0,131.0
-2439499.999999999,4650750.0,66.0,275.0,109.0,158.0
-2439499.999999999,4750750.0,67.0,308.0,111.0,162.0
-2439499.999999999,4850750.0,66.0,297.0,113.0,119.0
-2439499.999999999,4950750.0,65.0,324.0,168.0,158.0
-2439499.999999999,5050750.0,44.0,382.0,340.0,209.0
-2439499.999999999,13050750.0,77.0,339.0,61.0,244.0
-2439499.999999999,13150750.0,73.0,335.0,91.0,238.0
-2439499.999999999,13250750.0,71.0,357.0,74.0,269.0
-2439499.999999999,13350750.0,70.0,321.0,56.0,302.0
-2439499.999999999,13450750.0,75.0,344.0,60.0,305.0
-2439499.999999999,13550750.0,72.0,325.0,47.0,271.0
-2439499.999999999,13650750.0,80.0,328.0,36.0,268.0
-2439499.999999999,13750750.0,75.0,318.0,40.0,264.0
-2439499.999999999,13850750.0,76.0,279.0,39.0,264.0
-2439499.999999999,13950750.0,78.0,294.0,41.0,238.0
-2439499.999999999,14050750.0,78.0,303.0,41.0,273.0
-2439499.999999999,14150750.0,80.0,341.0,40.0,341.0
-2439499.999999999,14250750.0,73.0,317.0,45.0,269.0
-2439499.999999999,14350750.0,78.0,305.0,42.0,299.0
-2439499.999999999,14450750.0,77.0,381.0,47.0,390.0
-2439499.999999999,14550750.0,74.0,332.0,36.0,284.0
-2439499.999999999,14650750.0,77.0,338.0,33.0,308.0
-2439499.999999999,14750750.0,75.0,364.0,40.0,346.0
-2439499.999999999,14850750.0,73.0,349.0,37.0,327.0
-2439499.999999999,14950750.0,76.0,367.0,45.0,351.0
-2439499.999999999,15050750.0,77.0,356.0,38.0,335.0
-2439499.999999999,15150750.0,76.0,384.0,40.0,360.0
-2439499.999999999,15250750.0,72.0,374.0,36.0,348.0
-2439499.999999999,15350750.0,78.0,366.0,50.0,350.0
-2439499.999999999,15450750.0,77.0,360.0,38.0,320.0
-2439499.999999999,15550750.0,67.0,325.0,36.0,302.0
-2439499.999999999,15650750.0,73.0,327.0,41.0,322.0
-2439499.999999999,15750750.0,69.0,284.0,41.0,220.0
-2439499.999999999,15850750.0,81.0,314.0,43.0,341.0
-2439499.999999999,15950750.0,82.0,371.0,54.0,365.0
-2439499.999999999,16050750.0,75.0,317.0,57.0,309.0
-2439499.999999999,16150750.0,57.0,317.0,39.0,208.0
-2439499.999999999,16250750.0,70.0,313.0,58.0,211.0
-2439499.999999999,16350750.0,77.0,363.0,97.0,362.0
-2439499.999999999,16450750.0,68.0,316.0,103.0,198.0
-2439499.999999999,16550750.0,58.0,351.0,134.0,153.0
-2539499.999999999,-7649250.0,83.0,274.0,150.0,180.0
-2539499.999999999,-7549250.0,82.0,288.0,161.0,183.0
-2539499.999999999,-7449250.0,79.0,313.0,172.0,181.0
-2539499.999999999,-7349250.0,72.0,333.0,191.0,160.0
-2539499.999999999,-7249250.0,71.0,343.0,223.0,150.0
-2539499.999999999,-7149250.0,55.0,414.0,328.0,236.0
-2539499.999999999,-7049250.0,59.0,367.0,219.0,166.0
-2539499.999999999,-6949250.0,66.0,325.0,155.0,167.0
-2539499.999999999,-6849250.0,69.0,350.0,135.0,223.0
-2539499.999999999,-6749250.0,63.0,345.0,224.0,221.0
-2539499.999999999,-6649250.0,66.0,332.0,167.0,181.0
-2539499.999999999,-6549250.0,60.0,340.0,251.0,219.0
-2539499.999999999,-6449250.0,59.0,386.0,217.0,199.0
-2539499.999999999,-6349250.0,56.0,362.0,209.0,171.0
-2539499.999999999,-6249250.0,52.0,359.0,270.0,207.0
-2539499.999999999,-6149250.0,53.0,373.0,238.0,133.0
-2539499.999999999,-6049250.0,54.0,370.0,225.0,133.0
-2539499.999999999,-5949250.0,56.0,346.0,256.0,152.0
-2539499.999999999,-5849250.0,57.0,356.0,245.0,153.0
-2539499.999999999,-5649250.0,56.0,371.0,234.0,148.0
-2539499.999999999,-5549250.0,54.0,359.0,230.0,141.0
-2539499.999999999,-5449250.0,54.0,399.0,235.0,123.0
-2539499.999999999,-5349250.0,54.0,377.0,235.0,119.0
-2539499.999999999,-5249250.0,48.0,390.0,416.0,172.0
-2539499.999999999,-5149250.0,50.0,381.0,271.0,171.0
-2539499.999999999,-5049250.0,50.0,404.0,282.0,155.0
-2539499.999999999,-4849250.0,58.0,380.0,274.0,191.0
-2539499.999999999,1750750.0,84.0,293.0,105.0,132.0
-2539499.999999999,1850750.0,77.0,319.0,65.0,89.0
-2539499.999999999,1950750.0,77.0,329.0,72.0,169.0
-2539499.999999999,2050750.0,77.0,298.0,64.0,142.0
-2539499.999999999,2150750.0,76.0,299.0,62.0,137.0
-2539499.999999999,2250750.0,77.0,303.0,85.0,133.0
-2539499.999999999,2350750.0,73.0,270.0,79.0,100.0
-2539499.999999999,2450750.0,69.0,285.0,82.0,93.0
-2539499.999999999,2550750.0,70.0,326.0,68.0,76.0
-2539499.999999999,2650750.0,69.0,301.0,82.0,72.0
-2539499.999999999,2750750.0,61.0,281.0,106.0,63.0
-2539499.999999999,2850750.0,66.0,267.0,81.0,125.0
-2539499.999999999,2950750.0,65.0,287.0,108.0,136.0
-2539499.999999999,3050750.0,66.0,255.0,88.0,153.0
-2539499.999999999,3150750.0,66.0,263.0,85.0,122.0
-2539499.999999999,3250750.0,71.0,332.0,130.0,207.0
-2539499.999999999,3350750.0,67.0,397.0,124.0,279.0
-2539499.999999999,3450750.0,73.0,354.0,88.0,211.0
-2539499.999999999,3550750.0,68.0,311.0,121.0,194.0
-2539499.999999999,3650750.0,65.0,257.0,137.0,168.0
-2539499.999999999,3750750.0,64.0,312.0,139.0,139.0
-2539499.999999999,4650750.0,65.0,335.0,170.0,192.0
-2539499.999999999,4750750.0,71.0,298.0,121.0,142.0
-2539499.999999999,4850750.0,65.0,313.0,105.0,142.0
-2539499.999999999,4950750.0,62.0,358.0,202.0,150.0
-2539499.999999999,5050750.0,51.0,395.0,273.0,194.0
-2539499.999999999,12950750.0,79.0,338.0,61.0,240.0
-2539499.999999999,13050750.0,77.0,340.0,47.0,279.0
-2539499.999999999,13150750.0,79.0,347.0,64.0,245.0
-2539499.999999999,13250750.0,80.0,331.0,51.0,221.0
-2539499.999999999,13350750.0,73.0,321.0,65.0,246.0
-2539499.999999999,13450750.0,71.0,320.0,76.0,263.0
-2539499.999999999,13550750.0,79.0,363.0,70.0,314.0
-2539499.999999999,13650750.0,80.0,334.0,42.0,284.0
-2539499.999999999,13750750.0,81.0,319.0,47.0,246.0
-2539499.999999999,13850750.0,77.0,308.0,38.0,280.0
-2539499.999999999,13950750.0,77.0,314.0,38.0,242.0
-2539499.999999999,14050750.0,77.0,330.0,38.0,281.0
-2539499.999999999,14150750.0,78.0,334.0,41.0,288.0
-2539499.999999999,14250750.0,75.0,332.0,41.0,287.0
-2539499.999999999,14350750.0,75.0,348.0,39.0,307.0
-2539499.999999999,14450750.0,75.0,324.0,37.0,327.0
-2539499.999999999,14550750.0,76.0,358.0,38.0,343.0
-2539499.999999999,14650750.0,76.0,357.0,40.0,350.0
-2539499.999999999,14750750.0,68.0,351.0,61.0,338.0
-2539499.999999999,14850750.0,77.0,372.0,35.0,359.0
-2539499.999999999,14950750.0,76.0,360.0,38.0,315.0
-2539499.999999999,15050750.0,78.0,364.0,40.0,338.0
-2539499.999999999,15150750.0,77.0,384.0,53.0,402.0
-2539499.999999999,15250750.0,79.0,355.0,36.0,335.0
-2539499.999999999,15350750.0,78.0,345.0,35.0,311.0
-2539499.999999999,15450750.0,81.0,324.0,30.0,304.0
-2539499.999999999,15550750.0,74.0,327.0,35.0,293.0
-2539499.999999999,15650750.0,73.0,329.0,31.0,319.0
-2539499.999999999,15750750.0,75.0,339.0,32.0,319.0
-2539499.999999999,15850750.0,64.0,296.0,41.0,255.0
-2539499.999999999,15950750.0,83.0,387.0,59.0,344.0
-2539499.999999999,16050750.0,79.0,307.0,58.0,313.0
-2539499.999999999,16150750.0,59.0,339.0,49.0,228.0
-2539499.999999999,16250750.0,62.0,316.0,69.0,162.0
-2539499.999999999,16350750.0,64.0,290.0,101.0,181.0
-2539499.999999999,16450750.0,63.0,286.0,87.0,221.0
-2539499.999999999,16550750.0,65.0,340.0,174.0,199.0
-2539499.999999999,16650750.0,60.0,345.0,182.0,185.0
-2639499.999999999,-7649250.0,83.0,286.0,473.0,216.0
-2639499.999999999,-7549250.0,84.0,292.0,111.0,181.0
-2639499.999999999,-7449250.0,78.0,345.0,172.0,255.0
-2639499.999999999,-7349250.0,75.0,324.0,173.0,164.0
-2639499.999999999,-7249250.0,72.0,327.0,250.0,160.0
-2639499.999999999,-7149250.0,60.0,371.0,202.0,205.0
-2639499.999999999,-7049250.0,66.0,344.0,190.0,163.0
-2639499.999999999,-6949250.0,67.0,326.0,157.0,193.0
-2639499.999999999,-6849250.0,64.0,333.0,205.0,219.0
-2639499.999999999,-6749250.0,65.0,323.0,197.0,206.0
-2639499.999999999,-6649250.0,61.0,326.0,232.0,212.0
-2639499.999999999,-6549250.0,63.0,361.0,208.0,236.0
-2639499.999999999,-6449250.0,60.0,399.0,236.0,217.0
-2639499.999999999,-6349250.0,56.0,327.0,262.0,167.0
-2639499.999999999,-6249250.0,52.0,344.0,250.0,164.0
-2639499.999999999,-6149250.0,52.0,356.0,236.0,161.0
-2639499.999999999,-6049250.0,55.0,355.0,276.0,163.0
-2639499.999999999,-5949250.0,56.0,365.0,295.0,161.0
-2639499.999999999,-5849250.0,56.0,385.0,293.0,144.0
-2639499.999999999,-5749250.0,55.0,397.0,308.0,155.0
-2639499.999999999,-5649250.0,56.0,400.0,292.0,149.0
-2639499.999999999,-5549250.0,54.0,357.0,264.0,160.0
-2639499.999999999,-5449250.0,54.0,381.0,240.0,136.0
-2639499.999999999,-5349250.0,49.0,379.0,343.0,166.0
-2639499.999999999,-5249250.0,49.0,411.0,460.0,218.0
-2639499.999999999,1750750.0,82.0,268.0,132.0,181.0
-2639499.999999999,1850750.0,81.0,331.0,91.0,153.0
-2639499.999999999,1950750.0,84.0,331.0,70.0,125.0
-2639499.999999999,2050750.0,88.0,319.0,51.0,136.0
-2639499.999999999,2150750.0,87.0,318.0,56.0,113.0
-2639499.999999999,2250750.0,83.0,305.0,75.0,115.0
-2639499.999999999,2350750.0,75.0,300.0,67.0,112.0
-2639499.999999999,2450750.0,73.0,295.0,84.0,112.0
-2639499.999999999,2550750.0,67.0,307.0,92.0,76.0
-2639499.999999999,2650750.0,66.0,298.0,97.0,59.0
-2639499.999999999,2750750.0,62.0,258.0,89.0,71.0
-2639499.999999999,2850750.0,66.0,268.0,89.0,108.0
-2639499.999999999,2950750.0,63.0,247.0,68.0,96.0
-2639499.999999999,3050750.0,64.0,252.0,115.0,143.0
-2639499.999999999,3150750.0,67.0,276.0,116.0,149.0
-2639499.999999999,3250750.0,54.0,380.0,290.0,126.0
-2639499.999999999,3350750.0,69.0,361.0,106.0,255.0
-2639499.999999999,3450750.0,68.0,340.0,112.0,218.0
-2639499.999999999,3550750.0,68.0,344.0,122.0,216.0
-2639499.999999999,3650750.0,67.0,321.0,129.0,190.0
-2639499.999999999,3750750.0,61.0,312.0,116.0,138.0
-2639499.999999999,4650750.0,65.0,313.0,97.0,204.0
-2639499.999999999,4750750.0,69.0,313.0,94.0,179.0
-2639499.999999999,4850750.0,66.0,348.0,118.0,189.0
-2639499.999999999,4950750.0,54.0,389.0,271.0,179.0
-2639499.999999999,12950750.0,81.0,346.0,94.0,255.0
-2639499.999999999,13050750.0,75.0,308.0,65.0,224.0
-2639499.999999999,13150750.0,72.0,350.0,61.0,259.0
-2639499.999999999,13250750.0,76.0,334.0,48.0,239.0
-2639499.999999999,13350750.0,77.0,334.0,49.0,268.0
-2639499.999999999,13450750.0,73.0,336.0,54.0,233.0
-2639499.999999999,13550750.0,76.0,334.0,68.0,277.0
-2639499.999999999,13650750.0,80.0,317.0,46.0,239.0
-2639499.999999999,13750750.0,80.0,318.0,43.0,234.0
-2639499.999999999,13850750.0,80.0,333.0,43.0,235.0
-2639499.999999999,13950750.0,79.0,318.0,32.0,244.0
-2639499.999999999,14050750.0,79.0,327.0,31.0,301.0
-2639499.999999999,14150750.0,77.0,325.0,42.0,338.0
-2639499.999999999,14250750.0,78.0,326.0,41.0,292.0
-2639499.999999999,14350750.0,66.0,331.0,43.0,274.0
-2639499.999999999,14450750.0,73.0,347.0,44.0,239.0
-2639499.999999999,14550750.0,74.0,328.0,51.0,274.0
-2639499.999999999,14650750.0,73.0,351.0,45.0,320.0
-2639499.999999999,14750750.0,78.0,375.0,48.0,359.0
-2639499.999999999,14850750.0,70.0,359.0,61.0,322.0
-2639499.999999999,14950750.0,77.0,387.0,37.0,338.0
-2639499.999999999,15050750.0,75.0,378.0,44.0,357.0
-2639499.999999999,15150750.0,77.0,361.0,43.0,372.0
-2639499.999999999,15250750.0,80.0,362.0,39.0,315.0
-2639499.999999999,15350750.0,80.0,330.0,31.0,285.0
-2639499.999999999,15450750.0,79.0,329.0,28.0,267.0
-2639499.999999999,15550750.0,79.0,364.0,36.0,334.0
-2639499.999999999,15650750.0,76.0,309.0,29.0,258.0
-2639499.999999999,15750750.0,68.0,317.0,25.0,253.0
-2639499.999999999,15850750.0,63.0,322.0,35.0,238.0
-2639499.999999999,15950750.0,70.0,308.0,36.0,264.0
-2639499.999999999,16050750.0,83.0,373.0,57.0,364.0
-2639499.999999999,16150750.0,68.0,299.0,56.0,251.0
-2639499.999999999,16250750.0,62.0,300.0,83.0,242.0
-2639499.999999999,16350750.0,76.0,346.0,121.0,334.0
-2639499.999999999,16450750.0,76.0,347.0,109.0,342.0
-2639499.999999999,16550750.0,66.0,317.0,138.0,217.0
-2639499.999999999,16650750.0,61.0,365.0,183.0,169.0
-2739499.999999999,-7649250.0,83.0,281.0,265.0,187.0
-2739499.999999999,-7549250.0,82.0,341.0,133.0,188.0
-2739499.999999999,-7449250.0,82.0,346.0,157.0,188.0
-2739499.999999999,-7349250.0,75.0,305.0,141.0,140.0
-2739499.999999999,-7249250.0,70.0,367.0,300.0,231.0
-2739499.999999999,-7149250.0,61.0,373.0,335.0,221.0
-2739499.999999999,-7049250.0,65.0,329.0,189.0,186.0
-2739499.999999999,-6949250.0,66.0,348.0,209.0,211.0
-2739499.999999999,-6849250.0,65.0,344.0,216.0,216.0
-2739499.999999999,-6749250.0,64.0,321.0,216.0,232.0
-2739499.999999999,-6649250.0,61.0,330.0,262.0,206.0
-2739499.999999999,-6549250.0,62.0,393.0,199.0,223.0
-2739499.999999999,-6449250.0,63.0,368.0,220.0,231.0
-2739499.999999999,-6349250.0,55.0,363.0,207.0,176.0
-2739499.999999999,-6249250.0,54.0,329.0,327.0,223.0
-2739499.999999999,-6149250.0,54.0,377.0,319.0,211.0
-2739499.999999999,-6049250.0,55.0,357.0,335.0,256.0
-2739499.999999999,-5949250.0,53.0,352.0,300.0,157.0
-2739499.999999999,-5849250.0,52.0,371.0,379.0,156.0
-2739499.999999999,-5749250.0,50.0,383.0,296.0,177.0
-2739499.999999999,-5649250.0,51.0,402.0,380.0,275.0
-2739499.999999999,-5549250.0,53.0,411.0,438.0,229.0
-2739499.999999999,-5449250.0,49.0,392.0,434.0,232.0
-2739499.999999999,1750750.0,84.0,294.0,152.0,178.0
-2739499.999999999,1850750.0,76.0,330.0,113.0,124.0
-2739499.999999999,1950750.0,86.0,325.0,54.0,122.0
-2739499.999999999,2050750.0,88.0,312.0,46.0,120.0
-2739499.999999999,2150750.0,85.0,310.0,64.0,142.0
-2739499.999999999,2250750.0,84.0,331.0,65.0,127.0
-2739499.999999999,2350750.0,76.0,297.0,62.0,109.0
-2739499.999999999,2450750.0,73.0,272.0,63.0,99.0
-2739499.999999999,2550750.0,71.0,312.0,74.0,75.0
-2739499.999999999,2650750.0,69.0,292.0,91.0,69.0
-2739499.999999999,2750750.0,67.0,258.0,89.0,78.0
-2739499.999999999,2850750.0,65.0,261.0,106.0,151.0
-2739499.999999999,2950750.0,65.0,299.0,161.0,176.0
-2739499.999999999,3050750.0,61.0,330.0,120.0,180.0
-2739499.999999999,3150750.0,71.0,284.0,121.0,225.0
-2739499.999999999,3250750.0,70.0,348.0,184.0,196.0
-2739499.999999999,3350750.0,62.0,320.0,138.0,175.0
-2739499.999999999,3450750.0,66.0,340.0,128.0,206.0
-2739499.999999999,3550750.0,65.0,319.0,140.0,185.0
-2739499.999999999,3650750.0,60.0,304.0,164.0,157.0
-2739499.999999999,3750750.0,59.0,297.0,238.0,132.0
-2739499.999999999,4650750.0,67.0,326.0,121.0,194.0
-2739499.999999999,4750750.0,66.0,347.0,105.0,175.0
-2739499.999999999,4850750.0,68.0,315.0,121.0,188.0
-2739499.999999999,4950750.0,59.0,353.0,209.0,175.0
-2739499.999999999,12950750.0,81.0,342.0,97.0,216.0
-2739499.999999999,13050750.0,80.0,320.0,88.0,224.0
-2739499.999999999,13150750.0,77.0,339.0,97.0,221.0
-2739499.999999999,13250750.0,74.0,354.0,57.0,248.0
-2739499.999999999,13350750.0,77.0,362.0,50.0,249.0
-2739499.999999999,13450750.0,75.0,354.0,42.0,220.0
-2739499.999999999,13550750.0,77.0,333.0,53.0,238.0
-2739499.999999999,13650750.0,78.0,318.0,47.0,237.0
-2739499.999999999,13750750.0,77.0,320.0,42.0,242.0
-2739499.999999999,13850750.0,79.0,328.0,43.0,234.0
-2739499.999999999,13950750.0,77.0,332.0,37.0,283.0
-2739499.999999999,14050750.0,78.0,382.0,40.0,314.0
-2739499.999999999,14150750.0,78.0,316.0,33.0,276.0
-2739499.999999999,14250750.0,74.0,328.0,35.0,305.0
-2739499.999999999,14350750.0,75.0,324.0,32.0,306.0
-2739499.999999999,14450750.0,73.0,327.0,60.0,322.0
-2739499.999999999,14550750.0,66.0,307.0,71.0,286.0
-2739499.999999999,14650750.0,76.0,387.0,39.0,379.0
-2739499.999999999,14750750.0,78.0,382.0,43.0,362.0
-2739499.999999999,14850750.0,80.0,367.0,44.0,340.0
-2739499.999999999,14950750.0,79.0,369.0,27.0,364.0
-2739499.999999999,15050750.0,80.0,356.0,35.0,292.0
-2739499.999999999,15150750.0,80.0,362.0,36.0,287.0
-2739499.999999999,15250750.0,80.0,322.0,34.0,249.0
-2739499.999999999,15350750.0,79.0,303.0,26.0,249.0
-2739499.999999999,15450750.0,77.0,367.0,39.0,358.0
-2739499.999999999,15550750.0,77.0,332.0,27.0,283.0
-2739499.999999999,15650750.0,77.0,351.0,33.0,320.0
-2739499.999999999,15750750.0,71.0,305.0,24.0,245.0
-2739499.999999999,15850750.0,82.0,366.0,40.0,358.0
-2739499.999999999,15950750.0,61.0,312.0,45.0,222.0
-2739499.999999999,16050750.0,82.0,332.0,49.0,243.0
-2739499.999999999,16150750.0,80.0,358.0,93.0,404.0
-2739499.999999999,16250750.0,72.0,343.0,83.0,358.0
-2739499.999999999,16350750.0,78.0,358.0,121.0,504.0
-2739499.999999999,16450750.0,61.0,339.0,192.0,203.0
-2739499.999999999,16550750.0,74.0,352.0,130.0,261.0
-2739499.999999999,16650750.0,69.0,361.0,203.0,246.0
-2739499.999999999,16750750.0,58.0,391.0,331.0,210.0
-2839499.999999999,-7649250.0,82.0,266.0,308.0,221.0
-2839499.999999999,-7549250.0,80.0,346.0,184.0,200.0
-2839499.999999999,-7449250.0,79.0,304.0,121.0,187.0
-2839499.999999999,-7349250.0,74.0,334.0,188.0,143.0
-2839499.999999999,-7249250.0,64.0,356.0,326.0,202.0
-2839499.999999999,-7149250.0,67.0,320.0,166.0,187.0
-2839499.999999999,-7049250.0,70.0,326.0,159.0,190.0
-2839499.999999999,-6949250.0,68.0,351.0,199.0,176.0
-2839499.999999999,-6849250.0,66.0,330.0,209.0,178.0
-2839499.999999999,-6749250.0,61.0,320.0,209.0,213.0
-2839499.999999999,-6649250.0,63.0,366.0,207.0,243.0
-2839499.999999999,-6549250.0,63.0,363.0,211.0,213.0
-2839499.999999999,-6449250.0,59.0,404.0,214.0,210.0
-2839499.999999999,-6349250.0,54.0,374.0,234.0,215.0
-2839499.999999999,-6249250.0,52.0,345.0,263.0,167.0
-2839499.999999999,-6149250.0,55.0,346.0,323.0,212.0
-2839499.999999999,-6049250.0,53.0,365.0,392.0,203.0
-2839499.999999999,-5949250.0,52.0,359.0,371.0,185.0
-2839499.999999999,-5849250.0,52.0,384.0,381.0,182.0
-2839499.999999999,-5749250.0,49.0,379.0,359.0,213.0
-2839499.999999999,-5649250.0,52.0,377.0,334.0,207.0
-2839499.999999999,-5549250.0,48.0,390.0,414.0,297.0
-2839499.999999999,1750750.0,88.0,291.0,84.0,171.0
-2839499.999999999,1850750.0,85.0,328.0,81.0,178.0
-2839499.999999999,1950750.0,81.0,304.0,87.0,93.0
-2839499.999999999,2050750.0,86.0,316.0,63.0,137.0
-2839499.999999999,2150750.0,85.0,319.0,61.0,136.0
-2839499.999999999,2250750.0,83.0,308.0,70.0,145.0
-2839499.999999999,2350750.0,81.0,295.0,64.0,128.0
-2839499.999999999,2450750.0,74.0,296.0,68.0,108.0
-2839499.999999999,2550750.0,73.0,308.0,64.0,82.0
-2839499.999999999,2650750.0,64.0,289.0,89.0,87.0
-2839499.999999999,2750750.0,61.0,292.0,101.0,92.0
-2839499.999999999,2850750.0,64.0,283.0,108.0,170.0
-2839499.999999999,3050750.0,61.0,302.0,121.0,188.0
-2839499.999999999,3150750.0,61.0,369.0,157.0,176.0
-2839499.999999999,3250750.0,55.0,354.0,224.0,153.0
-2839499.999999999,3350750.0,60.0,366.0,224.0,180.0
-2839499.999999999,3450750.0,66.0,348.0,133.0,213.0
-2839499.999999999,4750750.0,68.0,328.0,93.0,199.0
-2839499.999999999,13050750.0,81.0,338.0,62.0,208.0
-2839499.999999999,13150750.0,78.0,342.0,76.0,224.0
-2839499.999999999,13250750.0,76.0,348.0,63.0,227.0
-2839499.999999999,13350750.0,75.0,362.0,46.0,236.0
-2839499.999999999,13450750.0,70.0,362.0,39.0,228.0
-2839499.999999999,13550750.0,73.0,355.0,39.0,241.0
-2839499.999999999,13650750.0,77.0,352.0,47.0,291.0
-2839499.999999999,13750750.0,73.0,342.0,55.0,231.0
-2839499.999999999,13850750.0,75.0,341.0,51.0,282.0
-2839499.999999999,13950750.0,73.0,322.0,41.0,267.0
-2839499.999999999,14050750.0,77.0,335.0,31.0,300.0
-2839499.999999999,14150750.0,77.0,346.0,31.0,310.0
-2839499.999999999,14250750.0,73.0,317.0,36.0,255.0
-2839499.999999999,14350750.0,73.0,327.0,34.0,251.0
-2839499.999999999,14450750.0,66.0,327.0,49.0,311.0
-2839499.999999999,14550750.0,71.0,318.0,67.0,308.0
-2839499.999999999,14650750.0,76.0,346.0,47.0,334.0
-2839499.999999999,14750750.0,78.0,374.0,39.0,319.0
-2839499.999999999,14850750.0,78.0,341.0,33.0,305.0
-2839499.999999999,14950750.0,79.0,333.0,28.0,302.0
-2839499.999999999,15050750.0,78.0,320.0,32.0,291.0
-2839499.999999999,15150750.0,81.0,308.0,33.0,265.0
-2839499.999999999,15250750.0,79.0,299.0,30.0,262.0
-2839499.999999999,15350750.0,79.0,293.0,33.0,222.0
-2839499.999999999,15450750.0,79.0,320.0,31.0,265.0
-2839499.999999999,15550750.0,74.0,310.0,22.0,222.0
-2839499.999999999,15650750.0,75.0,352.0,36.0,317.0
-2839499.999999999,15750750.0,69.0,316.0,32.0,252.0
-2839499.999999999,15850750.0,71.0,386.0,35.0,402.0
-2839499.999999999,15950750.0,61.0,337.0,44.0,219.0
-2839499.999999999,16050750.0,62.0,341.0,46.0,273.0
-2839499.999999999,16150750.0,68.0,335.0,53.0,305.0
-2839499.999999999,16250750.0,69.0,369.0,91.0,385.0
-2839499.999999999,16350750.0,69.0,365.0,125.0,275.0
-2839499.999999999,16450750.0,65.0,356.0,128.0,264.0
-2839499.999999999,16550750.0,75.0,398.0,169.0,336.0
-2839499.999999999,16650750.0,71.0,376.0,151.0,316.0
-2839499.999999999,16750750.0,68.0,371.0,160.0,267.0
-2839499.999999999,16850750.0,57.0,336.0,131.0,161.0
-2939499.999999999,-7649250.0,84.0,290.0,290.0,215.0
-2939499.999999999,-7549250.0,80.0,340.0,174.0,165.0
-2939499.999999999,-7449250.0,79.0,305.0,126.0,138.0
-2939499.999999999,-7349250.0,76.0,326.0,133.0,145.0
-2939499.999999999,-7249250.0,71.0,357.0,239.0,181.0
-2939499.999999999,-7149250.0,70.0,364.0,160.0,182.0
-2939499.999999999,-7049250.0,69.0,321.0,181.0,183.0
-2939499.999999999,-6949250.0,71.0,359.0,173.0,212.0
-2939499.999999999,-6849250.0,67.0,364.0,198.0,213.0
-2939499.999999999,-6749250.0,63.0,336.0,231.0,255.0
-2939499.999999999,-6649250.0,60.0,339.0,260.0,227.0
-2939499.999999999,-6549250.0,64.0,382.0,224.0,230.0
-2939499.999999999,-6449250.0,60.0,383.0,182.0,203.0
-2939499.999999999,-6349250.0,52.0,390.0,284.0,232.0
-2939499.999999999,-6249250.0,53.0,358.0,334.0,175.0
-2939499.999999999,-6149250.0,53.0,337.0,357.0,192.0
-2939499.999999999,-6049250.0,53.0,388.0,417.0,182.0
-2939499.999999999,-5949250.0,50.0,391.0,372.0,190.0
-2939499.999999999,-5849250.0,51.0,360.0,505.0,238.0
-2939499.999999999,-5749250.0,50.0,397.0,486.0,306.0
-2939499.999999999,-5649250.0,50.0,356.0,572.0,281.0
-2939499.999999999,-5549250.0,48.0,412.0,448.0,253.0
-2939499.999999999,1750750.0,84.0,293.0,136.0,160.0
-2939499.999999999,1850750.0,88.0,294.0,133.0,165.0
-2939499.999999999,1950750.0,87.0,306.0,155.0,148.0
-2939499.999999999,2050750.0,90.0,311.0,59.0,149.0
-2939499.999999999,2150750.0,87.0,314.0,54.0,130.0
-2939499.999999999,2250750.0,83.0,312.0,63.0,143.0
-2939499.999999999,2350750.0,79.0,319.0,66.0,144.0
-2939499.999999999,2450750.0,73.0,344.0,61.0,111.0
-2939499.999999999,2550750.0,71.0,319.0,73.0,83.0
-2939499.999999999,2650750.0,65.0,298.0,80.0,91.0
-2939499.999999999,2750750.0,65.0,294.0,87.0,177.0
-2939499.999999999,2850750.0,62.0,317.0,116.0,200.0
-2939499.999999999,2950750.0,63.0,354.0,130.0,235.0
-2939499.999999999,3050750.0,61.0,312.0,134.0,202.0
-2939499.999999999,3150750.0,60.0,309.0,164.0,195.0
-2939499.999999999,3250750.0,57.0,320.0,191.0,172.0
-2939499.999999999,3350750.0,54.0,400.0,256.0,151.0
-2939499.999999999,3450750.0,68.0,338.0,154.0,226.0
-2939499.999999999,13050750.0,76.0,330.0,100.0,214.0
-2939499.999999999,13150750.0,76.0,326.0,72.0,191.0
-2939499.999999999,13250750.0,77.0,351.0,58.0,233.0
-2939499.999999999,13350750.0,74.0,358.0,63.0,248.0
-2939499.999999999,13450750.0,72.0,352.0,46.0,220.0
-2939499.999999999,13550750.0,64.0,363.0,38.0,269.0
-2939499.999999999,13650750.0,68.0,360.0,45.0,254.0
-2939499.999999999,13750750.0,70.0,368.0,47.0,278.0
-2939499.999999999,13850750.0,71.0,353.0,45.0,286.0
-2939499.999999999,13950750.0,74.0,327.0,39.0,248.0
-2939499.999999999,14050750.0,76.0,341.0,35.0,295.0
-2939499.999999999,14150750.0,76.0,325.0,38.0,309.0
-2939499.999999999,14250750.0,77.0,338.0,32.0,287.0
-2939499.999999999,14350750.0,76.0,334.0,37.0,289.0
-2939499.999999999,14450750.0,74.0,325.0,35.0,271.0
-2939499.999999999,14550750.0,73.0,329.0,47.0,321.0
-2939499.999999999,14650750.0,77.0,348.0,56.0,329.0
-2939499.999999999,14750750.0,72.0,361.0,65.0,269.0
-2939499.999999999,14850750.0,76.0,316.0,36.0,284.0
-2939499.999999999,14950750.0,76.0,360.0,27.0,257.0
-2939499.999999999,15050750.0,74.0,317.0,33.0,232.0
-2939499.999999999,15150750.0,78.0,333.0,39.0,244.0
-2939499.999999999,15250750.0,78.0,327.0,40.0,236.0
-2939499.999999999,15350750.0,77.0,305.0,34.0,226.0
-2939499.999999999,15450750.0,79.0,312.0,43.0,213.0
-2939499.999999999,15550750.0,78.0,313.0,31.0,175.0
-2939499.999999999,15650750.0,72.0,311.0,34.0,195.0
-2939499.999999999,15750750.0,72.0,311.0,31.0,262.0
-2939499.999999999,15850750.0,66.0,303.0,38.0,195.0
-2939499.999999999,15950750.0,69.0,342.0,41.0,301.0
-2939499.999999999,16050750.0,64.0,336.0,57.0,281.0
-2939499.999999999,16150750.0,57.0,380.0,70.0,378.0
-2939499.999999999,16250750.0,60.0,339.0,89.0,319.0
-2939499.999999999,16350750.0,65.0,392.0,191.0,208.0
-2939499.999999999,16450750.0,68.0,384.0,131.0,205.0
-2939499.999999999,16550750.0,63.0,349.0,153.0,230.0
-2939499.999999999,16650750.0,61.0,363.0,154.0,231.0
-2939499.999999999,16750750.0,65.0,375.0,196.0,274.0
-2939499.999999999,16850750.0,58.0,352.0,212.0,193.0
-3039499.999999999,-7749250.0,80.0,307.0,129.0,152.0
-3039499.999999999,-7649250.0,81.0,297.0,377.0,238.0
-3039499.999999999,-7549250.0,80.0,353.0,175.0,261.0
-3039499.999999999,-7449250.0,80.0,324.0,116.0,177.0
-3039499.999999999,-7349250.0,77.0,341.0,175.0,160.0
-3039499.999999999,-7249250.0,56.0,395.0,279.0,208.0
-3039499.999999999,-7149250.0,68.0,345.0,160.0,179.0
-3039499.999999999,-7049250.0,69.0,326.0,169.0,178.0
-3039499.999999999,-6949250.0,65.0,330.0,201.0,204.0
-3039499.999999999,-6849250.0,72.0,356.0,160.0,233.0
-3039499.999999999,-6749250.0,63.0,336.0,182.0,235.0
-3039499.999999999,-6649250.0,64.0,358.0,258.0,272.0
-3039499.999999999,-6549250.0,58.0,337.0,204.0,175.0
-3039499.999999999,-6449250.0,55.0,356.0,232.0,213.0
-3039499.999999999,-6349250.0,50.0,354.0,266.0,175.0
-3039499.999999999,-6249250.0,51.0,357.0,393.0,210.0
-3039499.999999999,-6149250.0,53.0,372.0,511.0,166.0
-3039499.999999999,-6049250.0,51.0,387.0,561.0,212.0
-3039499.999999999,-5949250.0,53.0,401.0,499.0,215.0
-3039499.999999999,-5849250.0,51.0,379.0,398.0,200.0
-3039499.999999999,-5749250.0,50.0,386.0,346.0,247.0
-3039499.999999999,-5649250.0,49.0,372.0,576.0,252.0
-3039499.999999999,1850750.0,87.0,313.0,120.0,174.0
-3039499.999999999,1950750.0,82.0,286.0,111.0,144.0
-3039499.999999999,2050750.0,87.0,296.0,59.0,153.0
-3039499.999999999,2150750.0,84.0,320.0,118.0,151.0
-3039499.999999999,2250750.0,83.0,302.0,59.0,142.0
-3039499.999999999,2350750.0,79.0,322.0,56.0,126.0
-3039499.999999999,2450750.0,73.0,333.0,63.0,169.0
-3039499.999999999,2550750.0,74.0,335.0,73.0,260.0
-3039499.999999999,2650750.0,73.0,358.0,112.0,259.0
-3039499.999999999,2750750.0,67.0,336.0,94.0,184.0
-3039499.999999999,2850750.0,68.0,337.0,110.0,158.0
-3039499.999999999,2950750.0,65.0,328.0,132.0,189.0
-3039499.999999999,3050750.0,61.0,350.0,156.0,175.0
-3039499.999999999,3150750.0,61.0,323.0,169.0,185.0
-3039499.999999999,3250750.0,57.0,352.0,207.0,140.0
-3039499.999999999,3350750.0,61.0,391.0,227.0,169.0
-3039499.999999999,3450750.0,61.0,343.0,151.0,172.0
-3039499.999999999,13050750.0,65.0,344.0,104.0,205.0
-3039499.999999999,13150750.0,76.0,342.0,76.0,203.0
-3039499.999999999,13250750.0,74.0,331.0,55.0,213.0
-3039499.999999999,13350750.0,73.0,356.0,56.0,235.0
-3039499.999999999,13450750.0,72.0,354.0,43.0,219.0
-3039499.999999999,13550750.0,72.0,360.0,51.0,232.0
-3039499.999999999,13650750.0,70.0,349.0,39.0,246.0
-3039499.999999999,13750750.0,69.0,356.0,39.0,242.0
-3039499.999999999,13850750.0,71.0,341.0,43.0,224.0
-3039499.999999999,13950750.0,73.0,339.0,40.0,225.0
-3039499.999999999,14050750.0,74.0,341.0,37.0,245.0
-3039499.999999999,14150750.0,76.0,331.0,35.0,202.0
-3039499.999999999,14250750.0,74.0,345.0,34.0,257.0
-3039499.999999999,14350750.0,77.0,321.0,36.0,235.0
-3039499.999999999,14450750.0,77.0,313.0,50.0,220.0
-3039499.999999999,14550750.0,77.0,325.0,33.0,277.0
-3039499.999999999,14650750.0,71.0,333.0,40.0,250.0
-3039499.999999999,14750750.0,75.0,344.0,46.0,265.0
-3039499.999999999,14850750.0,77.0,335.0,40.0,240.0
-3039499.999999999,14950750.0,73.0,338.0,33.0,250.0
-3039499.999999999,15050750.0,73.0,317.0,30.0,192.0
-3039499.999999999,15150750.0,73.0,308.0,27.0,192.0
-3039499.999999999,15250750.0,76.0,318.0,33.0,278.0
-3039499.999999999,15350750.0,77.0,313.0,40.0,184.0
-3039499.999999999,15450750.0,77.0,325.0,32.0,200.0
-3039499.999999999,15550750.0,77.0,318.0,30.0,186.0
-3039499.999999999,15650750.0,73.0,316.0,28.0,225.0
-3039499.999999999,15750750.0,71.0,324.0,33.0,229.0
-3039499.999999999,15850750.0,66.0,330.0,39.0,248.0
-3039499.999999999,15950750.0,66.0,360.0,49.0,292.0
-3039499.999999999,16050750.0,55.0,349.0,58.0,299.0
-3039499.999999999,16150750.0,70.0,395.0,58.0,329.0
-3039499.999999999,16250750.0,62.0,397.0,84.0,288.0
-3039499.999999999,16350750.0,64.0,378.0,100.0,271.0
-3039499.999999999,16450750.0,68.0,372.0,102.0,258.0
-3039499.999999999,16550750.0,71.0,366.0,121.0,243.0
-3039499.999999999,16650750.0,69.0,362.0,172.0,303.0
-3039499.999999999,16750750.0,67.0,374.0,204.0,289.0
-3039499.999999999,16850750.0,56.0,362.0,445.0,123.0
-3139499.999999999,-7749250.0,80.0,292.0,135.0,171.0
-3139499.999999999,-7649250.0,79.0,308.0,415.0,223.0
-3139499.999999999,-7549250.0,81.0,346.0,118.0,210.0
-3139499.999999999,-7449250.0,76.0,358.0,277.0,170.0
-3139499.999999999,-7349250.0,79.0,317.0,77.0,149.0
-3139499.999999999,-7249250.0,69.0,370.0,170.0,178.0
-3139499.999999999,-7149250.0,64.0,344.0,206.0,182.0
-3139499.999999999,-7049250.0,67.0,343.0,163.0,176.0
-3139499.999999999,-6949250.0,71.0,364.0,166.0,209.0
-3139499.999999999,-6849250.0,71.0,344.0,164.0,233.0
-3139499.999999999,-6749250.0,67.0,349.0,172.0,240.0
-3139499.999999999,-6649250.0,63.0,336.0,210.0,253.0
-3139499.999999999,-6549250.0,58.0,339.0,206.0,230.0
-3139499.999999999,-6449250.0,53.0,367.0,253.0,251.0
-3139499.999999999,-6349250.0,49.0,385.0,328.0,220.0
-3139499.999999999,-6249250.0,50.0,372.0,339.0,201.0
-3139499.999999999,-6149250.0,53.0,366.0,403.0,237.0
-3139499.999999999,-6049250.0,51.0,376.0,386.0,238.0
-3139499.999999999,-5949250.0,51.0,374.0,371.0,213.0
-3139499.999999999,-5849250.0,50.0,373.0,369.0,224.0
-3139499.999999999,-5749250.0,50.0,382.0,311.0,215.0
-3139499.999999999,-5649250.0,50.0,402.0,615.0,313.0
-3139499.999999999,1850750.0,83.0,290.0,92.0,146.0
-3139499.999999999,1950750.0,79.0,307.0,446.0,196.0
-3139499.999999999,2050750.0,94.0,310.0,52.0,157.0
-3139499.999999999,2150750.0,86.0,306.0,61.0,163.0
-3139499.999999999,2250750.0,82.0,323.0,56.0,169.0
-3139499.999999999,2350750.0,79.0,317.0,58.0,180.0
-3139499.999999999,2450750.0,76.0,329.0,57.0,155.0
-3139499.999999999,2550750.0,72.0,357.0,80.0,236.0
-3139499.999999999,2650750.0,69.0,323.0,83.0,166.0
-3139499.999999999,2750750.0,72.0,322.0,109.0,215.0
-3139499.999999999,2850750.0,68.0,319.0,140.0,218.0
-3139499.999999999,2950750.0,70.0,332.0,139.0,237.0
-3139499.999999999,3050750.0,60.0,347.0,182.0,158.0
-3139499.999999999,3150750.0,58.0,358.0,243.0,156.0
-3139499.999999999,3250750.0,57.0,366.0,200.0,141.0
-3139499.999999999,3350750.0,59.0,366.0,196.0,171.0
-3139499.999999999,3450750.0,58.0,341.0,311.0,209.0
-3139499.999999999,13150750.0,63.0,332.0,77.0,169.0
-3139499.999999999,13250750.0,71.0,358.0,80.0,201.0
-3139499.999999999,13350750.0,73.0,372.0,45.0,209.0
-3139499.999999999,13450750.0,74.0,351.0,39.0,220.0
-3139499.999999999,13550750.0,70.0,359.0,39.0,232.0
-3139499.999999999,13650750.0,72.0,357.0,42.0,236.0
-3139499.999999999,13750750.0,75.0,358.0,44.0,221.0
-3139499.999999999,13850750.0,76.0,367.0,36.0,244.0
-3139499.999999999,13950750.0,74.0,343.0,39.0,183.0
-3139499.999999999,14050750.0,72.0,377.0,41.0,242.0
-3139499.999999999,14150750.0,74.0,344.0,37.0,197.0
-3139499.999999999,14250750.0,75.0,336.0,37.0,184.0
-3139499.999999999,14350750.0,75.0,326.0,35.0,204.0
-3139499.999999999,14450750.0,76.0,329.0,35.0,204.0
-3139499.999999999,14550750.0,76.0,330.0,39.0,198.0
-3139499.999999999,14650750.0,77.0,342.0,36.0,207.0
-3139499.999999999,14750750.0,77.0,335.0,40.0,214.0
-3139499.999999999,14850750.0,76.0,321.0,41.0,210.0
-3139499.999999999,14950750.0,75.0,340.0,39.0,192.0
-3139499.999999999,15050750.0,74.0,333.0,29.0,211.0
-3139499.999999999,15150750.0,76.0,352.0,35.0,189.0
-3139499.999999999,15250750.0,76.0,323.0,49.0,216.0
-3139499.999999999,15450750.0,76.0,306.0,33.0,174.0
-3139499.999999999,15550750.0,76.0,312.0,34.0,180.0
-3139499.999999999,15650750.0,73.0,328.0,30.0,228.0
-3139499.999999999,15750750.0,72.0,353.0,30.0,188.0
-3139499.999999999,15850750.0,71.0,340.0,47.0,216.0
-3139499.999999999,15950750.0,66.0,355.0,50.0,246.0
-3139499.999999999,16050750.0,64.0,402.0,52.0,291.0
-3139499.999999999,16150750.0,78.0,412.0,58.0,322.0
-3139499.999999999,16250750.0,64.0,391.0,54.0,285.0
-3139499.999999999,16350750.0,72.0,415.0,63.0,291.0
-3139499.999999999,16450750.0,74.0,412.0,64.0,261.0
-3139499.999999999,16550750.0,73.0,378.0,104.0,267.0
-3139499.999999999,16650750.0,59.0,350.0,143.0,127.0
-3139499.999999999,16750750.0,69.0,363.0,178.0,243.0
-3139499.999999999,16850750.0,64.0,351.0,256.0,357.0
-3239499.999999999,-7749250.0,80.0,300.0,282.0,251.0
-3239499.999999999,-7649250.0,77.0,308.0,204.0,141.0
-3239499.999999999,-7549250.0,76.0,340.0,183.0,173.0
-3239499.999999999,-7449250.0,74.0,338.0,284.0,169.0
-3239499.999999999,-7349250.0,76.0,332.0,87.0,167.0
-3239499.999999999,-7249250.0,75.0,354.0,106.0,189.0
-3239499.999999999,-7149250.0,68.0,337.0,172.0,175.0
-3239499.999999999,-7049250.0,71.0,352.0,116.0,174.0
-3239499.999999999,-6949250.0,71.0,356.0,163.0,206.0
-3239499.999999999,-6849250.0,68.0,339.0,182.0,236.0
-3239499.999999999,-6749250.0,71.0,352.0,199.0,227.0
-3239499.999999999,-6649250.0,61.0,357.0,221.0,232.0
-3239499.999999999,-6549250.0,66.0,362.0,253.0,247.0
-3239499.999999999,-6449250.0,63.0,382.0,190.0,231.0
-3239499.999999999,-6349250.0,50.0,383.0,355.0,235.0
-3239499.999999999,-6249250.0,52.0,348.0,393.0,191.0
-3239499.999999999,-6149250.0,51.0,363.0,435.0,233.0
-3239499.999999999,-6049250.0,51.0,364.0,359.0,212.0
-3239499.999999999,-5949250.0,53.0,375.0,343.0,173.0
-3239499.999999999,-5849250.0,53.0,369.0,460.0,232.0
-3239499.999999999,-5749250.0,51.0,384.0,524.0,256.0
-3239499.999999999,1950750.0,83.0,325.0,111.0,177.0
-3239499.999999999,2050750.0,86.0,299.0,48.0,127.0
-3239499.999999999,2150750.0,82.0,300.0,61.0,120.0
-3239499.999999999,2250750.0,80.0,306.0,57.0,164.0
-3239499.999999999,2350750.0,80.0,320.0,62.0,180.0
-3239499.999999999,2450750.0,78.0,343.0,52.0,197.0
-3239499.999999999,2550750.0,72.0,333.0,63.0,207.0
-3239499.999999999,2650750.0,73.0,365.0,90.0,281.0
-3239499.999999999,2750750.0,74.0,363.0,89.0,223.0
-3239499.999999999,2850750.0,71.0,356.0,125.0,268.0
-3239499.999999999,2950750.0,61.0,357.0,194.0,181.0
-3239499.999999999,3050750.0,62.0,376.0,377.0,235.0
-3239499.999999999,3150750.0,55.0,388.0,237.0,149.0
-3239499.999999999,3250750.0,55.0,379.0,276.0,201.0
-3239499.999999999,3350750.0,58.0,342.0,214.0,156.0
-3239499.999999999,13150750.0,67.0,349.0,104.0,176.0
-3239499.999999999,13250750.0,61.0,376.0,68.0,222.0
-3239499.999999999,13350750.0,68.0,349.0,58.0,208.0
-3239499.999999999,13450750.0,74.0,337.0,44.0,193.0
-3239499.999999999,13550750.0,76.0,357.0,48.0,208.0
-3239499.999999999,13650750.0,74.0,358.0,46.0,218.0
-3239499.999999999,13750750.0,76.0,350.0,47.0,212.0
-3239499.999999999,13850750.0,75.0,369.0,37.0,259.0
-3239499.999999999,13950750.0,76.0,360.0,49.0,205.0
-3239499.999999999,14050750.0,77.0,357.0,43.0,226.0
-3239499.999999999,14150750.0,77.0,350.0,46.0,226.0
-3239499.999999999,14250750.0,77.0,371.0,34.0,266.0
-3239499.999999999,14350750.0,77.0,354.0,40.0,237.0
-3239499.999999999,14450750.0,77.0,331.0,43.0,186.0
-3239499.999999999,14550750.0,78.0,331.0,39.0,216.0
-3239499.999999999,14650750.0,78.0,328.0,41.0,181.0
-3239499.999999999,14750750.0,76.0,317.0,42.0,192.0
-3239499.999999999,14850750.0,76.0,326.0,44.0,196.0
-3239499.999999999,14950750.0,76.0,343.0,59.0,198.0
-3239499.999999999,15050750.0,76.0,330.0,31.0,202.0
-3239499.999999999,15150750.0,74.0,339.0,31.0,190.0
-3239499.999999999,15250750.0,77.0,334.0,72.0,199.0
-3239499.999999999,15350750.0,76.0,318.0,62.0,199.0
-3239499.999999999,15450750.0,77.0,313.0,39.0,191.0
-3239499.999999999,15550750.0,78.0,334.0,67.0,200.0
-3239499.999999999,15650750.0,74.0,355.0,43.0,228.0
-3239499.999999999,15750750.0,73.0,334.0,39.0,191.0
-3239499.999999999,15950750.0,75.0,377.0,52.0,266.0
-3239499.999999999,16050750.0,77.0,395.0,53.0,279.0
-3239499.999999999,16150750.0,74.0,413.0,91.0,308.0
-3239499.999999999,16250750.0,72.0,393.0,63.0,284.0
-3239499.999999999,16350750.0,75.0,381.0,61.0,268.0
-3239499.999999999,16450750.0,76.0,414.0,87.0,295.0
-3239499.999999999,16550750.0,78.0,386.0,171.0,264.0
-3239499.999999999,16650750.0,64.0,363.0,204.0,126.0
-3239499.999999999,16750750.0,60.0,385.0,324.0,214.0
-3239499.999999999,16850750.0,55.0,348.0,230.0,305.0
-3339499.999999999,-7749250.0,73.0,315.0,162.0,185.0
-3339499.999999999,-7649250.0,77.0,304.0,314.0,178.0
-3339499.999999999,-7549250.0,81.0,308.0,111.0,157.0
-3339499.999999999,-7449250.0,78.0,342.0,142.0,150.0
-3339499.999999999,-7349250.0,80.0,354.0,85.0,165.0
-3339499.999999999,-7249250.0,76.0,343.0,84.0,163.0
-3339499.999999999,-7149250.0,72.0,348.0,257.0,238.0
-3339499.999999999,-7049250.0,64.0,351.0,172.0,189.0
-3339499.999999999,-6949250.0,67.0,334.0,167.0,209.0
-3339499.999999999,-6849250.0,66.0,344.0,181.0,215.0
-3339499.999999999,-6749250.0,68.0,338.0,214.0,236.0
-3339499.999999999,-6649250.0,63.0,328.0,194.0,265.0
-3339499.999999999,-6549250.0,60.0,367.0,292.0,247.0
-3339499.999999999,-6449250.0,59.0,381.0,225.0,236.0
-3339499.999999999,-6349250.0,54.0,399.0,332.0,286.0
-3339499.999999999,-6249250.0,53.0,361.0,350.0,202.0
-3339499.999999999,-6149250.0,54.0,322.0,403.0,200.0
-3339499.999999999,-6049250.0,53.0,353.0,392.0,191.0
-3339499.999999999,-5949250.0,53.0,349.0,353.0,184.0
-3339499.999999999,-5849250.0,53.0,334.0,491.0,264.0
-3339499.999999999,-5749250.0,52.0,376.0,431.0,260.0
-3339499.999999999,2050750.0,78.0,327.0,77.0,160.0
-3339499.999999999,2150750.0,80.0,320.0,54.0,177.0
-3339499.999999999,2250750.0,81.0,310.0,48.0,142.0
-3339499.999999999,2350750.0,83.0,333.0,46.0,146.0
-3339499.999999999,2450750.0,80.0,336.0,45.0,183.0
-3339499.999999999,2550750.0,79.0,318.0,53.0,172.0
-3339499.999999999,2650750.0,75.0,368.0,68.0,231.0
-3339499.999999999,2750750.0,74.0,368.0,100.0,255.0
-3339499.999999999,2850750.0,70.0,360.0,154.0,234.0
-3339499.999999999,2950750.0,63.0,356.0,207.0,238.0
-3339499.999999999,3050750.0,62.0,368.0,286.0,207.0
-3339499.999999999,3150750.0,57.0,412.0,328.0,196.0
-3339499.999999999,3250750.0,57.0,408.0,249.0,170.0
-3339499.999999999,13250750.0,63.0,345.0,61.0,198.0
-3339499.999999999,13350750.0,66.0,367.0,75.0,204.0
-3339499.999999999,13450750.0,72.0,346.0,63.0,192.0
-3339499.999999999,13550750.0,77.0,336.0,49.0,177.0
-3339499.999999999,13650750.0,78.0,342.0,57.0,191.0
-3339499.999999999,13750750.0,78.0,338.0,48.0,200.0
-3339499.999999999,13850750.0,77.0,348.0,59.0,201.0
-3339499.999999999,13950750.0,75.0,336.0,77.0,204.0
-3339499.999999999,14050750.0,79.0,347.0,57.0,182.0
-3339499.999999999,14150750.0,78.0,368.0,56.0,228.0
-3339499.999999999,14250750.0,77.0,382.0,53.0,301.0
-3339499.999999999,14350750.0,78.0,381.0,47.0,209.0
-3339499.999999999,14450750.0,78.0,373.0,46.0,207.0
-3339499.999999999,14550750.0,77.0,369.0,49.0,203.0
-3339499.999999999,14650750.0,78.0,332.0,49.0,195.0
-3339499.999999999,14750750.0,79.0,330.0,97.0,196.0
-3339499.999999999,14850750.0,79.0,325.0,105.0,188.0
-3339499.999999999,14950750.0,78.0,322.0,109.0,197.0
-3339499.999999999,15050750.0,77.0,335.0,34.0,210.0
-3339499.999999999,15150750.0,75.0,337.0,39.0,201.0
-3339499.999999999,15250750.0,75.0,326.0,33.0,180.0
-3339499.999999999,15350750.0,76.0,335.0,32.0,197.0
-3339499.999999999,15450750.0,78.0,315.0,43.0,186.0
-3339499.999999999,15550750.0,78.0,315.0,39.0,173.0
-3339499.999999999,15650750.0,77.0,357.0,33.0,199.0
-3339499.999999999,15750750.0,75.0,328.0,44.0,217.0
-3339499.999999999,15850750.0,76.0,373.0,51.0,246.0
-3339499.999999999,15950750.0,74.0,344.0,58.0,259.0
-3339499.999999999,16050750.0,76.0,373.0,71.0,261.0
-3339499.999999999,16150750.0,77.0,397.0,74.0,230.0
-3339499.999999999,16250750.0,76.0,408.0,85.0,291.0
-3339499.999999999,16350750.0,75.0,374.0,120.0,289.0
-3339499.999999999,16450750.0,78.0,410.0,137.0,289.0
-3339499.999999999,16550750.0,69.0,366.0,245.0,247.0
-3339499.999999999,16650750.0,60.0,360.0,219.0,171.0
-3339499.999999999,16750750.0,55.0,385.0,483.0,213.0
-3339499.999999999,16850750.0,52.0,374.0,277.0,234.0
-3439499.999999999,-7749250.0,74.0,358.0,249.0,252.0
-3439499.999999999,-7649250.0,74.0,350.0,297.0,224.0
-3439499.999999999,-7549250.0,77.0,334.0,283.0,199.0
-3439499.999999999,-7449250.0,81.0,351.0,87.0,169.0
-3439499.999999999,-7349250.0,79.0,361.0,91.0,154.0
-3439499.999999999,-7249250.0,74.0,328.0,85.0,174.0
-3439499.999999999,-7149250.0,65.0,367.0,280.0,172.0
-3439499.999999999,-7049250.0,68.0,346.0,144.0,185.0
-3439499.999999999,-6849250.0,64.0,336.0,191.0,220.0
-3439499.999999999,-6749250.0,64.0,335.0,196.0,233.0
-3439499.999999999,-6649250.0,63.0,346.0,223.0,236.0
-3439499.999999999,-6549250.0,61.0,360.0,265.0,233.0
-3439499.999999999,-6449250.0,60.0,401.0,254.0,246.0
-3439499.999999999,-6349250.0,56.0,377.0,361.0,288.0
-3439499.999999999,-6249250.0,53.0,323.0,383.0,174.0
-3439499.999999999,-6149250.0,55.0,320.0,362.0,207.0
-3439499.999999999,-6049250.0,53.0,322.0,390.0,196.0
-3439499.999999999,-5949250.0,51.0,321.0,381.0,180.0
-3439499.999999999,2050750.0,76.0,357.0,110.0,152.0
-3439499.999999999,2150750.0,81.0,354.0,75.0,157.0
-3439499.999999999,2250750.0,79.0,352.0,38.0,177.0
-3439499.999999999,2350750.0,77.0,337.0,80.0,164.0
-3439499.999999999,2450750.0,78.0,342.0,85.0,183.0
-3439499.999999999,2550750.0,79.0,336.0,59.0,206.0
-3439499.999999999,2650750.0,76.0,347.0,73.0,260.0
-3439499.999999999,2750750.0,74.0,350.0,125.0,228.0
-3439499.999999999,2850750.0,72.0,377.0,134.0,214.0
-3439499.999999999,2950750.0,65.0,352.0,215.0,223.0
-3439499.999999999,3050750.0,58.0,383.0,258.0,157.0
-3439499.999999999,3150750.0,57.0,381.0,194.0,154.0
-3439499.999999999,13250750.0,64.0,356.0,164.0,241.0
-3439499.999999999,13350750.0,68.0,351.0,68.0,167.0
-3439499.999999999,13450750.0,69.0,374.0,77.0,167.0
-3439499.999999999,13550750.0,73.0,345.0,68.0,190.0
-3439499.999999999,13650750.0,75.0,357.0,73.0,169.0
-3439499.999999999,13750750.0,73.0,350.0,109.0,168.0
-3439499.999999999,13850750.0,78.0,349.0,72.0,183.0
-3439499.999999999,13950750.0,75.0,346.0,109.0,192.0
-3439499.999999999,14050750.0,80.0,348.0,71.0,192.0
-3439499.999999999,14150750.0,79.0,372.0,74.0,263.0
-3439499.999999999,14250750.0,80.0,363.0,73.0,216.0
-3439499.999999999,14350750.0,80.0,370.0,94.0,235.0
-3439499.999999999,14450750.0,80.0,356.0,92.0,240.0
-3439499.999999999,14550750.0,80.0,345.0,70.0,212.0
-3439499.999999999,14650750.0,79.0,383.0,66.0,186.0
-3439499.999999999,14750750.0,80.0,350.0,64.0,191.0
-3439499.999999999,14850750.0,79.0,328.0,80.0,199.0
-3439499.999999999,14950750.0,79.0,314.0,54.0,181.0
-3439499.999999999,15050750.0,78.0,331.0,44.0,178.0
-3439499.999999999,15150750.0,78.0,329.0,55.0,194.0
-3439499.999999999,15250750.0,78.0,328.0,41.0,190.0
-3439499.999999999,15350750.0,79.0,323.0,44.0,177.0
-3439499.999999999,15450750.0,78.0,354.0,199.0,245.0
-3439499.999999999,15650750.0,77.0,352.0,40.0,195.0
-3439499.999999999,15750750.0,78.0,346.0,62.0,199.0
-3439499.999999999,15850750.0,79.0,349.0,57.0,202.0
-3439499.999999999,15950750.0,76.0,372.0,60.0,218.0
-3439499.999999999,16050750.0,76.0,383.0,73.0,192.0
-3439499.999999999,16150750.0,71.0,408.0,96.0,213.0
-3439499.999999999,16250750.0,71.0,382.0,75.0,202.0
-3439499.999999999,16350750.0,73.0,384.0,147.0,270.0
-3439499.999999999,16450750.0,60.0,373.0,186.0,219.0
-3439499.999999999,16550750.0,71.0,417.0,196.0,245.0
-3439499.999999999,16650750.0,61.0,390.0,239.0,187.0
-3439499.999999999,16750750.0,55.0,374.0,371.0,243.0
-3539499.999999999,-7749250.0,69.0,346.0,367.0,219.0
-3539499.999999999,-7649250.0,68.0,380.0,294.0,274.0
-3539499.999999999,-7549250.0,77.0,332.0,184.0,202.0
-3539499.999999999,-7449250.0,83.0,370.0,80.0,190.0
-3539499.999999999,-7349250.0,82.0,335.0,82.0,160.0
-3539499.999999999,-7249250.0,72.0,341.0,124.0,189.0
-3539499.999999999,-7149250.0,68.0,352.0,190.0,193.0
-3539499.999999999,-7049250.0,65.0,339.0,151.0,210.0
-3539499.999999999,-6949250.0,62.0,344.0,163.0,227.0
-3539499.999999999,-6849250.0,63.0,341.0,169.0,231.0
-3539499.999999999,-6649250.0,64.0,341.0,236.0,238.0
-3539499.999999999,-6549250.0,66.0,369.0,293.0,261.0
-3539499.999999999,-6449250.0,60.0,364.0,277.0,224.0
-3539499.999999999,-6349250.0,57.0,349.0,394.0,268.0
-3539499.999999999,-6249250.0,56.0,409.0,336.0,202.0
-3539499.999999999,-6149250.0,58.0,371.0,346.0,227.0
-3539499.999999999,-6049250.0,54.0,359.0,386.0,193.0
-3539499.999999999,-5949250.0,54.0,370.0,463.0,301.0
-3539499.999999999,2150750.0,75.0,361.0,96.0,148.0
-3539499.999999999,2250750.0,80.0,345.0,50.0,159.0
-3539499.999999999,2350750.0,79.0,342.0,52.0,183.0
-3539499.999999999,2450750.0,79.0,348.0,64.0,179.0
-3539499.999999999,2550750.0,80.0,344.0,65.0,222.0
-3539499.999999999,2650750.0,72.0,373.0,136.0,201.0
-3539499.999999999,2750750.0,72.0,361.0,109.0,195.0
-3539499.999999999,2850750.0,69.0,360.0,146.0,195.0
-3539499.999999999,3050750.0,59.0,388.0,226.0,170.0
-3539499.999999999,13350750.0,61.0,354.0,162.0,200.0
-3539499.999999999,13450750.0,60.0,361.0,80.0,87.0
-3539499.999999999,13550750.0,61.0,368.0,68.0,122.0
-3539499.999999999,13650750.0,66.0,364.0,94.0,152.0
-3539499.999999999,13750750.0,74.0,359.0,79.0,147.0
-3539499.999999999,13850750.0,77.0,349.0,133.0,196.0
-3539499.999999999,13950750.0,72.0,340.0,160.0,192.0
-3539499.999999999,14050750.0,75.0,358.0,109.0,172.0
-3539499.999999999,14150750.0,80.0,340.0,74.0,166.0
-3539499.999999999,14250750.0,80.0,360.0,108.0,183.0
-3539499.999999999,14350750.0,81.0,391.0,85.0,213.0
-3539499.999999999,14450750.0,80.0,387.0,121.0,204.0
-3539499.999999999,14850750.0,82.0,373.0,119.0,232.0
-3539499.999999999,14950750.0,80.0,369.0,94.0,215.0
-3539499.999999999,15050750.0,80.0,338.0,74.0,208.0
-3539499.999999999,15150750.0,80.0,325.0,52.0,207.0
-3539499.999999999,15250750.0,79.0,330.0,79.0,183.0
-3539499.999999999,15450750.0,75.0,390.0,197.0,239.0
-3539499.999999999,15550750.0,82.0,354.0,48.0,176.0
-3539499.999999999,15650750.0,82.0,357.0,64.0,181.0
-3539499.999999999,15750750.0,83.0,335.0,80.0,188.0
-3539499.999999999,15850750.0,78.0,362.0,77.0,195.0
-3539499.999999999,15950750.0,79.0,363.0,95.0,196.0
-3539499.999999999,16050750.0,74.0,356.0,97.0,175.0
-3539499.999999999,16150750.0,70.0,402.0,158.0,204.0
-3539499.999999999,16250750.0,70.0,362.0,126.0,232.0
-3539499.999999999,16350750.0,70.0,389.0,199.0,219.0
-3539499.999999999,16450750.0,66.0,403.0,232.0,247.0
-3539499.999999999,16550750.0,61.0,389.0,331.0,258.0
-3539499.999999999,16650750.0,58.0,387.0,369.0,295.0
-3539499.999999999,16750750.0,58.0,379.0,352.0,260.0
-3639499.999999999,-7749250.0,68.0,315.0,357.0,169.0
-3639499.999999999,-7649250.0,67.0,380.0,419.0,273.0
-3639499.999999999,-7549250.0,76.0,335.0,155.0,180.0
-3639499.999999999,-7449250.0,82.0,354.0,84.0,161.0
-3639499.999999999,-7349250.0,80.0,354.0,59.0,181.0
-3639499.999999999,-7249250.0,67.0,371.0,216.0,197.0
-3639499.999999999,-7149250.0,67.0,360.0,178.0,194.0
-3639499.999999999,-7049250.0,67.0,351.0,148.0,177.0
-3639499.999999999,-6949250.0,68.0,360.0,177.0,213.0
-3639499.999999999,-6849250.0,66.0,351.0,186.0,238.0
-3639499.999999999,-6749250.0,62.0,353.0,225.0,249.0
-3639499.999999999,-6649250.0,64.0,367.0,260.0,259.0
-3639499.999999999,-6549250.0,67.0,404.0,241.0,272.0
-3639499.999999999,-6449250.0,61.0,398.0,318.0,265.0
-3639499.999999999,-6349250.0,61.0,388.0,322.0,276.0
-3639499.999999999,-6249250.0,58.0,378.0,339.0,210.0
-3639499.999999999,-6149250.0,56.0,370.0,358.0,181.0
-3639499.999999999,-6049250.0,58.0,364.0,420.0,279.0
-3639499.999999999,2150750.0,69.0,360.0,181.0,164.0
-3639499.999999999,2250750.0,82.0,365.0,82.0,171.0
-3639499.999999999,2350750.0,78.0,327.0,62.0,167.0
-3639499.999999999,2450750.0,77.0,341.0,58.0,187.0
-3639499.999999999,2650750.0,78.0,356.0,82.0,196.0
-3639499.999999999,2750750.0,62.0,378.0,273.0,216.0
-3639499.999999999,2850750.0,62.0,374.0,302.0,199.0
-3639499.999999999,2950750.0,60.0,376.0,308.0,179.0
-3639499.999999999,13450750.0,62.0,353.0,171.0,117.0
-3639499.999999999,13550750.0,66.0,365.0,95.0,108.0
-3639499.999999999,13650750.0,69.0,359.0,107.0,151.0
-3639499.999999999,13750750.0,73.0,357.0,77.0,148.0
-3639499.999999999,13850750.0,72.0,347.0,105.0,192.0
-3639499.999999999,13950750.0,74.0,377.0,186.0,244.0
-3639499.999999999,14050750.0,74.0,352.0,144.0,200.0
-3639499.999999999,14150750.0,74.0,376.0,132.0,207.0
-3639499.999999999,15150750.0,80.0,352.0,112.0,170.0
-3639499.999999999,15250750.0,81.0,348.0,99.0,177.0
-3639499.999999999,15350750.0,83.0,358.0,69.0,172.0
-3639499.999999999,15450750.0,73.0,382.0,147.0,197.0
-3639499.999999999,15550750.0,82.0,356.0,79.0,176.0
-3639499.999999999,15650750.0,80.0,358.0,85.0,174.0
-3639499.999999999,15750750.0,80.0,376.0,115.0,217.0
-3639499.999999999,15850750.0,80.0,365.0,145.0,175.0
-3639499.999999999,15950750.0,74.0,355.0,125.0,200.0
-3639499.999999999,16050750.0,74.0,356.0,213.0,181.0
-3639499.999999999,16150750.0,69.0,386.0,190.0,193.0
-3639499.999999999,16250750.0,61.0,385.0,196.0,211.0
-3639499.999999999,16350750.0,61.0,386.0,237.0,182.0
-3639499.999999999,16450750.0,56.0,389.0,309.0,209.0
-3639499.999999999,16550750.0,52.0,381.0,403.0,253.0
-3639499.999999999,16650750.0,61.0,375.0,195.0,243.0
-3739499.999999999,-7749250.0,64.0,336.0,358.0,236.0
-3739499.999999999,-7649250.0,67.0,386.0,322.0,218.0
-3739499.999999999,-7549250.0,71.0,380.0,214.0,188.0
-3739499.999999999,-7449250.0,79.0,331.0,73.0,171.0
-3739499.999999999,-7349250.0,79.0,329.0,106.0,177.0
-3739499.999999999,-7249250.0,75.0,363.0,125.0,197.0
-3739499.999999999,-7149250.0,72.0,392.0,128.0,203.0
-3739499.999999999,-7049250.0,67.0,365.0,195.0,210.0
-3739499.999999999,-6949250.0,62.0,358.0,192.0,224.0
-3739499.999999999,-6849250.0,63.0,351.0,197.0,226.0
-3739499.999999999,-6749250.0,69.0,374.0,198.0,233.0
-3739499.999999999,-6649250.0,63.0,350.0,399.0,287.0
-3739499.999999999,-6549250.0,57.0,350.0,370.0,284.0
-3739499.999999999,-6449250.0,64.0,416.0,356.0,278.0
-3739499.999999999,-6349250.0,62.0,400.0,394.0,246.0
-3739499.999999999,-6249250.0,57.0,378.0,345.0,186.0
-3739499.999999999,-6149250.0,53.0,406.0,374.0,219.0
-3739499.999999999,-6049250.0,58.0,357.0,382.0,326.0
-3739499.999999999,2150750.0,64.0,375.0,355.0,204.0
-3739499.999999999,2250750.0,77.0,344.0,94.0,176.0
-3739499.999999999,2350750.0,75.0,368.0,194.0,241.0
-3739499.999999999,2450750.0,71.0,354.0,247.0,223.0
-3739499.999999999,2550750.0,70.0,392.0,255.0,220.0
-3739499.999999999,2650750.0,65.0,377.0,346.0,245.0
-3739499.999999999,2750750.0,68.0,338.0,215.0,261.0
-3739499.999999999,2850750.0,58.0,365.0,326.0,219.0
-3739499.999999999,13350750.0,60.0,362.0,279.0,195.0
-3739499.999999999,13450750.0,63.0,358.0,138.0,206.0
-3739499.999999999,13550750.0,59.0,356.0,95.0,146.0
-3739499.999999999,13650750.0,68.0,356.0,75.0,195.0
-3739499.999999999,13750750.0,67.0,369.0,121.0,189.0
-3739499.999999999,13850750.0,66.0,356.0,179.0,229.0
-3739499.999999999,13950750.0,59.0,360.0,181.0,219.0
-3739499.999999999,14050750.0,65.0,367.0,222.0,186.0
-3739499.999999999,15150750.0,71.0,363.0,147.0,196.0
-3739499.999999999,15250750.0,72.0,366.0,157.0,217.0
-3739499.999999999,15450750.0,73.0,390.0,223.0,249.0
-3739499.999999999,15550750.0,83.0,339.0,81.0,173.0
-3739499.999999999,15650750.0,80.0,346.0,132.0,170.0
-3739499.999999999,15750750.0,80.0,387.0,137.0,176.0
-3739499.999999999,15850750.0,78.0,327.0,201.0,170.0
-3739499.999999999,15950750.0,78.0,384.0,239.0,190.0
-3739499.999999999,16050750.0,73.0,366.0,173.0,207.0
-3739499.999999999,16150750.0,65.0,389.0,219.0,182.0
-3739499.999999999,16250750.0,62.0,369.0,188.0,200.0
-3739499.999999999,16350750.0,66.0,375.0,221.0,219.0
-3739499.999999999,16450750.0,54.0,383.0,335.0,292.0
-3739499.999999999,16550750.0,52.0,377.0,305.0,226.0
-3839499.999999999,-7749250.0,62.0,365.0,282.0,206.0
-3839499.999999999,-7649250.0,61.0,425.0,380.0,259.0
-3839499.999999999,-7549250.0,68.0,399.0,320.0,229.0
-3839499.999999999,-7449250.0,78.0,367.0,83.0,162.0
-3839499.999999999,-7349250.0,78.0,354.0,113.0,193.0
-3839499.999999999,-7249250.0,77.0,385.0,110.0,213.0
-3839499.999999999,-7149250.0,73.0,384.0,151.0,196.0
-3839499.999999999,-7049250.0,65.0,369.0,205.0,203.0
-3839499.999999999,-6949250.0,63.0,341.0,192.0,221.0
-3839499.999999999,-6849250.0,63.0,357.0,231.0,250.0
-3839499.999999999,-6749250.0,64.0,367.0,288.0,238.0
-3839499.999999999,-6649250.0,71.0,393.0,268.0,239.0
-3839499.999999999,-6349250.0,54.0,382.0,486.0,278.0
-3839499.999999999,-6249250.0,52.0,379.0,409.0,255.0
-3839499.999999999,-6149250.0,59.0,381.0,347.0,284.0
-3839499.999999999,2250750.0,70.0,355.0,220.0,202.0
-3839499.999999999,13550750.0,66.0,350.0,149.0,220.0
-3839499.999999999,15450750.0,76.0,361.0,217.0,209.0
-3839499.999999999,15550750.0,79.0,355.0,112.0,190.0
-3839499.999999999,15650750.0,80.0,339.0,114.0,181.0
-3839499.999999999,15750750.0,78.0,366.0,157.0,188.0
-3839499.999999999,15850750.0,78.0,358.0,294.0,168.0
-3839499.999999999,15950750.0,77.0,401.0,224.0,197.0
-3839499.999999999,16050750.0,66.0,378.0,207.0,199.0
-3839499.999999999,16150750.0,65.0,340.0,153.0,189.0
-3839499.999999999,16250750.0,57.0,373.0,190.0,172.0
-3839499.999999999,16350750.0,57.0,375.0,246.0,157.0
-3839499.999999999,16450750.0,55.0,377.0,303.0,262.0
-3839499.999999999,16550750.0,51.0,389.0,285.0,276.0
-3939499.999999999,-7749250.0,60.0,389.0,309.0,199.0
-3939499.999999999,-7649250.0,62.0,421.0,429.0,317.0
-3939499.999999999,-7549250.0,70.0,353.0,212.0,177.0
-3939499.999999999,-7449250.0,76.0,367.0,144.0,192.0
-3939499.999999999,-7349250.0,76.0,359.0,89.0,193.0
-3939499.999999999,-7249250.0,74.0,346.0,117.0,161.0
-3939499.999999999,-7149250.0,69.0,363.0,140.0,172.0
-3939499.999999999,-7049250.0,69.0,350.0,172.0,206.0
-3939499.999999999,-6949250.0,67.0,349.0,183.0,215.0
-3939499.999999999,-6849250.0,68.0,367.0,208.0,222.0
-3939499.999999999,-6749250.0,68.0,362.0,289.0,218.0
-3939499.999999999,-6649250.0,68.0,359.0,287.0,240.0
-3939499.999999999,-6549250.0,71.0,396.0,343.0,238.0
-3939499.999999999,-6449250.0,73.0,389.0,400.0,249.0
-3939499.999999999,15450750.0,57.0,359.0,396.0,166.0
-3939499.999999999,15550750.0,77.0,340.0,230.0,172.0
-3939499.999999999,15650750.0,76.0,335.0,240.0,101.0
-3939499.999999999,15750750.0,72.0,345.0,205.0,178.0
-3939499.999999999,15850750.0,77.0,354.0,241.0,182.0
-3939499.999999999,15950750.0,77.0,356.0,257.0,206.0
-3939499.999999999,16050750.0,67.0,367.0,172.0,192.0
-3939499.999999999,16150750.0,66.0,367.0,227.0,175.0
-3939499.999999999,16250750.0,56.0,372.0,299.0,175.0
-3939499.999999999,16350750.0,57.0,381.0,325.0,184.0
-3939499.999999999,16450750.0,50.0,378.0,358.0,240.0
-3939499.999999999,18650750.0,53.0,369.0,416.0,220.0
-4039499.999999999,-7749250.0,61.0,385.0,431.0,260.0
-4039499.999999999,-7649250.0,61.0,419.0,316.0,261.0
-4039499.999999999,-7549250.0,72.0,334.0,163.0,177.0
-4039499.999999999,-7449250.0,76.0,373.0,182.0,199.0
-4039499.999999999,-7349250.0,79.0,370.0,93.0,197.0
-4039499.999999999,-7249250.0,76.0,365.0,149.0,164.0
-4039499.999999999,-7149250.0,71.0,364.0,126.0,172.0
-4039499.999999999,-7049250.0,68.0,359.0,210.0,199.0
-4039499.999999999,-6949250.0,68.0,343.0,186.0,209.0
-4039499.999999999,-6849250.0,73.0,363.0,209.0,213.0
-4039499.999999999,-6749250.0,76.0,358.0,301.0,236.0
-4039499.999999999,-6649250.0,72.0,379.0,331.0,221.0
-4039499.999999999,-6549250.0,75.0,357.0,475.0,233.0
-4039499.999999999,-6449250.0,71.0,345.0,736.0,256.0
-4039499.999999999,15650750.0,72.0,360.0,153.0,228.0
-4039499.999999999,15750750.0,73.0,367.0,187.0,177.0
-4039499.999999999,15850750.0,70.0,400.0,281.0,269.0
-4039499.999999999,15950750.0,71.0,361.0,221.0,194.0
-4039499.999999999,16050750.0,65.0,338.0,274.0,243.0
-4039499.999999999,16150750.0,63.0,348.0,260.0,189.0
-4039499.999999999,16250750.0,57.0,395.0,386.0,175.0
-4039499.999999999,16350750.0,53.0,397.0,392.0,231.0
-4039499.999999999,16450750.0,45.0,373.0,266.0,245.0
-4139499.999999999,-7849250.0,58.0,411.0,569.0,277.0
-4139499.999999999,-7749250.0,57.0,409.0,561.0,302.0
-4139499.999999999,-7649250.0,60.0,411.0,338.0,238.0
-4139499.999999999,-7549250.0,74.0,366.0,91.0,204.0
-4139499.999999999,-7449250.0,78.0,361.0,56.0,183.0
-4139499.999999999,-7349250.0,80.0,372.0,98.0,171.0
-4139499.999999999,-7249250.0,79.0,355.0,105.0,173.0
-4139499.999999999,-7149250.0,76.0,373.0,149.0,178.0
-4139499.999999999,-7049250.0,73.0,366.0,140.0,218.0
-4139499.999999999,-6949250.0,69.0,374.0,228.0,220.0
-4139499.999999999,-6849250.0,70.0,366.0,242.0,248.0
-4139499.999999999,-6749250.0,71.0,361.0,356.0,265.0
-4139499.999999999,-6649250.0,69.0,384.0,320.0,273.0
-4139499.999999999,-6549250.0,73.0,386.0,292.0,249.0
-4139499.999999999,-6449250.0,75.0,339.0,556.0,260.0
-4139499.999999999,15650750.0,72.0,385.0,312.0,286.0
-4139499.999999999,15750750.0,65.0,390.0,244.0,286.0
-4139499.999999999,15850750.0,56.0,369.0,335.0,242.0
-4139499.999999999,15950750.0,62.0,365.0,327.0,210.0
-4139499.999999999,16050750.0,61.0,367.0,374.0,249.0
-4139499.999999999,16150750.0,53.0,400.0,361.0,232.0
-4139499.999999999,16250750.0,50.0,389.0,340.0,251.0
-4139499.999999999,16350750.0,54.0,378.0,357.0,249.0
-4139499.999999999,16450750.0,46.0,387.0,266.0,449.0
-4139499.999999999,18750750.0,51.0,424.0,553.0,279.0
-4239499.999999999,-7849250.0,54.0,394.0,562.0,331.0
-4239499.999999999,-7749250.0,56.0,423.0,544.0,325.0
-4239499.999999999,-7649250.0,61.0,429.0,647.0,324.0
-4239499.999999999,-7549250.0,78.0,343.0,75.0,206.0
-4239499.999999999,-7449250.0,80.0,363.0,120.0,239.0
-4239499.999999999,-7349250.0,81.0,349.0,63.0,173.0
-4239499.999999999,-7249250.0,80.0,361.0,95.0,163.0
-4239499.999999999,-7149250.0,78.0,378.0,148.0,187.0
-4239499.999999999,-7049250.0,75.0,370.0,153.0,214.0
-4239499.999999999,-6949250.0,74.0,377.0,207.0,252.0
-4239499.999999999,-6849250.0,63.0,369.0,331.0,257.0
-4239499.999999999,-6749250.0,72.0,371.0,335.0,281.0
-4239499.999999999,-6649250.0,69.0,393.0,308.0,284.0
-4239499.999999999,-6549250.0,66.0,389.0,302.0,268.0
-4239499.999999999,15750750.0,56.0,381.0,359.0,281.0
-4239499.999999999,15850750.0,62.0,384.0,332.0,282.0
-4239499.999999999,15950750.0,63.0,386.0,352.0,269.0
-4239499.999999999,16050750.0,63.0,379.0,329.0,256.0
-4239499.999999999,16150750.0,52.0,389.0,375.0,290.0
-4239499.999999999,18650750.0,51.0,403.0,499.0,244.0
-4239499.999999999,18750750.0,51.0,371.0,454.0,262.0
-4239499.999999999,18850750.0,53.0,403.0,502.0,305.0
-4339499.999999999,-7749250.0,55.0,444.0,622.0,330.0
-4339499.999999999,-7649250.0,57.0,420.0,850.0,234.0
-4339499.999999999,-7549250.0,79.0,344.0,84.0,214.0
-4339499.999999999,-7449250.0,75.0,326.0,48.0,134.0
-4339499.999999999,-7349250.0,78.0,333.0,58.0,180.0
-4339499.999999999,-7249250.0,78.0,357.0,113.0,202.0
-4339499.999999999,-7149250.0,81.0,374.0,89.0,196.0
-4339499.999999999,-7049250.0,79.0,381.0,95.0,206.0
-4339499.999999999,-6949250.0,76.0,372.0,195.0,231.0
-4339499.999999999,18650750.0,56.0,425.0,508.0,278.0
-4339499.999999999,18750750.0,51.0,416.0,486.0,256.0
-4339499.999999999,18850750.0,54.0,414.0,443.0,321.0
-4439499.999999999,-7749250.0,54.0,459.0,755.0,384.0
-4439499.999999999,-7649250.0,57.0,402.0,652.0,279.0
-4439499.999999999,-7549250.0,74.0,349.0,78.0,200.0
-4439499.999999999,-7449250.0,79.0,345.0,36.0,213.0
-4439499.999999999,-7349250.0,76.0,367.0,57.0,163.0
-4439499.999999999,-7249250.0,78.0,345.0,96.0,162.0
-4439499.999999999,-7149250.0,79.0,361.0,71.0,161.0
-4439499.999999999,-7049250.0,77.0,364.0,102.0,199.0
-4439499.999999999,-6949250.0,75.0,369.0,157.0,228.0
-4439499.999999999,16250750.0,58.0,331.0,272.0,210.0
-4439499.999999999,18650750.0,55.0,409.0,465.0,313.0
-4539499.999999999,-7749250.0,56.0,451.0,856.0,366.0
-4539499.999999999,-7649250.0,56.0,421.0,702.0,309.0
-4539499.999999999,-7549250.0,71.0,364.0,179.0,191.0
-4539499.999999999,-7449250.0,79.0,357.0,90.0,198.0
-4539499.999999999,-7349250.0,76.0,363.0,55.0,201.0
-4539499.999999999,-7249250.0,77.0,345.0,64.0,185.0
-4539499.999999999,-7149250.0,78.0,346.0,79.0,187.0
-4539499.999999999,-7049250.0,77.0,345.0,108.0,165.0
-4539499.999999999,-6949250.0,74.0,316.0,263.0,258.0
-4539499.999999999,18550750.0,54.0,392.0,481.0,272.0
-4639499.999999999,-7649250.0,58.0,436.0,701.0,337.0
-4639499.999999999,-7549250.0,73.0,359.0,148.0,206.0
-4639499.999999999,-7449250.0,77.0,352.0,112.0,199.0
-4639499.999999999,-7349250.0,78.0,352.0,124.0,202.0
-4639499.999999999,-7249250.0,78.0,363.0,88.0,202.0
-4639499.999999999,-7149250.0,76.0,353.0,73.0,214.0
-4639499.999999999,16050750.0,48.0,429.0,666.0,317.0
-4639499.999999999,16150750.0,51.0,403.0,378.0,282.0
-4639499.999999999,16250750.0,52.0,376.0,283.0,273.0
-4639499.999999999,18250750.0,53.0,432.0,779.0,329.0
-4639499.999999999,18350750.0,52.0,434.0,710.0,344.0
-4739499.999999999,-7849250.0,51.0,444.0,1071.0,352.0
-4739499.999999999,-7649250.0,57.0,430.0,732.0,252.0
-4739499.999999999,-7549250.0,73.0,338.0,154.0,229.0
-4739499.999999999,-7449250.0,79.0,350.0,87.0,218.0
-4739499.999999999,-7349250.0,78.0,345.0,111.0,212.0
-4739499.999999999,-7249250.0,78.0,327.0,115.0,198.0
-4739499.999999999,-7149250.0,77.0,338.0,74.0,197.0
-4739499.999999999,16050750.0,50.0,440.0,879.0,372.0
-4739499.999999999,16150750.0,66.0,371.0,363.0,324.0
-4739499.999999999,18250750.0,53.0,448.0,769.0,438.0
-4739499.999999999,18350750.0,52.0,377.0,421.0,318.0
-4839499.999999999,-7749250.0,49.0,424.0,1151.0,343.0
-4839499.999999999,-7649250.0,53.0,423.0,678.0,298.0
-4839499.999999999,-7549250.0,71.0,405.0,255.0,233.0
-4839499.999999999,-7449250.0,78.0,376.0,147.0,224.0
-4839499.999999999,-7349250.0,80.0,344.0,109.0,203.0
-4839499.999999999,-7249250.0,79.0,333.0,70.0,188.0
-4839499.999999999,-7149250.0,78.0,347.0,114.0,213.0
-4839499.999999999,16150750.0,50.0,406.0,570.0,305.0
-4839499.999999999,18050750.0,49.0,435.0,595.0,338.0
-4839499.999999999,18150750.0,61.0,395.0,518.0,297.0
-4839499.999999999,18250750.0,63.0,370.0,449.0,304.0
-4939499.999999999,-7749250.0,50.0,442.0,1114.0,361.0
-4939499.999999999,-7649250.0,61.0,436.0,698.0,273.0
-4939499.999999999,-7549250.0,73.0,391.0,246.0,242.0
-4939499.999999999,-7449250.0,78.0,360.0,161.0,227.0
-4939499.999999999,-7349250.0,79.0,329.0,115.0,211.0
-4939499.999999999,-7249250.0,79.0,344.0,73.0,195.0
-4939499.999999999,-7149250.0,75.0,350.0,102.0,215.0
-4939499.999999999,17950750.0,54.0,419.0,459.0,298.0
-4939499.999999999,18050750.0,63.0,375.0,417.0,294.0
-5039499.999999999,-7649250.0,56.0,413.0,728.0,279.0
-5039499.999999999,-7549250.0,73.0,377.0,256.0,228.0
-5039499.999999999,-7449250.0,77.0,367.0,150.0,209.0
-5039499.999999999,-7349250.0,77.0,358.0,278.0,226.0
-5039499.999999999,-7249250.0,77.0,353.0,213.0,192.0
-5039499.999999999,17750750.0,52.0,425.0,974.0,318.0
-5039499.999999999,17850750.0,51.0,458.0,630.0,365.0
-5039499.999999999,17950750.0,65.0,369.0,428.0,298.0
-5039499.999999999,18050750.0,63.0,383.0,383.0,298.0
-5139499.999999999,-7849250.0,50.0,444.0,1302.0,420.0
-5139499.999999999,-7749250.0,50.0,435.0,1330.0,405.0
-5139499.999999999,-7649250.0,60.0,436.0,634.0,285.0
-5139499.999999999,-7549250.0,76.0,371.0,204.0,212.0
-5139499.999999999,-7449250.0,80.0,356.0,183.0,209.0
-5139499.999999999,-7349250.0,81.0,347.0,103.0,207.0
-5139499.999999999,17750750.0,52.0,426.0,856.0,319.0
-5139499.999999999,17850750.0,62.0,386.0,587.0,353.0
-5139499.999999999,17950750.0,63.0,383.0,510.0,330.0
-5239499.999999999,-7649250.0,62.0,358.0,555.0,311.0
-5239499.999999999,-7549250.0,73.0,358.0,232.0,244.0
-5239499.999999999,-7449250.0,77.0,358.0,256.0,227.0
-5239499.999999999,-7349250.0,77.0,424.0,264.0,303.0
-5239499.999999999,-7249250.0,81.0,340.0,204.0,175.0
-5239499.999999999,-7149250.0,76.0,336.0,285.0,186.0
-5339499.999999999,-7849250.0,51.0,425.0,1323.0,388.0
-5339499.999999999,-7649250.0,57.0,456.0,779.0,332.0
-5339499.999999999,-7549250.0,76.0,446.0,160.0,287.0
-5339499.999999999,-7449250.0,75.0,453.0,122.0,228.0
-5339499.999999999,-7349250.0,77.0,413.0,211.0,273.0
-5339499.999999999,-7249250.0,79.0,357.0,212.0,204.0
-5439499.999999999,-7749250.0,50.0,405.0,1282.0,462.0
-5439499.999999999,-7649250.0,57.0,441.0,680.0,310.0
-5439499.999999999,-7549250.0,74.0,460.0,134.0,294.0
-5439499.999999999,-7449250.0,73.0,449.0,120.0,254.0
-5439499.999999999,-7349250.0,76.0,448.0,159.0,269.0
-5539499.999999999,-7849250.0,50.0,458.0,1387.0,407.0
-5539499.999999999,-7649250.0,63.0,439.0,586.0,292.0
-5539499.999999999,-7549250.0,68.0,442.0,287.0,233.0
-5539499.999999999,-7449250.0,71.0,456.0,143.0,241.0
-5539499.999999999,-7349250.0,75.0,458.0,137.0,269.0
-5639499.999999999,-7649250.0,59.0,455.0,966.0,336.0
-5639499.999999999,-7549250.0,71.0,471.0,122.0,284.0
-5639499.999999999,-7449250.0,70.0,449.0,135.0,255.0
-5739499.999999999,-7549250.0,66.0,441.0,542.0,315.0
-5739499.999999999,-7449250.0,67.0,451.0,379.0,296.0
-5739499.999999999,-7349250.0,66.0,445.0,331.0,276.0
-5739499.999999999,-6749250.0,64.0,444.0,648.0,359.0
-5739499.999999999,-6649250.0,63.0,433.0,731.0,323.0
-5839499.999999999,-7649250.0,50.0,447.0,1376.0,373.0
-5839499.999999999,-7549250.0,55.0,456.0,1005.0,328.0
-5839499.999999999,-7349250.0,64.0,461.0,672.0,373.0
-5939499.999999999,-7449250.0,53.0,465.0,1199.0,301.0
-5939499.999999999,-7349250.0,58.0,435.0,1214.0,373.0
-5939499.999999999,-7249250.0,62.0,446.0,854.0,425.0
-6039499.999999999,-7149250.0,63.0,466.0,1121.0,357.0
