latitude,longitude,ph,moisture,temperature,nitrogen,cec,fertility
8260500.000000001,-10749250.0,6.6,48.7,25.0,824.0,336.0,Medium
8260500.000000001,-10449250.0,6.3,50.5,25.0,868.0,422.0,Medium
8260500.000000001,-10349250.0,6.5,48.7,25.0,924.0,422.0,Medium
8260500.000000001,-10149250.0,6.5,50.2,25.0,1006.0,444.0,Medium
8260500.000000001,1650750.0,6.4,46.8,25.0,1047.0,444.0,Medium
8260500.000000001,1850750.0,6.4,47.3,25.0,1031.0,373.0,Medium
8160500.000000001,-10949250.0,6.5,51.4,25.0,972.0,459.0,High
8160500.000000001,-10749250.0,6.3,52.6,25.0,759.0,367.0,Medium
8160500.000000001,-10549250.0,6.3,51.7,25.0,799.0,355.0,Medium
8160500.000000001,-10349250.0,6.5,49.5,25.0,764.0,363.0,Medium
8160500.000000001,-10249250.0,6.7,47.6,25.0,669.0,301.0,Medium
8160500.000000001,1550750.0,6.3,47.0,25.0,1227.0,402.0,Medium
8160500.000000001,5550750.0,6.5,44.9,25.0,1023.0,477.0,High
8060500.000000001,-11149250.0,6.8,54.5,25.0,1066.0,453.0,High
8060500.000000001,-10949250.0,6.7,52.8,25.0,986.0,397.0,Medium
8060500.000000001,-10549250.0,6.1,56.0,25.0,751.0,378.0,Medium
8060500.000000001,1450750.0,6.5,45.7,25.0,1086.0,476.0,High
8060500.000000001,2750750.0,6.1,42.3,25.0,869.0,414.0,Medium
8060500.000000001,3050750.0,6.1,45.4,25.0,963.0,405.0,Medium
7960500.000000001,-11949250.0,6.8,51.7,25.0,1039.0,347.0,Medium
7960500.000000001,-10949250.0,6.8,49.4,25.0,745.0,326.0,Medium
7960500.000000001,-10749250.0,6.6,52.3,25.0,696.0,351.0,Medium
7960500.000000001,-10649250.0,6.2,51.9,25.0,649.0,340.0,Medium
7960500.000000001,-10549250.0,6.2,55.7,25.0,769.0,347.0,Medium
7960500.000000001,-9849250.0,6.6,50.9,25.0,714.0,435.0,Medium
7960500.000000001,1250750.0,6.3,47.6,25.0,1155.0,493.0,High
7960500.000000001,4750750.0,6.5,44.1,25.0,1144.0,443.0,Medium
7960500.000000001,4850750.0,6.5,47.4,25.0,1305.0,506.0,High
7960500.000000001,6150750.0,6.0,49.9,25.0,1566.0,613.0,High
7960500.000000001,6250750.0,6.3,47.8,25.0,1239.0,498.0,High
7960500.000000001,6350750.0,6.3,46.2,25.0,1166.0,456.0,Medium
7960500.000000001,6450750.0,6.2,47.8,25.0,1255.0,491.0,High
7860500.000000001,-11849250.0,6.9,48.4,25.0,728.0,336.0,Medium
7860500.000000001,-11749250.0,7.0,49.3,25.0,726.0,339.0,Medium
7860500.000000001,-11649250.0,7.1,47.6,25.0,751.0,268.0,Medium
7860500.000000001,-11549250.0,7.2,49.7,25.0,982.0,295.0,Medium
7860500.000000001,-11449250.0,7.1,50.2,25.0,930.0,318.0,Medium
7860500.000000001,-11149250.0,7.1,49.8,25.0,772.0,304.0,Medium
7860500.000000001,-10949250.0,6.8,50.4,25.0,799.0,398.0,Medium
7860500.000000001,-10749250.0,6.5,55.3,25.0,602.0,347.0,Medium
7860500.000000001,-10649250.0,6.5,54.6,25.0,681.0,280.0,Medium
7860500.000000001,-10549250.0,6.3,56.8,25.0,763.0,361.0,Medium
7860500.000000001,1150750.0,6.2,45.4,25.0,921.0,325.0,Medium
7860500.000000001,1250750.0,6.7,44.6,25.0,1255.0,500.0,High
7860500.000000001,5850750.0,6.3,47.1,25.0,1312.0,537.0,High
7860500.000000001,5950750.0,6.1,47.8,25.0,1406.0,576.0,High
7860500.000000001,6050750.0,6.2,47.6,25.0,1204.0,492.0,Medium
7860500.000000001,6150750.0,6.2,51.2,25.0,1323.0,637.0,High
7860500.000000001,6250750.0,6.0,50.0,25.0,1350.0,578.0,High
7860500.000000001,6350750.0,6.1,49.2,25.0,1374.0,466.0,High
7860500.000000001,6450750.0,6.1,48.7,25.0,1245.0,449.0,Medium
7860500.000000001,6550750.0,6.3,49.0,25.0,1051.0,421.0,Medium
7860500.000000001,6650750.0,6.1,49.2,25.0,995.0,413.0,Medium
7860500.000000001,6750750.0,6.1,52.3,25.0,924.0,405.0,Medium
7860500.000000001,7850750.0,6.4,46.0,25.0,1022.0,392.0,Medium
7860500.000000001,8050750.0,6.6,49.9,25.0,963.0,369.0,Medium
7860500.000000001,8250750.0,6.7,50.8,25.0,1013.0,371.0,Medium
7760500.000000001,-12149250.0,7.2,49.8,25.0,789.0,332.0,Medium
7760500.000000001,-12049250.0,7.0,48.9,25.0,565.0,252.0,Medium
7760500.000000001,-11949250.0,7.2,50.1,25.0,714.0,341.0,Medium
7760500.000000001,-11049250.0,7.4,51.2,25.0,592.0,273.0,Medium
7760500.000000001,-10849250.0,6.9,51.8,25.0,751.0,394.0,Medium
7760500.000000001,-10749250.0,7.0,55.3,25.0,665.0,327.0,Medium
7760500.000000001,950750.0,6.2,46.6,25.0,1136.0,403.0,Medium
7760500.000000001,1050750.0,6.4,52.3,25.0,1021.0,400.0,Medium
7760500.000000001,4450750.0,6.2,46.7,25.0,1263.0,463.0,Medium
7760500.000000001,4550750.0,6.2,47.2,25.0,1386.0,612.0,High
7760500.000000001,5950750.0,6.1,57.1,25.0,1404.0,427.0,High
7760500.000000001,6050750.0,6.2,55.7,25.0,1231.0,582.0,High
7760500.000000001,6150750.0,6.2,51.7,25.0,1245.0,528.0,High
7760500.000000001,6250750.0,6.1,56.0,25.0,1145.0,489.0,High
7760500.000000001,6350750.0,6.1,58.6,25.0,1497.0,578.0,High
7760500.000000001,6450750.0,6.1,59.3,25.0,1543.0,576.0,High
7760500.000000001,6550750.0,6.2,55.8,25.0,1483.0,692.0,High
7760500.000000001,6650750.0,6.4,55.6,25.0,1241.0,605.0,High
7760500.000000001,6750750.0,6.3,57.6,25.0,1277.0,549.0,High
7660500.000000001,-12249250.0,7.0,50.0,25.0,613.0,294.0,Medium
7660500.000000001,-12049250.0,7.0,50.0,25.0,705.0,210.0,Medium
7660500.000000001,-11949250.0,7.2,50.2,25.0,530.0,211.0,Medium
7660500.000000001,-11849250.0,7.5,47.6,25.0,645.0,217.0,Medium
7660500.000000001,-11749250.0,7.4,48.5,25.0,517.0,214.0,Medium
7660500.000000001,-11449250.0,7.3,48.7,25.0,787.0,254.0,Medium
7660500.000000001,-11049250.0,7.3,51.3,25.0,701.0,289.0,Medium
7660500.000000001,-10549250.0,6.2,57.4,25.0,565.0,425.0,Medium
7660500.000000001,-10449250.0,6.1,58.1,25.0,597.0,470.0,Medium
7660500.000000001,-10349250.0,6.4,57.7,25.0,522.0,430.0,Medium
7660500.000000001,-10249250.0,6.3,56.3,25.0,485.0,443.0,Medium
7660500.000000001,850750.0,6.2,46.2,25.0,986.0,406.0,Medium
7660500.000000001,4450750.0,6.0,48.6,25.0,1273.0,526.0,Medium
7660500.000000001,5250750.0,6.2,56.2,25.0,1428.0,534.0,High
7660500.000000001,5750750.0,6.0,53.4,25.0,1226.0,409.0,Medium
7660500.000000001,5850750.0,6.1,59.2,25.0,1296.0,521.0,High
7660500.000000001,5950750.0,6.2,57.4,25.0,1290.0,408.0,High
7660500.000000001,6050750.0,5.9,60.4,25.0,1262.0,421.0,High
7660500.000000001,6150750.0,5.9,58.5,25.0,1309.0,415.0,High
7660500.000000001,6250750.0,6.1,60.0,25.0,1486.0,603.0,High
7660500.000000001,6350750.0,6.1,59.4,25.0,1397.0,612.0,High
7660500.000000001,6450750.0,6.0,57.0,25.0,1330.0,484.0,High
7660500.000000001,6550750.0,6.0,60.7,25.0,1529.0,662.0,High
7660500.000000001,6650750.0,6.2,60.9,25.0,1607.0,596.0,High
7660500.000000001,6750750.0,6.1,62.3,25.0,1583.0,688.0,High
7660500.000000001,6850750.0,6.3,61.6,25.0,1431.0,532.0,High
7660500.000000001,6950750.0,6.3,61.7,25.0,1584.0,657.0,High
7660500.000000001,7150750.0,6.2,62.8,25.0,1488.0,627.0,High
7660500.000000001,7250750.0,6.2,61.5,25.0,1125.0,573.0,High
7660500.000000001,7350750.0,6.4,56.8,25.0,1050.0,540.0,High
7660500.000000001,7450750.0,6.4,57.7,25.0,1006.0,465.0,High
7660500.000000001,7550750.0,6.1,58.2,25.0,970.0,455.0,Medium
7660500.000000001,7650750.0,5.6,59.6,25.0,695.0,280.0,Medium
7660500.000000001,7750750.0,6.0,61.4,25.0,906.0,467.0,Medium
7660500.000000001,7850750.0,5.9,61.0,25.0,860.0,352.0,Medium
7560500.000000001,-14949250.0,6.6,47.3,25.0,1149.0,493.0,High
7560500.000000001,-12249250.0,6.5,53.8,25.0,529.0,334.0,Medium
7560500.000000001,-12149250.0,6.5,47.9,25.0,602.0,279.0,Medium
7560500.000000001,-11949250.0,6.6,49.3,25.0,452.0,217.0,Medium
7560500.000000001,-11849250.0,6.6,50.7,25.0,519.0,263.0,Medium
7560500.000000001,-11749250.0,6.4,50.3,25.0,570.0,263.0,Medium
7560500.000000001,-11649250.0,7.3,50.3,25.0,718.0,272.0,Medium
7560500.000000001,-11349250.0,7.3,51.1,25.0,696.0,239.0,Medium
7560500.000000001,-11049250.0,7.3,51.9,25.0,756.0,290.0,Medium
7560500.000000001,-10849250.0,6.7,51.0,25.0,518.0,354.0,Medium
7560500.000000001,-10549250.0,6.5,54.9,25.0,516.0,376.0,Medium
7560500.000000001,-10449250.0,6.5,56.1,25.0,467.0,414.0,Medium
7560500.000000001,-10349250.0,6.4,58.8,25.0,522.0,482.0,Medium
7560500.000000001,-10249250.0,6.4,59.0,25.0,516.0,522.0,Medium
7560500.000000001,-10149250.0,6.1,58.0,25.0,521.0,506.0,Medium
7560500.000000001,-10049250.0,6.3,59.1,25.0,524.0,416.0,Medium
7560500.000000001,-9949250.0,6.2,56.8,25.0,557.0,416.0,Medium
7560500.000000001,-8949250.0,6.2,54.8,25.0,736.0,382.0,Medium
7560500.000000001,550750.0,5.7,46.9,25.0,852.0,394.0,Medium
7560500.000000001,650750.0,5.8,46.9,25.0,758.0,317.0,Medium
7560500.000000001,750750.0,6.2,45.2,25.0,1160.0,434.0,Medium
7560500.000000001,4450750.0,6.2,55.1,25.0,1501.0,400.0,High
7560500.000000001,4550750.0,6.2,51.0,25.0,1505.0,444.0,High
7560500.000000001,5250750.0,5.9,61.6,25.0,1522.0,646.0,High
7560500.000000001,5350750.0,5.8,59.9,25.0,1422.0,638.0,High
7560500.000000001,5450750.0,5.9,60.7,25.0,1440.0,575.0,High
7560500.000000001,5650750.0,5.7,59.7,25.0,1417.0,539.0,High
7560500.000000001,5750750.0,5.8,60.0,25.0,1419.0,590.0,High
7560500.000000001,5850750.0,5.7,61.8,25.0,1482.0,578.0,High
7560500.000000001,5950750.0,5.9,63.3,25.0,1355.0,456.0,High
7560500.000000001,6050750.0,6.0,63.5,25.0,1463.0,438.0,High
7560500.000000001,6150750.0,5.9,63.0,25.0,1455.0,462.0,High
7560500.000000001,6250750.0,5.9,61.3,25.0,1345.0,591.0,High
7560500.000000001,6350750.0,5.9,61.4,25.0,1573.0,622.0,High
7560500.000000001,6450750.0,5.8,64.6,25.0,1418.0,692.0,High
7560500.000000001,6550750.0,5.9,61.5,25.0,1294.0,648.0,High
7560500.000000001,6750750.0,6.2,62.4,25.0,1316.0,663.0,High
7560500.000000001,6850750.0,6.0,60.4,25.0,1179.0,623.0,High
7560500.000000001,6950750.0,6.2,59.7,25.0,1208.0,608.0,High
7560500.000000001,7050750.0,6.0,59.8,25.0,1306.0,611.0,High
7560500.000000001,7150750.0,5.9,60.5,25.0,1237.0,507.0,High
7560500.000000001,7250750.0,6.0,61.5,25.0,738.0,535.0,Medium
7560500.000000001,7350750.0,6.0,59.3,25.0,693.0,496.0,Medium
7560500.000000001,7450750.0,6.1,60.6,25.0,844.0,494.0,Medium
7560500.000000001,7550750.0,6.2,58.7,25.0,892.0,486.0,Medium
7560500.000000001,7650750.0,6.1,59.2,25.0,862.0,511.0,Medium
7560500.000000001,7750750.0,6.0,60.7,25.0,899.0,575.0,High
7560500.000000001,7850750.0,5.9,60.0,25.0,540.0,340.0,Medium
7560500.000000001,7950750.0,5.9,60.8,25.0,719.0,508.0,Medium
7560500.000000001,8050750.0,5.7,60.7,25.0,783.0,445.0,Medium
7560500.000000001,8450750.0,6.5,60.2,25.0,991.0,321.0,High
7560500.000000001,8750750.0,5.8,55.8,25.0,848.0,384.0,Medium
7560500.000000001,8850750.0,6.0,55.0,25.0,786.0,349.0,Medium
7560500.000000001,8950750.0,6.0,52.4,25.0,738.0,346.0,Medium
7560500.000000001,9050750.0,6.0,55.0,25.0,704.0,363.0,Medium
7560500.000000001,9150750.0,6.2,49.9,25.0,738.0,286.0,Medium
7460500.000000001,-14249250.0,6.5,45.2,25.0,1202.0,665.0,High
7460500.000000001,-14049250.0,6.0,47.6,25.0,1056.0,648.0,Medium
7460500.000000001,-13949250.0,5.7,47.7,25.0,1146.0,646.0,Medium
7460500.000000001,-13749250.0,5.9,48.5,25.0,1262.0,575.0,Medium
7460500.000000001,-13649250.0,6.7,47.0,25.0,1212.0,661.0,High
7460500.000000001,-11849250.0,7.0,50.1,25.0,511.0,368.0,Medium
7460500.000000001,-11649250.0,7.4,52.4,25.0,642.0,311.0,Medium
7460500.000000001,-11549250.0,7.1,50.6,25.0,741.0,288.0,Medium
7460500.000000001,-11349250.0,7.2,50.3,25.0,704.0,339.0,Medium
7460500.000000001,-11249250.0,7.2,52.9,25.0,753.0,361.0,Medium
7460500.000000001,-10949250.0,7.1,51.2,25.0,576.0,468.0,Medium
7460500.000000001,-10849250.0,7.0,50.6,25.0,521.0,308.0,Medium
7460500.000000001,-10749250.0,6.4,58.4,25.0,493.0,452.0,Medium
7460500.000000001,-10449250.0,6.4,57.9,25.0,513.0,380.0,Medium
7460500.000000001,-10349250.0,6.5,59.1,25.0,445.0,493.0,Medium
7460500.000000001,-10249250.0,6.4,59.7,25.0,468.0,523.0,Medium
7460500.000000001,-10149250.0,6.5,59.1,25.0,504.0,497.0,Medium
7460500.000000001,-9949250.0,5.9,58.5,25.0,542.0,505.0,Medium
7460500.000000001,-9649250.0,6.1,54.4,25.0,624.0,378.0,Medium
7460500.000000001,-8749250.0,5.6,60.2,25.0,782.0,454.0,Medium
7460500.000000001,-8649250.0,6.1,45.8,25.0,1030.0,485.0,Medium
7460500.000000001,450750.0,5.8,47.1,25.0,863.0,291.0,Medium
7460500.000000001,2950750.0,5.6,46.4,25.0,1028.0,324.0,Medium
7460500.000000001,3050750.0,5.7,47.1,25.0,919.0,295.0,Medium
7460500.000000001,3150750.0,5.5,48.1,25.0,927.0,297.0,Medium
7460500.000000001,3250750.0,5.3,57.2,25.0,1185.0,303.0,Medium
7460500.000000001,3350750.0,5.7,54.0,25.0,963.0,290.0,Medium
7460500.000000001,5250750.0,5.8,59.6,25.0,1525.0,621.0,High
7460500.000000001,5350750.0,5.5,62.0,25.0,1551.0,663.0,High
7460500.000000001,5650750.0,5.6,61.1,25.0,1401.0,561.0,High
7460500.000000001,5750750.0,5.6,60.8,25.0,1353.0,532.0,High
7460500.000000001,5850750.0,5.7,63.0,25.0,1361.0,640.0,High
7460500.000000001,5950750.0,5.6,64.3,25.0,1247.0,566.0,High
7460500.000000001,6050750.0,5.8,61.0,25.0,1273.0,534.0,High
7460500.000000001,6150750.0,5.8,65.1,25.0,1515.0,564.0,High
7460500.000000001,6250750.0,5.7,63.6,25.0,1339.0,599.0,High
7460500.000000001,6350750.0,5.8,62.3,25.0,1338.0,588.0,High
7460500.000000001,6450750.0,5.5,60.8,25.0,1143.0,529.0,Medium
7460500.000000001,6550750.0,5.4,59.0,25.0,1105.0,546.0,Medium
7460500.000000001,6650750.0,5.3,61.4,25.0,1085.0,491.0,Medium
7460500.000000001,6750750.0,5.6,61.9,25.0,1128.0,484.0,Medium
7460500.000000001,6850750.0,5.6,59.4,25.0,1053.0,502.0,Medium
7460500.000000001,6950750.0,6.0,59.0,25.0,1211.0,538.0,High
7460500.000000001,7050750.0,5.7,61.5,25.0,1075.0,618.0,High
7460500.000000001,7150750.0,5.8,60.2,25.0,1201.0,536.0,High
7460500.000000001,7250750.0,5.8,62.1,25.0,963.0,607.0,High
7460500.000000001,7350750.0,5.8,63.3,25.0,733.0,411.0,Medium
7460500.000000001,7450750.0,5.5,64.3,25.0,760.0,488.0,Medium
7460500.000000001,7550750.0,5.7,63.9,25.0,830.0,520.0,Medium
7460500.000000001,7650750.0,5.8,62.3,25.0,822.0,591.0,Medium
7460500.000000001,7750750.0,5.6,62.1,25.0,722.0,558.0,Medium
7460500.000000001,7850750.0,5.5,61.2,25.0,634.0,601.0,Medium
7460500.000000001,7950750.0,6.4,64.3,25.0,694.0,560.0,High
7460500.000000001,8050750.0,5.9,64.3,25.0,711.0,584.0,Medium
7460500.000000001,8150750.0,5.6,63.3,25.0,732.0,518.0,Medium
7460500.000000001,8250750.0,5.3,64.0,25.0,792.0,548.0,Medium
7460500.000000001,8350750.0,5.4,57.4,25.0,674.0,446.0,Medium
7460500.000000001,8450750.0,5.5,64.6,25.0,638.0,458.0,Medium
7460500.000000001,8550750.0,5.8,57.7,25.0,812.0,529.0,Medium
7460500.000000001,8650750.0,5.5,61.9,25.0,718.0,381.0,Medium
7460500.000000001,8750750.0,5.8,62.3,25.0,927.0,478.0,Medium
7460500.000000001,8850750.0,5.7,62.6,25.0,1027.0,399.0,Medium
7460500.000000001,8950750.0,5.7,59.4,25.0,1094.0,483.0,Medium
7460500.000000001,9050750.0,5.8,56.9,25.0,1077.0,489.0,Medium
7460500.000000001,9150750.0,5.5,54.6,25.0,798.0,459.0,Medium
7460500.000000001,9250750.0,5.9,55.2,25.0,797.0,466.0,Medium
7460500.000000001,9350750.0,5.6,58.6,25.0,494.0,353.0,Medium
7460500.000000001,9450750.0,5.7,51.3,25.0,517.0,337.0,Medium
7460500.000000001,9550750.0,5.7,49.2,25.0,589.0,363.0,Medium
7460500.000000001,9650750.0,6.0,50.9,25.0,715.0,426.0,Medium
7460500.000000001,9750750.0,6.2,51.2,25.0,852.0,458.0,Medium
7460500.000000001,9850750.0,6.4,51.6,25.0,830.0,514.0,Medium
7360500.000000001,-14449250.0,6.0,44.7,25.0,1374.0,685.0,High
7360500.000000001,-14349250.0,5.4,44.1,25.0,1359.0,659.0,Medium
7360500.000000001,-14249250.0,5.8,45.5,25.0,1408.0,704.0,High
7360500.000000001,-14149250.0,5.7,45.4,25.0,1366.0,731.0,High
7360500.000000001,-14049250.0,5.7,46.1,25.0,1251.0,666.0,Medium
7360500.000000001,-13949250.0,5.8,45.2,25.0,1276.0,737.0,High
7360500.000000001,-13849250.0,5.6,44.1,25.0,1273.0,733.0,Medium
7360500.000000001,-13749250.0,5.4,43.8,25.0,1264.0,714.0,Medium
7360500.000000001,-13649250.0,6.0,43.1,25.0,1345.0,696.0,High
7360500.000000001,-13549250.0,5.9,44.2,25.0,826.0,513.0,Medium
7360500.000000001,-13449250.0,6.3,44.5,25.0,1034.0,663.0,High
7360500.000000001,-13349250.0,6.0,44.2,25.0,930.0,517.0,Medium
7360500.000000001,-13249250.0,6.1,48.4,25.0,799.0,508.0,Medium
7360500.000000001,-13149250.0,5.7,56.5,25.0,1043.0,488.0,Medium
7360500.000000001,-12949250.0,5.5,63.0,25.0,532.0,415.0,Medium
7360500.000000001,-12749250.0,5.8,57.3,25.0,609.0,472.0,Medium
7360500.000000001,-12649250.0,5.6,55.8,25.0,480.0,458.0,Medium
7360500.000000001,-12549250.0,5.9,56.2,25.0,447.0,471.0,Medium
7360500.000000001,-12449250.0,6.0,55.1,25.0,543.0,565.0,Medium
7360500.000000001,-12349250.0,6.0,59.6,25.0,504.0,432.0,Medium
7360500.000000001,-12249250.0,5.9,54.6,25.0,526.0,437.0,Medium
7360500.000000001,-12149250.0,6.1,53.9,25.0,520.0,346.0,Medium
7360500.000000001,-11749250.0,6.7,51.1,25.0,533.0,362.0,Medium
7360500.000000001,-11649250.0,6.9,51.9,25.0,587.0,285.0,Medium
7360500.000000001,-11549250.0,6.9,50.9,25.0,475.0,285.0,Medium
7360500.000000001,-11249250.0,7.0,51.4,25.0,710.0,335.0,Medium
7360500.000000001,-10949250.0,7.1,52.6,25.0,664.0,377.0,Medium
7360500.000000001,-10649250.0,6.3,60.2,25.0,557.0,488.0,Medium
7360500.000000001,-10549250.0,6.6,58.6,25.0,678.0,488.0,Medium
7360500.000000001,-10349250.0,6.5,54.2,25.0,487.0,408.0,Medium
7360500.000000001,-10249250.0,6.5,56.0,25.0,550.0,433.0,Medium
7360500.000000001,-9849250.0,6.0,57.1,25.0,482.0,421.0,Medium
7360500.000000001,-9749250.0,5.9,61.5,25.0,503.0,594.0,Medium
7360500.000000001,-9649250.0,5.8,58.5,25.0,552.0,529.0,Medium
7360500.000000001,-8549250.0,6.2,57.8,25.0,817.0,477.0,Medium
7360500.000000001,250750.0,5.9,49.1,25.0,883.0,313.0,Medium
7360500.000000001,350750.0,5.9,42.9,25.0,830.0,232.0,Medium
7360500.000000001,2650750.0,5.2,50.7,25.0,929.0,316.0,Medium
7360500.000000001,2750750.0,5.2,48.9,25.0,761.0,269.0,Medium
7360500.000000001,2850750.0,5.5,44.0,25.0,980.0,399.0,Medium
7360500.000000001,2950750.0,5.1,54.4,25.0,1021.0,454.0,Medium
7360500.000000001,3050750.0,5.1,54.7,25.0,937.0,502.0,Medium
7360500.000000001,3150750.0,5.2,60.5,25.0,1063.0,462.0,Medium
7360500.000000001,3350750.0,4.8,62.5,25.0,1092.0,507.0,Medium
7360500.000000001,3550750.0,5.0,60.7,25.0,961.0,356.0,Medium
7360500.000000001,3650750.0,5.1,55.3,25.0,1093.0,357.0,Medium
7360500.000000001,4350750.0,6.0,57.4,25.0,1246.0,524.0,High
7360500.000000001,5050750.0,5.7,59.9,25.0,1942.0,455.0,High
7360500.000000001,5350750.0,5.5,59.8,25.0,1653.0,690.0,High
7360500.000000001,5450750.0,5.6,65.8,25.0,1476.0,680.0,High
7360500.000000001,5550750.0,5.7,63.3,25.0,1489.0,634.0,High
7360500.000000001,5850750.0,5.5,66.3,25.0,1199.0,529.0,High
7360500.000000001,5950750.0,5.6,65.3,25.0,1330.0,568.0,High
7360500.000000001,6050750.0,5.5,67.3,25.0,1399.0,551.0,High
7360500.000000001,6150750.0,5.3,68.2,25.0,1393.0,592.0,High
7360500.000000001,6250750.0,5.2,67.4,25.0,1306.0,549.0,Medium
7360500.000000001,6350750.0,5.4,63.7,25.0,1266.0,553.0,Medium
7360500.000000001,6450750.0,5.3,60.5,25.0,1288.0,556.0,Medium
7360500.000000001,6550750.0,5.3,54.4,25.0,1120.0,524.0,Medium
7360500.000000001,6650750.0,5.3,55.7,25.0,1060.0,464.0,Medium
7360500.000000001,6750750.0,5.3,48.5,25.0,1027.0,479.0,Medium
7360500.000000001,6850750.0,5.2,59.8,25.0,958.0,432.0,Medium
7360500.000000001,6950750.0,5.4,63.6,25.0,1045.0,524.0,Medium
7360500.000000001,7050750.0,5.6,62.0,25.0,976.0,550.0,Medium
7360500.000000001,7150750.0,5.9,63.6,25.0,1021.0,406.0,Medium
7360500.000000001,7250750.0,5.6,61.7,25.0,726.0,366.0,Medium
7360500.000000001,7350750.0,5.7,62.0,25.0,658.0,374.0,Medium
7360500.000000001,7450750.0,5.4,66.3,25.0,661.0,426.0,Medium
7360500.000000001,7550750.0,5.5,64.7,25.0,593.0,404.0,Medium
7360500.000000001,7650750.0,5.5,64.2,25.0,659.0,525.0,Medium
7360500.000000001,7750750.0,5.5,64.6,25.0,699.0,537.0,Medium
7360500.000000001,7850750.0,5.7,64.0,25.0,902.0,565.0,Medium
7360500.000000001,8050750.0,5.6,64.3,25.0,846.0,637.0,Medium
7360500.000000001,8150750.0,5.4,65.0,25.0,805.0,671.0,Medium
7360500.000000001,8350750.0,5.6,64.5,25.0,806.0,504.0,Medium
7360500.000000001,8450750.0,5.3,56.8,25.0,710.0,336.0,Medium
7360500.000000001,8550750.0,5.2,63.9,25.0,595.0,343.0,Medium
7360500.000000001,8650750.0,5.4,63.5,25.0,803.0,406.0,Medium
7360500.000000001,8750750.0,5.6,58.2,25.0,1060.0,586.0,Medium
7360500.000000001,8850750.0,5.3,63.1,25.0,862.0,390.0,Medium
7360500.000000001,8950750.0,5.5,62.9,25.0,1026.0,471.0,Medium
7360500.000000001,9050750.0,5.4,61.0,25.0,724.0,282.0,Medium
7360500.000000001,9150750.0,5.3,63.0,25.0,1281.0,525.0,Medium
7360500.000000001,9250750.0,5.6,59.4,25.0,1009.0,521.0,Medium
7360500.000000001,9350750.0,5.7,57.0,25.0,875.0,674.0,Medium
7360500.000000001,9450750.0,5.8,58.4,25.0,857.0,565.0,Medium
7360500.000000001,9850750.0,6.1,52.8,25.0,817.0,517.0,Medium
7360500.000000001,9950750.0,5.9,51.6,25.0,798.0,589.0,Medium
7360500.000000001,10050750.0,6.0,50.0,25.0,737.0,507.0,Medium
7360500.000000001,10250750.0,5.7,50.5,25.0,790.0,430.0,Medium
7360500.000000001,10350750.0,5.8,54.4,25.0,662.0,401.0,Medium
7360500.000000001,10450750.0,5.6,52.4,25.0,658.0,435.0,Medium
7360500.000000001,10550750.0,5.8,50.0,25.0,614.0,517.0,Medium
7360500.000000001,10750750.0,5.8,50.9,25.0,718.0,516.0,Medium
7360500.000000001,10850750.0,6.2,53.6,25.0,676.0,454.0,Medium
7360500.000000001,10950750.0,5.7,53.1,25.0,643.0,469.0,Medium
7360500.000000001,11050750.0,6.2,51.7,25.0,676.0,456.0,Medium
7360500.000000001,11150750.0,6.2,52.5,25.0,834.0,454.0,Medium
7260500.000000001,-15449250.0,5.9,46.5,25.0,996.0,582.0,Medium
7260500.000000001,-15349250.0,5.7,45.1,25.0,1143.0,674.0,Medium
7260500.000000001,-14549250.0,5.5,43.8,25.0,1269.0,599.0,Medium
7260500.000000001,-14449250.0,6.2,46.7,25.0,1226.0,597.0,High
7260500.000000001,-14349250.0,5.5,43.7,25.0,1323.0,651.0,Medium
7260500.000000001,-14249250.0,5.5,44.3,25.0,1318.0,654.0,Medium
7260500.000000001,-14149250.0,5.9,45.8,25.0,1387.0,744.0,High
7260500.000000001,-14049250.0,5.8,44.6,25.0,889.0,489.0,Medium
7260500.000000001,-13949250.0,5.4,44.9,25.0,1072.0,615.0,Medium
7260500.000000001,-13849250.0,5.3,44.5,25.0,874.0,448.0,Medium
7260500.000000001,-13749250.0,5.5,44.3,25.0,1104.0,728.0,Medium
7260500.000000001,-13649250.0,6.2,43.7,25.0,1016.0,642.0,Medium
7260500.000000001,-13549250.0,6.0,43.8,25.0,805.0,538.0,Medium
7260500.000000001,-13449250.0,6.1,46.8,25.0,831.0,513.0,Medium
7260500.000000001,-13349250.0,5.9,49.4,25.0,708.0,509.0,Medium
7260500.000000001,-13249250.0,5.8,57.2,25.0,951.0,423.0,Medium
7260500.000000001,-13149250.0,5.5,55.5,25.0,685.0,419.0,Medium
7260500.000000001,-13049250.0,5.5,60.6,25.0,466.0,329.0,Medium
7260500.000000001,-12949250.0,5.3,64.8,25.0,415.0,370.0,Medium
7260500.000000001,-12849250.0,5.7,57.7,25.0,353.0,447.0,Medium
7260500.000000001,-12749250.0,5.5,57.3,25.0,410.0,489.0,Medium
7260500.000000001,-12649250.0,5.8,57.0,25.0,325.0,518.0,Medium
7260500.000000001,-12549250.0,5.7,56.4,25.0,382.0,663.0,Medium
7260500.000000001,-12449250.0,5.7,58.1,25.0,290.0,583.0,Medium
7260500.000000001,-12349250.0,6.1,54.7,25.0,426.0,507.0,Medium
7260500.000000001,-12249250.0,6.1,57.3,25.0,464.0,495.0,Medium
7260500.000000001,-12149250.0,6.1,60.9,25.0,478.0,492.0,Medium
7260500.000000001,-12049250.0,5.7,56.0,25.0,531.0,591.0,Medium
7260500.000000001,-11849250.0,6.7,53.5,25.0,517.0,491.0,Medium
7260500.000000001,-11449250.0,6.8,52.5,25.0,497.0,424.0,Medium
7260500.000000001,-11049250.0,6.9,53.7,25.0,720.0,354.0,Medium
7260500.000000001,-10949250.0,6.8,52.7,25.0,711.0,380.0,Medium
7260500.000000001,-10849250.0,6.8,52.4,25.0,571.0,575.0,Medium
7260500.000000001,-10749250.0,6.1,60.9,25.0,443.0,496.0,Medium
7260500.000000001,-10649250.0,5.9,61.1,25.0,525.0,513.0,Medium
7260500.000000001,-10549250.0,6.0,59.7,25.0,610.0,441.0,Medium
7260500.000000001,-10249250.0,6.3,58.7,25.0,471.0,470.0,Medium
7260500.000000001,-9749250.0,6.2,57.4,25.0,670.0,473.0,Medium
7260500.000000001,-9649250.0,6.1,59.2,25.0,541.0,505.0,Medium
7260500.000000001,-9449250.0,6.0,60.0,25.0,610.0,426.0,Medium
7260500.000000001,-9349250.0,5.8,50.9,25.0,755.0,328.0,Medium
7260500.000000001,-9249250.0,6.2,56.2,25.0,716.0,391.0,Medium
7260500.000000001,-8549250.0,5.7,61.8,25.0,901.0,452.0,Medium
7260500.000000001,-8449250.0,6.0,59.3,25.0,737.0,492.0,Medium
7260500.000000001,-49250.0,6.0,52.6,25.0,940.0,364.0,Medium
7260500.000000001,2650750.0,5.8,44.9,25.0,750.0,329.0,Medium
7260500.000000001,2750750.0,5.4,47.5,25.0,942.0,479.0,Medium
7260500.000000001,2850750.0,4.7,56.3,25.0,775.0,450.0,Medium
7260500.000000001,2950750.0,4.7,60.2,25.0,937.0,500.0,Medium
7260500.000000001,3050750.0,4.8,64.2,25.0,985.0,482.0,Medium
7260500.000000001,3150750.0,4.7,61.1,25.0,967.0,430.0,Medium
7260500.000000001,3250750.0,4.6,59.9,25.0,915.0,415.0,Medium
7260500.000000001,3350750.0,4.8,61.9,25.0,990.0,469.0,Medium
7260500.000000001,3450750.0,5.4,57.5,25.0,928.0,397.0,Medium
7260500.000000001,3650750.0,4.7,61.9,25.0,1092.0,420.0,Medium
7260500.000000001,3750750.0,5.1,59.7,25.0,1250.0,376.0,Medium
7260500.000000001,3850750.0,5.5,57.5,25.0,1299.0,425.0,Medium
7260500.000000001,4150750.0,5.0,65.5,25.0,1311.0,512.0,Medium
7260500.000000001,4450750.0,4.7,64.7,25.0,1268.0,601.0,Medium
7260500.000000001,4550750.0,4.6,67.6,25.0,1489.0,702.0,Medium
7260500.000000001,4650750.0,4.8,66.5,25.0,1756.0,660.0,High
7260500.000000001,4750750.0,4.9,64.3,25.0,2002.0,612.0,High
7260500.000000001,4850750.0,5.0,64.5,25.0,1654.0,665.0,High
7260500.000000001,4950750.0,5.1,65.1,25.0,1698.0,533.0,High
7260500.000000001,5050750.0,4.9,64.0,25.0,1407.0,609.0,Medium
7260500.000000001,5150750.0,5.0,63.7,25.0,1434.0,458.0,Medium
7260500.000000001,5250750.0,4.9,59.6,25.0,1373.0,542.0,Medium
7260500.000000001,5350750.0,5.3,63.3,25.0,1266.0,649.0,High
7260500.000000001,5450750.0,5.2,68.1,25.0,1513.0,609.0,High
7260500.000000001,5550750.0,5.5,65.6,25.0,1474.0,660.0,High
7260500.000000001,5650750.0,5.5,66.5,25.0,1362.0,697.0,High
7260500.000000001,5850750.0,5.3,67.0,25.0,1375.0,490.0,High
7260500.000000001,5950750.0,5.4,66.6,25.0,1233.0,577.0,High
7260500.000000001,6050750.0,5.1,68.5,25.0,1410.0,546.0,High
7260500.000000001,6150750.0,5.3,66.6,25.0,1350.0,473.0,Medium
7260500.000000001,6250750.0,5.3,67.1,25.0,1468.0,518.0,High
7260500.000000001,6350750.0,5.1,65.6,25.0,1461.0,567.0,High
7260500.000000001,6550750.0,5.0,65.1,25.0,1453.0,586.0,Medium
7260500.000000001,6650750.0,5.2,63.6,25.0,1244.0,481.0,Medium
7260500.000000001,6750750.0,5.1,57.4,25.0,1103.0,406.0,Medium
7260500.000000001,6850750.0,5.1,57.6,25.0,1119.0,477.0,Medium
7260500.000000001,6950750.0,5.2,62.7,25.0,980.0,418.0,Medium
7260500.000000001,7050750.0,5.3,63.7,25.0,880.0,435.0,Medium
7260500.000000001,7150750.0,5.5,63.2,25.0,763.0,410.0,Medium
7260500.000000001,7350750.0,5.8,62.3,25.0,828.0,427.0,Medium
7260500.000000001,7450750.0,5.5,62.9,25.0,713.0,404.0,Medium
7260500.000000001,7550750.0,5.4,64.1,25.0,791.0,507.0,Medium
7260500.000000001,7650750.0,5.4,64.8,25.0,680.0,376.0,Medium
7260500.000000001,7750750.0,5.4,65.5,25.0,805.0,539.0,Medium
7260500.000000001,7850750.0,5.4,65.0,25.0,847.0,525.0,Medium
7260500.000000001,7950750.0,5.7,63.6,25.0,858.0,530.0,Medium
7260500.000000001,8050750.0,5.4,64.6,25.0,762.0,594.0,Medium
7260500.000000001,8150750.0,5.5,66.3,25.0,861.0,654.0,Medium
7260500.000000001,8250750.0,5.5,65.7,25.0,821.0,683.0,Medium
7260500.000000001,8350750.0,5.6,66.2,25.0,1047.0,519.0,Medium
7260500.000000001,8450750.0,5.2,65.4,25.0,694.0,546.0,Medium
7260500.000000001,8550750.0,5.3,62.2,25.0,777.0,529.0,Medium
7260500.000000001,8650750.0,5.2,57.8,25.0,733.0,414.0,Medium
7260500.000000001,8750750.0,5.3,66.7,25.0,732.0,441.0,Medium
7260500.000000001,8850750.0,5.2,64.7,25.0,1139.0,532.0,Medium
7260500.000000001,8950750.0,5.5,59.6,25.0,1130.0,606.0,Medium
7260500.000000001,9050750.0,5.2,63.5,25.0,938.0,496.0,Medium
7260500.000000001,9150750.0,5.3,61.4,25.0,570.0,299.0,Medium
7260500.000000001,9250750.0,5.5,64.6,25.0,1384.0,542.0,High
7260500.000000001,9350750.0,5.7,63.1,25.0,1271.0,610.0,High
7260500.000000001,9450750.0,5.7,59.5,25.0,1121.0,606.0,High
7260500.000000001,9550750.0,5.7,59.2,25.0,1151.0,628.0,High
7260500.000000001,9650750.0,5.6,60.2,25.0,1073.0,523.0,Medium
7260500.000000001,9750750.0,5.5,60.5,25.0,906.0,566.0,Medium
7260500.000000001,9850750.0,5.6,57.4,25.0,822.0,593.0,Medium
7260500.000000001,10050750.0,6.0,58.3,25.0,836.0,619.0,Medium
7260500.000000001,10150750.0,6.0,55.5,25.0,882.0,568.0,Medium
7260500.000000001,10250750.0,6.0,56.7,25.0,793.0,530.0,Medium
7260500.000000001,10350750.0,5.8,53.6,25.0,588.0,388.0,Medium
7260500.000000001,10450750.0,5.8,51.3,25.0,965.0,487.0,Medium
7260500.000000001,10550750.0,6.0,51.9,25.0,719.0,506.0,Medium
7260500.000000001,10650750.0,5.8,52.6,25.0,793.0,525.0,Medium
7260500.000000001,10750750.0,5.8,53.9,25.0,749.0,413.0,Medium
7260500.000000001,10850750.0,5.5,53.8,25.0,675.0,467.0,Medium
7260500.000000001,10950750.0,5.7,54.3,25.0,647.0,585.0,Medium
7260500.000000001,11050750.0,5.8,55.6,25.0,699.0,482.0,Medium
7260500.000000001,11150750.0,5.9,56.7,25.0,632.0,484.0,Medium
7260500.000000001,11250750.0,5.7,56.4,25.0,778.0,451.0,Medium
7260500.000000001,11350750.0,5.7,52.1,25.0,807.0,498.0,Medium
7160500.000000001,-15549250.0,5.6,43.3,25.0,1040.0,467.0,Medium
7160500.000000001,-15449250.0,5.6,44.4,25.0,1130.0,530.0,Medium
7160500.000000001,-15349250.0,5.4,46.1,25.0,1310.0,658.0,Medium
7160500.000000001,-15249250.0,5.6,46.7,25.0,1335.0,553.0,Medium
7160500.000000001,-15149250.0,5.9,45.1,25.0,1280.0,642.0,Medium
7160500.000000001,-14549250.0,5.4,45.3,25.0,1272.0,704.0,Medium
7160500.000000001,-14449250.0,5.6,45.1,25.0,1262.0,585.0,Medium
7160500.000000001,-14349250.0,5.5,44.2,25.0,1283.0,613.0,Medium
7160500.000000001,-14249250.0,5.6,43.1,25.0,1241.0,617.0,Medium
7160500.000000001,-14149250.0,5.3,44.6,25.0,997.0,585.0,Medium
7160500.000000001,-14049250.0,5.6,43.9,25.0,1044.0,452.0,Medium
7160500.000000001,-13949250.0,4.9,44.8,25.0,1224.0,610.0,Medium
7160500.000000001,-13849250.0,5.3,44.4,25.0,1021.0,567.0,Medium
7160500.000000001,-13749250.0,6.1,44.0,25.0,951.0,508.0,Medium
7160500.000000001,-13649250.0,6.4,43.5,25.0,884.0,516.0,Medium
7160500.000000001,-13549250.0,5.8,45.1,25.0,1085.0,550.0,Medium
7160500.000000001,-13449250.0,5.5,46.4,25.0,835.0,424.0,Medium
7160500.000000001,-13349250.0,5.2,50.2,25.0,675.0,411.0,Medium
7160500.000000001,-13249250.0,5.5,59.1,25.0,726.0,423.0,Medium
7160500.000000001,-13149250.0,5.1,58.1,25.0,575.0,299.0,Medium
7160500.000000001,-13049250.0,5.3,65.6,25.0,734.0,445.0,Medium
7160500.000000001,-12949250.0,5.5,64.3,25.0,535.0,390.0,Medium
7160500.000000001,-12749250.0,5.7,58.4,25.0,355.0,506.0,Medium
7160500.000000001,-12649250.0,6.3,58.8,25.0,267.0,548.0,Medium
7160500.000000001,-12549250.0,5.9,59.8,25.0,323.0,657.0,Medium
7160500.000000001,-12449250.0,6.0,58.3,25.0,356.0,690.0,Medium
7160500.000000001,-12149250.0,5.8,57.6,25.0,322.0,602.0,Medium
7160500.000000001,-12049250.0,5.7,61.3,25.0,369.0,648.0,Medium
7160500.000000001,-11849250.0,6.0,59.2,25.0,351.0,645.0,Medium
7160500.000000001,-11749250.0,5.5,60.7,25.0,531.0,549.0,Medium
7160500.000000001,-11649250.0,5.7,59.8,25.0,376.0,503.0,Medium
7160500.000000001,-11449250.0,6.1,54.2,25.0,552.0,593.0,Medium
7160500.000000001,-11349250.0,6.1,54.7,25.0,491.0,559.0,Medium
7160500.000000001,-11149250.0,6.5,54.7,25.0,677.0,434.0,Medium
7160500.000000001,-11049250.0,6.4,56.3,25.0,797.0,462.0,Medium
7160500.000000001,-10949250.0,6.4,55.2,25.0,711.0,476.0,Medium
7160500.000000001,-10849250.0,6.1,60.7,25.0,541.0,557.0,Medium
7160500.000000001,-10749250.0,6.1,62.8,25.0,602.0,522.0,Medium
7160500.000000001,-10649250.0,5.9,63.6,25.0,523.0,494.0,Medium
7160500.000000001,-10549250.0,6.0,62.5,25.0,655.0,453.0,Medium
7160500.000000001,-10449250.0,6.1,60.7,25.0,606.0,457.0,Medium
7160500.000000001,-10349250.0,6.1,59.4,25.0,529.0,463.0,Medium
7160500.000000001,-10249250.0,5.9,56.7,25.0,586.0,444.0,Medium
7160500.000000001,-10149250.0,6.4,56.5,25.0,602.0,435.0,Medium
7160500.000000001,-9549250.0,6.1,59.5,25.0,665.0,399.0,Medium
7160500.000000001,-9449250.0,6.1,57.1,25.0,687.0,543.0,Medium
7160500.000000001,-9349250.0,5.8,61.3,25.0,720.0,439.0,Medium
7160500.000000001,-9249250.0,5.4,61.7,25.0,806.0,554.0,Medium
7160500.000000001,-9149250.0,5.7,54.1,25.0,730.0,380.0,Medium
7160500.000000001,-9049250.0,5.7,52.3,25.0,813.0,366.0,Medium
7160500.000000001,-8449250.0,5.4,64.1,25.0,806.0,533.0,Medium
7160500.000000001,-349250.0,5.6,47.1,25.0,982.0,397.0,Medium
7160500.000000001,-249250.0,5.8,45.4,25.0,790.0,304.0,Medium
7160500.000000001,2450750.0,5.3,40.2,25.0,1052.0,318.0,Medium
7160500.000000001,2550750.0,5.7,50.0,25.0,818.0,290.0,Medium
7160500.000000001,2650750.0,5.0,54.7,25.0,911.0,429.0,Medium
7160500.000000001,2750750.0,4.7,56.6,25.0,726.0,433.0,Medium
7160500.000000001,2850750.0,4.5,58.8,25.0,990.0,479.0,Medium
7160500.000000001,2950750.0,4.6,59.6,25.0,944.0,491.0,Medium
7160500.000000001,3050750.0,4.6,63.7,25.0,894.0,539.0,Medium
7160500.000000001,3150750.0,4.6,62.2,25.0,900.0,405.0,Medium
7160500.000000001,3250750.0,4.7,62.2,25.0,962.0,427.0,Medium
7160500.000000001,3350750.0,4.7,62.9,25.0,800.0,437.0,Medium
7160500.000000001,3550750.0,4.7,61.9,25.0,1057.0,439.0,Medium
7160500.000000001,3650750.0,5.0,63.0,25.0,1081.0,505.0,Medium
7160500.000000001,3750750.0,4.7,64.4,25.0,1072.0,456.0,Medium
7160500.000000001,3850750.0,4.9,65.1,25.0,1221.0,506.0,Medium
7160500.000000001,3950750.0,4.9,62.8,25.0,1090.0,416.0,Medium
7160500.000000001,4250750.0,4.9,66.3,25.0,1251.0,577.0,Medium
7160500.000000001,4350750.0,4.7,67.1,25.0,1101.0,548.0,Medium
7160500.000000001,4450750.0,4.7,66.2,25.0,1138.0,640.0,Medium
7160500.000000001,4550750.0,4.7,64.4,25.0,1117.0,630.0,Medium
7160500.000000001,4650750.0,4.6,67.2,25.0,1282.0,636.0,Medium
7160500.000000001,4750750.0,4.6,66.5,25.0,1448.0,621.0,Medium
7160500.000000001,4850750.0,4.8,65.3,25.0,1492.0,529.0,Medium
7160500.000000001,4950750.0,4.8,68.2,25.0,1178.0,613.0,Medium
7160500.000000001,5050750.0,4.8,67.0,25.0,1334.0,608.0,Medium
7160500.000000001,5150750.0,5.1,65.6,25.0,1339.0,535.0,Medium
7160500.000000001,5250750.0,5.3,61.5,25.0,1194.0,550.0,Medium
7160500.000000001,5350750.0,5.1,62.4,25.0,1112.0,464.0,Medium
7160500.000000001,5450750.0,5.3,63.7,25.0,1034.0,523.0,Medium
7160500.000000001,5650750.0,5.1,67.9,25.0,1317.0,516.0,High
7160500.000000001,5850750.0,5.3,66.8,25.0,1380.0,499.0,High
7160500.000000001,5950750.0,5.3,67.5,25.0,1393.0,487.0,High
7160500.000000001,6050750.0,5.0,68.8,25.0,1269.0,514.0,Medium
7160500.000000001,6150750.0,5.2,68.2,25.0,1300.0,524.0,Medium
7160500.000000001,6250750.0,5.1,67.0,25.0,1103.0,523.0,Medium
7160500.000000001,6350750.0,5.0,67.7,25.0,1505.0,474.0,Medium
7160500.000000001,6450750.0,5.1,65.2,25.0,1354.0,504.0,Medium
7160500.000000001,6550750.0,5.0,64.0,25.0,1345.0,515.0,Medium
7160500.000000001,6650750.0,4.9,64.3,25.0,1229.0,501.0,Medium
7160500.000000001,6750750.0,5.1,64.3,25.0,1381.0,484.0,Medium
7160500.000000001,6850750.0,5.1,62.9,25.0,988.0,467.0,Medium
7160500.000000001,6950750.0,5.2,55.0,25.0,1054.0,446.0,Medium
7160500.000000001,7050750.0,5.1,62.6,25.0,887.0,462.0,Medium
7160500.000000001,7150750.0,5.1,63.8,25.0,885.0,441.0,Medium
7160500.000000001,7250750.0,5.7,64.6,25.0,761.0,438.0,Medium
7160500.000000001,7350750.0,5.5,64.2,25.0,780.0,398.0,Medium
7160500.000000001,7450750.0,5.7,64.3,25.0,815.0,429.0,Medium
7160500.000000001,7550750.0,5.7,64.2,25.0,835.0,451.0,Medium
7160500.000000001,7650750.0,5.4,64.7,25.0,714.0,449.0,Medium
7160500.000000001,7750750.0,5.5,64.7,25.0,714.0,453.0,Medium
7160500.000000001,7850750.0,5.4,64.4,25.0,763.0,455.0,Medium
7160500.000000001,7950750.0,5.2,64.9,25.0,728.0,444.0,Medium
7160500.000000001,8050750.0,5.5,65.2,25.0,880.0,480.0,Medium
7160500.000000001,8150750.0,5.6,66.3,25.0,967.0,523.0,Medium
7160500.000000001,8250750.0,5.8,67.6,25.0,962.0,577.0,High
7160500.000000001,8350750.0,5.7,65.9,25.0,894.0,561.0,Medium
7160500.000000001,8450750.0,5.7,66.5,25.0,960.0,598.0,High
7160500.000000001,8550750.0,6.0,64.1,25.0,991.0,408.0,Medium
7160500.000000001,8650750.0,5.5,65.2,25.0,1000.0,477.0,Medium
7160500.000000001,8750750.0,5.4,61.1,25.0,734.0,421.0,Medium
7160500.000000001,8850750.0,5.1,65.5,25.0,615.0,445.0,Medium
7160500.000000001,8950750.0,5.1,65.8,25.0,728.0,459.0,Medium
7160500.000000001,9050750.0,5.6,66.0,25.0,1214.0,562.0,Medium
7160500.000000001,9150750.0,4.9,65.9,25.0,1211.0,580.0,Medium
7160500.000000001,9250750.0,5.2,64.1,25.0,1091.0,465.0,Medium
7160500.000000001,9350750.0,5.3,60.6,25.0,1229.0,520.0,Medium
7160500.000000001,9450750.0,5.2,60.4,25.0,1035.0,387.0,Medium
7160500.000000001,9550750.0,5.6,61.6,25.0,1525.0,628.0,High
7160500.000000001,9650750.0,4.8,65.7,25.0,1524.0,494.0,Medium
7160500.000000001,9750750.0,5.3,64.4,25.0,907.0,412.0,Medium
7160500.000000001,9850750.0,5.6,58.6,25.0,1138.0,560.0,Medium
7160500.000000001,9950750.0,5.8,59.0,25.0,1006.0,560.0,Medium
7160500.000000001,10050750.0,5.7,58.4,25.0,887.0,577.0,Medium
7160500.000000001,10150750.0,6.0,60.0,25.0,928.0,609.0,High
7160500.000000001,10250750.0,5.7,62.9,25.0,746.0,578.0,Medium
7160500.000000001,10350750.0,5.7,59.7,25.0,721.0,618.0,Medium
7160500.000000001,10450750.0,5.9,53.6,25.0,749.0,460.0,Medium
7160500.000000001,10550750.0,5.7,56.3,25.0,712.0,452.0,Medium
7160500.000000001,10650750.0,5.8,55.4,25.0,538.0,386.0,Medium
7160500.000000001,10750750.0,6.0,54.7,25.0,758.0,490.0,Medium
7160500.000000001,10850750.0,6.3,53.4,25.0,660.0,518.0,Medium
7160500.000000001,10950750.0,5.6,57.2,25.0,762.0,410.0,Medium
7160500.000000001,11050750.0,5.5,55.1,25.0,619.0,427.0,Medium
7160500.000000001,11150750.0,5.1,63.3,25.0,686.0,526.0,Medium
7160500.000000001,11250750.0,5.4,59.7,25.0,629.0,487.0,Medium
7160500.000000001,11350750.0,5.2,63.5,25.0,579.0,496.0,Medium
7160500.000000001,11450750.0,5.7,57.4,25.0,739.0,425.0,Medium
7160500.000000001,11550750.0,5.6,61.4,25.0,778.0,475.0,Medium
7160500.000000001,11650750.0,5.6,58.0,25.0,729.0,450.0,Medium
7060500.000000001,-15549250.0,5.4,48.3,25.0,975.0,516.0,Medium
7060500.000000001,-15449250.0,5.6,46.1,25.0,1134.0,565.0,Medium
7060500.000000001,-15349250.0,5.5,46.1,25.0,1124.0,591.0,Medium
7060500.000000001,-15249250.0,5.6,45.9,25.0,1407.0,666.0,Medium
7060500.000000001,-14949250.0,5.6,46.0,25.0,1358.0,659.0,Medium
7060500.000000001,-14849250.0,5.4,47.6,25.0,1302.0,656.0,Medium
7060500.000000001,-14749250.0,5.2,46.5,25.0,1315.0,661.0,Medium
7060500.000000001,-14649250.0,5.2,47.9,25.0,1149.0,631.0,Medium
7060500.000000001,-14549250.0,5.4,43.9,25.0,1383.0,666.0,Medium
7060500.000000001,-14449250.0,5.3,44.7,25.0,1162.0,590.0,Medium
7060500.000000001,-14249250.0,4.8,45.6,25.0,733.0,459.0,Medium
7060500.000000001,-14149250.0,5.1,45.9,25.0,961.0,422.0,Medium
7060500.000000001,-14049250.0,5.0,46.9,25.0,859.0,437.0,Medium
7060500.000000001,-13949250.0,5.5,43.5,25.0,792.0,499.0,Medium
7060500.000000001,-13849250.0,5.2,44.7,25.0,1023.0,522.0,Medium
7060500.000000001,-13749250.0,4.9,45.2,25.0,972.0,578.0,Medium
7060500.000000001,-13649250.0,5.0,44.9,25.0,864.0,448.0,Medium
7060500.000000001,-13549250.0,5.2,45.1,25.0,828.0,515.0,Medium
7060500.000000001,-13449250.0,5.4,43.8,25.0,749.0,466.0,Medium
7060500.000000001,-13349250.0,5.3,48.4,25.0,571.0,373.0,Medium
7060500.000000001,-13249250.0,5.1,57.4,25.0,443.0,330.0,Medium
7060500.000000001,-13149250.0,5.5,61.8,25.0,510.0,320.0,Medium
7060500.000000001,-12949250.0,5.1,62.9,25.0,453.0,341.0,Medium
7060500.000000001,-12849250.0,5.6,63.4,25.0,409.0,390.0,Medium
7060500.000000001,-12749250.0,5.8,63.6,25.0,416.0,473.0,Medium
7060500.000000001,-12649250.0,5.7,62.9,25.0,389.0,456.0,Medium
7060500.000000001,-12549250.0,5.7,59.0,25.0,338.0,548.0,Medium
7060500.000000001,-12449250.0,6.1,62.9,25.0,344.0,602.0,Medium
7060500.000000001,-12249250.0,5.7,61.2,25.0,371.0,652.0,Medium
7060500.000000001,-12049250.0,5.8,61.5,25.0,309.0,615.0,Medium
7060500.000000001,-11749250.0,5.8,62.7,25.0,433.0,641.0,Medium
7060500.000000001,-11649250.0,5.7,63.5,25.0,465.0,595.0,Medium
7060500.000000001,-11549250.0,6.0,63.5,25.0,453.0,514.0,Medium
7060500.000000001,-11449250.0,5.9,62.1,25.0,620.0,513.0,Medium
7060500.000000001,-11349250.0,6.1,61.6,25.0,523.0,550.0,Medium
7060500.000000001,-11149250.0,6.0,58.1,25.0,534.0,589.0,Medium
7060500.000000001,-11049250.0,6.1,62.0,25.0,674.0,577.0,Medium
7060500.000000001,-10949250.0,6.0,63.3,25.0,788.0,520.0,Medium
7060500.000000001,-10849250.0,6.2,60.2,25.0,589.0,538.0,Medium
7060500.000000001,-10649250.0,5.8,64.7,25.0,632.0,501.0,Medium
7060500.000000001,-10549250.0,6.0,62.8,25.0,675.0,440.0,Medium
7060500.000000001,-10449250.0,6.1,57.3,25.0,564.0,529.0,Medium
7060500.000000001,-10249250.0,6.1,57.0,25.0,559.0,449.0,Medium
7060500.000000001,-9549250.0,6.0,61.8,25.0,687.0,404.0,Medium
7060500.000000001,-9449250.0,5.8,62.8,25.0,701.0,479.0,Medium
7060500.000000001,-9349250.0,5.9,63.3,25.0,633.0,398.0,Medium
7060500.000000001,-9049250.0,5.6,60.2,25.0,769.0,458.0,Medium
7060500.000000001,-8349250.0,5.6,55.7,25.0,1037.0,513.0,Medium
7060500.000000001,-549250.0,5.9,49.3,25.0,903.0,358.0,Medium
7060500.000000001,350750.0,6.0,47.4,25.0,640.0,267.0,Medium
7060500.000000001,550750.0,5.8,47.7,25.0,677.0,260.0,Medium
7060500.000000001,650750.0,5.8,48.5,25.0,863.0,370.0,Medium
7060500.000000001,750750.0,6.0,49.1,25.0,577.0,287.0,Medium
7060500.000000001,2450750.0,5.6,45.4,25.0,896.0,346.0,Medium
7060500.000000001,2550750.0,4.9,55.3,25.0,1035.0,452.0,Medium
7060500.000000001,2650750.0,4.6,59.1,25.0,703.0,433.0,Medium
7060500.000000001,2750750.0,4.6,61.6,25.0,925.0,444.0,Medium
7060500.000000001,2850750.0,4.5,57.4,25.0,928.0,449.0,Medium
7060500.000000001,3150750.0,4.6,64.3,25.0,1042.0,481.0,Medium
7060500.000000001,3250750.0,4.9,63.6,25.0,1136.0,483.0,Medium
7060500.000000001,3350750.0,4.6,63.8,25.0,985.0,431.0,Medium
7060500.000000001,3550750.0,4.8,67.0,25.0,918.0,548.0,Medium
7060500.000000001,3950750.0,4.9,63.6,25.0,1091.0,457.0,Medium
7060500.000000001,4050750.0,4.9,65.5,25.0,1106.0,603.0,Medium
7060500.000000001,4150750.0,4.8,67.2,25.0,1161.0,611.0,Medium
7060500.000000001,4250750.0,5.0,67.0,25.0,1512.0,601.0,High
7060500.000000001,4350750.0,4.9,65.7,25.0,1402.0,653.0,Medium
7060500.000000001,4450750.0,4.7,67.3,25.0,1276.0,743.0,Medium
7060500.000000001,4550750.0,4.7,66.4,25.0,1204.0,637.0,Medium
7060500.000000001,4650750.0,4.6,67.2,25.0,1410.0,734.0,Medium
7060500.000000001,4750750.0,4.9,66.8,25.0,1407.0,563.0,Medium
7060500.000000001,4850750.0,4.9,65.1,25.0,1339.0,561.0,Medium
7060500.000000001,4950750.0,4.8,66.2,25.0,1290.0,553.0,Medium
7060500.000000001,5050750.0,4.8,65.3,25.0,1005.0,649.0,Medium
7060500.000000001,5150750.0,5.1,61.6,25.0,1207.0,515.0,Medium
7060500.000000001,5250750.0,4.8,65.8,25.0,1021.0,579.0,Medium
7060500.000000001,5350750.0,5.3,67.3,25.0,1139.0,523.0,Medium
7060500.000000001,5450750.0,5.1,66.3,25.0,1142.0,515.0,Medium
7060500.000000001,5550750.0,4.9,68.1,25.0,1297.0,469.0,Medium
7060500.000000001,5650750.0,4.8,66.4,25.0,1265.0,419.0,Medium
7060500.000000001,5750750.0,4.8,69.0,25.0,1296.0,481.0,Medium
7060500.000000001,5850750.0,4.8,68.8,25.0,1317.0,486.0,Medium
7060500.000000001,5950750.0,4.7,68.3,25.0,1312.0,465.0,Medium
7060500.000000001,6050750.0,5.3,67.8,25.0,1348.0,525.0,High
7060500.000000001,6250750.0,5.2,66.1,25.0,1258.0,543.0,Medium
7060500.000000001,6350750.0,5.1,66.6,25.0,953.0,498.0,Medium
7060500.000000001,6450750.0,5.1,66.5,25.0,1218.0,552.0,Medium
7060500.000000001,6550750.0,5.0,65.8,25.0,1146.0,507.0,Medium
7060500.000000001,6650750.0,5.2,65.8,25.0,1289.0,511.0,Medium
7060500.000000001,6750750.0,5.0,63.3,25.0,1344.0,485.0,Medium
7060500.000000001,6850750.0,4.9,62.8,25.0,1163.0,491.0,Medium
7060500.000000001,6950750.0,5.2,64.6,25.0,930.0,543.0,Medium
7060500.000000001,7050750.0,5.0,62.7,25.0,1005.0,483.0,Medium
7060500.000000001,7150750.0,5.1,63.3,25.0,953.0,456.0,Medium
7060500.000000001,7250750.0,5.0,64.0,25.0,799.0,441.0,Medium
7060500.000000001,7350750.0,5.3,66.6,25.0,664.0,394.0,Medium
7060500.000000001,7450750.0,5.4,64.2,25.0,811.0,440.0,Medium
7060500.000000001,7550750.0,5.3,64.8,25.0,792.0,495.0,Medium
7060500.000000001,7650750.0,5.8,64.4,25.0,856.0,457.0,Medium
7060500.000000001,7750750.0,5.2,63.7,25.0,798.0,398.0,Medium
7060500.000000001,7850750.0,5.3,64.2,25.0,819.0,468.0,Medium
7060500.000000001,7950750.0,5.3,64.8,25.0,749.0,411.0,Medium
7060500.000000001,8050750.0,5.4,66.1,25.0,809.0,438.0,Medium
7060500.000000001,8150750.0,5.4,64.6,25.0,798.0,430.0,Medium
7060500.000000001,8250750.0,5.6,66.2,25.0,834.0,485.0,Medium
7060500.000000001,8350750.0,5.7,66.6,25.0,949.0,580.0,High
7060500.000000001,8450750.0,5.5,65.3,25.0,861.0,546.0,Medium
7060500.000000001,8550750.0,5.6,66.2,25.0,919.0,571.0,Medium
7060500.000000001,8650750.0,5.8,64.4,25.0,830.0,487.0,Medium
7060500.000000001,8850750.0,5.4,65.4,25.0,1161.0,530.0,Medium
7060500.000000001,8950750.0,5.3,62.9,25.0,707.0,421.0,Medium
7060500.000000001,9050750.0,5.3,63.5,25.0,737.0,404.0,Medium
7060500.000000001,9150750.0,5.0,64.3,25.0,888.0,458.0,Medium
7060500.000000001,9250750.0,5.2,64.4,25.0,966.0,462.0,Medium
7060500.000000001,9350750.0,5.0,65.3,25.0,1101.0,472.0,Medium
7060500.000000001,9450750.0,5.2,65.6,25.0,1382.0,485.0,Medium
7060500.000000001,9550750.0,5.3,66.6,25.0,1141.0,452.0,Medium
7060500.000000001,9650750.0,5.3,61.7,25.0,891.0,404.0,Medium
7060500.000000001,9750750.0,5.1,63.4,25.0,951.0,394.0,Medium
7060500.000000001,9850750.0,5.4,64.8,25.0,1162.0,442.0,Medium
7060500.000000001,9950750.0,5.3,66.6,25.0,1132.0,430.0,Medium
7060500.000000001,10050750.0,5.4,65.4,25.0,1148.0,472.0,Medium
7060500.000000001,10150750.0,5.5,61.5,25.0,931.0,346.0,Medium
7060500.000000001,10250750.0,5.8,59.8,25.0,888.0,633.0,Medium
7060500.000000001,10350750.0,5.3,66.1,25.0,781.0,653.0,Medium
7060500.000000001,10450750.0,5.4,66.9,25.0,766.0,521.0,Medium
7060500.000000001,10550750.0,6.0,56.3,25.0,843.0,585.0,Medium
7060500.000000001,10650750.0,5.7,57.6,25.0,742.0,437.0,Medium
7060500.000000001,10750750.0,6.1,56.2,25.0,712.0,478.0,Medium
7060500.000000001,10850750.0,5.3,58.1,25.0,706.0,395.0,Medium
7060500.000000001,10950750.0,5.8,55.8,25.0,679.0,446.0,Medium
7060500.000000001,11050750.0,5.3,61.6,25.0,692.0,362.0,Medium
7060500.000000001,11150750.0,5.2,60.1,25.0,756.0,417.0,Medium
7060500.000000001,11250750.0,5.3,60.1,25.0,550.0,420.0,Medium
7060500.000000001,11350750.0,5.5,55.5,25.0,658.0,414.0,Medium
7060500.000000001,11450750.0,5.7,59.3,25.0,518.0,483.0,Medium
7060500.000000001,11650750.0,5.7,59.3,25.0,521.0,489.0,Medium
7060500.000000001,11750750.0,5.5,60.6,25.0,660.0,498.0,Medium
7060500.000000001,11850750.0,5.8,60.7,25.0,873.0,563.0,Medium
6960500.000000001,-14949250.0,5.0,47.2,25.0,1284.0,784.0,Medium
6960500.000000001,-14649250.0,5.1,46.7,25.0,1248.0,674.0,Medium
6960500.000000001,-14549250.0,5.8,44.0,25.0,1142.0,461.0,Medium
6960500.000000001,-14449250.0,5.3,44.1,25.0,980.0,487.0,Medium
6960500.000000001,-14349250.0,5.4,44.7,25.0,804.0,448.0,Medium
6960500.000000001,-14249250.0,5.1,43.8,25.0,631.0,526.0,Medium
6960500.000000001,-14149250.0,5.3,44.0,25.0,543.0,470.0,Medium
6960500.000000001,-14049250.0,5.4,44.4,25.0,874.0,451.0,Medium
6960500.000000001,-13949250.0,5.9,45.0,25.0,715.0,378.0,Medium
6960500.000000001,-13849250.0,5.0,45.8,25.0,1111.0,492.0,Medium
6960500.000000001,-13749250.0,5.0,46.7,25.0,1113.0,556.0,Medium
6960500.000000001,-13649250.0,5.3,45.7,25.0,1106.0,508.0,Medium
6960500.000000001,-13549250.0,5.3,44.0,25.0,722.0,476.0,Medium
6960500.000000001,-13449250.0,5.3,45.6,25.0,654.0,447.0,Medium
6960500.000000001,-13349250.0,5.3,47.3,25.0,648.0,520.0,Medium
6960500.000000001,-13249250.0,5.5,54.1,25.0,536.0,390.0,Medium
6960500.000000001,-13149250.0,5.3,59.7,25.0,632.0,510.0,Medium
6960500.000000001,-13049250.0,5.4,57.2,25.0,655.0,457.0,Medium
6960500.000000001,-12949250.0,5.4,60.2,25.0,609.0,501.0,Medium
6960500.000000001,-12849250.0,5.3,63.3,25.0,607.0,474.0,Medium
6960500.000000001,-12749250.0,5.4,60.2,25.0,663.0,467.0,Medium
6960500.000000001,-12649250.0,5.2,65.9,25.0,385.0,409.0,Medium
6960500.000000001,-12549250.0,5.6,65.5,25.0,309.0,433.0,Medium
6960500.000000001,-12449250.0,5.8,63.9,25.0,400.0,564.0,Medium
6960500.000000001,-12349250.0,5.9,62.2,25.0,310.0,661.0,Medium
6960500.000000001,-12149250.0,6.2,63.0,25.0,451.0,670.0,Medium
6960500.000000001,-12049250.0,5.6,63.0,25.0,310.0,612.0,Medium
6960500.000000001,-11849250.0,5.3,61.8,25.0,340.0,615.0,Medium
6960500.000000001,-11749250.0,6.2,60.5,25.0,380.0,531.0,Medium
6960500.000000001,-11649250.0,5.7,64.9,25.0,431.0,608.0,Medium
6960500.000000001,-11549250.0,5.7,64.8,25.0,489.0,577.0,Medium
6960500.000000001,-11449250.0,5.7,64.7,25.0,636.0,688.0,Medium
6960500.000000001,-11349250.0,6.0,62.4,25.0,600.0,642.0,Medium
6960500.000000001,-11249250.0,5.8,64.6,25.0,640.0,563.0,Medium
6960500.000000001,-11149250.0,5.5,60.9,25.0,686.0,554.0,Medium
6960500.000000001,-10949250.0,6.1,62.9,25.0,731.0,534.0,Medium
6960500.000000001,-10849250.0,6.0,61.2,25.0,731.0,604.0,Medium
6960500.000000001,-10549250.0,5.9,59.4,25.0,654.0,567.0,Medium
6960500.000000001,-10449250.0,6.4,60.5,25.0,613.0,529.0,Medium
6960500.000000001,-10149250.0,6.3,52.2,25.0,622.0,436.0,Medium
6960500.000000001,-9749250.0,5.9,60.8,25.0,840.0,412.0,Medium
6960500.000000001,-9649250.0,6.0,62.7,25.0,854.0,405.0,Medium
6960500.000000001,-9549250.0,5.7,63.1,25.0,725.0,505.0,Medium
6960500.000000001,-9449250.0,5.8,61.4,25.0,716.0,492.0,Medium
6960500.000000001,-9349250.0,5.8,62.2,25.0,831.0,499.0,Medium
6960500.000000001,-9249250.0,5.4,64.2,25.0,797.0,498.0,Medium
6960500.000000001,-9149250.0,5.4,63.1,25.0,889.0,521.0,Medium
6960500.000000001,450750.0,5.8,43.5,25.0,825.0,315.0,Medium
6960500.000000001,2350750.0,5.4,51.3,25.0,830.0,328.0,Medium
6960500.000000001,2450750.0,4.7,58.0,25.0,1044.0,398.0,Medium
6960500.000000001,2550750.0,4.6,61.3,25.0,888.0,422.0,Medium
6960500.000000001,2650750.0,4.8,60.0,25.0,930.0,449.0,Medium
6960500.000000001,2750750.0,4.5,59.7,25.0,996.0,435.0,Medium
6960500.000000001,3050750.0,4.5,61.8,25.0,978.0,492.0,Medium
6960500.000000001,3250750.0,4.6,61.4,25.0,1063.0,458.0,Medium
6960500.000000001,3350750.0,4.9,58.0,25.0,1189.0,420.0,Medium
6960500.000000001,3550750.0,4.7,65.8,25.0,976.0,600.0,Medium
6960500.000000001,3750750.0,5.2,63.7,25.0,964.0,485.0,Medium
6960500.000000001,3850750.0,4.8,64.0,25.0,950.0,658.0,Medium
6960500.000000001,4050750.0,4.7,62.7,25.0,907.0,566.0,Medium
6960500.000000001,4150750.0,4.8,62.2,25.0,964.0,679.0,Medium
6960500.000000001,4250750.0,4.8,62.6,25.0,880.0,616.0,Medium
6960500.000000001,4350750.0,4.8,61.3,25.0,1068.0,616.0,Medium
6960500.000000001,4450750.0,4.8,64.3,25.0,1230.0,642.0,Medium
6960500.000000001,4550750.0,4.8,61.2,25.0,1147.0,708.0,Medium
6960500.000000001,4650750.0,4.6,65.6,25.0,1393.0,728.0,Medium
6960500.000000001,4750750.0,4.8,65.8,25.0,1322.0,751.0,High
6960500.000000001,4850750.0,4.7,64.6,25.0,1167.0,608.0,Medium
6960500.000000001,4950750.0,4.7,64.1,25.0,1111.0,660.0,Medium
6960500.000000001,5050750.0,4.8,54.5,25.0,1213.0,462.0,Medium
6960500.000000001,5150750.0,5.0,65.3,25.0,782.0,565.0,Medium
6960500.000000001,5250750.0,4.9,66.6,25.0,750.0,685.0,Medium
6960500.000000001,5350750.0,4.8,65.3,25.0,923.0,505.0,Medium
6960500.000000001,5550750.0,4.8,66.8,25.0,816.0,599.0,Medium
6960500.000000001,5650750.0,5.2,68.3,25.0,1169.0,514.0,Medium
6960500.000000001,5750750.0,5.0,68.1,25.0,1185.0,487.0,Medium
6960500.000000001,5850750.0,5.2,67.0,25.0,1106.0,510.0,Medium
6960500.000000001,5950750.0,5.2,65.8,25.0,1060.0,488.0,Medium
6960500.000000001,6050750.0,5.1,67.9,25.0,1111.0,502.0,Medium
6960500.000000001,6150750.0,5.0,68.4,25.0,941.0,485.0,Medium
6960500.000000001,6250750.0,5.1,67.3,25.0,1050.0,498.0,Medium
6960500.000000001,6350750.0,4.9,66.5,25.0,1174.0,518.0,Medium
6960500.000000001,6450750.0,4.9,63.8,25.0,1352.0,492.0,Medium
6960500.000000001,6550750.0,5.0,66.0,25.0,1366.0,536.0,Medium
6960500.000000001,6650750.0,5.1,66.8,25.0,1306.0,571.0,Medium
6960500.000000001,6750750.0,5.0,64.2,25.0,1168.0,528.0,Medium
6960500.000000001,6850750.0,5.0,58.7,25.0,1166.0,467.0,Medium
6960500.000000001,6950750.0,4.9,64.6,25.0,1304.0,546.0,Medium
6960500.000000001,7050750.0,5.0,64.0,25.0,983.0,457.0,Medium
6960500.000000001,7150750.0,5.0,64.2,25.0,867.0,494.0,Medium
6960500.000000001,7250750.0,5.0,63.5,25.0,909.0,479.0,Medium
6960500.000000001,7350750.0,5.1,63.6,25.0,745.0,443.0,Medium
6960500.000000001,7450750.0,5.3,64.7,25.0,734.0,421.0,Medium
6960500.000000001,7550750.0,5.3,65.1,25.0,746.0,415.0,Medium
6960500.000000001,7650750.0,5.3,65.1,25.0,770.0,404.0,Medium
6960500.000000001,7750750.0,5.6,66.6,25.0,907.0,424.0,Medium
6960500.000000001,7850750.0,5.3,65.3,25.0,613.0,362.0,Medium
6960500.000000001,7950750.0,5.3,65.4,25.0,637.0,421.0,Medium
6960500.000000001,8050750.0,5.6,66.0,25.0,813.0,429.0,Medium
6960500.000000001,8150750.0,5.5,65.1,25.0,820.0,440.0,Medium
6960500.000000001,8250750.0,5.6,66.1,25.0,867.0,430.0,Medium
6960500.000000001,8350750.0,5.9,65.0,25.0,776.0,427.0,Medium
6960500.000000001,8450750.0,5.9,64.3,25.0,914.0,505.0,Medium
6960500.000000001,8550750.0,5.8,64.8,25.0,849.0,450.0,Medium
6960500.000000001,8750750.0,5.7,66.2,25.0,1026.0,505.0,Medium
6960500.000000001,8850750.0,6.0,64.3,25.0,971.0,482.0,High
6960500.000000001,9050750.0,5.3,64.8,25.0,806.0,428.0,Medium
6960500.000000001,9150750.0,5.4,62.3,25.0,790.0,375.0,Medium
6960500.000000001,9250750.0,5.3,63.6,25.0,925.0,421.0,Medium
6960500.000000001,9350750.0,5.1,60.2,25.0,1055.0,473.0,Medium
6960500.000000001,9450750.0,5.0,62.9,25.0,699.0,381.0,Medium
6960500.000000001,9550750.0,5.1,64.3,25.0,1180.0,482.0,Medium
6960500.000000001,9650750.0,5.4,65.8,25.0,1220.0,458.0,Medium
6960500.000000001,9750750.0,5.2,64.5,25.0,1179.0,539.0,Medium
6960500.000000001,9850750.0,5.2,64.3,25.0,1197.0,518.0,Medium
6960500.000000001,9950750.0,5.4,61.0,25.0,1286.0,467.0,Medium
6960500.000000001,10050750.0,5.4,60.7,25.0,1401.0,486.0,Medium
6960500.000000001,10150750.0,5.1,64.4,25.0,857.0,465.0,Medium
6960500.000000001,10250750.0,5.1,64.9,25.0,910.0,481.0,Medium
6960500.000000001,10350750.0,5.1,63.3,25.0,1208.0,499.0,Medium
6960500.000000001,10450750.0,5.2,61.9,25.0,812.0,503.0,Medium
6960500.000000001,10550750.0,5.2,68.6,25.0,826.0,448.0,Medium
6960500.000000001,10650750.0,6.3,60.8,25.0,779.0,482.0,Medium
6960500.000000001,10750750.0,5.1,60.1,25.0,805.0,481.0,Medium
6960500.000000001,10850750.0,5.8,58.3,25.0,767.0,464.0,Medium
6960500.000000001,10950750.0,5.3,60.4,25.0,738.0,380.0,Medium
6960500.000000001,11050750.0,5.8,59.5,25.0,632.0,383.0,Medium
6960500.000000001,11250750.0,5.6,59.5,25.0,474.0,426.0,Medium
6960500.000000001,11350750.0,5.3,60.4,25.0,585.0,395.0,Medium
6960500.000000001,11450750.0,5.3,57.0,25.0,625.0,352.0,Medium
6960500.000000001,11550750.0,5.3,59.3,25.0,531.0,382.0,Medium
6960500.000000001,11650750.0,5.5,62.5,25.0,625.0,475.0,Medium
6960500.000000001,11750750.0,5.4,62.0,25.0,627.0,444.0,Medium
6960500.000000001,11950750.0,5.8,57.4,25.0,732.0,510.0,Medium
6860500.000000001,-15449250.0,5.8,45.9,25.0,1167.0,565.0,Medium
6860500.000000001,-14849250.0,5.0,47.0,25.0,1254.0,654.0,Medium
6860500.000000001,-14749250.0,5.2,46.4,25.0,1161.0,662.0,Medium
6860500.000000001,-14649250.0,5.5,48.9,25.0,1107.0,550.0,Medium
6860500.000000001,-14549250.0,5.2,46.4,25.0,953.0,494.0,Medium
6860500.000000001,-14449250.0,5.0,47.0,25.0,1007.0,548.0,Medium
6860500.000000001,-14349250.0,5.1,45.8,25.0,869.0,558.0,Medium
6860500.000000001,-14249250.0,5.0,46.7,25.0,956.0,675.0,Medium
6860500.000000001,-14149250.0,5.7,44.5,25.0,918.0,436.0,Medium
6860500.000000001,-14049250.0,5.6,47.6,25.0,974.0,429.0,Medium
6860500.000000001,-13849250.0,5.4,44.8,25.0,1112.0,583.0,Medium
6860500.000000001,-13749250.0,5.8,46.9,25.0,1038.0,527.0,Medium
6860500.000000001,-13649250.0,5.2,47.3,25.0,947.0,569.0,Medium
6860500.000000001,-13549250.0,5.1,48.0,25.0,677.0,436.0,Medium
6860500.000000001,-13449250.0,5.6,48.5,25.0,485.0,345.0,Medium
6860500.000000001,-13349250.0,5.6,56.5,25.0,378.0,401.0,Medium
6860500.000000001,-13249250.0,6.1,56.2,25.0,486.0,406.0,Medium
6860500.000000001,-13149250.0,5.5,61.7,25.0,421.0,444.0,Medium
6860500.000000001,-13049250.0,5.5,59.5,25.0,559.0,432.0,Medium
6860500.000000001,-12949250.0,5.4,62.4,25.0,608.0,478.0,Medium
6860500.000000001,-12849250.0,5.4,61.9,25.0,783.0,522.0,Medium
6860500.000000001,-12749250.0,5.2,64.3,25.0,578.0,468.0,Medium
6860500.000000001,-12649250.0,5.3,64.1,25.0,481.0,388.0,Medium
6860500.000000001,-12549250.0,5.5,66.2,25.0,581.0,419.0,Medium
6860500.000000001,-12449250.0,5.8,64.3,25.0,324.0,403.0,Medium
6860500.000000001,-12349250.0,5.8,64.0,25.0,265.0,490.0,Medium
6860500.000000001,-12149250.0,6.4,63.5,25.0,387.0,804.0,Medium
6860500.000000001,-12049250.0,6.3,61.2,25.0,467.0,797.0,Medium
6860500.000000001,-11949250.0,6.0,62.0,25.0,387.0,759.0,Medium
6860500.000000001,-11749250.0,5.7,60.0,25.0,466.0,551.0,Medium
6860500.000000001,-11349250.0,6.0,63.6,25.0,611.0,606.0,Medium
6860500.000000001,-11249250.0,6.0,64.4,25.0,680.0,598.0,Medium
6860500.000000001,-11149250.0,5.7,63.8,25.0,652.0,597.0,Medium
6860500.000000001,-11049250.0,5.7,63.3,25.0,707.0,534.0,Medium
6860500.000000001,-10949250.0,5.8,60.8,25.0,770.0,603.0,Medium
6860500.000000001,-10849250.0,6.0,60.3,25.0,738.0,563.0,Medium
6860500.000000001,-10749250.0,6.0,60.5,25.0,712.0,539.0,Medium
6860500.000000001,-10249250.0,6.4,57.1,25.0,839.0,481.0,High
6860500.000000001,-9349250.0,5.7,60.3,25.0,698.0,469.0,Medium
6860500.000000001,-9249250.0,5.5,58.9,25.0,780.0,468.0,Medium
6860500.000000001,-9149250.0,5.6,61.1,25.0,865.0,479.0,Medium
6860500.000000001,-9049250.0,5.5,61.9,25.0,912.0,445.0,Medium
6860500.000000001,-8149250.0,5.8,57.3,25.0,1007.0,388.0,Medium
6860500.000000001,2150750.0,4.8,51.1,25.0,858.0,286.0,Medium
6860500.000000001,2250750.0,5.3,55.3,25.0,879.0,360.0,Medium
6860500.000000001,2350750.0,4.5,60.1,25.0,1139.0,430.0,Medium
6860500.000000001,2450750.0,4.8,61.2,25.0,951.0,371.0,Medium
6860500.000000001,2650750.0,4.5,60.7,25.0,1183.0,463.0,Medium
6860500.000000001,2950750.0,5.1,58.4,25.0,994.0,434.0,Medium
6860500.000000001,3050750.0,4.6,58.0,25.0,984.0,402.0,Medium
6860500.000000001,3150750.0,4.6,60.5,25.0,1063.0,475.0,Medium
6860500.000000001,3250750.0,4.5,62.7,25.0,1176.0,564.0,Medium
6860500.000000001,3350750.0,4.6,61.9,25.0,1305.0,569.0,Medium
6860500.000000001,3450750.0,4.7,65.2,25.0,1179.0,573.0,Medium
6860500.000000001,3750750.0,4.6,62.2,25.0,915.0,528.0,Medium
6860500.000000001,3850750.0,4.7,64.7,25.0,818.0,664.0,Medium
6860500.000000001,3950750.0,4.9,62.3,25.0,912.0,633.0,Medium
6860500.000000001,4050750.0,4.9,64.3,25.0,827.0,606.0,Medium
6860500.000000001,4150750.0,4.8,63.0,25.0,920.0,595.0,Medium
6860500.000000001,4250750.0,4.8,61.5,25.0,915.0,705.0,Medium
6860500.000000001,4350750.0,4.7,61.2,25.0,980.0,627.0,Medium
6860500.000000001,4450750.0,4.6,61.4,25.0,1044.0,797.0,Medium
6860500.000000001,4550750.0,4.6,63.7,25.0,1083.0,728.0,Medium
6860500.000000001,4650750.0,5.2,65.5,25.0,1233.0,637.0,High
6860500.000000001,4750750.0,4.6,64.4,25.0,1155.0,685.0,Medium
6860500.000000001,4850750.0,4.9,64.1,25.0,1169.0,709.0,Medium
6860500.000000001,4950750.0,4.7,64.1,25.0,1120.0,642.0,Medium
6860500.000000001,5050750.0,5.1,61.9,25.0,1218.0,520.0,Medium
6860500.000000001,5150750.0,4.9,63.3,25.0,1008.0,559.0,Medium
6860500.000000001,5250750.0,4.9,62.9,25.0,681.0,620.0,Medium
6860500.000000001,5350750.0,5.4,66.1,25.0,884.0,584.0,Medium
6860500.000000001,5450750.0,5.4,65.9,25.0,1083.0,476.0,Medium
6860500.000000001,5550750.0,4.8,65.7,25.0,1086.0,602.0,Medium
6860500.000000001,5650750.0,5.1,65.6,25.0,985.0,538.0,Medium
6860500.000000001,5750750.0,5.0,65.6,25.0,913.0,559.0,Medium
6860500.000000001,5950750.0,5.0,64.9,25.0,889.0,597.0,Medium
6860500.000000001,6050750.0,5.2,67.0,25.0,1022.0,515.0,Medium
6860500.000000001,6150750.0,5.3,65.6,25.0,1008.0,533.0,Medium
6860500.000000001,6250750.0,5.2,66.4,25.0,1047.0,534.0,Medium
6860500.000000001,6350750.0,5.0,65.8,25.0,866.0,470.0,Medium
6860500.000000001,6450750.0,4.8,64.5,25.0,1031.0,506.0,Medium
6860500.000000001,6550750.0,5.4,65.4,25.0,1168.0,489.0,Medium
6860500.000000001,6650750.0,5.0,63.8,25.0,1162.0,549.0,Medium
6860500.000000001,6750750.0,5.7,66.7,25.0,1203.0,491.0,High
6860500.000000001,6850750.0,4.9,64.5,25.0,1303.0,557.0,Medium
6860500.000000001,6950750.0,4.9,59.3,25.0,1007.0,463.0,Medium
6860500.000000001,7050750.0,5.3,65.0,25.0,1186.0,487.0,Medium
6860500.000000001,7150750.0,4.9,62.5,25.0,1132.0,465.0,Medium
6860500.000000001,7250750.0,5.1,65.2,25.0,1037.0,440.0,Medium
6860500.000000001,7350750.0,5.1,64.9,25.0,1052.0,447.0,Medium
6860500.000000001,7450750.0,5.3,64.1,25.0,782.0,464.0,Medium
6860500.000000001,7550750.0,5.1,65.7,25.0,613.0,466.0,Medium
6860500.000000001,7650750.0,5.0,63.9,25.0,600.0,392.0,Medium
6860500.000000001,7750750.0,5.4,64.9,25.0,906.0,453.0,Medium
6860500.000000001,7850750.0,5.8,64.2,25.0,855.0,466.0,Medium
6860500.000000001,8050750.0,5.6,66.0,25.0,744.0,439.0,Medium
6860500.000000001,8150750.0,5.9,64.4,25.0,793.0,468.0,Medium
6860500.000000001,8250750.0,5.7,65.1,25.0,873.0,466.0,Medium
6860500.000000001,8350750.0,5.7,65.6,25.0,750.0,425.0,Medium
6860500.000000001,8450750.0,5.8,63.5,25.0,764.0,426.0,Medium
6860500.000000001,8550750.0,5.8,63.0,25.0,784.0,492.0,Medium
6860500.000000001,8650750.0,5.8,65.0,25.0,900.0,495.0,Medium
6860500.000000001,8750750.0,5.7,64.1,25.0,881.0,518.0,Medium
6860500.000000001,8850750.0,6.3,63.7,25.0,937.0,441.0,High
6860500.000000001,8950750.0,6.2,65.0,25.0,886.0,479.0,High
6860500.000000001,9050750.0,6.2,64.0,25.0,875.0,560.0,High
6860500.000000001,9450750.0,6.1,65.1,25.0,1317.0,451.0,High
6860500.000000001,9550750.0,6.3,63.6,25.0,1126.0,428.0,High
6860500.000000001,9650750.0,6.2,61.5,25.0,1344.0,448.0,High
6860500.000000001,9750750.0,5.6,65.4,25.0,1203.0,395.0,Medium
6860500.000000001,9850750.0,5.3,61.3,25.0,1373.0,507.0,Medium
6860500.000000001,9950750.0,5.2,64.6,25.0,897.0,387.0,Medium
6860500.000000001,10050750.0,5.5,59.1,25.0,1204.0,478.0,Medium
6860500.000000001,10150750.0,5.4,62.6,25.0,1307.0,470.0,Medium
6860500.000000001,10250750.0,5.1,62.3,25.0,830.0,403.0,Medium
6860500.000000001,10350750.0,5.1,62.7,25.0,998.0,487.0,Medium
6860500.000000001,10450750.0,5.4,63.8,25.0,804.0,499.0,Medium
6860500.000000001,10550750.0,5.0,65.4,25.0,678.0,409.0,Medium
6860500.000000001,10650750.0,5.1,62.0,25.0,712.0,376.0,Medium
6860500.000000001,10750750.0,5.2,67.8,25.0,802.0,438.0,Medium
6860500.000000001,10850750.0,5.7,66.8,25.0,741.0,516.0,Medium
6860500.000000001,10950750.0,5.4,59.0,25.0,750.0,524.0,Medium
6860500.000000001,11050750.0,5.2,60.6,25.0,622.0,407.0,Medium
6860500.000000001,11150750.0,5.1,62.1,25.0,679.0,429.0,Medium
6860500.000000001,11250750.0,5.3,63.1,25.0,492.0,404.0,Medium
6860500.000000001,11350750.0,5.4,56.1,25.0,589.0,356.0,Medium
6860500.000000001,11450750.0,5.7,61.1,25.0,483.0,478.0,Medium
6860500.000000001,11550750.0,5.4,63.3,25.0,574.0,465.0,Medium
6860500.000000001,11650750.0,5.3,60.3,25.0,580.0,429.0,Medium
6860500.000000001,11750750.0,5.0,63.0,25.0,581.0,443.0,Medium
6860500.000000001,11850750.0,5.2,62.2,25.0,671.0,475.0,Medium
6860500.000000001,11950750.0,5.3,61.5,25.0,499.0,427.0,Medium
6860500.000000001,12050750.0,5.6,57.9,25.0,613.0,422.0,Medium
6860500.000000001,12150750.0,5.5,60.7,25.0,1003.0,500.0,Medium
6860500.000000001,12250750.0,5.4,62.0,25.0,1156.0,463.0,Medium
6760500.000000001,-15049250.0,5.0,47.6,25.0,1173.0,625.0,Medium
6760500.000000001,-14949250.0,5.3,47.7,25.0,1134.0,599.0,Medium
6760500.000000001,-14849250.0,5.2,46.6,25.0,1184.0,576.0,Medium
6760500.000000001,-14749250.0,5.0,47.4,25.0,1042.0,572.0,Medium
6760500.000000001,-14649250.0,4.9,48.6,25.0,1084.0,559.0,Medium
6760500.000000001,-14549250.0,4.9,47.9,25.0,1100.0,563.0,Medium
6760500.000000001,-14449250.0,5.3,48.2,25.0,1085.0,508.0,Medium
6760500.000000001,-14349250.0,4.9,48.6,25.0,869.0,435.0,Medium
6760500.000000001,-14249250.0,4.8,50.9,25.0,827.0,334.0,Medium
6760500.000000001,-14149250.0,5.4,48.6,25.0,1037.0,358.0,Medium
6760500.000000001,-14049250.0,5.4,47.9,25.0,1036.0,522.0,Medium
6760500.000000001,-13949250.0,6.0,48.8,25.0,879.0,439.0,Medium
6760500.000000001,-13849250.0,5.5,47.5,25.0,1024.0,433.0,Medium
6760500.000000001,-13749250.0,5.4,46.7,25.0,1020.0,524.0,Medium
6760500.000000001,-13649250.0,5.0,47.6,25.0,818.0,442.0,Medium
6760500.000000001,-13549250.0,5.5,45.8,25.0,695.0,417.0,Medium
6760500.000000001,-13449250.0,5.4,47.1,25.0,579.0,467.0,Medium
6760500.000000001,-13349250.0,5.9,57.1,25.0,460.0,372.0,Medium
6760500.000000001,-13249250.0,5.4,60.0,25.0,464.0,404.0,Medium
6760500.000000001,-13149250.0,5.5,62.1,25.0,476.0,421.0,Medium
6760500.000000001,-13049250.0,5.5,60.1,25.0,471.0,432.0,Medium
6760500.000000001,-12949250.0,5.2,63.8,25.0,792.0,467.0,Medium
6760500.000000001,-12849250.0,5.5,61.3,25.0,638.0,433.0,Medium
6760500.000000001,-12749250.0,5.3,61.5,25.0,806.0,454.0,Medium
6760500.000000001,-12649250.0,5.4,64.5,25.0,792.0,543.0,Medium
6760500.000000001,-12549250.0,6.1,63.9,25.0,430.0,363.0,Medium
6760500.000000001,-12449250.0,5.9,64.4,25.0,426.0,432.0,Medium
6760500.000000001,-12349250.0,5.7,64.9,25.0,381.0,490.0,Medium
6760500.000000001,-12249250.0,6.6,62.2,25.0,362.0,565.0,Medium
6760500.000000001,-12149250.0,7.0,62.3,25.0,272.0,485.0,Medium
6760500.000000001,-11949250.0,6.8,62.3,25.0,312.0,629.0,Medium
6760500.000000001,-11749250.0,6.1,64.9,25.0,413.0,551.0,Medium
6760500.000000001,-11649250.0,5.9,65.7,25.0,529.0,529.0,Medium
6760500.000000001,-11449250.0,5.8,61.5,25.0,579.0,580.0,Medium
6760500.000000001,-11249250.0,6.0,63.6,25.0,590.0,473.0,Medium
6760500.000000001,-11149250.0,6.0,63.0,25.0,688.0,501.0,Medium
6760500.000000001,-11049250.0,5.9,61.5,25.0,587.0,560.0,Medium
6760500.000000001,-10949250.0,6.0,60.0,25.0,583.0,531.0,Medium
6760500.000000001,-10849250.0,6.0,58.8,25.0,594.0,454.0,Medium
6760500.000000001,-10749250.0,6.2,59.4,25.0,713.0,487.0,Medium
6760500.000000001,-9749250.0,5.9,61.7,25.0,799.0,524.0,Medium
6760500.000000001,-9649250.0,6.0,60.8,25.0,691.0,387.0,Medium
6760500.000000001,-9149250.0,5.7,59.8,25.0,702.0,458.0,Medium
6760500.000000001,1850750.0,4.9,43.9,25.0,1285.0,446.0,Medium
6760500.000000001,1950750.0,5.3,47.9,25.0,860.0,391.0,Medium
6760500.000000001,2050750.0,5.6,50.1,25.0,901.0,341.0,Medium
6760500.000000001,2150750.0,4.8,55.3,25.0,732.0,485.0,Medium
6760500.000000001,2250750.0,4.8,55.3,25.0,1054.0,420.0,Medium
6760500.000000001,2350750.0,4.8,58.1,25.0,818.0,457.0,Medium
6760500.000000001,2550750.0,4.5,57.3,25.0,784.0,395.0,Medium
6760500.000000001,2850750.0,4.6,55.6,25.0,1148.0,532.0,Medium
6760500.000000001,2950750.0,4.6,56.6,25.0,1009.0,538.0,Medium
6760500.000000001,3050750.0,4.5,58.6,25.0,1025.0,577.0,Medium
6760500.000000001,3150750.0,4.7,58.6,25.0,1076.0,605.0,Medium
6760500.000000001,3250750.0,4.6,59.1,25.0,1318.0,597.0,Medium
6760500.000000001,3350750.0,4.5,63.8,25.0,1240.0,668.0,Medium
6760500.000000001,3550750.0,4.7,60.2,25.0,1053.0,657.0,Medium
6760500.000000001,3650750.0,4.7,58.0,25.0,1236.0,575.0,Medium
6760500.000000001,3750750.0,4.8,62.5,25.0,957.0,550.0,Medium
6760500.000000001,3850750.0,4.7,64.0,25.0,942.0,611.0,Medium
6760500.000000001,3950750.0,5.1,60.0,25.0,955.0,612.0,Medium
6760500.000000001,4050750.0,4.9,58.7,25.0,861.0,675.0,Medium
6760500.000000001,4150750.0,4.7,61.7,25.0,900.0,616.0,Medium
6760500.000000001,4250750.0,4.9,64.2,25.0,982.0,644.0,Medium
6760500.000000001,4350750.0,4.6,61.4,25.0,938.0,725.0,Medium
6760500.000000001,4450750.0,4.6,61.1,25.0,956.0,642.0,Medium
6760500.000000001,4550750.0,4.5,63.3,25.0,1005.0,595.0,Medium
6760500.000000001,4650750.0,4.6,64.5,25.0,817.0,669.0,Medium
6760500.000000001,4750750.0,4.8,64.5,25.0,1029.0,589.0,Medium
6760500.000000001,4850750.0,4.7,64.6,25.0,1265.0,676.0,Medium
6760500.000000001,4950750.0,4.8,60.9,25.0,1245.0,621.0,Medium
6760500.000000001,5050750.0,4.6,65.2,25.0,1104.0,635.0,Medium
6760500.000000001,5150750.0,4.8,61.5,25.0,1258.0,631.0,Medium
6760500.000000001,5250750.0,5.1,60.7,25.0,787.0,558.0,Medium
6760500.000000001,5350750.0,5.0,61.0,25.0,668.0,573.0,Medium
6760500.000000001,5450750.0,5.1,64.3,25.0,967.0,552.0,Medium
6760500.000000001,5550750.0,5.0,62.4,25.0,940.0,558.0,Medium
6760500.000000001,5650750.0,4.9,61.3,25.0,875.0,620.0,Medium
6760500.000000001,5750750.0,5.2,64.7,25.0,1003.0,477.0,Medium
6760500.000000001,5850750.0,5.2,67.0,25.0,940.0,492.0,Medium
6760500.000000001,6050750.0,5.2,66.4,25.0,936.0,482.0,Medium
6760500.000000001,6350750.0,5.2,65.0,25.0,846.0,494.0,Medium
6760500.000000001,6450750.0,4.9,64.5,25.0,869.0,476.0,Medium
6760500.000000001,6550750.0,5.3,64.2,25.0,1140.0,514.0,Medium
6760500.000000001,6650750.0,5.3,62.8,25.0,1097.0,495.0,Medium
6760500.000000001,6750750.0,5.1,66.0,25.0,1123.0,534.0,Medium
6760500.000000001,6850750.0,5.0,64.4,25.0,1106.0,533.0,Medium
6760500.000000001,6950750.0,4.8,64.3,25.0,1131.0,580.0,Medium
6760500.000000001,7050750.0,5.0,62.3,25.0,1041.0,598.0,Medium
6760500.000000001,7150750.0,4.7,62.5,25.0,1153.0,523.0,Medium
6760500.000000001,7250750.0,4.9,60.3,25.0,1031.0,462.0,Medium
6760500.000000001,7350750.0,4.8,63.1,25.0,926.0,517.0,Medium
6760500.000000001,7450750.0,5.2,64.2,25.0,823.0,438.0,Medium
6760500.000000001,7550750.0,5.3,65.6,25.0,840.0,478.0,Medium
6760500.000000001,7650750.0,5.5,64.5,25.0,634.0,471.0,Medium
6760500.000000001,7750750.0,5.5,65.8,25.0,594.0,414.0,Medium
6760500.000000001,7850750.0,5.5,64.9,25.0,772.0,455.0,Medium
6760500.000000001,7950750.0,5.6,64.1,25.0,643.0,420.0,Medium
6760500.000000001,8050750.0,5.6,63.9,25.0,669.0,395.0,Medium
6760500.000000001,8150750.0,5.6,64.8,25.0,682.0,401.0,Medium
6760500.000000001,8250750.0,5.8,64.0,25.0,795.0,484.0,Medium
6760500.000000001,8350750.0,5.6,64.9,25.0,882.0,482.0,Medium
6760500.000000001,8450750.0,5.9,63.4,25.0,797.0,469.0,Medium
6760500.000000001,8550750.0,5.9,62.5,25.0,707.0,416.0,Medium
6760500.000000001,8650750.0,6.0,62.4,25.0,676.0,425.0,Medium
6760500.000000001,8750750.0,6.2,61.4,25.0,764.0,429.0,Medium
6760500.000000001,8850750.0,6.3,62.0,25.0,702.0,385.0,Medium
6760500.000000001,8950750.0,5.7,63.2,25.0,862.0,459.0,Medium
6760500.000000001,9050750.0,5.9,66.0,25.0,716.0,496.0,Medium
6760500.000000001,9150750.0,5.8,64.7,25.0,1083.0,513.0,High
6760500.000000001,9250750.0,6.2,63.7,25.0,903.0,504.0,High
6760500.000000001,9350750.0,6.1,63.9,25.0,931.0,476.0,High
6760500.000000001,9450750.0,6.4,63.2,25.0,957.0,451.0,High
6760500.000000001,9550750.0,6.3,63.1,25.0,1118.0,429.0,High
6760500.000000001,9650750.0,6.2,65.2,25.0,1225.0,468.0,High
6760500.000000001,9750750.0,6.3,63.6,25.0,1234.0,460.0,High
6760500.000000001,9850750.0,6.0,65.3,25.0,1187.0,469.0,High
6760500.000000001,9950750.0,5.8,64.6,25.0,1248.0,410.0,High
6760500.000000001,10050750.0,5.6,60.0,25.0,1302.0,441.0,Medium
6760500.000000001,10150750.0,5.2,60.0,25.0,1141.0,481.0,Medium
6760500.000000001,10250750.0,5.3,64.1,25.0,978.0,409.0,Medium
6760500.000000001,10350750.0,5.5,62.4,25.0,958.0,447.0,Medium
6760500.000000001,10450750.0,5.8,62.9,25.0,1054.0,409.0,Medium
6760500.000000001,10550750.0,5.5,62.0,25.0,973.0,459.0,Medium
6760500.000000001,10650750.0,5.2,60.7,25.0,992.0,520.0,Medium
6760500.000000001,10750750.0,4.9,65.3,25.0,791.0,485.0,Medium
6760500.000000001,10850750.0,4.8,67.2,25.0,810.0,470.0,Medium
6760500.000000001,10950750.0,5.0,66.4,25.0,638.0,442.0,Medium
6760500.000000001,11050750.0,4.9,66.8,25.0,879.0,460.0,Medium
6760500.000000001,11150750.0,5.3,63.6,25.0,790.0,473.0,Medium
6760500.000000001,11250750.0,5.3,59.5,25.0,743.0,476.0,Medium
6760500.000000001,11350750.0,5.5,59.7,25.0,578.0,386.0,Medium
6760500.000000001,11450750.0,5.2,65.4,25.0,651.0,517.0,Medium
6760500.000000001,11550750.0,5.5,60.2,25.0,528.0,424.0,Medium
6760500.000000001,11750750.0,5.2,65.5,25.0,568.0,479.0,Medium
6760500.000000001,11850750.0,5.4,62.9,25.0,720.0,455.0,Medium
6760500.000000001,11950750.0,5.2,58.9,25.0,635.0,425.0,Medium
6760500.000000001,12050750.0,5.4,57.8,25.0,728.0,456.0,Medium
6760500.000000001,12150750.0,5.5,57.5,25.0,688.0,419.0,Medium
6760500.000000001,12250750.0,5.3,58.3,25.0,809.0,389.0,Medium
6760500.000000001,12350750.0,5.4,65.2,25.0,806.0,511.0,Medium
6660500.000000001,-15249250.0,5.5,48.5,25.0,1258.0,709.0,Medium
6660500.000000001,-14849250.0,4.7,48.1,25.0,1074.0,546.0,Medium
6660500.000000001,-14749250.0,4.8,47.0,25.0,1153.0,613.0,Medium
6660500.000000001,-14649250.0,4.9,46.9,25.0,1193.0,582.0,Medium
6660500.000000001,-14549250.0,5.5,46.5,25.0,1094.0,395.0,Medium
6660500.000000001,-14449250.0,5.4,49.0,25.0,780.0,352.0,Medium
6660500.000000001,-14349250.0,4.8,49.6,25.0,802.0,469.0,Medium
6660500.000000001,-14249250.0,5.5,49.3,25.0,778.0,374.0,Medium
6660500.000000001,-14049250.0,5.7,43.1,25.0,950.0,364.0,Medium
6660500.000000001,-13949250.0,5.6,44.2,25.0,903.0,356.0,Medium
6660500.000000001,-13849250.0,5.2,47.1,25.0,816.0,442.0,Medium
6660500.000000001,-13749250.0,5.8,41.8,25.0,901.0,334.0,Medium
6660500.000000001,-13549250.0,5.5,45.4,25.0,634.0,488.0,Medium
6660500.000000001,-13449250.0,5.8,45.6,25.0,474.0,436.0,Medium
6660500.000000001,-13349250.0,6.4,57.3,25.0,493.0,447.0,Medium
6660500.000000001,-13249250.0,5.6,59.2,25.0,465.0,439.0,Medium
6660500.000000001,-13149250.0,5.6,60.4,25.0,540.0,494.0,Medium
6660500.000000001,-13049250.0,5.4,59.9,25.0,667.0,471.0,Medium
6660500.000000001,-12949250.0,5.3,57.3,25.0,934.0,411.0,Medium
6660500.000000001,-12849250.0,5.2,63.8,25.0,863.0,487.0,Medium
6660500.000000001,-12749250.0,5.4,62.1,25.0,634.0,361.0,Medium
6660500.000000001,-12649250.0,6.0,60.7,25.0,405.0,377.0,Medium
6660500.000000001,-12549250.0,6.3,60.2,25.0,235.0,262.0,Medium
6660500.000000001,-12449250.0,6.3,60.3,25.0,175.0,301.0,Medium
6660500.000000001,-12349250.0,6.3,62.5,25.0,198.0,361.0,Medium
6660500.000000001,-12249250.0,6.8,60.2,25.0,259.0,439.0,Medium
6660500.000000001,-12149250.0,6.8,64.2,25.0,318.0,444.0,Medium
6660500.000000001,-11949250.0,6.8,63.0,25.0,494.0,440.0,Medium
6660500.000000001,-11849250.0,6.6,62.7,25.0,340.0,451.0,Medium
6660500.000000001,-11649250.0,6.2,64.5,25.0,382.0,496.0,Medium
6660500.000000001,-11549250.0,6.0,65.2,25.0,395.0,387.0,Medium
6660500.000000001,-11449250.0,6.0,62.2,25.0,511.0,574.0,Medium
6660500.000000001,-11349250.0,6.0,62.2,25.0,439.0,476.0,Medium
6660500.000000001,-11249250.0,5.7,62.8,25.0,594.0,510.0,Medium
6660500.000000001,-11149250.0,5.8,61.8,25.0,603.0,480.0,Medium
6660500.000000001,-10949250.0,6.0,59.8,25.0,570.0,479.0,Medium
6660500.000000001,-9549250.0,5.7,63.0,25.0,764.0,511.0,Medium
6660500.000000001,-9449250.0,5.5,60.1,25.0,801.0,476.0,Medium
6660500.000000001,-9349250.0,5.9,57.1,25.0,763.0,359.0,Medium
6660500.000000001,-7649250.0,6.0,49.7,25.0,889.0,388.0,Medium
6660500.000000001,1850750.0,5.2,38.3,25.0,1035.0,311.0,Medium
6660500.000000001,1950750.0,5.3,50.8,25.0,944.0,406.0,Medium
6660500.000000001,2050750.0,5.2,51.8,25.0,957.0,476.0,Medium
6660500.000000001,2150750.0,4.7,56.9,25.0,965.0,590.0,Medium
6660500.000000001,2250750.0,4.5,55.9,25.0,820.0,384.0,Medium
6660500.000000001,2350750.0,4.7,58.1,25.0,863.0,402.0,Medium
6660500.000000001,2450750.0,4.4,57.0,25.0,998.0,439.0,Medium
6660500.000000001,2850750.0,5.5,60.5,25.0,1097.0,563.0,Medium
6660500.000000001,2950750.0,5.0,58.4,25.0,1085.0,649.0,Medium
6660500.000000001,3150750.0,4.7,56.9,25.0,1045.0,544.0,Medium
6660500.000000001,3550750.0,4.6,60.3,25.0,1151.0,559.0,Medium
6660500.000000001,3650750.0,5.0,63.4,25.0,1128.0,598.0,Medium
6660500.000000001,3750750.0,5.2,60.4,25.0,1035.0,503.0,Medium
6660500.000000001,3850750.0,4.7,61.3,25.0,970.0,621.0,Medium
6660500.000000001,3950750.0,4.9,57.6,25.0,955.0,584.0,Medium
6660500.000000001,4050750.0,5.0,59.2,25.0,970.0,569.0,Medium
6660500.000000001,4150750.0,4.9,61.6,25.0,950.0,629.0,Medium
6660500.000000001,4250750.0,4.8,60.1,25.0,935.0,571.0,Medium
6660500.000000001,4350750.0,4.8,61.3,25.0,858.0,645.0,Medium
6660500.000000001,4450750.0,4.8,60.3,25.0,879.0,545.0,Medium
6660500.000000001,4550750.0,4.6,60.2,25.0,1038.0,526.0,Medium
6660500.000000001,4650750.0,4.5,63.9,25.0,931.0,626.0,Medium
6660500.000000001,4750750.0,4.6,60.7,25.0,867.0,515.0,Medium
6660500.000000001,4850750.0,4.6,62.9,25.0,1272.0,503.0,Medium
6660500.000000001,4950750.0,4.7,61.8,25.0,1071.0,592.0,Medium
6660500.000000001,5050750.0,4.6,63.0,25.0,953.0,573.0,Medium
6660500.000000001,5150750.0,4.8,60.5,25.0,1145.0,477.0,Medium
6660500.000000001,5250750.0,4.9,61.7,25.0,832.0,538.0,Medium
6660500.000000001,5350750.0,5.7,62.6,25.0,768.0,551.0,Medium
6660500.000000001,5550750.0,5.4,62.9,25.0,959.0,588.0,Medium
6660500.000000001,5650750.0,5.2,63.5,25.0,874.0,544.0,Medium
6660500.000000001,5750750.0,5.2,66.7,25.0,842.0,584.0,Medium
6660500.000000001,5850750.0,5.6,66.7,25.0,883.0,545.0,Medium
6660500.000000001,5950750.0,5.2,66.5,25.0,906.0,504.0,Medium
6660500.000000001,6250750.0,5.5,66.0,25.0,876.0,501.0,Medium
6660500.000000001,6350750.0,5.3,63.9,25.0,756.0,490.0,Medium
6660500.000000001,6450750.0,5.4,64.5,25.0,811.0,482.0,Medium
6660500.000000001,6550750.0,5.2,64.4,25.0,870.0,470.0,Medium
6660500.000000001,6650750.0,4.9,62.5,25.0,1010.0,488.0,Medium
6660500.000000001,6750750.0,5.4,63.9,25.0,1045.0,465.0,Medium
6660500.000000001,6850750.0,4.9,61.6,25.0,910.0,508.0,Medium
6660500.000000001,6950750.0,5.0,60.9,25.0,972.0,528.0,Medium
6660500.000000001,7050750.0,5.0,61.5,25.0,1186.0,525.0,Medium
6660500.000000001,7150750.0,4.9,59.9,25.0,1017.0,471.0,Medium
6660500.000000001,7250750.0,4.6,62.1,25.0,799.0,520.0,Medium
6660500.000000001,7350750.0,5.0,63.2,25.0,752.0,494.0,Medium
6660500.000000001,7450750.0,5.0,64.3,25.0,820.0,463.0,Medium
6660500.000000001,7650750.0,5.2,65.1,25.0,714.0,479.0,Medium
6660500.000000001,7750750.0,5.3,63.8,25.0,662.0,454.0,Medium
6660500.000000001,7850750.0,5.7,65.2,25.0,715.0,443.0,Medium
6660500.000000001,7950750.0,5.7,65.5,25.0,773.0,452.0,Medium
6660500.000000001,8050750.0,5.7,64.8,25.0,788.0,426.0,Medium
6660500.000000001,8150750.0,5.9,64.7,25.0,799.0,440.0,Medium
6660500.000000001,8250750.0,5.8,62.9,25.0,793.0,424.0,Medium
6660500.000000001,8350750.0,5.7,64.9,25.0,747.0,463.0,Medium
6660500.000000001,8450750.0,5.6,65.9,25.0,660.0,443.0,Medium
6660500.000000001,8550750.0,5.6,65.8,25.0,598.0,510.0,Medium
6660500.000000001,8650750.0,5.7,63.5,25.0,704.0,469.0,Medium
6660500.000000001,8750750.0,6.0,62.7,25.0,667.0,436.0,Medium
6660500.000000001,8850750.0,5.7,62.5,25.0,846.0,439.0,Medium
6660500.000000001,8950750.0,5.8,63.5,25.0,741.0,467.0,Medium
6660500.000000001,9050750.0,5.8,62.3,25.0,725.0,426.0,Medium
6660500.000000001,9150750.0,5.5,63.7,25.0,792.0,460.0,Medium
6660500.000000001,9250750.0,6.0,65.2,25.0,912.0,504.0,Medium
6660500.000000001,9350750.0,6.1,64.6,25.0,959.0,478.0,High
6660500.000000001,9450750.0,6.1,64.3,25.0,851.0,468.0,Medium
6660500.000000001,9650750.0,6.1,62.0,25.0,921.0,451.0,Medium
6660500.000000001,9750750.0,6.2,63.6,25.0,1096.0,483.0,High
6660500.000000001,9850750.0,6.5,65.6,25.0,999.0,476.0,High
6660500.000000001,9950750.0,6.3,65.8,25.0,1165.0,458.0,High
6660500.000000001,10050750.0,6.1,66.5,25.0,1261.0,468.0,High
6660500.000000001,10150750.0,5.2,65.6,25.0,1300.0,405.0,Medium
6660500.000000001,10250750.0,5.6,58.6,25.0,1142.0,458.0,Medium
6660500.000000001,10350750.0,5.5,62.5,25.0,968.0,421.0,Medium
6660500.000000001,10450750.0,5.9,62.3,25.0,937.0,403.0,Medium
6660500.000000001,10550750.0,5.7,61.6,25.0,908.0,415.0,Medium
6660500.000000001,10650750.0,5.6,63.5,25.0,787.0,458.0,Medium
6660500.000000001,10750750.0,5.4,57.9,25.0,789.0,339.0,Medium
6660500.000000001,10850750.0,4.9,61.4,25.0,873.0,511.0,Medium
6660500.000000001,10950750.0,4.9,64.8,25.0,677.0,503.0,Medium
6660500.000000001,11050750.0,5.1,65.1,25.0,841.0,455.0,Medium
6660500.000000001,11150750.0,5.0,65.9,25.0,809.0,474.0,Medium
6660500.000000001,11250750.0,5.2,60.9,25.0,782.0,392.0,Medium
6660500.000000001,11650750.0,5.4,62.6,25.0,554.0,413.0,Medium
6660500.000000001,11850750.0,5.2,66.6,25.0,780.0,478.0,Medium
6660500.000000001,11950750.0,5.0,65.2,25.0,868.0,455.0,Medium
6660500.000000001,12050750.0,5.1,65.2,25.0,534.0,440.0,Medium
6660500.000000001,12150750.0,5.3,60.8,25.0,757.0,479.0,Medium
6660500.000000001,12250750.0,5.2,62.3,25.0,647.0,507.0,Medium
6660500.000000001,12350750.0,5.6,57.4,25.0,766.0,340.0,Medium
6560500.000000001,-15149250.0,5.5,48.2,25.0,1212.0,709.0,Medium
6560500.000000001,-15049250.0,5.2,47.6,25.0,1244.0,579.0,Medium
6560500.000000001,-14849250.0,4.6,48.4,25.0,1118.0,551.0,Medium
6560500.000000001,-14749250.0,5.0,47.2,25.0,1145.0,558.0,Medium
6560500.000000001,-14649250.0,5.3,47.5,25.0,912.0,552.0,Medium
6560500.000000001,-14549250.0,4.8,49.2,25.0,869.0,376.0,Medium
6560500.000000001,-14449250.0,5.0,48.2,25.0,641.0,359.0,Medium
6560500.000000001,-13749250.0,5.3,40.5,25.0,879.0,290.0,Medium
6560500.000000001,-13549250.0,5.5,46.5,25.0,662.0,409.0,Medium
6560500.000000001,-13449250.0,5.5,46.8,25.0,540.0,436.0,Medium
6560500.000000001,-13349250.0,6.6,53.6,25.0,371.0,397.0,Medium
6560500.000000001,-13249250.0,5.9,57.1,25.0,520.0,433.0,Medium
6560500.000000001,-13149250.0,5.6,55.5,25.0,721.0,485.0,Medium
6560500.000000001,-13049250.0,5.7,60.1,25.0,584.0,387.0,Medium
6560500.000000001,-12949250.0,5.6,59.7,25.0,511.0,399.0,Medium
6560500.000000001,-12849250.0,5.6,61.8,25.0,606.0,329.0,Medium
6560500.000000001,-12749250.0,5.8,59.8,25.0,465.0,353.0,Medium
6560500.000000001,-12649250.0,6.3,59.2,25.0,303.0,302.0,Medium
6560500.000000001,-12549250.0,6.1,61.6,25.0,247.0,330.0,Medium
6560500.000000001,-12449250.0,6.0,59.4,25.0,227.0,276.0,Medium
6560500.000000001,-12349250.0,6.0,59.9,25.0,203.0,333.0,Medium
6560500.000000001,-12249250.0,6.2,60.9,25.0,254.0,325.0,Medium
6560500.000000001,-12049250.0,6.5,58.4,25.0,262.0,338.0,Medium
6560500.000000001,-11949250.0,6.5,60.7,25.0,399.0,349.0,Medium
6560500.000000001,-11849250.0,6.5,60.6,25.0,248.0,340.0,Medium
6560500.000000001,-11749250.0,6.2,62.9,25.0,319.0,378.0,Medium
6560500.000000001,-11649250.0,6.1,64.1,25.0,374.0,385.0,Medium
6560500.000000001,-11549250.0,6.2,63.2,25.0,378.0,413.0,Medium
6560500.000000001,-11349250.0,5.6,64.7,25.0,492.0,441.0,Medium
6560500.000000001,-11249250.0,6.2,63.1,25.0,379.0,400.0,Medium
6560500.000000001,-11149250.0,5.9,61.7,25.0,423.0,383.0,Medium
6560500.000000001,-11049250.0,6.0,60.5,25.0,527.0,345.0,Medium
6560500.000000001,-10949250.0,6.1,60.1,25.0,432.0,386.0,Medium
6560500.000000001,-10849250.0,6.2,59.4,25.0,537.0,339.0,Medium
6560500.000000001,-9449250.0,5.6,61.2,25.0,794.0,529.0,Medium
6560500.000000001,-9349250.0,5.7,58.8,25.0,763.0,461.0,Medium
6560500.000000001,-9249250.0,5.9,59.2,25.0,687.0,458.0,Medium
6560500.000000001,-8849250.0,5.7,56.5,25.0,733.0,484.0,Medium
6560500.000000001,-7549250.0,5.7,47.5,25.0,716.0,291.0,Medium
6560500.000000001,1850750.0,5.4,41.5,25.0,913.0,366.0,Medium
6560500.000000001,1950750.0,5.6,52.8,25.0,826.0,327.0,Medium
6560500.000000001,2050750.0,4.7,50.6,25.0,712.0,439.0,Medium
6560500.000000001,2150750.0,4.7,54.1,25.0,882.0,379.0,Medium
6560500.000000001,2250750.0,4.6,51.9,25.0,860.0,346.0,Medium
6560500.000000001,2350750.0,4.6,56.0,25.0,787.0,380.0,Medium
6560500.000000001,2450750.0,4.6,57.3,25.0,1000.0,410.0,Medium
6560500.000000001,2550750.0,4.8,53.9,25.0,994.0,308.0,Medium
6560500.000000001,2950750.0,4.7,56.2,25.0,1053.0,413.0,Medium
6560500.000000001,3350750.0,4.9,63.5,25.0,1265.0,504.0,Medium
6560500.000000001,3450750.0,5.3,58.0,25.0,1178.0,468.0,Medium
6560500.000000001,3550750.0,4.7,63.5,25.0,1190.0,473.0,Medium
6560500.000000001,3650750.0,4.6,60.7,25.0,1014.0,521.0,Medium
6560500.000000001,3750750.0,4.9,58.9,25.0,1307.0,662.0,Medium
6560500.000000001,3950750.0,5.0,59.6,25.0,943.0,510.0,Medium
6560500.000000001,4050750.0,5.1,59.9,25.0,980.0,574.0,Medium
6560500.000000001,4150750.0,4.9,58.4,25.0,858.0,615.0,Medium
6560500.000000001,4250750.0,5.1,58.9,25.0,1052.0,535.0,Medium
6560500.000000001,4350750.0,4.6,59.9,25.0,785.0,513.0,Medium
6560500.000000001,4450750.0,5.3,59.7,25.0,1227.0,554.0,Medium
6560500.000000001,4550750.0,4.8,59.7,25.0,828.0,536.0,Medium
6560500.000000001,4650750.0,5.5,58.9,25.0,897.0,495.0,Medium
6560500.000000001,4750750.0,5.1,56.5,25.0,917.0,489.0,Medium
6560500.000000001,4850750.0,4.9,56.4,25.0,944.0,504.0,Medium
6560500.000000001,4950750.0,4.9,58.8,25.0,909.0,575.0,Medium
6560500.000000001,5050750.0,5.1,60.6,25.0,942.0,551.0,Medium
6560500.000000001,5150750.0,4.9,62.8,25.0,980.0,515.0,Medium
6560500.000000001,5250750.0,5.2,55.0,25.0,746.0,490.0,Medium
6560500.000000001,5350750.0,5.7,61.0,25.0,680.0,543.0,Medium
6560500.000000001,5450750.0,5.6,58.5,25.0,763.0,582.0,Medium
6560500.000000001,5550750.0,5.6,62.7,25.0,745.0,541.0,Medium
6560500.000000001,5750750.0,5.3,63.1,25.0,838.0,531.0,Medium
6560500.000000001,5850750.0,5.5,64.2,25.0,872.0,520.0,Medium
6560500.000000001,5950750.0,5.6,63.6,25.0,849.0,592.0,Medium
6560500.000000001,6050750.0,5.1,62.3,25.0,862.0,553.0,Medium
6560500.000000001,6150750.0,5.2,64.7,25.0,824.0,537.0,Medium
6560500.000000001,6250750.0,5.2,61.8,25.0,867.0,512.0,Medium
6560500.000000001,6350750.0,5.2,62.3,25.0,718.0,468.0,Medium
6560500.000000001,6450750.0,5.4,63.0,25.0,802.0,464.0,Medium
6560500.000000001,6550750.0,5.5,62.1,25.0,761.0,511.0,Medium
6560500.000000001,6650750.0,5.2,60.5,25.0,752.0,480.0,Medium
6560500.000000001,6750750.0,5.3,61.0,25.0,917.0,457.0,Medium
6560500.000000001,6850750.0,4.9,60.1,25.0,803.0,427.0,Medium
6560500.000000001,6950750.0,5.1,58.8,25.0,892.0,426.0,Medium
6560500.000000001,7050750.0,5.1,59.3,25.0,903.0,414.0,Medium
6560500.000000001,7150750.0,5.7,61.3,25.0,920.0,498.0,Medium
6560500.000000001,7250750.0,4.6,62.3,25.0,979.0,447.0,Medium
6560500.000000001,7350750.0,4.7,62.9,25.0,869.0,467.0,Medium
6560500.000000001,7450750.0,4.9,64.7,25.0,856.0,479.0,Medium
6560500.000000001,7550750.0,5.2,63.6,25.0,865.0,435.0,Medium
6560500.000000001,7650750.0,5.4,63.7,25.0,860.0,471.0,Medium
6560500.000000001,7750750.0,5.5,64.9,25.0,691.0,453.0,Medium
6560500.000000001,7850750.0,5.7,64.0,25.0,735.0,422.0,Medium
6560500.000000001,7950750.0,5.9,63.6,25.0,689.0,472.0,Medium
6560500.000000001,8050750.0,5.8,62.2,25.0,690.0,505.0,Medium
6560500.000000001,8150750.0,5.8,64.9,25.0,744.0,381.0,Medium
6560500.000000001,8250750.0,6.0,63.2,25.0,716.0,428.0,Medium
6560500.000000001,8350750.0,6.0,64.2,25.0,634.0,471.0,Medium
6560500.000000001,8450750.0,5.9,65.6,25.0,579.0,418.0,Medium
6560500.000000001,8550750.0,5.7,63.9,25.0,660.0,442.0,Medium
6560500.000000001,8650750.0,5.8,64.3,25.0,618.0,458.0,Medium
6560500.000000001,8750750.0,5.7,64.3,25.0,692.0,487.0,Medium
6560500.000000001,8850750.0,6.0,63.7,25.0,621.0,420.0,Medium
6560500.000000001,8950750.0,6.1,61.9,25.0,676.0,401.0,Medium
6560500.000000001,9050750.0,5.5,64.6,25.0,823.0,396.0,Medium
6560500.000000001,9150750.0,6.5,61.8,25.0,620.0,440.0,Medium
6560500.000000001,9250750.0,5.9,64.1,25.0,771.0,419.0,Medium
6560500.000000001,9350750.0,5.7,65.9,25.0,615.0,410.0,Medium
6560500.000000001,9450750.0,5.8,65.9,25.0,583.0,428.0,Medium
6560500.000000001,9550750.0,6.1,65.4,25.0,825.0,426.0,Medium
6560500.000000001,9650750.0,5.9,64.7,25.0,771.0,402.0,Medium
6560500.000000001,9750750.0,5.9,63.2,25.0,929.0,434.0,Medium
6560500.000000001,9850750.0,6.0,62.7,25.0,963.0,452.0,Medium
6560500.000000001,9950750.0,6.1,62.9,25.0,1028.0,428.0,High
6560500.000000001,10050750.0,6.4,61.6,25.0,1061.0,481.0,High
6560500.000000001,10150750.0,6.2,63.7,25.0,1096.0,439.0,High
6560500.000000001,10250750.0,5.9,61.3,25.0,1116.0,436.0,Medium
6560500.000000001,10350750.0,5.6,64.2,25.0,845.0,362.0,Medium
6560500.000000001,10450750.0,6.0,62.5,25.0,884.0,430.0,Medium
6560500.000000001,10550750.0,5.9,62.7,25.0,841.0,374.0,Medium
6560500.000000001,10650750.0,5.5,56.6,25.0,893.0,382.0,Medium
6560500.000000001,10750750.0,5.7,58.8,25.0,953.0,296.0,Medium
6560500.000000001,10850750.0,4.9,62.2,25.0,924.0,372.0,Medium
6560500.000000001,10950750.0,5.5,62.5,25.0,948.0,398.0,Medium
6560500.000000001,11050750.0,4.7,66.5,25.0,990.0,390.0,Medium
6560500.000000001,11150750.0,4.8,63.4,25.0,721.0,290.0,Medium
6560500.000000001,11250750.0,5.0,62.8,25.0,783.0,413.0,Medium
6560500.000000001,11350750.0,5.4,57.0,25.0,771.0,305.0,Medium
6560500.000000001,11950750.0,5.0,60.6,25.0,1030.0,416.0,Medium
6560500.000000001,12050750.0,5.3,60.6,25.0,720.0,353.0,Medium
6560500.000000001,12150750.0,5.2,57.6,25.0,664.0,424.0,Medium
6460500.000000001,-15149250.0,5.0,47.7,25.0,1182.0,600.0,Medium
6460500.000000001,-15049250.0,4.4,48.2,25.0,1296.0,470.0,Medium
6460500.000000001,-14949250.0,4.8,48.7,25.0,1026.0,545.0,Medium
6460500.000000001,-14849250.0,5.0,49.1,25.0,1054.0,585.0,Medium
6460500.000000001,-14749250.0,4.9,48.0,25.0,1078.0,528.0,Medium
6460500.000000001,-13449250.0,5.4,41.2,25.0,700.0,434.0,Medium
6460500.000000001,-13349250.0,5.2,48.2,25.0,798.0,447.0,Medium
6460500.000000001,-13249250.0,5.5,50.0,25.0,810.0,446.0,Medium
6460500.000000001,-13149250.0,5.4,49.8,25.0,807.0,481.0,Medium
6460500.000000001,-13049250.0,5.7,56.3,25.0,771.0,403.0,Medium
6460500.000000001,-12949250.0,5.8,59.1,25.0,587.0,402.0,Medium
6460500.000000001,-12849250.0,5.5,61.8,25.0,800.0,445.0,Medium
6460500.000000001,-12749250.0,6.0,58.1,25.0,489.0,287.0,Medium
6460500.000000001,-12649250.0,6.2,59.3,25.0,357.0,304.0,Medium
6460500.000000001,-12549250.0,6.0,60.3,25.0,317.0,315.0,Medium
6460500.000000001,-12449250.0,6.3,59.1,25.0,208.0,267.0,Medium
6460500.000000001,-12349250.0,6.4,60.4,25.0,267.0,357.0,Medium
6460500.000000001,-12249250.0,6.5,58.8,25.0,232.0,362.0,Medium
6460500.000000001,-12149250.0,6.0,60.7,25.0,278.0,320.0,Medium
6460500.000000001,-12049250.0,6.4,60.0,25.0,218.0,334.0,Medium
6460500.000000001,-11949250.0,6.5,57.3,25.0,322.0,355.0,Medium
6460500.000000001,-11649250.0,6.6,59.9,25.0,469.0,463.0,Medium
6460500.000000001,-11549250.0,6.4,59.3,25.0,294.0,385.0,Medium
6460500.000000001,-11449250.0,6.2,61.0,25.0,395.0,437.0,Medium
6460500.000000001,-11349250.0,6.1,62.1,25.0,296.0,335.0,Medium
6460500.000000001,-11249250.0,5.9,61.2,25.0,299.0,345.0,Medium
6460500.000000001,-11149250.0,6.0,62.2,25.0,260.0,350.0,Medium
6460500.000000001,-11049250.0,6.1,60.6,25.0,358.0,407.0,Medium
6460500.000000001,-10949250.0,6.1,60.5,25.0,306.0,323.0,Medium
6460500.000000001,-10849250.0,6.4,59.8,25.0,575.0,438.0,Medium
6460500.000000001,-9649250.0,5.9,59.5,25.0,946.0,470.0,Medium
6460500.000000001,-9549250.0,5.4,59.1,25.0,920.0,500.0,Medium
6460500.000000001,-9449250.0,5.9,61.6,25.0,842.0,475.0,Medium
6460500.000000001,-9349250.0,5.6,60.0,25.0,806.0,427.0,Medium
6460500.000000001,-9249250.0,5.7,58.8,25.0,689.0,389.0,Medium
6460500.000000001,-9149250.0,5.7,60.6,25.0,684.0,407.0,Medium
6460500.000000001,-8849250.0,5.6,58.1,25.0,811.0,468.0,Medium
6460500.000000001,-8749250.0,5.6,53.4,25.0,789.0,396.0,Medium
6460500.000000001,1850750.0,5.5,42.0,25.0,803.0,309.0,Medium
6460500.000000001,1950750.0,4.9,51.5,25.0,758.0,365.0,Medium
6460500.000000001,2050750.0,4.9,51.4,25.0,698.0,370.0,Medium
6460500.000000001,2150750.0,4.7,53.1,25.0,609.0,266.0,Medium
6460500.000000001,2350750.0,5.9,60.2,25.0,767.0,288.0,Medium
6460500.000000001,2450750.0,4.6,52.2,25.0,834.0,344.0,Medium
6460500.000000001,2550750.0,4.8,52.9,25.0,777.0,342.0,Medium
6460500.000000001,2950750.0,6.1,58.4,25.0,846.0,377.0,Medium
6460500.000000001,3050750.0,5.9,60.2,25.0,897.0,317.0,Medium
6460500.000000001,3150750.0,5.6,57.7,25.0,1115.0,361.0,Medium
6460500.000000001,3250750.0,5.0,61.2,25.0,1286.0,343.0,Medium
6460500.000000001,3350750.0,5.0,61.4,25.0,1160.0,373.0,Medium
6460500.000000001,3450750.0,5.9,58.9,25.0,1204.0,356.0,Medium
6460500.000000001,3550750.0,4.7,63.5,25.0,1242.0,449.0,Medium
6460500.000000001,3650750.0,5.1,61.5,25.0,1084.0,537.0,Medium
6460500.000000001,3750750.0,5.0,63.3,25.0,1243.0,675.0,Medium
6460500.000000001,3850750.0,5.2,62.5,25.0,1291.0,496.0,Medium
6460500.000000001,3950750.0,5.1,60.0,25.0,924.0,562.0,Medium
6460500.000000001,4050750.0,5.0,58.7,25.0,1018.0,517.0,Medium
6460500.000000001,4150750.0,5.1,54.7,25.0,975.0,572.0,Medium
6460500.000000001,4250750.0,5.1,56.1,25.0,1005.0,560.0,Medium
6460500.000000001,4350750.0,5.0,54.6,25.0,969.0,547.0,Medium
6460500.000000001,4450750.0,4.9,56.6,25.0,881.0,503.0,Medium
6460500.000000001,4550750.0,5.1,51.8,25.0,1099.0,512.0,Medium
6460500.000000001,4650750.0,5.2,55.1,25.0,1044.0,533.0,Medium
6460500.000000001,4750750.0,5.1,56.9,25.0,1012.0,531.0,Medium
6460500.000000001,4850750.0,5.1,58.6,25.0,948.0,494.0,Medium
6460500.000000001,4950750.0,5.4,61.6,25.0,841.0,527.0,Medium
6460500.000000001,5050750.0,5.4,58.1,25.0,983.0,498.0,Medium
6460500.000000001,5150750.0,5.1,61.8,25.0,975.0,462.0,Medium
6460500.000000001,5250750.0,4.9,63.5,25.0,1102.0,440.0,Medium
6460500.000000001,5350750.0,5.9,61.9,25.0,651.0,456.0,Medium
6460500.000000001,5450750.0,5.6,59.9,25.0,700.0,511.0,Medium
6460500.000000001,5550750.0,5.5,60.0,25.0,676.0,518.0,Medium
6460500.000000001,5650750.0,5.7,63.3,25.0,836.0,555.0,Medium
6460500.000000001,5750750.0,5.8,63.8,25.0,820.0,524.0,Medium
6460500.000000001,5850750.0,5.6,63.6,25.0,824.0,536.0,Medium
6460500.000000001,5950750.0,5.5,61.5,25.0,754.0,544.0,Medium
6460500.000000001,6050750.0,5.7,62.7,25.0,754.0,498.0,Medium
6460500.000000001,6150750.0,5.3,62.7,25.0,798.0,509.0,Medium
6460500.000000001,6250750.0,5.2,61.2,25.0,785.0,498.0,Medium
6460500.000000001,6350750.0,5.6,62.6,25.0,751.0,488.0,Medium
6460500.000000001,6450750.0,5.4,57.9,25.0,683.0,415.0,Medium
6460500.000000001,6550750.0,5.4,59.0,25.0,691.0,394.0,Medium
6460500.000000001,6650750.0,5.2,60.5,25.0,670.0,403.0,Medium
6460500.000000001,6750750.0,5.6,61.0,25.0,665.0,404.0,Medium
6460500.000000001,6850750.0,5.3,60.6,25.0,820.0,454.0,Medium
6460500.000000001,6950750.0,5.3,60.4,25.0,745.0,385.0,Medium
6460500.000000001,7050750.0,5.3,60.0,25.0,738.0,346.0,Medium
6460500.000000001,7150750.0,5.5,59.9,25.0,895.0,346.0,Medium
6460500.000000001,7250750.0,5.0,59.8,25.0,748.0,397.0,Medium
6460500.000000001,7350750.0,5.3,62.7,25.0,642.0,406.0,Medium
6460500.000000001,7450750.0,4.9,63.4,25.0,711.0,425.0,Medium
6460500.000000001,7550750.0,5.3,65.2,25.0,590.0,375.0,Medium
6460500.000000001,7650750.0,5.3,63.8,25.0,613.0,363.0,Medium
6460500.000000001,7750750.0,5.5,62.2,25.0,595.0,389.0,Medium
6460500.000000001,7850750.0,6.0,62.8,25.0,595.0,333.0,Medium
6460500.000000001,7950750.0,5.6,62.8,25.0,496.0,383.0,Medium
6460500.000000001,8050750.0,5.8,62.7,25.0,653.0,390.0,Medium
6460500.000000001,8150750.0,5.7,64.5,25.0,729.0,431.0,Medium
6460500.000000001,8250750.0,6.0,62.5,25.0,753.0,401.0,Medium
6460500.000000001,8350750.0,5.9,62.3,25.0,617.0,414.0,Medium
6460500.000000001,8450750.0,6.0,63.3,25.0,704.0,448.0,Medium
6460500.000000001,8550750.0,5.9,66.3,25.0,733.0,449.0,Medium
6460500.000000001,8650750.0,5.8,61.6,25.0,641.0,375.0,Medium
6460500.000000001,8750750.0,5.9,62.1,25.0,592.0,421.0,Medium
6460500.000000001,8850750.0,5.4,63.5,25.0,676.0,376.0,Medium
6460500.000000001,8950750.0,5.5,63.9,25.0,809.0,371.0,Medium
6460500.000000001,9050750.0,5.4,64.5,25.0,1031.0,418.0,Medium
6460500.000000001,9150750.0,5.5,65.6,25.0,1003.0,473.0,Medium
6460500.000000001,9250750.0,6.0,62.8,25.0,962.0,358.0,Medium
6460500.000000001,9350750.0,6.3,64.1,25.0,953.0,364.0,High
6460500.000000001,9450750.0,5.9,65.4,25.0,771.0,375.0,Medium
6460500.000000001,9550750.0,5.6,65.7,25.0,753.0,382.0,Medium
6460500.000000001,9650750.0,5.9,63.9,25.0,717.0,352.0,Medium
6460500.000000001,9750750.0,6.3,64.8,25.0,939.0,384.0,High
6460500.000000001,9850750.0,6.2,65.8,25.0,925.0,374.0,Medium
6460500.000000001,9950750.0,6.1,62.9,25.0,838.0,393.0,Medium
6460500.000000001,10050750.0,6.3,60.8,25.0,787.0,436.0,Medium
6460500.000000001,10150750.0,6.0,66.1,25.0,1074.0,375.0,Medium
6460500.000000001,10250750.0,6.1,64.6,25.0,1050.0,383.0,High
6460500.000000001,10350750.0,5.5,64.2,25.0,1002.0,397.0,Medium
6460500.000000001,10450750.0,5.3,65.0,25.0,1031.0,329.0,Medium
6460500.000000001,10550750.0,5.7,62.5,25.0,847.0,384.0,Medium
6460500.000000001,10650750.0,5.6,63.1,25.0,946.0,341.0,Medium
6460500.000000001,11450750.0,4.6,57.9,25.0,847.0,309.0,Medium
6460500.000000001,11950750.0,5.7,61.6,25.0,867.0,409.0,Medium
6460500.000000001,12050750.0,4.9,56.0,25.0,968.0,306.0,Medium
6360500.000000001,-14949250.0,5.4,48.0,25.0,949.0,486.0,Medium
6360500.000000001,-14649250.0,4.7,43.1,25.0,1073.0,413.0,Medium
6360500.000000001,-13549250.0,4.6,46.1,25.0,670.0,389.0,Medium
6360500.000000001,-13449250.0,4.6,42.5,25.0,555.0,514.0,Medium
6360500.000000001,-13349250.0,5.2,44.7,25.0,707.0,489.0,Medium
6360500.000000001,-13249250.0,5.1,49.1,25.0,789.0,432.0,Medium
6360500.000000001,-13149250.0,5.5,55.6,25.0,698.0,486.0,Medium
6360500.000000001,-13049250.0,5.3,55.4,25.0,727.0,415.0,Medium
6360500.000000001,-12949250.0,5.6,58.3,25.0,831.0,437.0,Medium
6360500.000000001,-12849250.0,5.7,56.1,25.0,804.0,406.0,Medium
6360500.000000001,-12749250.0,5.5,61.3,25.0,607.0,366.0,Medium
6360500.000000001,-12649250.0,5.7,58.3,25.0,353.0,331.0,Medium
6360500.000000001,-12549250.0,6.4,57.2,25.0,299.0,277.0,Medium
6360500.000000001,-12449250.0,6.0,57.1,25.0,197.0,222.0,Medium
6360500.000000001,-12349250.0,6.1,58.0,25.0,169.0,206.0,Medium
6360500.000000001,-12249250.0,6.4,55.7,25.0,167.0,263.0,Medium
6360500.000000001,-12149250.0,6.4,55.6,25.0,279.0,251.0,Medium
6360500.000000001,-12049250.0,6.5,56.8,25.0,243.0,283.0,Medium
6360500.000000001,-11949250.0,6.0,57.9,25.0,304.0,331.0,Medium
6360500.000000001,-11849250.0,6.5,57.8,25.0,213.0,214.0,Medium
6360500.000000001,-11749250.0,6.2,58.6,25.0,236.0,294.0,Medium
6360500.000000001,-11449250.0,6.0,60.8,25.0,358.0,413.0,Medium
6360500.000000001,-11249250.0,6.1,59.5,25.0,261.0,406.0,Medium
6360500.000000001,-11149250.0,6.0,60.2,25.0,299.0,355.0,Medium
6360500.000000001,-11049250.0,6.0,60.4,25.0,247.0,345.0,Medium
6360500.000000001,-10949250.0,5.9,60.4,25.0,348.0,313.0,Medium
6360500.000000001,-10849250.0,6.1,60.7,25.0,587.0,511.0,Medium
6360500.000000001,-9549250.0,5.0,61.3,25.0,978.0,463.0,Medium
6360500.000000001,-9449250.0,5.4,61.1,25.0,849.0,463.0,Medium
6360500.000000001,-9349250.0,5.7,61.1,25.0,781.0,419.0,Medium
6360500.000000001,-9249250.0,5.2,61.9,25.0,853.0,460.0,Medium
6360500.000000001,-9149250.0,5.5,61.0,25.0,708.0,446.0,Medium
6360500.000000001,-9049250.0,5.3,59.2,25.0,684.0,401.0,Medium
6360500.000000001,-8949250.0,5.3,61.2,25.0,829.0,402.0,Medium
6360500.000000001,-8849250.0,5.2,61.0,25.0,867.0,459.0,Medium
6360500.000000001,-8749250.0,5.5,57.5,25.0,804.0,454.0,Medium
6360500.000000001,850750.0,4.4,46.4,25.0,1683.0,363.0,Medium
6360500.000000001,1050750.0,4.2,47.6,25.0,1479.0,376.0,Medium
6360500.000000001,1850750.0,4.7,48.3,25.0,596.0,375.0,Medium
6360500.000000001,2150750.0,4.4,50.7,25.0,547.0,247.0,Low
6360500.000000001,2250750.0,5.0,55.3,25.0,677.0,304.0,Medium
6360500.000000001,2350750.0,4.4,54.0,25.0,739.0,328.0,Medium
6360500.000000001,2450750.0,5.8,49.9,25.0,763.0,340.0,Medium
6360500.000000001,3050750.0,5.4,62.0,25.0,1312.0,343.0,Medium
6360500.000000001,3150750.0,5.4,58.5,25.0,1213.0,395.0,Medium
6360500.000000001,3250750.0,5.5,54.5,25.0,1083.0,315.0,Medium
6360500.000000001,3350750.0,5.1,55.8,25.0,1443.0,371.0,Medium
6360500.000000001,3450750.0,5.4,56.8,25.0,1321.0,413.0,Medium
6360500.000000001,3550750.0,5.2,62.4,25.0,1210.0,428.0,Medium
6360500.000000001,3650750.0,5.2,60.6,25.0,1185.0,536.0,Medium
6360500.000000001,3750750.0,5.0,60.7,25.0,1275.0,474.0,Medium
6360500.000000001,3850750.0,5.0,58.5,25.0,1154.0,459.0,Medium
6360500.000000001,3950750.0,5.0,59.0,25.0,1046.0,526.0,Medium
6360500.000000001,4050750.0,5.2,56.7,25.0,1311.0,428.0,Medium
6360500.000000001,4150750.0,5.2,54.9,25.0,1202.0,454.0,Medium
6360500.000000001,4250750.0,5.2,57.4,25.0,1127.0,527.0,Medium
6360500.000000001,4350750.0,5.2,56.9,25.0,882.0,497.0,Medium
6360500.000000001,4450750.0,5.5,57.5,25.0,1132.0,512.0,Medium
6360500.000000001,4550750.0,5.2,56.3,25.0,1179.0,499.0,Medium
6360500.000000001,4650750.0,5.3,54.8,25.0,1002.0,396.0,Medium
6360500.000000001,4750750.0,5.7,60.0,25.0,1092.0,561.0,Medium
6360500.000000001,4850750.0,5.9,61.9,25.0,940.0,382.0,Medium
6360500.000000001,4950750.0,5.4,57.9,25.0,801.0,449.0,Medium
6360500.000000001,5050750.0,5.7,60.4,25.0,973.0,509.0,Medium
6360500.000000001,5250750.0,5.1,60.3,25.0,811.0,389.0,Medium
6360500.000000001,5350750.0,5.4,61.6,25.0,669.0,490.0,Medium
6360500.000000001,5450750.0,5.6,58.6,25.0,599.0,457.0,Medium
6360500.000000001,5550750.0,5.8,59.6,25.0,538.0,461.0,Medium
6360500.000000001,5650750.0,5.7,59.7,25.0,729.0,495.0,Medium
6360500.000000001,5750750.0,5.7,62.7,25.0,649.0,441.0,Medium
6360500.000000001,5850750.0,5.6,63.1,25.0,671.0,471.0,Medium
6360500.000000001,5950750.0,5.6,61.8,25.0,658.0,483.0,Medium
6360500.000000001,6050750.0,5.7,61.0,25.0,735.0,479.0,Medium
6360500.000000001,6150750.0,5.7,62.9,25.0,750.0,518.0,Medium
6360500.000000001,6250750.0,5.6,63.1,25.0,773.0,520.0,Medium
6360500.000000001,6350750.0,5.5,62.2,25.0,718.0,492.0,Medium
6360500.000000001,6450750.0,5.5,61.8,25.0,709.0,404.0,Medium
6360500.000000001,6550750.0,5.5,59.4,25.0,751.0,416.0,Medium
6360500.000000001,6650750.0,5.3,59.4,25.0,546.0,366.0,Medium
6360500.000000001,6750750.0,6.0,61.6,25.0,658.0,433.0,Medium
6360500.000000001,6850750.0,6.2,61.0,25.0,601.0,409.0,Medium
6360500.000000001,6950750.0,5.4,60.3,25.0,523.0,339.0,Medium
6360500.000000001,7050750.0,5.4,59.8,25.0,502.0,245.0,Medium
6360500.000000001,7150750.0,5.4,61.0,25.0,507.0,327.0,Medium
6360500.000000001,7250750.0,5.4,59.8,25.0,470.0,373.0,Medium
6360500.000000001,7350750.0,5.4,60.9,25.0,467.0,330.0,Medium
6360500.000000001,7450750.0,5.5,62.5,25.0,464.0,353.0,Medium
6360500.000000001,7550750.0,5.8,61.8,25.0,353.0,417.0,Medium
6360500.000000001,7650750.0,5.7,61.1,25.0,415.0,334.0,Medium
6360500.000000001,7750750.0,5.6,65.3,25.0,427.0,377.0,Medium
6360500.000000001,7850750.0,5.8,57.4,25.0,611.0,430.0,Medium
6360500.000000001,7950750.0,6.0,63.3,25.0,585.0,358.0,Medium
6360500.000000001,8050750.0,6.0,63.5,25.0,585.0,405.0,Medium
6360500.000000001,8150750.0,6.0,60.9,25.0,521.0,398.0,Medium
6360500.000000001,8250750.0,5.9,65.8,25.0,738.0,381.0,Medium
6360500.000000001,8350750.0,5.8,62.9,25.0,817.0,425.0,Medium
6360500.000000001,8450750.0,5.9,62.0,25.0,696.0,365.0,Medium
6360500.000000001,8550750.0,6.0,60.7,25.0,664.0,405.0,Medium
6360500.000000001,8650750.0,5.9,60.4,25.0,631.0,358.0,Medium
6360500.000000001,8750750.0,6.1,61.5,25.0,610.0,327.0,Medium
6360500.000000001,8850750.0,5.5,58.8,25.0,696.0,360.0,Medium
6360500.000000001,8950750.0,5.6,64.0,25.0,762.0,326.0,Medium
6360500.000000001,9050750.0,5.4,63.8,25.0,784.0,339.0,Medium
6360500.000000001,9150750.0,5.5,62.8,25.0,919.0,395.0,Medium
6360500.000000001,9250750.0,5.5,63.1,25.0,1055.0,408.0,Medium
6360500.000000001,9350750.0,5.3,62.8,25.0,922.0,379.0,Medium
6360500.000000001,9450750.0,5.5,63.4,25.0,922.0,344.0,Medium
6360500.000000001,9550750.0,5.4,64.3,25.0,864.0,272.0,Medium
6360500.000000001,9650750.0,5.6,64.8,25.0,756.0,412.0,Medium
6360500.000000001,9750750.0,4.5,60.6,25.0,912.0,351.0,Medium
6360500.000000001,9850750.0,5.0,63.0,25.0,868.0,315.0,Medium
6360500.000000001,9950750.0,5.1,61.4,25.0,1024.0,354.0,Medium
6360500.000000001,10050750.0,5.4,65.4,25.0,857.0,291.0,Medium
6360500.000000001,10150750.0,5.5,66.0,25.0,1083.0,334.0,Medium
6360500.000000001,10250750.0,6.0,63.9,25.0,849.0,328.0,Medium
6360500.000000001,10350750.0,6.2,63.7,25.0,976.0,416.0,High
6360500.000000001,10450750.0,5.9,65.5,25.0,972.0,386.0,Medium
6360500.000000001,10550750.0,5.5,64.1,25.0,1054.0,393.0,Medium
6360500.000000001,10650750.0,5.7,63.4,25.0,884.0,347.0,Medium
6360500.000000001,10750750.0,6.4,51.0,25.0,818.0,392.0,Medium
6360500.000000001,12050750.0,5.1,63.4,25.0,819.0,429.0,Medium
6360500.000000001,12150750.0,5.2,57.1,25.0,1002.0,291.0,Medium
6260500.000000001,-15049250.0,5.0,46.7,25.0,1303.0,477.0,Medium
6260500.000000001,-13549250.0,4.7,43.8,25.0,522.0,466.0,Medium
6260500.000000001,-13349250.0,5.3,42.2,25.0,638.0,382.0,Medium
6260500.000000001,-13149250.0,5.7,44.5,25.0,614.0,389.0,Medium
6260500.000000001,-13049250.0,5.7,53.0,25.0,759.0,370.0,Medium
6260500.000000001,-12949250.0,5.7,52.5,25.0,766.0,401.0,Medium
6260500.000000001,-12849250.0,5.6,59.5,25.0,758.0,337.0,Medium
6260500.000000001,-12749250.0,5.3,59.5,25.0,663.0,331.0,Medium
6260500.000000001,-12649250.0,5.8,59.1,25.0,349.0,226.0,Medium
6260500.000000001,-12549250.0,6.0,57.6,25.0,246.0,208.0,Medium
6260500.000000001,-12449250.0,5.8,57.6,25.0,257.0,231.0,Medium
6260500.000000001,-12349250.0,5.9,54.8,25.0,186.0,168.0,Medium
6260500.000000001,-12249250.0,6.0,51.2,25.0,133.0,130.0,Medium
6260500.000000001,-12149250.0,6.1,51.6,25.0,152.0,224.0,Medium
6260500.000000001,-12049250.0,6.0,53.2,25.0,155.0,243.0,Medium
6260500.000000001,-11949250.0,6.4,53.0,25.0,241.0,213.0,Medium
6260500.000000001,-11849250.0,5.9,52.7,25.0,219.0,282.0,Medium
6260500.000000001,-11749250.0,6.2,52.8,25.0,182.0,269.0,Medium
6260500.000000001,-11649250.0,6.2,54.4,25.0,198.0,246.0,Medium
6260500.000000001,-11549250.0,6.0,56.8,25.0,388.0,334.0,Medium
6260500.000000001,-11449250.0,6.0,57.3,25.0,277.0,339.0,Medium
6260500.000000001,-11349250.0,6.1,55.3,25.0,294.0,374.0,Medium
6260500.000000001,-10949250.0,5.9,58.2,25.0,429.0,430.0,Medium
6260500.000000001,-10749250.0,6.1,59.9,25.0,577.0,531.0,Medium
6260500.000000001,-10649250.0,6.5,57.5,25.0,904.0,647.0,High
6260500.000000001,-10549250.0,6.2,57.1,25.0,719.0,523.0,Medium
6260500.000000001,-9349250.0,5.7,62.2,25.0,788.0,433.0,Medium
6260500.000000001,-9249250.0,5.5,62.2,25.0,836.0,424.0,Medium
6260500.000000001,-9149250.0,5.2,62.0,25.0,744.0,473.0,Medium
6260500.000000001,-9049250.0,5.5,60.7,25.0,726.0,447.0,Medium
6260500.000000001,-8949250.0,5.2,62.3,25.0,711.0,436.0,Medium
6260500.000000001,-8749250.0,5.5,61.4,25.0,785.0,494.0,Medium
6260500.000000001,-8649250.0,5.7,59.2,25.0,767.0,359.0,Medium
6260500.000000001,-8549250.0,5.3,61.5,25.0,673.0,263.0,Medium
6260500.000000001,950750.0,4.3,46.5,25.0,1457.0,411.0,Medium
6260500.000000001,1050750.0,4.2,47.2,25.0,1562.0,356.0,Medium
6260500.000000001,1950750.0,5.9,48.0,25.0,645.0,351.0,Medium
6260500.000000001,2150750.0,4.7,49.8,25.0,548.0,279.0,Medium
6260500.000000001,2250750.0,4.6,51.2,25.0,834.0,269.0,Medium
6260500.000000001,2350750.0,4.2,51.1,25.0,595.0,252.0,Low
6260500.000000001,2450750.0,6.1,48.0,25.0,950.0,401.0,Medium
6260500.000000001,2850750.0,6.6,58.9,25.0,1176.0,332.0,High
6260500.000000001,2950750.0,6.7,54.6,25.0,875.0,374.0,Medium
6260500.000000001,3050750.0,5.3,57.0,25.0,1031.0,325.0,Medium
6260500.000000001,3150750.0,6.4,58.7,25.0,1174.0,352.0,High
6260500.000000001,3250750.0,5.7,59.0,25.0,1378.0,306.0,Medium
6260500.000000001,3350750.0,5.6,60.4,25.0,1392.0,381.0,Medium
6260500.000000001,3450750.0,5.1,54.4,25.0,1198.0,367.0,Medium
6260500.000000001,3550750.0,5.6,60.4,25.0,1263.0,413.0,Medium
6260500.000000001,3650750.0,5.3,61.2,25.0,1078.0,405.0,Medium
6260500.000000001,3750750.0,5.1,59.6,25.0,1130.0,429.0,Medium
6260500.000000001,3850750.0,5.2,61.4,25.0,1000.0,455.0,Medium
6260500.000000001,3950750.0,5.3,50.8,25.0,1077.0,357.0,Medium
6260500.000000001,4050750.0,5.4,54.3,25.0,970.0,361.0,Medium
6260500.000000001,4150750.0,5.7,54.9,25.0,917.0,437.0,Medium
6260500.000000001,4250750.0,5.2,55.3,25.0,1143.0,455.0,Medium
6260500.000000001,4350750.0,5.1,53.1,25.0,1042.0,416.0,Medium
6260500.000000001,4450750.0,5.0,57.0,25.0,1101.0,422.0,Medium
6260500.000000001,4550750.0,4.9,52.2,25.0,716.0,337.0,Medium
6260500.000000001,4650750.0,5.6,62.3,25.0,771.0,447.0,Medium
6260500.000000001,4750750.0,5.6,52.6,25.0,1103.0,387.0,Medium
6260500.000000001,4850750.0,5.7,61.6,25.0,950.0,426.0,Medium
6260500.000000001,4950750.0,5.6,57.6,25.0,685.0,368.0,Medium
6260500.000000001,5150750.0,5.9,62.0,25.0,779.0,441.0,Medium
6260500.000000001,5250750.0,5.3,59.1,25.0,863.0,404.0,Medium
6260500.000000001,5350750.0,5.4,56.7,25.0,879.0,436.0,Medium
6260500.000000001,5450750.0,5.6,60.5,25.0,771.0,476.0,Medium
6260500.000000001,5550750.0,6.0,61.7,25.0,437.0,399.0,Medium
6260500.000000001,5650750.0,6.0,60.7,25.0,504.0,414.0,Medium
6260500.000000001,5750750.0,5.9,60.7,25.0,616.0,434.0,Medium
6260500.000000001,5850750.0,5.7,62.9,25.0,810.0,419.0,Medium
6260500.000000001,5950750.0,5.9,62.1,25.0,894.0,424.0,Medium
6260500.000000001,6050750.0,6.2,63.5,25.0,684.0,417.0,Medium
6260500.000000001,6150750.0,6.1,63.6,25.0,636.0,440.0,Medium
6260500.000000001,6250750.0,5.8,61.9,25.0,832.0,493.0,Medium
6260500.000000001,6350750.0,5.9,61.6,25.0,566.0,422.0,Medium
6260500.000000001,6450750.0,5.9,60.7,25.0,689.0,443.0,Medium
6260500.000000001,6550750.0,5.7,60.9,25.0,561.0,478.0,Medium
6260500.000000001,6650750.0,5.6,59.9,25.0,512.0,350.0,Medium
6260500.000000001,6750750.0,5.7,60.6,25.0,571.0,380.0,Medium
6260500.000000001,6850750.0,5.8,60.0,25.0,354.0,407.0,Medium
6260500.000000001,6950750.0,5.7,59.2,25.0,511.0,359.0,Medium
6260500.000000001,7050750.0,6.0,59.7,25.0,651.0,373.0,Medium
6260500.000000001,7150750.0,5.6,59.2,25.0,380.0,345.0,Medium
6260500.000000001,7250750.0,5.9,60.0,25.0,347.0,383.0,Medium
6260500.000000001,7350750.0,5.7,59.8,25.0,444.0,455.0,Medium
6260500.000000001,7450750.0,5.7,62.1,25.0,484.0,391.0,Medium
6260500.000000001,7550750.0,5.9,60.2,25.0,394.0,345.0,Medium
6260500.000000001,7650750.0,6.0,62.3,25.0,349.0,376.0,Medium
6260500.000000001,7750750.0,6.4,62.3,25.0,580.0,451.0,Medium
6260500.000000001,7850750.0,5.7,62.6,25.0,494.0,375.0,Medium
6260500.000000001,7950750.0,5.7,63.2,25.0,567.0,386.0,Medium
6260500.000000001,8050750.0,5.8,61.1,25.0,564.0,368.0,Medium
6260500.000000001,8150750.0,6.0,63.0,25.0,596.0,387.0,Medium
6260500.000000001,8250750.0,5.7,63.0,25.0,691.0,412.0,Medium
6260500.000000001,8450750.0,6.1,58.5,25.0,755.0,371.0,Medium
6260500.000000001,8550750.0,5.9,61.2,25.0,594.0,377.0,Medium
6260500.000000001,8650750.0,6.2,60.7,25.0,762.0,364.0,Medium
6260500.000000001,8750750.0,5.6,54.0,25.0,813.0,356.0,Medium
6260500.000000001,8850750.0,5.4,61.1,25.0,775.0,322.0,Medium
6260500.000000001,8950750.0,5.6,64.2,25.0,886.0,431.0,Medium
6260500.000000001,9050750.0,5.2,53.3,25.0,756.0,360.0,Medium
6260500.000000001,9150750.0,5.2,56.1,25.0,1026.0,358.0,Medium
6260500.000000001,9350750.0,5.7,52.5,25.0,807.0,398.0,Medium
6260500.000000001,9450750.0,5.4,54.6,25.0,795.0,355.0,Medium
6260500.000000001,9550750.0,5.1,59.3,25.0,1254.0,389.0,Medium
6260500.000000001,9650750.0,4.4,59.8,25.0,965.0,266.0,Medium
6260500.000000001,9750750.0,4.5,60.0,25.0,750.0,296.0,Medium
6260500.000000001,9850750.0,4.5,61.9,25.0,885.0,318.0,Medium
6260500.000000001,9950750.0,4.7,60.8,25.0,929.0,362.0,Medium
6260500.000000001,10050750.0,4.7,60.6,25.0,816.0,296.0,Medium
6260500.000000001,10150750.0,5.1,62.4,25.0,947.0,334.0,Medium
6260500.000000001,10250750.0,5.7,63.5,25.0,1114.0,353.0,Medium
6260500.000000001,10350750.0,5.8,63.8,25.0,1125.0,337.0,Medium
6260500.000000001,10450750.0,5.4,63.3,25.0,852.0,349.0,Medium
6260500.000000001,10550750.0,5.6,63.1,25.0,865.0,360.0,Medium
6260500.000000001,10650750.0,5.3,58.3,25.0,964.0,370.0,Medium
6260500.000000001,10750750.0,5.3,56.0,25.0,882.0,370.0,Medium
6260500.000000001,12050750.0,4.7,65.8,25.0,951.0,387.0,Medium
6260500.000000001,12150750.0,5.5,66.4,25.0,731.0,411.0,Medium
6260500.000000001,12250750.0,5.4,59.9,25.0,820.0,371.0,Medium
6260500.000000001,12350750.0,5.5,62.3,25.0,1102.0,371.0,Medium
6160500.000000001,-13449250.0,4.3,44.9,25.0,613.0,510.0,Medium
6160500.000000001,-13349250.0,4.2,44.8,25.0,704.0,547.0,Medium
6160500.000000001,-13249250.0,5.3,40.1,25.0,654.0,316.0,Medium
6160500.000000001,-13149250.0,4.8,52.8,25.0,733.0,367.0,Medium
6160500.000000001,-13049250.0,5.1,54.1,25.0,749.0,372.0,Medium
6160500.000000001,-12949250.0,5.6,50.5,25.0,761.0,354.0,Medium
6160500.000000001,-12849250.0,5.7,57.3,25.0,683.0,314.0,Medium
6160500.000000001,-12749250.0,5.7,54.3,25.0,755.0,284.0,Medium
6160500.000000001,-12649250.0,6.2,54.8,25.0,301.0,219.0,Medium
6160500.000000001,-12549250.0,6.2,54.7,25.0,396.0,214.0,Medium
6160500.000000001,-12449250.0,6.0,48.6,25.0,264.0,195.0,Medium
6160500.000000001,-12349250.0,6.6,49.7,25.0,340.0,304.0,Medium
6160500.000000001,-12249250.0,6.0,50.2,25.0,279.0,199.0,Medium
6160500.000000001,-12149250.0,5.8,43.0,25.0,175.0,250.0,Medium
6160500.000000001,-12049250.0,6.0,44.2,25.0,209.0,254.0,Medium
6160500.000000001,-11949250.0,5.9,47.5,25.0,394.0,334.0,Medium
6160500.000000001,-11849250.0,6.0,45.6,25.0,226.0,315.0,Medium
6160500.000000001,-11649250.0,6.1,46.7,25.0,298.0,293.0,Medium
6160500.000000001,-11549250.0,6.0,50.4,25.0,323.0,356.0,Medium
6160500.000000001,-11449250.0,5.9,48.4,25.0,318.0,310.0,Medium
6160500.000000001,-11349250.0,5.8,53.5,25.0,237.0,298.0,Medium
6160500.000000001,-11249250.0,6.1,53.3,25.0,245.0,396.0,Medium
6160500.000000001,-11149250.0,6.0,54.2,25.0,224.0,489.0,Medium
6160500.000000001,-11049250.0,6.0,55.5,25.0,274.0,320.0,Medium
6160500.000000001,-10949250.0,6.1,54.7,25.0,334.0,317.0,Medium
6160500.000000001,-10849250.0,6.2,54.7,25.0,360.0,338.0,Medium
6160500.000000001,-10749250.0,6.0,53.3,25.0,274.0,229.0,Medium
6160500.000000001,-10649250.0,6.3,54.2,25.0,593.0,585.0,Medium
6160500.000000001,-10549250.0,6.4,54.7,25.0,656.0,362.0,Medium
6160500.000000001,-10449250.0,6.1,59.0,25.0,544.0,431.0,Medium
6160500.000000001,-10349250.0,5.9,57.7,25.0,778.0,392.0,Medium
6160500.000000001,-9449250.0,5.0,62.1,25.0,966.0,452.0,Medium
6160500.000000001,-9249250.0,5.1,61.0,25.0,896.0,425.0,Medium
6160500.000000001,-9149250.0,5.8,61.3,25.0,817.0,441.0,Medium
6160500.000000001,-9049250.0,5.2,59.9,25.0,832.0,395.0,Medium
6160500.000000001,-8949250.0,5.5,60.8,25.0,935.0,439.0,Medium
6160500.000000001,-8749250.0,5.2,63.4,25.0,1028.0,418.0,Medium
6160500.000000001,-8549250.0,5.1,61.9,25.0,763.0,368.0,Medium
6160500.000000001,-8449250.0,5.3,53.8,25.0,668.0,294.0,Medium
6160500.000000001,950750.0,4.7,45.8,25.0,1355.0,319.0,Medium
6160500.000000001,1850750.0,5.3,49.0,25.0,511.0,357.0,Medium
6160500.000000001,1950750.0,5.5,46.0,25.0,857.0,344.0,Medium
6160500.000000001,2150750.0,6.5,52.7,25.0,455.0,267.0,Medium
6160500.000000001,2250750.0,6.4,48.8,25.0,853.0,355.0,Medium
6160500.000000001,2350750.0,6.4,48.7,25.0,924.0,388.0,Medium
6160500.000000001,2750750.0,6.3,53.3,25.0,689.0,245.0,Medium
6160500.000000001,2850750.0,6.2,50.7,25.0,786.0,255.0,Medium
6160500.000000001,2950750.0,7.1,53.9,25.0,1041.0,379.0,Medium
6160500.000000001,3050750.0,5.6,58.1,25.0,1101.0,326.0,Medium
6160500.000000001,3150750.0,5.7,57.5,25.0,1163.0,314.0,Medium
6160500.000000001,3250750.0,5.2,56.0,25.0,1196.0,343.0,Medium
6160500.000000001,3450750.0,5.4,56.2,25.0,1355.0,367.0,Medium
6160500.000000001,3550750.0,5.2,52.5,25.0,1139.0,319.0,Medium
6160500.000000001,3650750.0,5.7,58.3,25.0,1094.0,392.0,Medium
6160500.000000001,3750750.0,5.4,60.5,25.0,1116.0,468.0,Medium
6160500.000000001,3850750.0,5.1,55.8,25.0,973.0,350.0,Medium
6160500.000000001,3950750.0,5.3,55.5,25.0,990.0,425.0,Medium
6160500.000000001,4050750.0,5.9,52.1,25.0,808.0,353.0,Medium
6160500.000000001,4150750.0,5.3,55.5,25.0,1047.0,351.0,Medium
6160500.000000001,4250750.0,5.8,61.4,25.0,1031.0,365.0,Medium
6160500.000000001,4350750.0,5.3,55.9,25.0,1026.0,435.0,Medium
6160500.000000001,4550750.0,5.9,58.3,25.0,684.0,306.0,Medium
6160500.000000001,4650750.0,5.8,57.0,25.0,765.0,362.0,Medium
6160500.000000001,4750750.0,5.9,61.9,25.0,1066.0,444.0,Medium
6160500.000000001,4850750.0,5.7,56.0,25.0,778.0,359.0,Medium
6160500.000000001,4950750.0,5.8,56.6,25.0,592.0,374.0,Medium
6160500.000000001,5050750.0,6.2,59.7,25.0,774.0,437.0,Medium
6160500.000000001,5150750.0,5.9,58.6,25.0,839.0,360.0,Medium
6160500.000000001,5250750.0,5.6,60.7,25.0,498.0,365.0,Medium
6160500.000000001,5350750.0,6.1,60.9,25.0,739.0,409.0,Medium
6160500.000000001,5450750.0,5.5,62.2,25.0,644.0,335.0,Medium
6160500.000000001,5550750.0,6.0,60.2,25.0,435.0,409.0,Medium
6160500.000000001,5650750.0,6.4,59.2,25.0,530.0,438.0,Medium
6160500.000000001,5750750.0,6.5,59.5,25.0,556.0,421.0,Medium
6160500.000000001,5850750.0,6.4,61.7,25.0,526.0,448.0,Medium
6160500.000000001,5950750.0,6.4,61.4,25.0,657.0,471.0,Medium
6160500.000000001,6050750.0,6.3,62.5,25.0,503.0,441.0,Medium
6160500.000000001,6150750.0,6.3,62.4,25.0,728.0,478.0,Medium
6160500.000000001,6350750.0,6.0,61.6,25.0,719.0,455.0,Medium
6160500.000000001,6550750.0,6.3,61.5,25.0,586.0,492.0,Medium
6160500.000000001,6650750.0,6.2,60.9,25.0,473.0,479.0,Medium
6160500.000000001,6750750.0,6.2,60.3,25.0,641.0,431.0,Medium
6160500.000000001,6850750.0,6.1,59.6,25.0,448.0,416.0,Medium
6160500.000000001,6950750.0,6.2,58.7,25.0,554.0,476.0,Medium
6160500.000000001,7050750.0,6.1,57.4,25.0,577.0,402.0,Medium
6160500.000000001,7150750.0,6.8,55.9,25.0,486.0,410.0,Medium
6160500.000000001,7250750.0,6.6,60.6,25.0,532.0,385.0,Medium
6160500.000000001,7350750.0,6.4,57.4,25.0,434.0,430.0,Medium
6160500.000000001,7450750.0,6.1,59.0,25.0,387.0,416.0,Medium
6160500.000000001,7550750.0,6.3,60.2,25.0,374.0,378.0,Medium
6160500.000000001,7650750.0,5.9,61.8,25.0,484.0,394.0,Medium
6160500.000000001,7750750.0,5.9,62.8,25.0,352.0,318.0,Medium
6160500.000000001,7850750.0,6.2,62.1,25.0,490.0,346.0,Medium
6160500.000000001,7950750.0,6.3,61.8,25.0,526.0,376.0,Medium
6160500.000000001,8050750.0,6.0,60.1,25.0,547.0,432.0,Medium
6160500.000000001,8150750.0,6.1,59.0,25.0,643.0,351.0,Medium
6160500.000000001,8250750.0,5.6,60.0,25.0,665.0,356.0,Medium
6160500.000000001,8450750.0,6.1,61.2,25.0,630.0,369.0,Medium
6160500.000000001,8550750.0,5.9,62.0,25.0,717.0,373.0,Medium
6160500.000000001,8650750.0,5.6,61.0,25.0,615.0,369.0,Medium
6160500.000000001,8750750.0,6.5,60.3,25.0,790.0,366.0,Medium
6160500.000000001,8850750.0,5.4,54.7,25.0,873.0,356.0,Medium
6160500.000000001,8950750.0,5.5,56.9,25.0,740.0,326.0,Medium
6160500.000000001,9050750.0,5.7,61.4,25.0,1515.0,455.0,High
6160500.000000001,9150750.0,5.4,60.5,25.0,1029.0,414.0,Medium
6160500.000000001,9250750.0,4.8,58.9,25.0,1143.0,368.0,Medium
6160500.000000001,9350750.0,5.7,63.6,25.0,1258.0,387.0,Medium
6160500.000000001,9450750.0,5.4,60.3,25.0,826.0,371.0,Medium
6160500.000000001,9550750.0,4.8,60.8,25.0,1186.0,373.0,Medium
6160500.000000001,9650750.0,4.7,59.9,25.0,1203.0,342.0,Medium
6160500.000000001,9750750.0,5.3,59.7,25.0,1318.0,339.0,Medium
6160500.000000001,9850750.0,4.8,61.7,25.0,1150.0,352.0,Medium
6160500.000000001,9950750.0,4.8,61.4,25.0,981.0,289.0,Medium
6160500.000000001,10050750.0,5.5,61.2,25.0,951.0,351.0,Medium
6160500.000000001,10150750.0,5.4,59.9,25.0,928.0,321.0,Medium
6160500.000000001,10250750.0,4.9,60.7,25.0,1026.0,343.0,Medium
6160500.000000001,10350750.0,5.1,61.4,25.0,1058.0,312.0,Medium
6160500.000000001,10450750.0,5.5,59.6,25.0,999.0,382.0,Medium
6160500.000000001,10550750.0,5.5,57.5,25.0,1040.0,427.0,Medium
6160500.000000001,10650750.0,5.9,60.9,25.0,940.0,359.0,Medium
6160500.000000001,10750750.0,5.1,64.4,25.0,930.0,308.0,Medium
6160500.000000001,12150750.0,5.7,62.6,25.0,1002.0,426.0,Medium
6160500.000000001,12250750.0,5.3,62.7,25.0,712.0,401.0,Medium
6160500.000000001,12350750.0,5.2,63.6,25.0,729.0,318.0,Medium
6160500.000000001,12450750.0,5.5,64.0,25.0,891.0,305.0,Medium
6060500.000000001,-13449250.0,4.4,45.2,25.0,350.0,394.0,Low
6060500.000000001,-13349250.0,4.5,45.3,25.0,670.0,403.0,Medium
6060500.000000001,-13149250.0,5.6,47.8,25.0,562.0,337.0,Medium
6060500.000000001,-13049250.0,5.4,54.0,25.0,672.0,323.0,Medium
6060500.000000001,-12949250.0,6.0,54.4,25.0,723.0,349.0,Medium
6060500.000000001,-12849250.0,5.8,54.6,25.0,811.0,335.0,Medium
6060500.000000001,-12749250.0,5.1,54.8,25.0,753.0,258.0,Medium
6060500.000000001,-12649250.0,6.2,58.3,25.0,631.0,305.0,Medium
6060500.000000001,-12549250.0,5.3,51.3,25.0,248.0,197.0,Medium
6060500.000000001,-12449250.0,6.0,41.0,25.0,208.0,186.0,Medium
6060500.000000001,-12349250.0,5.9,43.2,25.0,341.0,259.0,Medium
6060500.000000001,-12249250.0,5.5,44.5,25.0,183.0,199.0,Medium
6060500.000000001,-12149250.0,5.9,44.5,25.0,295.0,304.0,Medium
6060500.000000001,-12049250.0,5.9,42.4,25.0,251.0,196.0,Medium
6060500.000000001,-11949250.0,5.9,40.7,25.0,199.0,239.0,Medium
6060500.000000001,-11849250.0,5.8,42.0,25.0,206.0,162.0,Medium
6060500.000000001,-11749250.0,6.0,39.1,25.0,220.0,267.0,Medium
6060500.000000001,-11549250.0,6.2,44.5,25.0,242.0,299.0,Medium
6060500.000000001,-11449250.0,6.1,47.3,25.0,201.0,306.0,Medium
6060500.000000001,-11249250.0,6.1,47.0,25.0,229.0,427.0,Medium
6060500.000000001,-11149250.0,6.1,46.1,25.0,352.0,304.0,Medium
6060500.000000001,-11049250.0,5.9,49.5,25.0,250.0,379.0,Medium
6060500.000000001,-10549250.0,5.8,50.7,25.0,531.0,351.0,Medium
6060500.000000001,-10449250.0,6.0,51.8,25.0,652.0,381.0,Medium
6060500.000000001,-10349250.0,6.2,51.9,25.0,656.0,317.0,Medium
6060500.000000001,-10249250.0,6.2,55.2,25.0,732.0,442.0,Medium
6060500.000000001,-10149250.0,6.1,56.7,25.0,737.0,349.0,Medium
6060500.000000001,-10049250.0,6.0,57.1,25.0,843.0,465.0,Medium
6060500.000000001,-9949250.0,6.5,58.0,25.0,811.0,433.0,Medium
6060500.000000001,-9549250.0,5.5,59.8,25.0,876.0,368.0,Medium
6060500.000000001,-9449250.0,5.2,61.6,25.0,921.0,401.0,Medium
6060500.000000001,-9349250.0,5.3,61.0,25.0,897.0,406.0,Medium
6060500.000000001,-9249250.0,5.5,61.6,25.0,925.0,427.0,Medium
6060500.000000001,-9149250.0,5.5,61.0,25.0,824.0,439.0,Medium
6060500.000000001,-9049250.0,5.1,60.2,25.0,1001.0,429.0,Medium
6060500.000000001,-8849250.0,5.4,61.5,25.0,805.0,389.0,Medium
6060500.000000001,-8749250.0,5.6,63.4,25.0,901.0,350.0,Medium
6060500.000000001,-8649250.0,5.2,62.2,25.0,966.0,375.0,Medium
6060500.000000001,-8549250.0,5.9,58.4,25.0,859.0,391.0,Medium
6060500.000000001,-8449250.0,5.3,60.4,25.0,737.0,292.0,Medium
6060500.000000001,-8349250.0,5.7,58.3,25.0,785.0,374.0,Medium
6060500.000000001,650750.0,4.5,45.1,25.0,1435.0,321.0,Medium
6060500.000000001,750750.0,5.0,45.3,25.0,1096.0,350.0,Medium
6060500.000000001,950750.0,4.8,46.1,25.0,1154.0,334.0,Medium
6060500.000000001,1050750.0,5.0,45.6,25.0,1055.0,325.0,Medium
6060500.000000001,1850750.0,5.4,46.2,25.0,468.0,311.0,Medium
6060500.000000001,1950750.0,6.0,46.3,25.0,704.0,274.0,Medium
6060500.000000001,2050750.0,6.7,49.2,25.0,723.0,325.0,Medium
6060500.000000001,2750750.0,6.6,49.7,25.0,743.0,240.0,Medium
6060500.000000001,2850750.0,6.7,48.5,25.0,788.0,240.0,Medium
6060500.000000001,2950750.0,5.2,54.7,25.0,873.0,305.0,Medium
6060500.000000001,3050750.0,5.1,56.0,25.0,870.0,388.0,Medium
6060500.000000001,3150750.0,5.4,54.4,25.0,1216.0,370.0,Medium
6060500.000000001,3250750.0,5.8,58.3,25.0,1084.0,376.0,Medium
6060500.000000001,3350750.0,5.5,59.8,25.0,1209.0,381.0,Medium
6060500.000000001,3450750.0,5.3,61.6,25.0,1216.0,349.0,Medium
6060500.000000001,3550750.0,5.5,56.1,25.0,1213.0,376.0,Medium
6060500.000000001,3650750.0,5.7,55.9,25.0,1062.0,344.0,Medium
6060500.000000001,3750750.0,5.0,59.5,25.0,1041.0,379.0,Medium
6060500.000000001,3850750.0,5.3,55.3,25.0,1128.0,338.0,Medium
6060500.000000001,3950750.0,6.0,58.0,25.0,1143.0,353.0,Medium
6060500.000000001,4050750.0,5.4,59.9,25.0,1068.0,406.0,Medium
6060500.000000001,4150750.0,5.3,53.8,25.0,897.0,381.0,Medium
6060500.000000001,4250750.0,5.2,54.8,25.0,869.0,330.0,Medium
6060500.000000001,4350750.0,6.0,55.1,25.0,1022.0,307.0,Medium
6060500.000000001,4450750.0,5.9,61.4,25.0,812.0,365.0,Medium
6060500.000000001,4550750.0,5.8,60.9,25.0,508.0,350.0,Medium
6060500.000000001,4650750.0,6.2,58.5,25.0,567.0,378.0,Medium
6060500.000000001,4750750.0,6.2,58.4,25.0,713.0,385.0,Medium
6060500.000000001,4850750.0,5.8,55.2,25.0,742.0,325.0,Medium
6060500.000000001,4950750.0,6.3,57.9,25.0,673.0,386.0,Medium
6060500.000000001,5050750.0,6.5,58.1,25.0,553.0,455.0,Medium
6060500.000000001,5150750.0,6.6,57.6,25.0,832.0,425.0,High
6060500.000000001,5250750.0,5.6,57.1,25.0,762.0,372.0,Medium
6060500.000000001,5350750.0,5.5,59.4,25.0,599.0,328.0,Medium
6060500.000000001,5450750.0,5.6,58.2,25.0,664.0,409.0,Medium
6060500.000000001,5650750.0,6.5,56.6,25.0,496.0,421.0,Medium
6060500.000000001,5750750.0,6.7,58.1,25.0,626.0,448.0,Medium
6060500.000000001,5850750.0,6.7,56.3,25.0,509.0,441.0,Medium
6060500.000000001,5950750.0,6.7,58.4,25.0,593.0,440.0,Medium
6060500.000000001,6050750.0,6.6,58.9,25.0,630.0,461.0,Medium
6060500.000000001,6150750.0,6.4,61.0,25.0,549.0,442.0,Medium
6060500.000000001,6250750.0,6.4,62.4,25.0,596.0,466.0,Medium
6060500.000000001,6350750.0,6.1,63.4,25.0,680.0,423.0,Medium
6060500.000000001,6450750.0,6.3,61.7,25.0,600.0,442.0,Medium
6060500.000000001,6550750.0,6.3,60.3,25.0,581.0,462.0,Medium
6060500.000000001,6650750.0,6.7,58.8,25.0,513.0,379.0,Medium
6060500.000000001,6750750.0,6.3,57.8,25.0,662.0,485.0,Medium
6060500.000000001,6850750.0,6.5,55.7,25.0,497.0,430.0,Medium
6060500.000000001,6950750.0,6.2,53.8,25.0,626.0,409.0,Medium
6060500.000000001,7050750.0,6.4,53.3,25.0,581.0,439.0,Medium
6060500.000000001,7150750.0,6.3,49.7,25.0,372.0,367.0,Medium
6060500.000000001,7250750.0,6.1,51.5,25.0,479.0,393.0,Medium
6060500.000000001,7350750.0,5.8,50.9,25.0,326.0,317.0,Medium
6060500.000000001,7450750.0,5.8,53.7,25.0,651.0,380.0,Medium
6060500.000000001,7550750.0,6.5,55.7,25.0,409.0,357.0,Medium
6060500.000000001,7650750.0,6.7,55.9,25.0,641.0,406.0,Medium
6060500.000000001,7750750.0,5.6,57.1,25.0,596.0,382.0,Medium
6060500.000000001,7850750.0,5.9,61.0,25.0,658.0,403.0,Medium
6060500.000000001,7950750.0,6.3,58.6,25.0,637.0,398.0,Medium
6060500.000000001,8050750.0,6.0,61.7,25.0,918.0,425.0,Medium
6060500.000000001,8150750.0,6.0,63.0,25.0,879.0,367.0,Medium
6060500.000000001,8250750.0,6.1,63.2,25.0,1149.0,419.0,High
6060500.000000001,8350750.0,6.3,63.2,25.0,943.0,390.0,High
6060500.000000001,8450750.0,6.3,61.6,25.0,853.0,383.0,Medium
6060500.000000001,8550750.0,6.2,59.4,25.0,832.0,376.0,Medium
6060500.000000001,8650750.0,6.2,62.4,25.0,1038.0,411.0,High
6060500.000000001,8750750.0,6.0,62.9,25.0,974.0,412.0,Medium
6060500.000000001,8850750.0,6.1,61.5,25.0,1001.0,408.0,Medium
6060500.000000001,9050750.0,5.2,56.1,25.0,754.0,373.0,Medium
6060500.000000001,9150750.0,5.9,66.7,25.0,1184.0,466.0,High
6060500.000000001,9250750.0,5.0,63.9,25.0,1316.0,382.0,Medium
6060500.000000001,9350750.0,5.8,61.5,25.0,1246.0,356.0,Medium
6060500.000000001,9450750.0,5.9,62.3,25.0,1234.0,363.0,Medium
6060500.000000001,9550750.0,5.9,60.3,25.0,1375.0,364.0,High
6060500.000000001,9650750.0,5.0,62.4,25.0,1214.0,333.0,Medium
6060500.000000001,9750750.0,5.1,59.4,25.0,1315.0,339.0,Medium
6060500.000000001,9850750.0,6.0,59.8,25.0,1036.0,329.0,Medium
6060500.000000001,9950750.0,5.0,62.0,25.0,1254.0,366.0,Medium
6060500.000000001,10050750.0,4.4,55.7,25.0,1205.0,267.0,Medium
6060500.000000001,10150750.0,5.0,59.6,25.0,1088.0,302.0,Medium
6060500.000000001,10250750.0,5.1,61.5,25.0,1120.0,355.0,Medium
6060500.000000001,10350750.0,4.9,58.4,25.0,1275.0,321.0,Medium
6060500.000000001,10450750.0,5.9,57.2,25.0,980.0,369.0,Medium
6060500.000000001,10550750.0,5.0,62.5,25.0,959.0,390.0,Medium
6060500.000000001,10650750.0,5.1,58.2,25.0,914.0,333.0,Medium
6060500.000000001,10750750.0,5.2,56.8,25.0,858.0,297.0,Medium
6060500.000000001,10950750.0,5.4,40.9,25.0,873.0,341.0,Medium
6060500.000000001,12250750.0,5.2,63.6,25.0,1017.0,433.0,Medium
6060500.000000001,12350750.0,5.1,62.5,25.0,897.0,368.0,Medium
6060500.000000001,12450750.0,5.3,60.4,25.0,650.0,371.0,Medium
6060500.000000001,12550750.0,5.8,51.6,25.0,618.0,328.0,Medium
6060500.000000001,12650750.0,5.5,58.3,25.0,848.0,306.0,Medium
5960500.000000001,-13249250.0,4.8,47.7,25.0,534.0,389.0,Medium
5960500.000000001,-13149250.0,5.4,50.0,25.0,689.0,457.0,Medium
5960500.000000001,-13049250.0,5.4,54.8,25.0,662.0,330.0,Medium
5960500.000000001,-12949250.0,6.2,57.0,25.0,652.0,310.0,Medium
5960500.000000001,-12849250.0,6.1,54.0,25.0,594.0,307.0,Medium
5960500.000000001,-12649250.0,4.8,57.5,25.0,619.0,310.0,Medium
5960500.000000001,-12549250.0,5.6,52.0,25.0,574.0,268.0,Medium
5960500.000000001,-12449250.0,5.2,41.4,25.0,198.0,231.0,Medium
5960500.000000001,-12349250.0,5.2,43.1,25.0,138.0,159.0,Low
5960500.000000001,-12249250.0,5.9,40.8,25.0,207.0,197.0,Medium
5960500.000000001,-12149250.0,6.5,46.8,25.0,584.0,340.0,Medium
5960500.000000001,-12049250.0,6.6,46.3,25.0,517.0,281.0,Medium
5960500.000000001,-11949250.0,6.6,42.0,25.0,471.0,316.0,Medium
5960500.000000001,-11849250.0,6.3,40.4,25.0,349.0,443.0,Medium
5960500.000000001,-11749250.0,7.0,43.1,25.0,558.0,559.0,Medium
5960500.000000001,-11649250.0,6.2,43.3,25.0,206.0,383.0,Medium
5960500.000000001,-11549250.0,6.1,43.1,25.0,119.0,200.0,Medium
5960500.000000001,-11449250.0,6.0,41.7,25.0,99.0,184.0,Medium
5960500.000000001,-11349250.0,6.1,44.0,25.0,199.0,258.0,Medium
5960500.000000001,-11249250.0,6.3,46.4,25.0,229.0,343.0,Medium
5960500.000000001,-11049250.0,6.3,46.8,25.0,461.0,393.0,Medium
5960500.000000001,-10949250.0,6.4,45.2,25.0,453.0,349.0,Medium
5960500.000000001,-10849250.0,6.0,48.2,25.0,269.0,202.0,Medium
5960500.000000001,-10749250.0,6.1,47.7,25.0,226.0,186.0,Medium
5960500.000000001,-10649250.0,6.0,50.0,25.0,280.0,348.0,Medium
5960500.000000001,-10549250.0,5.8,50.2,25.0,378.0,268.0,Medium
5960500.000000001,-10449250.0,6.3,55.0,25.0,435.0,397.0,Medium
5960500.000000001,-10349250.0,5.8,53.5,25.0,597.0,361.0,Medium
5960500.000000001,-10249250.0,6.0,52.0,25.0,774.0,343.0,Medium
5960500.000000001,-10149250.0,6.2,54.3,25.0,752.0,370.0,Medium
5960500.000000001,-10049250.0,6.1,52.8,25.0,759.0,402.0,Medium
5960500.000000001,-9949250.0,6.1,53.9,25.0,791.0,431.0,Medium
5960500.000000001,-9549250.0,5.6,61.0,25.0,935.0,427.0,Medium
5960500.000000001,-9449250.0,5.4,61.8,25.0,926.0,415.0,Medium
5960500.000000001,-9349250.0,5.4,62.2,25.0,825.0,395.0,Medium
5960500.000000001,-9149250.0,5.3,60.0,25.0,830.0,428.0,Medium
5960500.000000001,-9049250.0,5.2,60.4,25.0,864.0,384.0,Medium
5960500.000000001,-8849250.0,5.3,61.7,25.0,789.0,401.0,Medium
5960500.000000001,-8749250.0,5.7,62.2,25.0,805.0,361.0,Medium
5960500.000000001,-8449250.0,5.5,59.9,25.0,788.0,308.0,Medium
5960500.000000001,-8349250.0,5.5,58.6,25.0,893.0,344.0,Medium
5960500.000000001,-8249250.0,5.2,59.2,25.0,674.0,366.0,Medium
5960500.000000001,-8149250.0,5.9,50.2,25.0,606.0,286.0,Medium
5960500.000000001,550750.0,5.0,45.4,25.0,1162.0,350.0,Medium
5960500.000000001,650750.0,5.6,44.5,25.0,875.0,341.0,Medium
5960500.000000001,750750.0,4.8,45.6,25.0,1187.0,343.0,Medium
5960500.000000001,850750.0,5.8,45.6,25.0,683.0,350.0,Medium
5960500.000000001,1050750.0,4.6,45.2,25.0,1119.0,370.0,Medium
5960500.000000001,1150750.0,6.2,45.4,25.0,696.0,293.0,Medium
5960500.000000001,1850750.0,5.4,47.1,25.0,639.0,272.0,Medium
5960500.000000001,1950750.0,6.2,47.8,25.0,574.0,284.0,Medium
5960500.000000001,2050750.0,6.4,45.1,25.0,662.0,333.0,Medium
5960500.000000001,2150750.0,5.6,45.9,25.0,877.0,349.0,Medium
5960500.000000001,2350750.0,6.0,53.9,25.0,656.0,251.0,Medium
5960500.000000001,2450750.0,5.1,51.8,25.0,679.0,274.0,Medium
5960500.000000001,2550750.0,6.6,53.9,25.0,830.0,338.0,Medium
5960500.000000001,2650750.0,5.2,51.2,25.0,736.0,288.0,Medium
5960500.000000001,2750750.0,5.3,50.7,25.0,888.0,379.0,Medium
5960500.000000001,2850750.0,6.3,57.3,25.0,1539.0,275.0,High
5960500.000000001,2950750.0,5.2,55.9,25.0,1143.0,338.0,Medium
5960500.000000001,3050750.0,5.2,55.3,25.0,1189.0,340.0,Medium
5960500.000000001,3150750.0,5.6,57.7,25.0,1283.0,346.0,Medium
5960500.000000001,3250750.0,5.0,55.0,25.0,1012.0,303.0,Medium
5960500.000000001,3350750.0,5.1,56.7,25.0,1131.0,368.0,Medium
5960500.000000001,3450750.0,5.8,58.2,25.0,1043.0,325.0,Medium
5960500.000000001,3550750.0,5.6,57.4,25.0,959.0,346.0,Medium
5960500.000000001,3650750.0,5.7,55.6,25.0,1021.0,341.0,Medium
5960500.000000001,3750750.0,5.7,58.9,25.0,1113.0,355.0,Medium
5960500.000000001,3850750.0,5.9,58.4,25.0,1122.0,366.0,Medium
5960500.000000001,3950750.0,6.2,56.9,25.0,950.0,367.0,Medium
5960500.000000001,4050750.0,6.0,59.5,25.0,1064.0,367.0,Medium
5960500.000000001,4150750.0,6.0,60.0,25.0,895.0,364.0,Medium
5960500.000000001,4350750.0,5.6,56.1,25.0,783.0,338.0,Medium
5960500.000000001,4450750.0,5.6,53.3,25.0,786.0,341.0,Medium
5960500.000000001,4550750.0,6.1,57.4,25.0,866.0,290.0,Medium
5960500.000000001,4650750.0,6.0,58.1,25.0,558.0,295.0,Medium
5960500.000000001,4750750.0,6.6,57.9,25.0,741.0,297.0,Medium
5960500.000000001,4850750.0,6.5,58.5,25.0,825.0,331.0,Medium
5960500.000000001,4950750.0,6.6,57.7,25.0,675.0,360.0,Medium
5960500.000000001,5050750.0,6.8,56.9,25.0,397.0,391.0,Medium
5960500.000000001,5150750.0,6.9,57.0,25.0,577.0,417.0,Medium
5960500.000000001,5250750.0,6.5,52.1,25.0,738.0,365.0,Medium
5960500.000000001,5350750.0,5.6,58.4,25.0,740.0,326.0,Medium
5960500.000000001,5450750.0,6.6,55.9,25.0,458.0,401.0,Medium
5960500.000000001,5550750.0,6.9,45.1,25.0,302.0,353.0,Medium
5960500.000000001,5650750.0,6.8,50.6,25.0,588.0,409.0,Medium
5960500.000000001,5750750.0,6.9,50.7,25.0,478.0,391.0,Medium
5960500.000000001,5850750.0,6.8,52.6,25.0,550.0,426.0,Medium
5960500.000000001,5950750.0,6.8,53.2,25.0,594.0,440.0,Medium
5960500.000000001,6050750.0,6.6,54.2,25.0,608.0,396.0,Medium
5960500.000000001,6150750.0,6.7,57.0,25.0,597.0,439.0,Medium
5960500.000000001,6250750.0,6.8,57.7,25.0,611.0,482.0,Medium
5960500.000000001,6350750.0,6.5,60.2,25.0,666.0,383.0,Medium
5960500.000000001,6450750.0,6.5,59.8,25.0,586.0,427.0,Medium
5960500.000000001,6550750.0,6.6,58.3,25.0,546.0,422.0,Medium
5960500.000000001,6650750.0,6.6,57.8,25.0,538.0,461.0,Medium
5960500.000000001,6750750.0,6.8,54.1,25.0,524.0,435.0,Medium
5960500.000000001,6850750.0,6.8,50.7,25.0,525.0,409.0,Medium
5960500.000000001,6950750.0,6.6,54.5,25.0,687.0,486.0,Medium
5960500.000000001,7050750.0,6.5,46.4,25.0,338.0,330.0,Medium
5960500.000000001,7150750.0,6.1,45.5,25.0,432.0,342.0,Medium
5960500.000000001,7250750.0,6.0,46.3,25.0,339.0,383.0,Medium
5960500.000000001,7350750.0,5.7,44.7,25.0,316.0,315.0,Medium
5960500.000000001,7450750.0,5.9,49.5,25.0,387.0,347.0,Medium
5960500.000000001,7550750.0,5.4,52.1,25.0,634.0,277.0,Medium
5960500.000000001,7650750.0,5.6,54.5,25.0,668.0,346.0,Medium
5960500.000000001,7850750.0,5.5,52.8,25.0,718.0,372.0,Medium
5960500.000000001,7950750.0,5.5,50.4,25.0,690.0,411.0,Medium
5960500.000000001,8050750.0,4.6,59.1,25.0,826.0,432.0,Medium
5960500.000000001,8150750.0,4.8,60.3,25.0,1035.0,357.0,Medium
5960500.000000001,8250750.0,5.6,62.5,25.0,1130.0,376.0,Medium
5960500.000000001,8350750.0,5.9,59.2,25.0,1317.0,470.0,High
5960500.000000001,8450750.0,6.5,59.7,25.0,1086.0,446.0,High
5960500.000000001,8550750.0,6.2,63.4,25.0,927.0,400.0,Medium
5960500.000000001,8650750.0,6.2,62.7,25.0,901.0,398.0,Medium
5960500.000000001,8750750.0,5.8,62.3,25.0,1066.0,343.0,Medium
5960500.000000001,8850750.0,6.0,64.2,25.0,1253.0,450.0,High
5960500.000000001,8950750.0,5.6,62.6,25.0,1027.0,362.0,Medium
5960500.000000001,9050750.0,5.7,52.4,25.0,1099.0,362.0,Medium
5960500.000000001,9150750.0,6.1,57.7,25.0,1227.0,395.0,High
5960500.000000001,9250750.0,6.0,64.1,25.0,1045.0,314.0,Medium
5960500.000000001,9350750.0,6.2,58.1,25.0,911.0,318.0,Medium
5960500.000000001,9450750.0,5.9,57.3,25.0,1385.0,356.0,Medium
5960500.000000001,9550750.0,5.5,58.3,25.0,1232.0,365.0,Medium
5960500.000000001,9650750.0,5.9,60.0,25.0,1286.0,381.0,Medium
5960500.000000001,9750750.0,6.5,60.0,25.0,965.0,365.0,High
5960500.000000001,9850750.0,5.3,61.8,25.0,1348.0,338.0,Medium
5960500.000000001,9950750.0,5.4,55.9,25.0,1243.0,316.0,Medium
5960500.000000001,10050750.0,5.5,54.8,25.0,1230.0,264.0,Medium
5960500.000000001,10150750.0,5.7,53.0,25.0,1333.0,294.0,Medium
5960500.000000001,10250750.0,5.1,57.6,25.0,906.0,317.0,Medium
5960500.000000001,10450750.0,6.1,49.6,25.0,1134.0,333.0,Medium
5960500.000000001,10550750.0,5.9,54.7,25.0,1230.0,371.0,Medium
5960500.000000001,10650750.0,5.4,56.9,25.0,1190.0,359.0,Medium
5960500.000000001,10750750.0,6.0,54.2,25.0,976.0,306.0,Medium
5960500.000000001,10850750.0,5.5,50.1,25.0,896.0,325.0,Medium
5960500.000000001,10950750.0,5.8,53.5,25.0,885.0,331.0,Medium
5960500.000000001,11150750.0,6.5,52.2,25.0,847.0,374.0,Medium
5960500.000000001,12450750.0,5.3,58.5,25.0,900.0,369.0,Medium
5960500.000000001,12550750.0,5.6,53.1,25.0,796.0,263.0,Medium
5960500.000000001,12650750.0,5.4,53.7,25.0,853.0,292.0,Medium
5860500.000000001,-13449250.0,4.7,48.1,25.0,801.0,378.0,Medium
5860500.000000001,-13249250.0,4.5,47.7,25.0,667.0,528.0,Medium
5860500.000000001,-13149250.0,4.8,47.6,25.0,568.0,314.0,Medium
5860500.000000001,-13049250.0,5.4,56.4,25.0,754.0,346.0,Medium
5860500.000000001,-12949250.0,5.9,56.5,25.0,626.0,359.0,Medium
5860500.000000001,-12849250.0,6.2,56.1,25.0,309.0,324.0,Medium
5860500.000000001,-12749250.0,5.6,49.8,25.0,526.0,222.0,Medium
5860500.000000001,-12649250.0,5.2,46.9,25.0,599.0,281.0,Medium
5860500.000000001,-12549250.0,5.8,47.2,25.0,690.0,287.0,Medium
5860500.000000001,-12449250.0,5.6,40.9,25.0,518.0,255.0,Medium
5860500.000000001,-12349250.0,5.6,39.8,25.0,115.0,165.0,Medium
5860500.000000001,-12249250.0,5.8,39.8,25.0,166.0,186.0,Medium
5860500.000000001,-12149250.0,6.2,42.3,25.0,466.0,233.0,Medium
5860500.000000001,-12049250.0,6.4,43.9,25.0,522.0,257.0,Medium
5860500.000000001,-11949250.0,6.9,42.0,25.0,380.0,241.0,Medium
5860500.000000001,-11849250.0,6.8,42.4,25.0,361.0,287.0,Medium
5860500.000000001,-11749250.0,6.9,43.4,25.0,445.0,292.0,Medium
5860500.000000001,-11649250.0,6.4,42.1,25.0,283.0,296.0,Medium
5860500.000000001,-11549250.0,6.8,45.8,25.0,477.0,317.0,Medium
5860500.000000001,-11449250.0,6.7,47.8,25.0,384.0,309.0,Medium
5860500.000000001,-11349250.0,6.1,42.0,25.0,140.0,262.0,Medium
5860500.000000001,-11249250.0,6.4,44.8,25.0,189.0,385.0,Medium
5860500.000000001,-10849250.0,6.2,48.3,25.0,313.0,337.0,Medium
5860500.000000001,-10749250.0,5.9,48.6,25.0,351.0,277.0,Medium
5860500.000000001,-10549250.0,5.6,51.2,25.0,403.0,222.0,Medium
5860500.000000001,-10449250.0,5.5,51.2,25.0,478.0,281.0,Medium
5860500.000000001,-10349250.0,5.6,50.2,25.0,479.0,286.0,Medium
5860500.000000001,-10249250.0,5.6,52.1,25.0,539.0,375.0,Medium
5860500.000000001,-10149250.0,6.2,51.8,25.0,625.0,495.0,Medium
5860500.000000001,-10049250.0,6.3,52.0,25.0,653.0,413.0,Medium
5860500.000000001,-9949250.0,6.1,53.8,25.0,735.0,299.0,Medium
5860500.000000001,-9849250.0,6.2,54.6,25.0,780.0,429.0,Medium
5860500.000000001,-9449250.0,5.6,61.1,25.0,907.0,388.0,Medium
5860500.000000001,-9349250.0,5.2,62.6,25.0,722.0,409.0,Medium
5860500.000000001,-9249250.0,5.4,61.6,25.0,803.0,337.0,Medium
5860500.000000001,-9149250.0,5.3,59.4,25.0,676.0,380.0,Medium
5860500.000000001,-8949250.0,5.3,61.4,25.0,827.0,390.0,Medium
5860500.000000001,-8749250.0,5.2,61.8,25.0,856.0,333.0,Medium
5860500.000000001,-8649250.0,5.1,61.0,25.0,722.0,335.0,Medium
5860500.000000001,-8549250.0,5.5,58.5,25.0,701.0,303.0,Medium
5860500.000000001,-8449250.0,5.3,58.9,25.0,729.0,282.0,Medium
5860500.000000001,-8349250.0,5.0,58.1,25.0,727.0,388.0,Medium
5860500.000000001,-8249250.0,5.4,56.1,25.0,604.0,316.0,Medium
5860500.000000001,-8149250.0,4.9,59.3,25.0,735.0,343.0,Medium
5860500.000000001,-8049250.0,5.8,57.3,25.0,751.0,426.0,Medium
5860500.000000001,-7949250.0,5.3,53.5,25.0,525.0,311.0,Medium
5860500.000000001,550750.0,6.0,44.8,25.0,751.0,289.0,Medium
5860500.000000001,650750.0,6.1,44.8,25.0,669.0,287.0,Medium
5860500.000000001,850750.0,5.1,44.9,25.0,680.0,301.0,Medium
5860500.000000001,950750.0,5.8,46.1,25.0,676.0,321.0,Medium
5860500.000000001,1150750.0,6.6,44.5,25.0,723.0,283.0,Medium
5860500.000000001,1550750.0,7.1,48.4,25.0,575.0,302.0,Medium
5860500.000000001,1650750.0,5.9,47.8,25.0,643.0,315.0,Medium
5860500.000000001,1850750.0,5.3,48.6,25.0,616.0,275.0,Medium
5860500.000000001,1950750.0,5.0,49.4,25.0,544.0,275.0,Medium
5860500.000000001,2050750.0,4.9,50.0,25.0,715.0,260.0,Medium
5860500.000000001,2150750.0,4.9,50.7,25.0,789.0,312.0,Medium
5860500.000000001,2250750.0,6.2,49.3,25.0,605.0,323.0,Medium
5860500.000000001,2350750.0,4.7,49.4,25.0,651.0,314.0,Medium
5860500.000000001,2450750.0,6.0,47.8,25.0,511.0,235.0,Medium
5860500.000000001,2550750.0,4.9,48.9,25.0,687.0,313.0,Medium
5860500.000000001,2650750.0,5.9,53.7,25.0,855.0,311.0,Medium
5860500.000000001,2750750.0,5.2,57.4,25.0,694.0,323.0,Medium
5860500.000000001,2850750.0,5.4,50.9,25.0,1079.0,327.0,Medium
5860500.000000001,2950750.0,5.1,54.8,25.0,1350.0,305.0,Medium
5860500.000000001,3150750.0,5.4,55.2,25.0,1590.0,293.0,Medium
5860500.000000001,3250750.0,4.9,54.6,25.0,796.0,337.0,Medium
5860500.000000001,3350750.0,5.2,53.9,25.0,1275.0,306.0,Medium
5860500.000000001,3450750.0,5.6,56.6,25.0,1335.0,345.0,Medium
5860500.000000001,3550750.0,5.6,56.8,25.0,1498.0,384.0,Medium
5860500.000000001,3650750.0,5.1,55.0,25.0,1114.0,378.0,Medium
5860500.000000001,3750750.0,6.0,56.3,25.0,1292.0,387.0,Medium
5860500.000000001,3850750.0,5.3,58.9,25.0,1072.0,383.0,Medium
5860500.000000001,3950750.0,6.1,54.4,25.0,1195.0,341.0,Medium
5860500.000000001,4050750.0,5.9,57.0,25.0,1250.0,385.0,Medium
5860500.000000001,4150750.0,6.0,58.2,25.0,1187.0,353.0,Medium
5860500.000000001,4250750.0,6.5,58.8,25.0,896.0,350.0,Medium
5860500.000000001,4350750.0,6.2,59.7,25.0,805.0,352.0,Medium
5860500.000000001,4450750.0,6.3,55.8,25.0,843.0,311.0,Medium
5860500.000000001,4550750.0,5.9,58.9,25.0,821.0,304.0,Medium
5860500.000000001,4650750.0,6.7,58.7,25.0,768.0,348.0,Medium
5860500.000000001,4850750.0,7.3,55.3,25.0,641.0,342.0,Medium
5860500.000000001,4950750.0,7.0,55.9,25.0,735.0,306.0,Medium
5860500.000000001,5050750.0,7.0,52.6,25.0,429.0,379.0,Medium
5860500.000000001,5150750.0,6.3,51.2,25.0,599.0,336.0,Medium
5860500.000000001,5250750.0,6.1,41.2,25.0,669.0,283.0,Medium
5860500.000000001,5350750.0,6.0,41.9,25.0,692.0,296.0,Medium
5860500.000000001,5450750.0,6.9,50.4,25.0,391.0,427.0,Medium
5860500.000000001,5550750.0,6.7,49.7,25.0,249.0,396.0,Medium
5860500.000000001,5650750.0,6.9,48.8,25.0,358.0,339.0,Medium
5860500.000000001,5850750.0,7.0,49.0,25.0,598.0,364.0,Medium
5860500.000000001,5950750.0,7.0,51.5,25.0,485.0,411.0,Medium
5860500.000000001,6050750.0,6.5,50.9,25.0,351.0,473.0,Medium
5860500.000000001,6150750.0,6.5,54.4,25.0,459.0,429.0,Medium
5860500.000000001,6250750.0,6.7,56.1,25.0,534.0,408.0,Medium
5860500.000000001,6350750.0,6.9,55.1,25.0,391.0,438.0,Medium
5860500.000000001,6450750.0,6.8,54.0,25.0,535.0,440.0,Medium
5860500.000000001,6550750.0,6.9,56.3,25.0,544.0,386.0,Medium
5860500.000000001,6650750.0,6.8,54.8,25.0,516.0,449.0,Medium
5860500.000000001,6750750.0,6.8,51.1,25.0,694.0,459.0,Medium
5860500.000000001,6850750.0,6.7,49.5,25.0,483.0,354.0,Medium
5860500.000000001,7050750.0,6.9,50.4,25.0,385.0,259.0,Medium
5860500.000000001,7150750.0,6.8,51.3,25.0,441.0,321.0,Medium
5860500.000000001,7250750.0,7.1,48.7,25.0,426.0,265.0,Medium
5860500.000000001,7350750.0,6.8,49.0,25.0,486.0,362.0,Medium
5860500.000000001,7450750.0,6.0,41.7,25.0,478.0,252.0,Medium
5860500.000000001,7550750.0,5.5,42.5,25.0,558.0,326.0,Medium
5860500.000000001,7650750.0,5.2,47.7,25.0,727.0,329.0,Medium
5860500.000000001,7850750.0,6.4,49.9,25.0,549.0,387.0,Medium
5860500.000000001,7950750.0,5.7,51.1,25.0,474.0,364.0,Medium
5860500.000000001,8050750.0,5.6,57.5,25.0,796.0,416.0,Medium
5860500.000000001,8150750.0,5.8,57.9,25.0,1057.0,368.0,Medium
5860500.000000001,8250750.0,5.2,61.0,25.0,1133.0,428.0,Medium
5860500.000000001,8350750.0,5.5,61.7,25.0,984.0,375.0,Medium
5860500.000000001,8450750.0,5.8,60.9,25.0,1151.0,377.0,Medium
5860500.000000001,8550750.0,6.1,56.1,25.0,938.0,396.0,Medium
5860500.000000001,8650750.0,6.5,58.2,25.0,1013.0,440.0,High
5860500.000000001,8750750.0,6.3,59.2,25.0,1175.0,453.0,High
5860500.000000001,8850750.0,6.9,56.2,25.0,899.0,370.0,Medium
5860500.000000001,9050750.0,6.1,45.5,25.0,1102.0,430.0,Medium
5860500.000000001,9150750.0,6.3,53.5,25.0,1092.0,401.0,Medium
5860500.000000001,9250750.0,6.6,57.4,25.0,989.0,360.0,High
5860500.000000001,9350750.0,6.3,55.8,25.0,852.0,255.0,Medium
5860500.000000001,9450750.0,5.6,60.8,25.0,1379.0,350.0,Medium
5860500.000000001,9550750.0,6.2,50.0,25.0,1265.0,274.0,Medium
5860500.000000001,9650750.0,5.7,60.2,25.0,1298.0,369.0,Medium
5860500.000000001,9750750.0,6.3,53.8,25.0,1251.0,408.0,High
5860500.000000001,9850750.0,6.1,47.8,25.0,1407.0,349.0,Medium
5860500.000000001,9950750.0,6.0,51.1,25.0,1312.0,305.0,Medium
5860500.000000001,10050750.0,5.7,57.8,25.0,1317.0,341.0,Medium
5860500.000000001,10150750.0,5.7,50.3,25.0,1245.0,319.0,Medium
5860500.000000001,10250750.0,5.5,53.9,25.0,1297.0,328.0,Medium
5860500.000000001,10350750.0,5.6,47.8,25.0,1340.0,305.0,Medium
5860500.000000001,10450750.0,5.8,56.1,25.0,1356.0,344.0,Medium
5860500.000000001,10550750.0,5.5,53.8,25.0,1214.0,308.0,Medium
5860500.000000001,10650750.0,5.8,49.3,25.0,1218.0,325.0,Medium
5860500.000000001,10750750.0,5.4,55.4,25.0,1153.0,335.0,Medium
5860500.000000001,10850750.0,5.4,52.2,25.0,1269.0,319.0,Medium
5860500.000000001,10950750.0,5.4,55.5,25.0,1133.0,344.0,Medium
5860500.000000001,11050750.0,5.7,55.3,25.0,866.0,369.0,Medium
5860500.000000001,11150750.0,5.4,54.3,25.0,837.0,351.0,Medium
5860500.000000001,11250750.0,5.4,54.7,25.0,942.0,351.0,Medium
5860500.000000001,11350750.0,5.3,52.2,25.0,885.0,305.0,Medium
5860500.000000001,11550750.0,5.8,52.5,25.0,1102.0,349.0,Medium
5860500.000000001,12550750.0,5.4,60.7,25.0,994.0,365.0,Medium
5860500.000000001,12650750.0,5.7,59.1,25.0,855.0,285.0,Medium
5760500.000000001,-13149250.0,4.9,48.5,25.0,679.0,402.0,Medium
5760500.000000001,-13049250.0,5.7,50.5,25.0,1024.0,282.0,Medium
5760500.000000001,-12949250.0,6.0,55.1,25.0,539.0,361.0,Medium
5760500.000000001,-12849250.0,6.5,52.3,25.0,417.0,302.0,Medium
5760500.000000001,-12749250.0,6.0,47.6,25.0,458.0,280.0,Medium
5760500.000000001,-12649250.0,6.0,46.1,25.0,654.0,378.0,Medium
5760500.000000001,-12549250.0,5.4,40.1,25.0,774.0,278.0,Medium
5760500.000000001,-12449250.0,5.9,37.6,25.0,712.0,330.0,Medium
5760500.000000001,-12349250.0,6.2,40.6,25.0,412.0,279.0,Medium
5760500.000000001,-12249250.0,5.6,40.6,25.0,169.0,228.0,Medium
5760500.000000001,-12149250.0,6.5,41.2,25.0,535.0,278.0,Medium
5760500.000000001,-12049250.0,6.7,42.2,25.0,395.0,219.0,Medium
5760500.000000001,-11949250.0,6.7,44.1,25.0,447.0,248.0,Medium
5760500.000000001,-11849250.0,6.9,43.5,25.0,386.0,211.0,Medium
5760500.000000001,-11749250.0,6.9,42.0,25.0,338.0,237.0,Medium
5760500.000000001,-11649250.0,6.9,38.2,25.0,361.0,261.0,Medium
5760500.000000001,-11549250.0,7.0,45.1,25.0,431.0,329.0,Medium
5760500.000000001,-11449250.0,6.6,46.6,25.0,413.0,324.0,Medium
5760500.000000001,-11349250.0,6.6,42.1,25.0,529.0,280.0,Medium
5760500.000000001,-11249250.0,6.5,45.2,25.0,539.0,283.0,Medium
5760500.000000001,-11149250.0,6.9,43.4,25.0,264.0,311.0,Medium
5760500.000000001,-11049250.0,6.6,41.8,25.0,167.0,295.0,Medium
5760500.000000001,-10849250.0,6.4,42.4,25.0,323.0,400.0,Medium
5760500.000000001,-10649250.0,5.6,49.6,25.0,356.0,198.0,Medium
5760500.000000001,-10449250.0,5.3,52.2,25.0,429.0,227.0,Medium
5760500.000000001,-10349250.0,5.4,52.9,25.0,566.0,301.0,Medium
5760500.000000001,-10249250.0,5.5,50.9,25.0,521.0,224.0,Medium
5760500.000000001,-10149250.0,5.7,47.2,25.0,681.0,264.0,Medium
5760500.000000001,-10049250.0,6.0,52.5,25.0,891.0,379.0,Medium
5760500.000000001,-9949250.0,6.0,52.7,25.0,943.0,321.0,Medium
5760500.000000001,-9849250.0,6.2,55.7,25.0,635.0,369.0,Medium
5760500.000000001,-9449250.0,5.3,59.2,25.0,766.0,391.0,Medium
5760500.000000001,-9249250.0,5.3,63.0,25.0,754.0,396.0,Medium
5760500.000000001,-9149250.0,5.5,61.4,25.0,688.0,356.0,Medium
5760500.000000001,-9049250.0,5.3,60.1,25.0,686.0,330.0,Medium
5760500.000000001,-8949250.0,5.2,60.0,25.0,770.0,351.0,Medium
5760500.000000001,-8849250.0,5.0,61.6,25.0,660.0,295.0,Medium
5760500.000000001,-8749250.0,5.1,62.6,25.0,705.0,360.0,Medium
5760500.000000001,-8649250.0,5.1,60.9,25.0,658.0,352.0,Medium
5760500.000000001,-8549250.0,5.2,59.8,25.0,730.0,315.0,Medium
5760500.000000001,-8449250.0,5.0,58.5,25.0,615.0,353.0,Medium
5760500.000000001,-8349250.0,5.6,60.2,25.0,785.0,377.0,Medium
5760500.000000001,-8249250.0,5.2,58.1,25.0,745.0,445.0,Medium
5760500.000000001,-8149250.0,4.7,55.3,25.0,669.0,367.0,Medium
5760500.000000001,-8049250.0,4.7,53.8,25.0,628.0,340.0,Medium
5760500.000000001,-7949250.0,5.2,55.9,25.0,609.0,368.0,Medium
5760500.000000001,450750.0,5.7,44.8,25.0,739.0,310.0,Medium
5760500.000000001,550750.0,5.5,44.3,25.0,691.0,313.0,Medium
5760500.000000001,850750.0,4.9,47.7,25.0,711.0,408.0,Medium
5760500.000000001,950750.0,5.9,45.8,25.0,562.0,269.0,Medium
5760500.000000001,1050750.0,6.3,45.7,25.0,625.0,290.0,Medium
5760500.000000001,1150750.0,6.6,46.8,25.0,623.0,271.0,Medium
5760500.000000001,1450750.0,6.6,48.1,25.0,621.0,361.0,Medium
5760500.000000001,1550750.0,4.2,47.0,25.0,210.0,231.0,Low
5760500.000000001,1650750.0,5.4,48.3,25.0,518.0,310.0,Medium
5760500.000000001,1750750.0,5.6,45.0,25.0,606.0,303.0,Medium
5760500.000000001,1850750.0,6.7,46.9,25.0,517.0,262.0,Medium
5760500.000000001,1950750.0,6.7,47.3,25.0,854.0,311.0,Medium
5760500.000000001,2050750.0,5.9,48.3,25.0,573.0,286.0,Medium
5760500.000000001,2150750.0,4.5,49.4,25.0,924.0,327.0,Medium
5760500.000000001,2250750.0,5.0,51.2,25.0,742.0,259.0,Medium
5760500.000000001,2350750.0,6.3,50.5,25.0,648.0,313.0,Medium
5760500.000000001,2450750.0,5.9,51.0,25.0,570.0,267.0,Medium
5760500.000000001,2550750.0,5.4,54.6,25.0,640.0,307.0,Medium
5760500.000000001,2650750.0,5.7,54.3,25.0,611.0,297.0,Medium
5760500.000000001,2750750.0,4.9,51.7,25.0,650.0,294.0,Medium
5760500.000000001,2850750.0,5.5,49.5,25.0,926.0,263.0,Medium
5760500.000000001,2950750.0,5.3,52.6,25.0,1407.0,278.0,Medium
5760500.000000001,3050750.0,5.5,49.4,25.0,850.0,267.0,Medium
5760500.000000001,3150750.0,5.8,54.1,25.0,1009.0,279.0,Medium
5760500.000000001,3250750.0,5.4,48.8,25.0,863.0,281.0,Medium
5760500.000000001,3350750.0,5.6,54.1,25.0,1367.0,315.0,Medium
5760500.000000001,3450750.0,5.4,52.1,25.0,1146.0,312.0,Medium
5760500.000000001,3550750.0,5.1,51.2,25.0,1072.0,333.0,Medium
5760500.000000001,3650750.0,6.2,56.1,25.0,1632.0,341.0,High
5760500.000000001,3750750.0,5.5,53.0,25.0,1214.0,312.0,Medium
5760500.000000001,3850750.0,6.4,54.9,25.0,1242.0,407.0,High
5760500.000000001,3950750.0,6.3,53.6,25.0,1032.0,377.0,Medium
5760500.000000001,4050750.0,6.3,54.9,25.0,1010.0,378.0,Medium
5760500.000000001,4150750.0,6.3,56.3,25.0,1026.0,385.0,Medium
5760500.000000001,4250750.0,6.1,56.8,25.0,1265.0,343.0,Medium
5760500.000000001,4350750.0,6.6,56.2,25.0,1034.0,332.0,High
5760500.000000001,4450750.0,6.7,58.5,25.0,720.0,318.0,Medium
5760500.000000001,4550750.0,6.8,59.1,25.0,634.0,297.0,Medium
5760500.000000001,4650750.0,7.0,55.8,25.0,896.0,325.0,Medium
5760500.000000001,4750750.0,7.1,55.3,25.0,608.0,299.0,Medium
5760500.000000001,4850750.0,7.1,51.3,25.0,550.0,281.0,Medium
5760500.000000001,4950750.0,7.1,52.5,25.0,578.0,288.0,Medium
5760500.000000001,5050750.0,7.2,47.3,25.0,370.0,389.0,Medium
5760500.000000001,5150750.0,7.2,48.8,25.0,342.0,298.0,Medium
5760500.000000001,5250750.0,7.1,47.3,25.0,636.0,294.0,Medium
5760500.000000001,5350750.0,6.5,40.3,25.0,612.0,316.0,Medium
5760500.000000001,5450750.0,7.1,45.0,25.0,359.0,306.0,Medium
5760500.000000001,5550750.0,7.0,46.3,25.0,670.0,303.0,Medium
5760500.000000001,5650750.0,7.2,48.3,25.0,375.0,217.0,Medium
5760500.000000001,5850750.0,7.2,46.8,25.0,633.0,244.0,Medium
5760500.000000001,5950750.0,7.1,48.1,25.0,577.0,271.0,Medium
5760500.000000001,6050750.0,7.0,47.1,25.0,432.0,296.0,Medium
5760500.000000001,6150750.0,7.0,49.9,25.0,465.0,352.0,Medium
5760500.000000001,6250750.0,6.9,49.5,25.0,553.0,431.0,Medium
5760500.000000001,6350750.0,6.7,50.8,25.0,413.0,479.0,Medium
5760500.000000001,6450750.0,6.9,49.0,25.0,404.0,429.0,Medium
5760500.000000001,6550750.0,6.8,50.0,25.0,509.0,431.0,Medium
5760500.000000001,6650750.0,7.0,50.8,25.0,455.0,437.0,Medium
5760500.000000001,6750750.0,7.2,49.0,25.0,430.0,289.0,Medium
5760500.000000001,6850750.0,7.0,48.5,25.0,590.0,239.0,Medium
5760500.000000001,6950750.0,7.6,43.1,25.0,395.0,251.0,Medium
5760500.000000001,7050750.0,6.9,49.1,25.0,431.0,289.0,Medium
5760500.000000001,7150750.0,6.8,46.9,25.0,351.0,276.0,Medium
5760500.000000001,7250750.0,7.0,44.8,25.0,530.0,291.0,Medium
5760500.000000001,7350750.0,6.6,48.0,25.0,449.0,294.0,Medium
5760500.000000001,7450750.0,6.8,47.7,25.0,562.0,348.0,Medium
5760500.000000001,7550750.0,5.9,38.9,25.0,764.0,243.0,Medium
5760500.000000001,7650750.0,5.3,49.6,25.0,641.0,307.0,Medium
5760500.000000001,7750750.0,5.7,54.0,25.0,689.0,305.0,Medium
5760500.000000001,7850750.0,5.9,52.2,25.0,694.0,331.0,Medium
5760500.000000001,7950750.0,5.5,50.7,25.0,782.0,344.0,Medium
5760500.000000001,8050750.0,6.8,53.7,25.0,864.0,393.0,Medium
5760500.000000001,8150750.0,5.7,55.9,25.0,932.0,375.0,Medium
5760500.000000001,8250750.0,6.2,53.3,25.0,1317.0,371.0,High
5760500.000000001,8350750.0,6.2,54.2,25.0,1198.0,391.0,Medium
5760500.000000001,8450750.0,6.2,55.3,25.0,1093.0,338.0,Medium
5760500.000000001,8550750.0,5.8,60.4,25.0,1035.0,363.0,Medium
5760500.000000001,8650750.0,5.8,58.0,25.0,956.0,368.0,Medium
5760500.000000001,8750750.0,5.5,56.9,25.0,1119.0,394.0,Medium
5760500.000000001,8850750.0,6.0,56.9,25.0,1180.0,357.0,Medium
5760500.000000001,9050750.0,6.4,53.0,25.0,1218.0,339.0,High
5760500.000000001,9150750.0,6.3,53.6,25.0,1307.0,304.0,High
5760500.000000001,9250750.0,6.7,52.9,25.0,1134.0,365.0,High
5760500.000000001,9350750.0,6.6,55.5,25.0,987.0,227.0,Medium
5760500.000000001,9550750.0,6.2,60.9,25.0,1113.0,310.0,Medium
5760500.000000001,9650750.0,6.0,54.4,25.0,1494.0,237.0,Medium
5760500.000000001,9750750.0,7.2,51.0,25.0,954.0,289.0,Medium
5760500.000000001,9850750.0,6.0,59.4,25.0,1563.0,307.0,High
5760500.000000001,9950750.0,5.8,59.8,25.0,1314.0,286.0,Medium
5760500.000000001,10050750.0,6.0,49.6,25.0,1383.0,308.0,Medium
5760500.000000001,10150750.0,5.6,52.4,25.0,1280.0,283.0,Medium
5760500.000000001,10250750.0,5.5,58.5,25.0,1155.0,296.0,Medium
5760500.000000001,10350750.0,5.5,59.7,25.0,1209.0,286.0,Medium
5760500.000000001,10450750.0,6.0,53.9,25.0,1071.0,328.0,Medium
5760500.000000001,10550750.0,5.9,46.2,25.0,1375.0,312.0,Medium
5760500.000000001,10650750.0,5.9,47.0,25.0,1402.0,394.0,Medium
5760500.000000001,10750750.0,6.0,53.5,25.0,1327.0,298.0,Medium
5760500.000000001,10850750.0,5.6,52.4,25.0,1144.0,282.0,Medium
5760500.000000001,10950750.0,5.6,56.3,25.0,1232.0,299.0,Medium
5760500.000000001,11050750.0,5.3,51.5,25.0,1160.0,354.0,Medium
5760500.000000001,11150750.0,5.5,56.1,25.0,1043.0,317.0,Medium
5760500.000000001,11250750.0,6.0,56.8,25.0,1085.0,307.0,Medium
5760500.000000001,11350750.0,5.6,56.5,25.0,834.0,315.0,Medium
5760500.000000001,11550750.0,5.5,49.4,25.0,866.0,303.0,Medium
5760500.000000001,11650750.0,6.1,51.2,25.0,862.0,374.0,Medium
5760500.000000001,12750750.0,5.7,63.4,25.0,724.0,342.0,Medium
5660500.000000001,-13149250.0,4.8,47.4,25.0,678.0,367.0,Medium
5660500.000000001,-13049250.0,5.3,48.5,25.0,918.0,283.0,Medium
5660500.000000001,-12849250.0,6.2,54.4,25.0,560.0,315.0,Medium
5660500.000000001,-12749250.0,6.2,38.9,25.0,295.0,318.0,Medium
5660500.000000001,-12649250.0,5.8,37.4,25.0,513.0,261.0,Medium
5660500.000000001,-12549250.0,6.0,39.8,25.0,604.0,257.0,Medium
5660500.000000001,-12449250.0,5.5,38.6,25.0,618.0,341.0,Medium
5660500.000000001,-12349250.0,6.3,39.9,25.0,451.0,204.0,Medium
5660500.000000001,-12249250.0,6.6,38.4,25.0,235.0,231.0,Medium
5660500.000000001,-12149250.0,7.1,41.7,25.0,415.0,217.0,Medium
5660500.000000001,-12049250.0,7.1,40.5,25.0,277.0,183.0,Medium
5660500.000000001,-11949250.0,6.8,44.1,25.0,352.0,189.0,Medium
5660500.000000001,-11849250.0,7.0,45.2,25.0,291.0,258.0,Medium
5660500.000000001,-11749250.0,7.2,43.3,25.0,253.0,269.0,Medium
5660500.000000001,-11649250.0,7.0,43.0,25.0,272.0,269.0,Medium
5660500.000000001,-11549250.0,7.0,43.9,25.0,352.0,275.0,Medium
5660500.000000001,-11449250.0,7.0,42.6,25.0,443.0,266.0,Medium
5660500.000000001,-11349250.0,6.8,41.5,25.0,445.0,282.0,Medium
5660500.000000001,-11249250.0,6.9,39.0,25.0,473.0,323.0,Medium
5660500.000000001,-11149250.0,7.0,44.1,25.0,561.0,355.0,Medium
5660500.000000001,-11049250.0,6.9,40.5,25.0,333.0,270.0,Medium
5660500.000000001,-10949250.0,6.9,42.3,25.0,431.0,365.0,Medium
5660500.000000001,-10849250.0,6.6,42.4,25.0,502.0,456.0,Medium
5660500.000000001,-10749250.0,6.0,47.5,25.0,326.0,314.0,Medium
5660500.000000001,-10649250.0,5.5,48.8,25.0,338.0,249.0,Medium
5660500.000000001,-10549250.0,5.5,52.5,25.0,438.0,233.0,Medium
5660500.000000001,-10449250.0,5.3,50.3,25.0,511.0,179.0,Medium
5660500.000000001,-10349250.0,5.3,51.1,25.0,520.0,247.0,Medium
5660500.000000001,-10249250.0,5.4,45.0,25.0,412.0,197.0,Medium
5660500.000000001,-9949250.0,6.3,50.1,25.0,867.0,440.0,Medium
5660500.000000001,-9849250.0,6.3,51.5,25.0,857.0,382.0,Medium
5660500.000000001,-9749250.0,5.8,51.6,25.0,863.0,291.0,Medium
5660500.000000001,-9649250.0,5.9,54.7,25.0,659.0,296.0,Medium
5660500.000000001,-9549250.0,5.6,49.0,25.0,847.0,323.0,Medium
5660500.000000001,-9449250.0,5.3,57.4,25.0,655.0,414.0,Medium
5660500.000000001,-9349250.0,5.3,57.8,25.0,647.0,248.0,Medium
5660500.000000001,-9249250.0,5.2,59.6,25.0,618.0,334.0,Medium
5660500.000000001,-8949250.0,5.4,59.1,25.0,861.0,357.0,Medium
5660500.000000001,-8849250.0,5.3,59.7,25.0,794.0,307.0,Medium
5660500.000000001,-8749250.0,5.1,58.9,25.0,691.0,286.0,Medium
5660500.000000001,-8649250.0,5.1,59.4,25.0,630.0,326.0,Medium
5660500.000000001,-8549250.0,5.1,58.9,25.0,658.0,328.0,Medium
5660500.000000001,-8449250.0,5.3,58.2,25.0,733.0,364.0,Medium
5660500.000000001,-7849250.0,4.8,53.8,25.0,480.0,254.0,Medium
5660500.000000001,950750.0,6.8,46.8,25.0,498.0,271.0,Medium
5660500.000000001,1050750.0,5.5,45.8,25.0,570.0,348.0,Medium
5660500.000000001,1150750.0,6.1,48.2,25.0,641.0,300.0,Medium
5660500.000000001,1350750.0,5.8,48.8,25.0,558.0,292.0,Medium
5660500.000000001,1450750.0,4.8,46.6,25.0,403.0,263.0,Medium
5660500.000000001,1550750.0,4.9,45.1,25.0,477.0,259.0,Medium
5660500.000000001,1650750.0,4.6,46.0,25.0,554.0,343.0,Medium
5660500.000000001,1750750.0,4.8,50.9,25.0,642.0,303.0,Medium
5660500.000000001,1850750.0,5.9,48.3,25.0,651.0,299.0,Medium
5660500.000000001,1950750.0,5.4,46.1,25.0,809.0,312.0,Medium
5660500.000000001,2050750.0,6.0,47.6,25.0,838.0,279.0,Medium
5660500.000000001,2150750.0,5.3,47.2,25.0,709.0,333.0,Medium
5660500.000000001,2250750.0,5.2,47.6,25.0,905.0,258.0,Medium
5660500.000000001,2350750.0,5.3,47.1,25.0,624.0,293.0,Medium
5660500.000000001,2450750.0,6.0,52.2,25.0,582.0,229.0,Medium
5660500.000000001,2550750.0,5.5,50.6,25.0,753.0,269.0,Medium
5660500.000000001,2650750.0,5.0,45.5,25.0,664.0,200.0,Medium
5660500.000000001,2750750.0,5.9,49.3,25.0,553.0,203.0,Medium
5660500.000000001,2850750.0,6.4,49.9,25.0,696.0,303.0,Medium
5660500.000000001,2950750.0,6.6,51.3,25.0,1273.0,291.0,High
5660500.000000001,3050750.0,5.8,49.3,25.0,1200.0,271.0,Medium
5660500.000000001,3150750.0,5.7,51.1,25.0,840.0,268.0,Medium
5660500.000000001,3250750.0,5.9,51.6,25.0,1144.0,241.0,Medium
5660500.000000001,3350750.0,5.7,51.2,25.0,1004.0,307.0,Medium
5660500.000000001,3450750.0,5.9,45.6,25.0,1384.0,279.0,Medium
5660500.000000001,3650750.0,6.8,55.3,25.0,1096.0,405.0,High
5660500.000000001,3750750.0,6.4,54.4,25.0,1227.0,315.0,High
5660500.000000001,3850750.0,6.9,55.0,25.0,1175.0,347.0,Medium
5660500.000000001,3950750.0,6.6,55.3,25.0,1012.0,342.0,High
5660500.000000001,4050750.0,6.7,54.5,25.0,1000.0,387.0,High
5660500.000000001,4150750.0,6.8,54.7,25.0,933.0,354.0,Medium
5660500.000000001,4250750.0,6.8,54.4,25.0,917.0,328.0,Medium
5660500.000000001,4350750.0,6.8,54.7,25.0,804.0,331.0,Medium
5660500.000000001,4450750.0,7.0,57.1,25.0,538.0,294.0,Medium
5660500.000000001,4550750.0,7.1,55.5,25.0,632.0,282.0,Medium
5660500.000000001,4650750.0,7.2,54.2,25.0,506.0,284.0,Medium
5660500.000000001,4750750.0,7.2,50.6,25.0,453.0,277.0,Medium
5660500.000000001,4850750.0,7.2,46.6,25.0,307.0,310.0,Medium
5660500.000000001,4950750.0,7.2,41.7,25.0,515.0,285.0,Medium
5660500.000000001,5050750.0,7.3,44.2,25.0,481.0,290.0,Medium
5660500.000000001,5150750.0,7.3,45.5,25.0,356.0,254.0,Medium
5660500.000000001,5250750.0,7.1,46.6,25.0,395.0,253.0,Medium
5660500.000000001,5350750.0,7.1,46.9,25.0,554.0,249.0,Medium
5660500.000000001,5450750.0,7.3,42.1,25.0,390.0,258.0,Medium
5660500.000000001,5550750.0,7.3,43.5,25.0,512.0,280.0,Medium
5660500.000000001,5650750.0,7.2,44.8,25.0,547.0,286.0,Medium
5660500.000000001,5750750.0,7.3,44.9,25.0,494.0,263.0,Medium
5660500.000000001,5850750.0,7.4,45.5,25.0,553.0,257.0,Medium
5660500.000000001,5950750.0,7.5,44.0,25.0,401.0,236.0,Medium
5660500.000000001,6050750.0,7.4,44.1,25.0,410.0,257.0,Medium
5660500.000000001,6150750.0,7.2,47.6,25.0,437.0,262.0,Medium
5660500.000000001,6250750.0,7.2,45.9,25.0,555.0,298.0,Medium
5660500.000000001,6350750.0,7.0,48.4,25.0,479.0,320.0,Medium
5660500.000000001,6450750.0,7.2,47.1,25.0,454.0,299.0,Medium
5660500.000000001,6550750.0,7.1,45.9,25.0,440.0,302.0,Medium
5660500.000000001,6650750.0,7.1,47.4,25.0,406.0,273.0,Medium
5660500.000000001,6750750.0,7.1,46.9,25.0,415.0,288.0,Medium
5660500.000000001,6850750.0,7.2,46.5,25.0,380.0,237.0,Medium
5660500.000000001,6950750.0,7.4,45.6,25.0,412.0,234.0,Medium
5660500.000000001,7050750.0,7.4,44.1,25.0,362.0,240.0,Medium
5660500.000000001,7150750.0,7.3,45.3,25.0,385.0,259.0,Medium
5660500.000000001,7250750.0,6.7,45.5,25.0,640.0,308.0,Medium
5660500.000000001,7350750.0,5.9,40.3,25.0,540.0,322.0,Medium
5660500.000000001,7450750.0,6.6,45.1,25.0,553.0,341.0,Medium
5660500.000000001,7550750.0,6.6,40.7,25.0,627.0,346.0,Medium
5660500.000000001,7650750.0,6.0,46.5,25.0,679.0,328.0,Medium
5660500.000000001,7750750.0,6.0,51.7,25.0,859.0,319.0,Medium
5660500.000000001,7850750.0,7.1,45.5,25.0,672.0,362.0,Medium
5660500.000000001,7950750.0,7.1,41.9,25.0,1008.0,378.0,Medium
5660500.000000001,8050750.0,6.2,52.2,25.0,887.0,340.0,Medium
5660500.000000001,8150750.0,7.3,48.5,25.0,1010.0,313.0,Medium
5660500.000000001,8250750.0,6.3,48.4,25.0,1295.0,325.0,Medium
5660500.000000001,8350750.0,6.3,51.4,25.0,1134.0,358.0,Medium
5660500.000000001,8450750.0,6.0,54.6,25.0,1141.0,291.0,Medium
5660500.000000001,8650750.0,6.6,57.7,25.0,1040.0,355.0,High
5660500.000000001,8750750.0,5.7,56.0,25.0,1176.0,407.0,Medium
5660500.000000001,8850750.0,6.1,55.4,25.0,866.0,308.0,Medium
5660500.000000001,8950750.0,5.8,52.0,25.0,846.0,392.0,Medium
5660500.000000001,9050750.0,7.3,54.1,25.0,999.0,375.0,Medium
5660500.000000001,9150750.0,7.7,51.8,25.0,920.0,354.0,Medium
5660500.000000001,9250750.0,6.5,52.7,25.0,1240.0,328.0,High
5660500.000000001,9350750.0,6.1,56.7,25.0,998.0,286.0,Medium
5660500.000000001,9450750.0,6.1,56.7,25.0,1131.0,255.0,Medium
5660500.000000001,9550750.0,5.7,53.6,25.0,1071.0,259.0,Medium
5660500.000000001,9650750.0,6.1,52.1,25.0,1164.0,272.0,Medium
5660500.000000001,9750750.0,7.4,47.6,25.0,799.0,313.0,Medium
5660500.000000001,9850750.0,6.8,46.8,25.0,1047.0,339.0,Medium
5660500.000000001,9950750.0,6.0,54.3,25.0,1355.0,332.0,Medium
5660500.000000001,10050750.0,6.7,53.3,25.0,1204.0,431.0,High
5660500.000000001,10150750.0,5.8,54.8,25.0,1383.0,293.0,Medium
5660500.000000001,10250750.0,6.2,59.6,25.0,1129.0,293.0,Medium
5660500.000000001,10350750.0,5.8,50.1,25.0,1117.0,250.0,Medium
5660500.000000001,10450750.0,6.2,53.4,25.0,989.0,308.0,Medium
5660500.000000001,10550750.0,6.4,58.9,25.0,887.0,354.0,Medium
5660500.000000001,10650750.0,6.0,52.2,25.0,1229.0,312.0,Medium
5660500.000000001,10750750.0,5.9,48.4,25.0,1339.0,333.0,Medium
5660500.000000001,10850750.0,6.1,48.9,25.0,1304.0,292.0,Medium
5660500.000000001,10950750.0,5.3,55.2,25.0,1268.0,310.0,Medium
5660500.000000001,11050750.0,5.6,52.2,25.0,1301.0,321.0,Medium
5660500.000000001,11150750.0,5.4,49.1,25.0,1058.0,316.0,Medium
5660500.000000001,11250750.0,5.4,53.3,25.0,985.0,323.0,Medium
5660500.000000001,11350750.0,6.2,50.5,25.0,1313.0,377.0,Medium
5660500.000000001,11450750.0,5.8,56.8,25.0,989.0,312.0,Medium
5660500.000000001,11550750.0,6.3,57.3,25.0,855.0,406.0,Medium
5660500.000000001,11750750.0,5.2,54.2,25.0,830.0,276.0,Medium
5660500.000000001,12850750.0,5.4,54.1,25.0,624.0,310.0,Medium
5560500.000000001,-13149250.0,4.8,47.8,25.0,636.0,408.0,Medium
5560500.000000001,-13049250.0,5.0,47.6,25.0,797.0,396.0,Medium
5560500.000000001,-12949250.0,4.8,44.3,25.0,724.0,316.0,Medium
5560500.000000001,-12849250.0,5.5,45.7,25.0,895.0,304.0,Medium
5560500.000000001,-12749250.0,6.1,39.9,25.0,579.0,247.0,Medium
5560500.000000001,-12649250.0,6.8,40.6,25.0,387.0,283.0,Medium
5560500.000000001,-12549250.0,6.1,40.2,25.0,523.0,217.0,Medium
5560500.000000001,-12449250.0,5.9,39.2,25.0,637.0,223.0,Medium
5560500.000000001,-12349250.0,6.3,39.5,25.0,395.0,304.0,Medium
5560500.000000001,-12249250.0,5.6,41.2,25.0,604.0,240.0,Medium
5560500.000000001,-12149250.0,7.1,40.6,25.0,305.0,214.0,Medium
5560500.000000001,-12049250.0,6.9,40.2,25.0,242.0,189.0,Medium
5560500.000000001,-11949250.0,7.0,40.2,25.0,239.0,188.0,Medium
5560500.000000001,-11849250.0,6.9,41.2,25.0,270.0,199.0,Medium
5560500.000000001,-11749250.0,7.2,41.8,25.0,251.0,225.0,Medium
5560500.000000001,-11649250.0,6.8,41.7,25.0,259.0,252.0,Medium
5560500.000000001,-11549250.0,6.9,43.0,25.0,297.0,280.0,Medium
5560500.000000001,-11449250.0,7.2,43.6,25.0,365.0,395.0,Medium
5560500.000000001,-11349250.0,6.9,41.5,25.0,444.0,267.0,Medium
5560500.000000001,-11249250.0,6.9,40.3,25.0,473.0,285.0,Medium
5560500.000000001,-11149250.0,6.7,41.2,25.0,484.0,329.0,Medium
5560500.000000001,-11049250.0,7.2,40.4,25.0,418.0,284.0,Medium
5560500.000000001,-10949250.0,7.1,39.2,25.0,535.0,384.0,Medium
5560500.000000001,-10849250.0,6.3,36.8,25.0,356.0,270.0,Medium
5560500.000000001,-10749250.0,6.2,39.4,25.0,310.0,257.0,Medium
5560500.000000001,-10649250.0,5.7,44.0,25.0,315.0,265.0,Medium
5560500.000000001,-10449250.0,5.7,50.3,25.0,546.0,244.0,Medium
5560500.000000001,-10349250.0,5.3,49.2,25.0,477.0,228.0,Medium
5560500.000000001,-10149250.0,5.3,50.3,25.0,503.0,220.0,Medium
5560500.000000001,-10049250.0,5.6,49.8,25.0,532.0,233.0,Medium
5560500.000000001,-9949250.0,5.6,44.6,25.0,581.0,298.0,Medium
5560500.000000001,-9849250.0,5.5,45.5,25.0,586.0,201.0,Medium
5560500.000000001,-9749250.0,5.7,50.8,25.0,587.0,252.0,Medium
5560500.000000001,-9649250.0,5.6,54.0,25.0,644.0,270.0,Medium
5560500.000000001,-9549250.0,5.3,52.9,25.0,542.0,192.0,Medium
5560500.000000001,-9449250.0,5.4,50.5,25.0,454.0,212.0,Medium
5560500.000000001,-9349250.0,5.1,51.3,25.0,547.0,277.0,Medium
5560500.000000001,-9249250.0,5.2,52.0,25.0,636.0,292.0,Medium
5560500.000000001,-9149250.0,5.2,51.5,25.0,452.0,283.0,Medium
5560500.000000001,-9049250.0,5.2,53.6,25.0,632.0,306.0,Medium
5560500.000000001,-8949250.0,5.3,48.9,25.0,666.0,305.0,Medium
5560500.000000001,-8849250.0,5.1,56.0,25.0,619.0,302.0,Medium
5560500.000000001,-8649250.0,4.8,55.0,25.0,595.0,358.0,Medium
5560500.000000001,-8349250.0,5.8,46.0,25.0,573.0,326.0,Medium
5560500.000000001,-8249250.0,5.3,46.2,25.0,447.0,375.0,Medium
5560500.000000001,-8149250.0,5.5,48.5,25.0,472.0,352.0,Medium
5560500.000000001,-7849250.0,4.7,52.3,25.0,482.0,350.0,Medium
5560500.000000001,1250750.0,6.9,48.8,25.0,465.0,255.0,Medium
5560500.000000001,1350750.0,5.2,48.2,25.0,527.0,223.0,Medium
5560500.000000001,1450750.0,5.8,46.1,25.0,581.0,283.0,Medium
5560500.000000001,1550750.0,5.4,47.5,25.0,662.0,307.0,Medium
5560500.000000001,1650750.0,6.1,48.0,25.0,540.0,273.0,Medium
5560500.000000001,1750750.0,6.5,48.8,25.0,491.0,264.0,Medium
5560500.000000001,1850750.0,6.6,52.9,25.0,522.0,298.0,Medium
5560500.000000001,1950750.0,5.5,50.8,25.0,689.0,351.0,Medium
5560500.000000001,2050750.0,6.1,48.6,25.0,729.0,273.0,Medium
5560500.000000001,2150750.0,7.0,47.7,25.0,468.0,256.0,Medium
5560500.000000001,2250750.0,6.8,47.3,25.0,464.0,287.0,Medium
5560500.000000001,2350750.0,5.0,49.1,25.0,775.0,274.0,Medium
5560500.000000001,2450750.0,6.3,50.7,25.0,701.0,275.0,Medium
5560500.000000001,2550750.0,5.3,52.2,25.0,848.0,270.0,Medium
5560500.000000001,2650750.0,6.1,52.1,25.0,1010.0,264.0,Medium
5560500.000000001,2750750.0,5.0,45.9,25.0,903.0,244.0,Medium
5560500.000000001,2850750.0,5.7,45.0,25.0,1050.0,270.0,Medium
5560500.000000001,2950750.0,6.6,53.3,25.0,1266.0,322.0,High
5560500.000000001,3050750.0,5.9,45.0,25.0,1139.0,301.0,Medium
5560500.000000001,3150750.0,6.4,43.1,25.0,1026.0,285.0,Medium
5560500.000000001,3250750.0,6.1,53.0,25.0,1086.0,298.0,Medium
5560500.000000001,3350750.0,6.6,54.1,25.0,910.0,306.0,Medium
5560500.000000001,3450750.0,6.5,44.9,25.0,850.0,280.0,Medium
5560500.000000001,3550750.0,6.7,52.4,25.0,797.0,297.0,Medium
5560500.000000001,3650750.0,6.8,54.1,25.0,853.0,357.0,Medium
5560500.000000001,3750750.0,6.8,53.6,25.0,1040.0,315.0,Medium
5560500.000000001,3850750.0,6.8,55.9,25.0,979.0,321.0,Medium
5560500.000000001,3950750.0,6.9,55.1,25.0,991.0,315.0,Medium
5560500.000000001,4050750.0,6.8,54.4,25.0,1034.0,327.0,Medium
5560500.000000001,4150750.0,6.9,54.8,25.0,998.0,347.0,Medium
5560500.000000001,4250750.0,6.9,53.7,25.0,706.0,346.0,Medium
5560500.000000001,4350750.0,6.9,53.1,25.0,737.0,313.0,Medium
5560500.000000001,4450750.0,7.1,52.7,25.0,670.0,303.0,Medium
5560500.000000001,4550750.0,7.1,49.6,25.0,402.0,291.0,Medium
5560500.000000001,4650750.0,7.3,44.7,25.0,517.0,294.0,Medium
5560500.000000001,4750750.0,7.4,43.0,25.0,489.0,292.0,Medium
5560500.000000001,4850750.0,7.3,43.7,25.0,753.0,307.0,Medium
5560500.000000001,4950750.0,7.1,43.5,25.0,491.0,286.0,Medium
5560500.000000001,5050750.0,7.6,44.1,25.0,600.0,269.0,Medium
5560500.000000001,5150750.0,7.6,45.3,25.0,383.0,278.0,Medium
5560500.000000001,5250750.0,7.3,46.2,25.0,579.0,243.0,Medium
5560500.000000001,5350750.0,7.3,42.8,25.0,407.0,241.0,Medium
5560500.000000001,5450750.0,7.3,42.5,25.0,431.0,253.0,Medium
5560500.000000001,5550750.0,7.3,42.3,25.0,341.0,240.0,Medium
5560500.000000001,5650750.0,7.4,43.4,25.0,301.0,248.0,Medium
5560500.000000001,5750750.0,7.6,41.9,25.0,324.0,216.0,Medium
5560500.000000001,5850750.0,7.7,40.4,25.0,330.0,227.0,Medium
5560500.000000001,5950750.0,7.8,42.3,25.0,363.0,249.0,Medium
5560500.000000001,6050750.0,7.8,42.3,25.0,350.0,222.0,Medium
5560500.000000001,6150750.0,7.5,42.4,25.0,456.0,237.0,Medium
5560500.000000001,6250750.0,7.5,44.3,25.0,479.0,232.0,Medium
5560500.000000001,6350750.0,7.5,42.9,25.0,447.0,253.0,Medium
5560500.000000001,6450750.0,7.4,43.6,25.0,416.0,249.0,Medium
5560500.000000001,6550750.0,7.2,45.1,25.0,483.0,263.0,Medium
5560500.000000001,6650750.0,7.0,45.5,25.0,474.0,250.0,Medium
5560500.000000001,6750750.0,7.0,45.3,25.0,476.0,249.0,Medium
5560500.000000001,6850750.0,7.3,45.1,25.0,432.0,245.0,Medium
5560500.000000001,6950750.0,7.4,43.4,25.0,354.0,246.0,Medium
5560500.000000001,7050750.0,7.6,44.5,25.0,382.0,257.0,Medium
5560500.000000001,7150750.0,7.7,42.3,25.0,265.0,249.0,Medium
5560500.000000001,7250750.0,7.1,44.1,25.0,316.0,270.0,Medium
5560500.000000001,7350750.0,6.2,40.5,25.0,686.0,263.0,Medium
5560500.000000001,7450750.0,6.4,41.0,25.0,570.0,296.0,Medium
5560500.000000001,7550750.0,6.9,41.8,25.0,576.0,292.0,Medium
5560500.000000001,7650750.0,6.2,44.3,25.0,826.0,301.0,Medium
5560500.000000001,7750750.0,6.6,45.6,25.0,790.0,338.0,Medium
5560500.000000001,7850750.0,7.0,45.0,25.0,720.0,321.0,Medium
5560500.000000001,7950750.0,7.5,39.6,25.0,697.0,269.0,Medium
5560500.000000001,8050750.0,7.5,41.4,25.0,799.0,344.0,Medium
5560500.000000001,8150750.0,7.4,40.6,25.0,762.0,327.0,Medium
5560500.000000001,8250750.0,7.3,47.4,25.0,904.0,415.0,Medium
5560500.000000001,8350750.0,6.8,54.5,25.0,1073.0,322.0,Medium
5560500.000000001,8450750.0,6.1,54.7,25.0,1151.0,321.0,Medium
5560500.000000001,8550750.0,6.1,50.6,25.0,1205.0,392.0,Medium
5560500.000000001,8650750.0,7.1,46.7,25.0,989.0,339.0,Medium
5560500.000000001,8750750.0,6.1,52.4,25.0,1038.0,351.0,Medium
5560500.000000001,8850750.0,5.8,54.4,25.0,1071.0,357.0,Medium
5560500.000000001,8950750.0,5.8,53.3,25.0,954.0,325.0,Medium
5560500.000000001,9050750.0,6.6,58.9,25.0,1072.0,299.0,High
5560500.000000001,9150750.0,6.8,45.5,25.0,1136.0,274.0,Medium
5560500.000000001,9250750.0,6.3,53.0,25.0,1053.0,297.0,Medium
5560500.000000001,9350750.0,6.1,52.5,25.0,1017.0,331.0,Medium
5560500.000000001,9450750.0,6.0,49.4,25.0,1161.0,292.0,Medium
5560500.000000001,9550750.0,6.0,52.7,25.0,1153.0,309.0,Medium
5560500.000000001,9650750.0,7.0,43.2,25.0,617.0,317.0,Medium
5560500.000000001,9750750.0,7.2,42.4,25.0,537.0,307.0,Medium
5560500.000000001,9850750.0,7.2,42.3,25.0,536.0,258.0,Medium
5560500.000000001,9950750.0,7.4,40.9,25.0,572.0,323.0,Medium
5560500.000000001,10050750.0,7.0,45.5,25.0,702.0,337.0,Medium
5560500.000000001,10150750.0,7.2,47.3,25.0,797.0,384.0,Medium
5560500.000000001,10250750.0,6.1,53.9,25.0,1294.0,298.0,Medium
5560500.000000001,10350750.0,6.2,53.2,25.0,1119.0,301.0,Medium
5560500.000000001,10450750.0,6.5,53.6,25.0,996.0,262.0,Medium
5560500.000000001,10550750.0,6.4,56.2,25.0,1118.0,286.0,Medium
5560500.000000001,10650750.0,5.7,50.4,25.0,1100.0,291.0,Medium
5560500.000000001,10750750.0,6.1,55.6,25.0,1255.0,341.0,Medium
5560500.000000001,10850750.0,5.9,52.8,25.0,1240.0,279.0,Medium
5560500.000000001,10950750.0,5.7,53.3,25.0,1271.0,280.0,Medium
5560500.000000001,11050750.0,5.7,48.2,25.0,1277.0,324.0,Medium
5560500.000000001,11150750.0,5.2,54.4,25.0,1078.0,274.0,Medium
5560500.000000001,11250750.0,5.8,54.1,25.0,1116.0,341.0,Medium
5560500.000000001,11350750.0,5.4,55.9,25.0,1138.0,307.0,Medium
5560500.000000001,11550750.0,5.3,53.1,25.0,854.0,308.0,Medium
5560500.000000001,11650750.0,5.0,56.3,25.0,853.0,309.0,Medium
5560500.000000001,11850750.0,5.2,45.0,25.0,842.0,290.0,Medium
5560500.000000001,11950750.0,5.1,53.2,25.0,955.0,281.0,Medium
5560500.000000001,12850750.0,5.6,51.3,25.0,981.0,273.0,Medium
5460500.000000001,-13049250.0,5.3,47.4,25.0,871.0,392.0,Medium
5460500.000000001,-12849250.0,4.7,45.0,25.0,545.0,375.0,Medium
5460500.000000001,-12749250.0,5.5,39.7,25.0,603.0,309.0,Medium
5460500.000000001,-12649250.0,6.1,39.3,25.0,373.0,231.0,Medium
5460500.000000001,-12549250.0,6.4,40.6,25.0,447.0,219.0,Medium
5460500.000000001,-12449250.0,5.2,39.4,25.0,723.0,208.0,Medium
5460500.000000001,-12349250.0,6.1,40.5,25.0,401.0,221.0,Medium
5460500.000000001,-12249250.0,6.0,38.6,25.0,475.0,243.0,Medium
5460500.000000001,-12149250.0,6.7,40.6,25.0,315.0,276.0,Medium
5460500.000000001,-12049250.0,7.1,38.8,25.0,302.0,207.0,Medium
5460500.000000001,-11949250.0,6.9,39.2,25.0,264.0,224.0,Medium
5460500.000000001,-11849250.0,6.8,39.6,25.0,270.0,252.0,Medium
5460500.000000001,-11749250.0,6.9,40.3,25.0,292.0,223.0,Medium
5460500.000000001,-11649250.0,6.9,39.5,25.0,298.0,232.0,Medium
5460500.000000001,-11549250.0,7.2,41.2,25.0,285.0,240.0,Medium
5460500.000000001,-11449250.0,6.9,40.6,25.0,392.0,266.0,Medium
5460500.000000001,-11349250.0,6.8,42.1,25.0,472.0,299.0,Medium
5460500.000000001,-11249250.0,7.1,42.0,25.0,460.0,267.0,Medium
5460500.000000001,-11149250.0,6.9,39.8,25.0,370.0,281.0,Medium
5460500.000000001,-11049250.0,6.8,41.0,25.0,368.0,305.0,Medium
5460500.000000001,-10949250.0,7.2,44.3,25.0,375.0,346.0,Medium
5460500.000000001,-10849250.0,6.5,40.8,25.0,380.0,222.0,Medium
5460500.000000001,-10749250.0,6.2,39.4,25.0,403.0,345.0,Medium
5460500.000000001,-10549250.0,5.3,44.4,25.0,488.0,249.0,Medium
5460500.000000001,-10449250.0,5.4,47.7,25.0,418.0,210.0,Medium
5460500.000000001,-10349250.0,5.4,46.0,25.0,490.0,203.0,Medium
5460500.000000001,-10249250.0,5.3,42.7,25.0,576.0,208.0,Medium
5460500.000000001,-10149250.0,5.2,49.3,25.0,436.0,251.0,Medium
5460500.000000001,-9949250.0,5.3,47.0,25.0,423.0,225.0,Medium
5460500.000000001,-9849250.0,5.4,45.6,25.0,409.0,179.0,Medium
5460500.000000001,-9649250.0,5.2,45.8,25.0,509.0,113.0,Medium
5460500.000000001,-9549250.0,5.3,46.8,25.0,629.0,203.0,Medium
5460500.000000001,-9449250.0,5.3,45.9,25.0,562.0,223.0,Medium
5460500.000000001,-9349250.0,5.3,49.7,25.0,579.0,243.0,Medium
5460500.000000001,-9149250.0,5.3,52.5,25.0,550.0,273.0,Medium
5460500.000000001,-9049250.0,5.4,53.4,25.0,513.0,276.0,Medium
5460500.000000001,-8949250.0,5.1,53.8,25.0,708.0,288.0,Medium
5460500.000000001,-8849250.0,5.2,52.9,25.0,582.0,279.0,Medium
5460500.000000001,-8749250.0,5.1,52.8,25.0,755.0,410.0,Medium
5460500.000000001,-8249250.0,4.9,51.7,25.0,519.0,330.0,Medium
5460500.000000001,-7849250.0,5.4,50.8,25.0,320.0,310.0,Medium
5460500.000000001,-7649250.0,4.5,50.3,25.0,322.0,323.0,Low
5460500.000000001,950750.0,6.0,46.0,25.0,755.0,343.0,Medium
5460500.000000001,1150750.0,6.7,48.2,25.0,478.0,257.0,Medium
5460500.000000001,1250750.0,6.9,48.9,25.0,546.0,239.0,Medium
5460500.000000001,1350750.0,6.9,48.3,25.0,574.0,259.0,Medium
5460500.000000001,1450750.0,5.6,45.8,25.0,710.0,259.0,Medium
5460500.000000001,1550750.0,6.5,48.7,25.0,647.0,246.0,Medium
5460500.000000001,1650750.0,5.0,47.9,25.0,744.0,249.0,Medium
5460500.000000001,1750750.0,6.5,49.7,25.0,449.0,218.0,Medium
5460500.000000001,1850750.0,5.6,49.0,25.0,499.0,278.0,Medium
5460500.000000001,1950750.0,6.4,47.8,25.0,551.0,318.0,Medium
5460500.000000001,2050750.0,5.2,46.4,25.0,515.0,336.0,Medium
5460500.000000001,2150750.0,5.4,49.0,25.0,905.0,272.0,Medium
5460500.000000001,2250750.0,6.4,48.2,25.0,686.0,315.0,Medium
5460500.000000001,2350750.0,7.2,49.3,25.0,579.0,281.0,Medium
5460500.000000001,2450750.0,5.1,49.4,25.0,707.0,289.0,Medium
5460500.000000001,2550750.0,4.9,51.1,25.0,978.0,335.0,Medium
5460500.000000001,2650750.0,5.2,45.8,25.0,742.0,281.0,Medium
5460500.000000001,2750750.0,5.1,47.6,25.0,885.0,281.0,Medium
5460500.000000001,2850750.0,5.3,41.0,25.0,736.0,244.0,Medium
5460500.000000001,2950750.0,5.4,37.7,25.0,856.0,265.0,Medium
5460500.000000001,3050750.0,6.5,36.1,25.0,1021.0,248.0,Medium
5460500.000000001,3150750.0,6.3,35.5,25.0,1183.0,263.0,Medium
5460500.000000001,3250750.0,6.7,41.2,25.0,932.0,311.0,Medium
5460500.000000001,3350750.0,6.7,45.0,25.0,697.0,290.0,Medium
5460500.000000001,3650750.0,7.2,46.7,25.0,918.0,304.0,Medium
5460500.000000001,3750750.0,6.2,49.2,25.0,1151.0,307.0,Medium
5460500.000000001,3850750.0,6.9,49.4,25.0,997.0,317.0,Medium
5460500.000000001,3950750.0,7.1,52.6,25.0,892.0,292.0,Medium
5460500.000000001,4050750.0,6.9,54.2,25.0,805.0,297.0,Medium
5460500.000000001,4150750.0,7.1,51.7,25.0,945.0,311.0,Medium
5460500.000000001,4250750.0,6.9,50.2,25.0,614.0,315.0,Medium
5460500.000000001,4350750.0,7.0,48.9,25.0,457.0,303.0,Medium
5460500.000000001,4450750.0,7.0,48.5,25.0,551.0,287.0,Medium
5460500.000000001,4550750.0,7.2,45.2,25.0,470.0,292.0,Medium
5460500.000000001,4650750.0,7.3,43.8,25.0,503.0,323.0,Medium
5460500.000000001,4750750.0,7.7,42.9,25.0,470.0,290.0,Medium
5460500.000000001,4850750.0,7.8,41.9,25.0,715.0,307.0,Medium
5460500.000000001,4950750.0,7.7,42.6,25.0,773.0,299.0,Medium
5460500.000000001,5050750.0,7.7,43.5,25.0,741.0,282.0,Medium
5460500.000000001,5150750.0,7.8,42.5,25.0,600.0,261.0,Medium
5460500.000000001,5250750.0,7.6,42.0,25.0,376.0,254.0,Medium
5460500.000000001,5350750.0,7.6,41.7,25.0,464.0,244.0,Medium
5460500.000000001,5450750.0,7.5,43.2,25.0,374.0,231.0,Medium
5460500.000000001,5550750.0,7.6,38.3,25.0,351.0,223.0,Medium
5460500.000000001,5650750.0,7.9,38.1,25.0,289.0,244.0,Low
5460500.000000001,5750750.0,7.7,36.4,25.0,293.0,237.0,Medium
5460500.000000001,5850750.0,7.8,36.0,25.0,378.0,253.0,Medium
5460500.000000001,5950750.0,7.7,37.2,25.0,445.0,230.0,Medium
5460500.000000001,6050750.0,7.9,37.4,25.0,311.0,214.0,Low
5460500.000000001,6150750.0,7.7,40.3,25.0,254.0,220.0,Medium
5460500.000000001,6250750.0,7.6,40.9,25.0,419.0,233.0,Medium
5460500.000000001,6350750.0,7.6,41.6,25.0,329.0,235.0,Medium
5460500.000000001,6450750.0,7.6,42.4,25.0,441.0,262.0,Medium
5460500.000000001,6550750.0,7.5,42.9,25.0,450.0,236.0,Medium
5460500.000000001,6650750.0,7.3,43.1,25.0,470.0,237.0,Medium
5460500.000000001,6750750.0,7.3,43.3,25.0,459.0,206.0,Medium
5460500.000000001,6850750.0,7.2,42.3,25.0,392.0,234.0,Medium
5460500.000000001,6950750.0,7.1,43.3,25.0,425.0,240.0,Medium
5460500.000000001,7050750.0,7.3,40.7,25.0,317.0,240.0,Medium
5460500.000000001,7150750.0,7.4,43.7,25.0,278.0,258.0,Medium
5460500.000000001,7250750.0,7.1,41.9,25.0,269.0,273.0,Medium
5460500.000000001,7350750.0,6.9,42.9,25.0,307.0,261.0,Medium
5460500.000000001,7450750.0,6.7,42.0,25.0,426.0,312.0,Medium
5460500.000000001,7550750.0,6.8,41.2,25.0,437.0,314.0,Medium
5460500.000000001,7650750.0,6.1,41.1,25.0,623.0,287.0,Medium
5460500.000000001,7750750.0,6.8,41.7,25.0,567.0,306.0,Medium
5460500.000000001,7850750.0,7.4,37.1,25.0,406.0,258.0,Medium
5460500.000000001,7950750.0,7.2,41.4,25.0,540.0,297.0,Medium
5460500.000000001,8050750.0,7.2,38.9,25.0,496.0,282.0,Medium
5460500.000000001,8150750.0,7.9,37.3,25.0,326.0,264.0,Medium
5460500.000000001,8250750.0,7.5,40.1,25.0,562.0,296.0,Medium
5460500.000000001,8350750.0,7.3,46.0,25.0,838.0,350.0,Medium
5460500.000000001,8450750.0,7.2,47.3,25.0,1042.0,350.0,Medium
5460500.000000001,8550750.0,7.4,44.7,25.0,967.0,293.0,Medium
5460500.000000001,8650750.0,7.2,48.4,25.0,869.0,303.0,Medium
5460500.000000001,8750750.0,7.4,38.8,25.0,583.0,323.0,Medium
5460500.000000001,8850750.0,7.1,45.2,25.0,845.0,368.0,Medium
5460500.000000001,8950750.0,7.0,44.9,25.0,875.0,346.0,Medium
5460500.000000001,9050750.0,6.8,48.9,25.0,975.0,401.0,Medium
5460500.000000001,9150750.0,7.2,45.6,25.0,806.0,238.0,Medium
5460500.000000001,9250750.0,6.3,53.9,25.0,1302.0,332.0,High
5460500.000000001,9350750.0,6.1,52.4,25.0,1124.0,326.0,Medium
5460500.000000001,9450750.0,6.1,48.2,25.0,1214.0,295.0,Medium
5460500.000000001,9550750.0,6.8,49.5,25.0,982.0,300.0,Medium
5460500.000000001,9650750.0,7.1,42.1,25.0,538.0,277.0,Medium
5460500.000000001,9750750.0,7.2,41.2,25.0,432.0,269.0,Medium
5460500.000000001,9850750.0,7.5,38.5,25.0,387.0,227.0,Medium
5460500.000000001,9950750.0,7.5,38.6,25.0,405.0,258.0,Medium
5460500.000000001,10050750.0,7.4,38.2,25.0,411.0,219.0,Medium
5460500.000000001,10150750.0,7.5,39.0,25.0,545.0,271.0,Medium
5460500.000000001,10250750.0,7.3,44.3,25.0,657.0,282.0,Medium
5460500.000000001,10350750.0,5.9,50.5,25.0,1048.0,319.0,Medium
5460500.000000001,10450750.0,6.3,46.1,25.0,1087.0,290.0,Medium
5460500.000000001,10550750.0,6.5,51.9,25.0,990.0,291.0,Medium
5460500.000000001,10650750.0,6.6,52.4,25.0,1171.0,306.0,High
5460500.000000001,10750750.0,5.9,54.6,25.0,1081.0,297.0,Medium
5460500.000000001,10850750.0,5.9,45.8,25.0,1145.0,293.0,Medium
5460500.000000001,10950750.0,5.9,49.4,25.0,1183.0,315.0,Medium
5460500.000000001,11050750.0,5.8,48.9,25.0,1279.0,251.0,Medium
5460500.000000001,11150750.0,5.5,49.6,25.0,1132.0,270.0,Medium
5460500.000000001,11250750.0,5.4,49.0,25.0,882.0,283.0,Medium
5460500.000000001,11350750.0,5.6,45.8,25.0,1056.0,258.0,Medium
5460500.000000001,11450750.0,6.4,45.0,25.0,976.0,353.0,Medium
5460500.000000001,11550750.0,5.9,46.1,25.0,1038.0,268.0,Medium
5460500.000000001,11650750.0,5.0,47.9,25.0,796.0,308.0,Medium
5460500.000000001,11750750.0,5.1,57.3,25.0,859.0,294.0,Medium
5460500.000000001,11950750.0,5.0,48.0,25.0,834.0,298.0,Medium
5360500.000000001,-12849250.0,5.1,42.4,25.0,1131.0,264.0,Medium
5360500.000000001,-12749250.0,5.4,39.0,25.0,660.0,214.0,Medium
5360500.000000001,-12649250.0,6.8,39.7,25.0,315.0,129.0,Medium
5360500.000000001,-12549250.0,6.5,38.8,25.0,344.0,207.0,Medium
5360500.000000001,-12449250.0,6.0,43.6,25.0,733.0,340.0,Medium
5360500.000000001,-12349250.0,5.4,42.7,25.0,629.0,272.0,Medium
5360500.000000001,-12249250.0,6.9,40.8,25.0,393.0,277.0,Medium
5360500.000000001,-12149250.0,6.0,39.3,25.0,465.0,258.0,Medium
5360500.000000001,-12049250.0,7.2,39.1,25.0,229.0,203.0,Medium
5360500.000000001,-11949250.0,7.5,40.6,25.0,227.0,211.0,Medium
5360500.000000001,-11849250.0,6.6,39.5,25.0,316.0,250.0,Medium
5360500.000000001,-11749250.0,7.4,42.1,25.0,346.0,258.0,Medium
5360500.000000001,-11649250.0,7.2,39.5,25.0,210.0,221.0,Medium
5360500.000000001,-11549250.0,7.3,39.2,25.0,236.0,245.0,Medium
5360500.000000001,-11449250.0,7.2,39.9,25.0,281.0,223.0,Medium
5360500.000000001,-11349250.0,7.1,39.6,25.0,379.0,236.0,Medium
5360500.000000001,-11249250.0,7.1,40.3,25.0,450.0,253.0,Medium
5360500.000000001,-11149250.0,7.0,34.8,25.0,522.0,251.0,Medium
5360500.000000001,-11049250.0,7.3,42.1,25.0,465.0,310.0,Medium
5360500.000000001,-10949250.0,7.4,45.5,25.0,459.0,314.0,Medium
5360500.000000001,-10849250.0,7.0,40.9,25.0,351.0,331.0,Medium
5360500.000000001,-10749250.0,6.3,36.4,25.0,448.0,193.0,Medium
5360500.000000001,-10649250.0,5.3,40.7,25.0,437.0,406.0,Medium
5360500.000000001,-10549250.0,5.3,40.5,25.0,696.0,374.0,Medium
5360500.000000001,-10449250.0,5.2,42.8,25.0,529.0,265.0,Medium
5360500.000000001,-10349250.0,4.8,41.5,25.0,516.0,285.0,Medium
5360500.000000001,-10049250.0,5.1,41.9,25.0,539.0,303.0,Medium
5360500.000000001,-9949250.0,5.1,42.7,25.0,451.0,181.0,Medium
5360500.000000001,-9849250.0,5.1,48.1,25.0,420.0,191.0,Medium
5360500.000000001,-9749250.0,5.4,46.5,25.0,659.0,308.0,Medium
5360500.000000001,-9649250.0,5.4,47.2,25.0,461.0,235.0,Medium
5360500.000000001,-9549250.0,5.1,47.6,25.0,481.0,279.0,Medium
5360500.000000001,-9349250.0,5.3,47.4,25.0,461.0,266.0,Medium
5360500.000000001,-9249250.0,5.0,52.1,25.0,572.0,297.0,Medium
5360500.000000001,-9049250.0,5.2,52.6,25.0,613.0,305.0,Medium
5360500.000000001,-8949250.0,4.9,47.1,25.0,695.0,426.0,Medium
5360500.000000001,-8849250.0,5.0,46.0,25.0,671.0,412.0,Medium
5360500.000000001,-8649250.0,6.1,46.2,25.0,622.0,368.0,Medium
5360500.000000001,-8549250.0,4.5,45.5,25.0,755.0,399.0,Medium
5360500.000000001,-8449250.0,4.4,42.8,25.0,645.0,451.0,Medium
5360500.000000001,-7849250.0,4.6,51.5,25.0,428.0,331.0,Medium
5360500.000000001,-7749250.0,4.6,48.8,25.0,375.0,334.0,Medium
5360500.000000001,-7649250.0,4.8,50.1,25.0,491.0,303.0,Medium
5360500.000000001,-7549250.0,4.4,47.7,25.0,319.0,315.0,Low
5360500.000000001,750750.0,5.7,47.4,25.0,763.0,327.0,Medium
5360500.000000001,850750.0,6.0,40.3,25.0,628.0,267.0,Medium
5360500.000000001,950750.0,6.0,45.0,25.0,570.0,272.0,Medium
5360500.000000001,1050750.0,6.3,48.6,25.0,614.0,257.0,Medium
5360500.000000001,1150750.0,6.9,43.2,25.0,527.0,236.0,Medium
5360500.000000001,1250750.0,7.0,39.1,25.0,680.0,291.0,Medium
5360500.000000001,1450750.0,6.7,38.4,25.0,467.0,294.0,Medium
5360500.000000001,1550750.0,5.3,44.3,25.0,714.0,298.0,Medium
5360500.000000001,1650750.0,5.4,48.5,25.0,587.0,315.0,Medium
5360500.000000001,1750750.0,6.0,49.4,25.0,706.0,428.0,Medium
5360500.000000001,1850750.0,6.5,45.3,25.0,533.0,278.0,Medium
5360500.000000001,1950750.0,6.3,44.9,25.0,610.0,293.0,Medium
5360500.000000001,2050750.0,6.7,47.0,25.0,462.0,321.0,Medium
5360500.000000001,2150750.0,5.7,48.1,25.0,712.0,265.0,Medium
5360500.000000001,2250750.0,5.8,44.1,25.0,580.0,230.0,Medium
5360500.000000001,2350750.0,5.5,36.1,25.0,801.0,243.0,Medium
5360500.000000001,2450750.0,6.8,34.9,25.0,538.0,277.0,Medium
5360500.000000001,2550750.0,6.6,40.8,25.0,480.0,231.0,Medium
5360500.000000001,2650750.0,6.8,41.4,25.0,445.0,260.0,Medium
5360500.000000001,2750750.0,6.2,36.8,25.0,536.0,257.0,Medium
5360500.000000001,2850750.0,5.0,43.2,25.0,797.0,281.0,Medium
5360500.000000001,2950750.0,6.0,38.1,25.0,739.0,242.0,Medium
5360500.000000001,3050750.0,6.6,37.2,25.0,617.0,287.0,Medium
5360500.000000001,3150750.0,6.6,38.5,25.0,684.0,313.0,Medium
5360500.000000001,3250750.0,6.3,36.7,25.0,715.0,276.0,Medium
5360500.000000001,3350750.0,6.9,38.5,25.0,633.0,308.0,Medium
5360500.000000001,3450750.0,7.0,38.7,25.0,774.0,302.0,Medium
5360500.000000001,3550750.0,7.1,37.0,25.0,712.0,298.0,Medium
5360500.000000001,3650750.0,7.1,40.3,25.0,816.0,337.0,Medium
5360500.000000001,3750750.0,7.0,48.0,25.0,776.0,328.0,Medium
5360500.000000001,3850750.0,7.1,48.1,25.0,793.0,329.0,Medium
5360500.000000001,4050750.0,6.9,47.4,25.0,712.0,326.0,Medium
5360500.000000001,4150750.0,7.1,47.5,25.0,625.0,319.0,Medium
5360500.000000001,4250750.0,6.8,47.7,25.0,967.0,316.0,Medium
5360500.000000001,4350750.0,6.8,43.9,25.0,446.0,292.0,Medium
5360500.000000001,4450750.0,6.9,43.8,25.0,558.0,308.0,Medium
5360500.000000001,4550750.0,7.1,44.1,25.0,443.0,342.0,Medium
5360500.000000001,4650750.0,7.6,43.3,25.0,456.0,301.0,Medium
5360500.000000001,4750750.0,8.0,41.8,25.0,557.0,298.0,Medium
5360500.000000001,4850750.0,8.0,40.7,25.0,651.0,281.0,Medium
5360500.000000001,4950750.0,7.8,42.4,25.0,716.0,267.0,Medium
5360500.000000001,5050750.0,7.7,42.2,25.0,651.0,270.0,Medium
5360500.000000001,5150750.0,7.9,42.0,25.0,644.0,245.0,Medium
5360500.000000001,5250750.0,7.7,42.0,25.0,622.0,262.0,Medium
5360500.000000001,5350750.0,7.7,41.6,25.0,342.0,242.0,Medium
5360500.000000001,5450750.0,7.8,40.4,25.0,410.0,234.0,Medium
5360500.000000001,5550750.0,7.7,37.6,25.0,237.0,204.0,Medium
5360500.000000001,5650750.0,7.8,35.3,25.0,362.0,229.0,Medium
5360500.000000001,5750750.0,8.0,34.9,25.0,198.0,232.0,Low
5360500.000000001,5850750.0,8.0,34.9,25.0,244.0,250.0,Low
5360500.000000001,5950750.0,7.8,34.2,25.0,278.0,260.0,Low
5360500.000000001,6050750.0,7.9,36.3,25.0,263.0,228.0,Low
5360500.000000001,6150750.0,7.6,37.9,25.0,253.0,220.0,Medium
5360500.000000001,6250750.0,7.7,38.3,25.0,303.0,229.0,Medium
5360500.000000001,6350750.0,7.5,39.3,25.0,298.0,222.0,Medium
5360500.000000001,6450750.0,7.7,41.5,25.0,347.0,218.0,Medium
5360500.000000001,6550750.0,7.6,41.8,25.0,293.0,227.0,Medium
5360500.000000001,6650750.0,7.6,38.1,25.0,324.0,229.0,Medium
5360500.000000001,6750750.0,7.5,41.3,25.0,338.0,225.0,Medium
5360500.000000001,6850750.0,7.6,40.2,25.0,327.0,226.0,Medium
5360500.000000001,6950750.0,7.6,40.5,25.0,308.0,228.0,Medium
5360500.000000001,7050750.0,7.5,41.1,25.0,275.0,239.0,Medium
5360500.000000001,7150750.0,7.2,40.8,25.0,301.0,241.0,Medium
5360500.000000001,7250750.0,7.3,39.8,25.0,298.0,252.0,Medium
5360500.000000001,7350750.0,6.9,39.3,25.0,318.0,266.0,Medium
5360500.000000001,7450750.0,7.5,39.4,25.0,532.0,264.0,Medium
5360500.000000001,7550750.0,7.4,36.4,25.0,239.0,256.0,Medium
5360500.000000001,7650750.0,6.9,39.7,25.0,297.0,226.0,Medium
5360500.000000001,7750750.0,7.0,37.4,25.0,452.0,295.0,Medium
5360500.000000001,7850750.0,7.0,40.9,25.0,475.0,315.0,Medium
5360500.000000001,7950750.0,7.3,38.3,25.0,464.0,283.0,Medium
5360500.000000001,8050750.0,6.9,43.6,25.0,752.0,284.0,Medium
5360500.000000001,8150750.0,7.6,37.6,25.0,372.0,222.0,Medium
5360500.000000001,8250750.0,7.6,35.7,25.0,348.0,244.0,Medium
5360500.000000001,8350750.0,7.6,36.9,25.0,371.0,229.0,Medium
5360500.000000001,8450750.0,7.7,40.1,25.0,523.0,299.0,Medium
5360500.000000001,8550750.0,7.3,44.7,25.0,666.0,310.0,Medium
5360500.000000001,8650750.0,7.1,45.9,25.0,746.0,367.0,Medium
5360500.000000001,8750750.0,7.0,46.1,25.0,883.0,287.0,Medium
5360500.000000001,8850750.0,7.0,45.9,25.0,722.0,370.0,Medium
5360500.000000001,8950750.0,6.3,45.0,25.0,961.0,380.0,Medium
5360500.000000001,9050750.0,7.1,43.4,25.0,659.0,326.0,Medium
5360500.000000001,9150750.0,7.0,45.7,25.0,765.0,307.0,Medium
5360500.000000001,9250750.0,7.1,48.0,25.0,767.0,339.0,Medium
5360500.000000001,9350750.0,7.0,53.7,25.0,1021.0,263.0,Medium
5360500.000000001,9450750.0,7.1,41.8,25.0,686.0,284.0,Medium
5360500.000000001,9550750.0,7.1,40.5,25.0,438.0,238.0,Medium
5360500.000000001,9650750.0,7.4,40.3,25.0,415.0,256.0,Medium
5360500.000000001,9750750.0,7.5,39.0,25.0,365.0,281.0,Medium
5360500.000000001,9850750.0,7.7,36.6,25.0,383.0,221.0,Medium
5360500.000000001,9950750.0,7.8,36.2,25.0,380.0,252.0,Medium
5360500.000000001,10050750.0,7.8,35.8,25.0,341.0,219.0,Medium
5360500.000000001,10150750.0,7.8,35.9,25.0,439.0,243.0,Medium
5360500.000000001,10250750.0,7.5,40.7,25.0,434.0,236.0,Medium
5360500.000000001,10350750.0,7.3,46.3,25.0,587.0,367.0,Medium
5360500.000000001,10450750.0,6.4,45.3,25.0,1005.0,315.0,Medium
5360500.000000001,10550750.0,6.8,42.7,25.0,670.0,294.0,Medium
5360500.000000001,10650750.0,7.1,44.4,25.0,477.0,254.0,Medium
5360500.000000001,10750750.0,6.8,48.7,25.0,558.0,273.0,Medium
5360500.000000001,10850750.0,6.5,53.0,25.0,1187.0,328.0,High
5360500.000000001,10950750.0,6.1,42.2,25.0,1041.0,284.0,Medium
5360500.000000001,11050750.0,5.7,43.6,25.0,1068.0,253.0,Medium
5360500.000000001,11150750.0,5.8,46.5,25.0,1000.0,273.0,Medium
5360500.000000001,11250750.0,5.8,46.8,25.0,1120.0,271.0,Medium
5360500.000000001,11350750.0,6.4,42.2,25.0,862.0,289.0,Medium
5360500.000000001,11450750.0,5.9,39.9,25.0,993.0,253.0,Medium
5360500.000000001,11550750.0,6.4,43.4,25.0,858.0,286.0,Medium
5360500.000000001,11650750.0,5.0,52.6,25.0,1105.0,307.0,Medium
5360500.000000001,11750750.0,4.9,54.1,25.0,844.0,315.0,Medium
5360500.000000001,11850750.0,5.1,44.8,25.0,791.0,300.0,Medium
5260500.000000001,-12849250.0,4.9,41.1,25.0,901.0,332.0,Medium
5260500.000000001,-12749250.0,6.0,37.5,25.0,467.0,199.0,Medium
5260500.000000001,-12649250.0,6.9,38.4,25.0,190.0,131.0,Medium
5260500.000000001,-12549250.0,6.5,40.6,25.0,208.0,170.0,Medium
5260500.000000001,-12449250.0,6.2,41.5,25.0,557.0,270.0,Medium
5260500.000000001,-12349250.0,5.5,44.3,25.0,775.0,293.0,Medium
5260500.000000001,-12249250.0,7.0,41.3,25.0,338.0,190.0,Medium
5260500.000000001,-12149250.0,5.8,39.4,25.0,611.0,277.0,Medium
5260500.000000001,-12049250.0,7.2,38.8,25.0,184.0,214.0,Medium
5260500.000000001,-11949250.0,6.7,37.0,25.0,367.0,270.0,Medium
5260500.000000001,-11849250.0,6.9,38.9,25.0,249.0,210.0,Medium
5260500.000000001,-11749250.0,6.9,38.0,25.0,253.0,208.0,Medium
5260500.000000001,-11649250.0,7.2,38.5,25.0,180.0,210.0,Medium
5260500.000000001,-11549250.0,7.3,37.9,25.0,237.0,159.0,Medium
5260500.000000001,-11449250.0,6.9,40.6,25.0,279.0,189.0,Medium
5260500.000000001,-11349250.0,6.7,39.1,25.0,379.0,216.0,Medium
5260500.000000001,-11249250.0,7.0,38.9,25.0,377.0,244.0,Medium
5260500.000000001,-11149250.0,7.0,41.0,25.0,494.0,268.0,Medium
5260500.000000001,-10949250.0,7.4,40.8,25.0,409.0,291.0,Medium
5260500.000000001,-10849250.0,7.3,38.7,25.0,345.0,282.0,Medium
5260500.000000001,-10749250.0,6.3,36.8,25.0,331.0,300.0,Medium
5260500.000000001,-10649250.0,5.7,38.3,25.0,422.0,245.0,Medium
5260500.000000001,-10549250.0,5.1,37.5,25.0,491.0,258.0,Medium
5260500.000000001,-10449250.0,4.9,38.1,25.0,548.0,318.0,Medium
5260500.000000001,-9849250.0,5.1,42.8,25.0,581.0,188.0,Medium
5260500.000000001,-9749250.0,5.2,44.8,25.0,479.0,262.0,Medium
5260500.000000001,-9649250.0,5.2,45.2,25.0,441.0,257.0,Medium
5260500.000000001,-9549250.0,5.2,43.8,25.0,446.0,199.0,Medium
5260500.000000001,-9449250.0,5.2,43.8,25.0,597.0,218.0,Medium
5260500.000000001,-9349250.0,5.3,46.0,25.0,640.0,243.0,Medium
5260500.000000001,-9249250.0,5.1,45.9,25.0,652.0,282.0,Medium
5260500.000000001,-9149250.0,5.2,48.7,25.0,685.0,368.0,Medium
5260500.000000001,-9049250.0,5.1,49.2,25.0,535.0,315.0,Medium
5260500.000000001,-8949250.0,4.6,42.0,25.0,837.0,516.0,Medium
5260500.000000001,-8849250.0,4.3,45.7,25.0,1043.0,415.0,Medium
5260500.000000001,-8749250.0,4.7,41.7,25.0,833.0,640.0,Medium
5260500.000000001,-8649250.0,4.6,48.4,25.0,531.0,511.0,Medium
5260500.000000001,-8549250.0,4.7,46.2,25.0,609.0,402.0,Medium
5260500.000000001,-8449250.0,5.2,40.2,25.0,514.0,347.0,Medium
5260500.000000001,-7449250.0,4.5,46.8,25.0,381.0,338.0,Low
5260500.000000001,850750.0,5.9,34.2,25.0,685.0,358.0,Medium
5260500.000000001,950750.0,6.4,35.9,25.0,535.0,330.0,Medium
5260500.000000001,1050750.0,6.0,35.0,25.0,627.0,286.0,Medium
5260500.000000001,1150750.0,5.0,34.9,25.0,701.0,268.0,Medium
5260500.000000001,1250750.0,6.7,37.3,25.0,610.0,296.0,Medium
5260500.000000001,1350750.0,6.5,37.6,25.0,613.0,325.0,Medium
5260500.000000001,1450750.0,6.3,39.4,25.0,673.0,320.0,Medium
5260500.000000001,1550750.0,6.0,43.1,25.0,754.0,338.0,Medium
5260500.000000001,1750750.0,5.7,43.7,25.0,824.0,339.0,Medium
5260500.000000001,1850750.0,5.1,45.4,25.0,1128.0,494.0,Medium
5260500.000000001,1950750.0,5.7,44.9,25.0,1007.0,331.0,Medium
5260500.000000001,2050750.0,5.9,46.9,25.0,926.0,331.0,Medium
5260500.000000001,2150750.0,6.1,45.1,25.0,823.0,281.0,Medium
5260500.000000001,2250750.0,6.2,40.9,25.0,709.0,249.0,Medium
5260500.000000001,2350750.0,7.2,32.7,25.0,433.0,221.0,Medium
5260500.000000001,2450750.0,7.3,34.2,25.0,455.0,201.0,Medium
5260500.000000001,2550750.0,7.2,33.1,25.0,402.0,304.0,Medium
5260500.000000001,2650750.0,7.3,41.3,25.0,491.0,237.0,Medium
5260500.000000001,2750750.0,6.4,36.7,25.0,581.0,288.0,Medium
5260500.000000001,2850750.0,5.7,37.6,25.0,789.0,272.0,Medium
5260500.000000001,2950750.0,5.1,39.9,25.0,789.0,276.0,Medium
5260500.000000001,3150750.0,7.0,40.1,25.0,404.0,334.0,Medium
5260500.000000001,3250750.0,7.0,41.7,25.0,593.0,312.0,Medium
5260500.000000001,3350750.0,7.1,40.3,25.0,493.0,332.0,Medium
5260500.000000001,3450750.0,7.1,41.4,25.0,515.0,288.0,Medium
5260500.000000001,3550750.0,7.1,41.5,25.0,566.0,290.0,Medium
5260500.000000001,3650750.0,7.1,40.9,25.0,655.0,281.0,Medium
5260500.000000001,3750750.0,7.0,41.6,25.0,779.0,291.0,Medium
5260500.000000001,3850750.0,6.8,39.8,25.0,723.0,295.0,Medium
5260500.000000001,3950750.0,7.1,40.4,25.0,720.0,290.0,Medium
5260500.000000001,4050750.0,7.0,41.5,25.0,926.0,318.0,Medium
5260500.000000001,4150750.0,7.0,41.1,25.0,771.0,340.0,Medium
5260500.000000001,4250750.0,6.9,43.7,25.0,609.0,300.0,Medium
5260500.000000001,4350750.0,6.9,42.9,25.0,445.0,294.0,Medium
5260500.000000001,4450750.0,7.2,43.8,25.0,400.0,307.0,Medium
5260500.000000001,4550750.0,7.4,43.5,25.0,429.0,302.0,Medium
5260500.000000001,4650750.0,7.7,41.5,25.0,448.0,288.0,Medium
5260500.000000001,4750750.0,8.0,43.3,25.0,421.0,310.0,Medium
5260500.000000001,4850750.0,8.0,40.1,25.0,587.0,268.0,Medium
5260500.000000001,4950750.0,7.7,40.8,25.0,546.0,263.0,Medium
5260500.000000001,5050750.0,7.7,40.7,25.0,555.0,269.0,Medium
5260500.000000001,5150750.0,7.7,41.6,25.0,622.0,253.0,Medium
5260500.000000001,5250750.0,7.8,40.0,25.0,328.0,243.0,Medium
5260500.000000001,5350750.0,7.9,40.1,25.0,262.0,232.0,Low
5260500.000000001,5450750.0,7.7,38.5,25.0,420.0,219.0,Medium
5260500.000000001,5550750.0,8.1,36.1,25.0,241.0,200.0,Low
5260500.000000001,5650750.0,7.9,34.9,25.0,338.0,180.0,Low
5260500.000000001,5750750.0,7.9,35.1,25.0,215.0,240.0,Low
5260500.000000001,5850750.0,7.9,34.8,25.0,226.0,233.0,Low
5260500.000000001,5950750.0,7.9,36.0,25.0,190.0,265.0,Low
5260500.000000001,6050750.0,8.1,35.1,25.0,290.0,268.0,Low
5260500.000000001,6150750.0,8.2,33.8,25.0,238.0,277.0,Low
5260500.000000001,6250750.0,8.0,37.1,25.0,269.0,217.0,Low
5260500.000000001,6350750.0,7.9,37.3,25.0,275.0,253.0,Low
5260500.000000001,6450750.0,7.9,37.4,25.0,342.0,220.0,Low
5260500.000000001,6550750.0,7.8,36.9,25.0,326.0,222.0,Medium
5260500.000000001,6650750.0,7.8,36.9,25.0,275.0,229.0,Low
5260500.000000001,6750750.0,7.8,36.2,25.0,278.0,239.0,Low
5260500.000000001,6850750.0,7.9,35.0,25.0,207.0,203.0,Low
5260500.000000001,6950750.0,7.9,37.2,25.0,200.0,217.0,Low
5260500.000000001,7050750.0,8.0,37.5,25.0,239.0,233.0,Low
5260500.000000001,7150750.0,7.8,36.2,25.0,215.0,240.0,Low
5260500.000000001,7250750.0,7.7,37.5,25.0,260.0,223.0,Medium
5260500.000000001,7350750.0,7.1,39.8,25.0,376.0,283.0,Medium
5260500.000000001,7450750.0,7.0,38.8,25.0,371.0,274.0,Medium
5260500.000000001,7550750.0,7.2,37.9,25.0,242.0,260.0,Medium
5260500.000000001,7650750.0,7.2,38.7,25.0,266.0,252.0,Medium
5260500.000000001,7750750.0,7.9,35.3,25.0,208.0,226.0,Low
5260500.000000001,7950750.0,8.3,35.3,25.0,190.0,218.0,Low
5260500.000000001,8050750.0,6.4,39.4,25.0,542.0,226.0,Medium
5260500.000000001,8150750.0,7.0,41.1,25.0,541.0,268.0,Medium
5260500.000000001,8250750.0,7.9,35.7,25.0,335.0,218.0,Low
5260500.000000001,8350750.0,8.0,35.1,25.0,327.0,215.0,Low
5260500.000000001,8450750.0,7.9,36.6,25.0,455.0,204.0,Medium
5260500.000000001,8550750.0,7.6,37.4,25.0,453.0,280.0,Medium
5260500.000000001,8650750.0,7.3,43.1,25.0,459.0,284.0,Medium
5260500.000000001,8750750.0,7.2,39.3,25.0,412.0,296.0,Medium
5260500.000000001,8850750.0,7.0,43.1,25.0,561.0,287.0,Medium
5260500.000000001,8950750.0,7.2,40.6,25.0,430.0,268.0,Medium
5260500.000000001,9050750.0,7.4,35.5,25.0,397.0,196.0,Medium
5260500.000000001,9150750.0,7.2,37.9,25.0,362.0,210.0,Medium
5260500.000000001,9250750.0,7.7,36.7,25.0,410.0,247.0,Medium
5260500.000000001,9350750.0,7.4,41.2,25.0,466.0,271.0,Medium
5260500.000000001,9450750.0,7.2,38.1,25.0,489.0,256.0,Medium
5260500.000000001,9550750.0,7.2,39.0,25.0,487.0,263.0,Medium
5260500.000000001,9650750.0,7.4,36.5,25.0,367.0,214.0,Medium
5260500.000000001,9750750.0,7.6,38.2,25.0,391.0,220.0,Medium
5260500.000000001,9850750.0,7.7,37.0,25.0,420.0,235.0,Medium
5260500.000000001,9950750.0,7.8,36.6,25.0,381.0,231.0,Medium
5260500.000000001,10050750.0,7.8,34.2,25.0,341.0,236.0,Low
5260500.000000001,10150750.0,7.9,36.2,25.0,413.0,228.0,Medium
5260500.000000001,10250750.0,7.8,36.0,25.0,355.0,256.0,Medium
5260500.000000001,10350750.0,7.3,39.4,25.0,491.0,307.0,Medium
5260500.000000001,10450750.0,6.9,46.7,25.0,666.0,315.0,Medium
5260500.000000001,10550750.0,6.8,38.2,25.0,708.0,286.0,Medium
5260500.000000001,10650750.0,7.3,38.1,25.0,424.0,231.0,Medium
5260500.000000001,10750750.0,7.9,39.6,25.0,359.0,269.0,Medium
5260500.000000001,10850750.0,7.1,47.8,25.0,511.0,259.0,Medium
5260500.000000001,10950750.0,6.6,50.6,25.0,577.0,264.0,Medium
5260500.000000001,11050750.0,6.1,46.1,25.0,1006.0,287.0,Medium
5260500.000000001,11150750.0,6.1,45.3,25.0,982.0,288.0,Medium
5260500.000000001,11250750.0,6.3,50.3,25.0,532.0,302.0,Medium
5260500.000000001,11350750.0,6.3,49.8,25.0,815.0,329.0,Medium
5260500.000000001,11450750.0,6.4,41.8,25.0,777.0,282.0,Medium
5260500.000000001,11550750.0,5.7,44.7,25.0,938.0,252.0,Medium
5260500.000000001,11650750.0,5.2,46.3,25.0,1094.0,278.0,Medium
5260500.000000001,11750750.0,4.8,49.4,25.0,795.0,316.0,Medium
5260500.000000001,11850750.0,5.0,54.5,25.0,863.0,348.0,Medium
5260500.000000001,12150750.0,4.9,58.5,25.0,1019.0,300.0,Medium
5160500.000000001,-12949250.0,5.4,37.9,25.0,857.0,240.0,Medium
5160500.000000001,-12849250.0,5.1,38.1,25.0,909.0,305.0,Medium
5160500.000000001,-12749250.0,7.3,35.4,25.0,522.0,184.0,Medium
5160500.000000001,-12649250.0,7.6,34.3,25.0,175.0,177.0,Low
5160500.000000001,-12549250.0,6.5,40.9,25.0,555.0,229.0,Medium
5160500.000000001,-12449250.0,6.2,42.2,25.0,340.0,245.0,Medium
5160500.000000001,-12349250.0,5.7,43.2,25.0,686.0,239.0,Medium
5160500.000000001,-12249250.0,7.3,38.0,25.0,324.0,219.0,Medium
5160500.000000001,-12149250.0,6.6,37.2,25.0,239.0,187.0,Medium
5160500.000000001,-11949250.0,7.3,38.4,25.0,263.0,199.0,Medium
5160500.000000001,-11849250.0,7.1,35.3,25.0,170.0,206.0,Medium
5160500.000000001,-11749250.0,7.0,36.7,25.0,188.0,202.0,Medium
5160500.000000001,-11649250.0,7.4,36.2,25.0,145.0,238.0,Medium
5160500.000000001,-11549250.0,7.2,36.0,25.0,183.0,164.0,Medium
5160500.000000001,-11449250.0,7.2,35.5,25.0,202.0,190.0,Medium
5160500.000000001,-11349250.0,6.7,42.7,25.0,252.0,211.0,Medium
5160500.000000001,-11249250.0,6.5,38.4,25.0,321.0,219.0,Medium
5160500.000000001,-11149250.0,6.9,40.8,25.0,362.0,259.0,Medium
5160500.000000001,-11049250.0,7.1,38.9,25.0,438.0,253.0,Medium
5160500.000000001,-10949250.0,6.9,40.9,25.0,411.0,262.0,Medium
5160500.000000001,-10849250.0,7.2,41.1,25.0,453.0,264.0,Medium
5160500.000000001,-10749250.0,6.0,37.0,25.0,391.0,240.0,Medium
5160500.000000001,-10649250.0,5.5,38.6,25.0,418.0,217.0,Medium
5160500.000000001,-10549250.0,5.3,41.0,25.0,582.0,316.0,Medium
5160500.000000001,-10449250.0,5.0,37.5,25.0,578.0,290.0,Medium
5160500.000000001,-10349250.0,5.3,38.9,25.0,602.0,233.0,Medium
5160500.000000001,-10249250.0,4.7,37.9,25.0,579.0,219.0,Low
5160500.000000001,-10149250.0,6.1,42.0,25.0,487.0,284.0,Medium
5160500.000000001,-10049250.0,4.6,32.0,25.0,622.0,210.0,Low
5160500.000000001,-9949250.0,4.8,32.8,25.0,690.0,320.0,Low
5160500.000000001,-9849250.0,5.3,39.4,25.0,701.0,289.0,Medium
5160500.000000001,-9749250.0,5.7,39.7,25.0,561.0,180.0,Medium
5160500.000000001,-9649250.0,5.6,39.1,25.0,504.0,195.0,Medium
5160500.000000001,-9349250.0,5.1,41.8,25.0,635.0,229.0,Medium
5160500.000000001,-9249250.0,5.1,40.6,25.0,772.0,250.0,Medium
5160500.000000001,-9149250.0,5.1,41.7,25.0,842.0,325.0,Medium
5160500.000000001,-9049250.0,4.6,43.9,25.0,810.0,375.0,Medium
5160500.000000001,-8949250.0,6.0,39.7,25.0,543.0,320.0,Medium
5160500.000000001,-8849250.0,5.1,42.1,25.0,709.0,341.0,Medium
5160500.000000001,-8749250.0,4.5,41.0,25.0,1116.0,709.0,Medium
5160500.000000001,-8649250.0,4.5,40.1,25.0,1127.0,602.0,Medium
5160500.000000001,-8549250.0,4.6,41.6,25.0,1072.0,514.0,Medium
5160500.000000001,-8449250.0,4.9,37.2,25.0,321.0,362.0,Medium
5160500.000000001,-8349250.0,4.3,29.8,25.0,375.0,282.0,Low
5160500.000000001,-8149250.0,5.3,36.5,25.0,411.0,269.0,Medium
5160500.000000001,850750.0,6.6,36.3,25.0,587.0,301.0,Medium
5160500.000000001,950750.0,6.7,37.6,25.0,562.0,318.0,Medium
5160500.000000001,1050750.0,6.1,35.2,25.0,576.0,329.0,Medium
5160500.000000001,1150750.0,6.1,34.2,25.0,448.0,326.0,Medium
5160500.000000001,1250750.0,6.0,36.3,25.0,444.0,346.0,Medium
5160500.000000001,1350750.0,6.2,36.9,25.0,525.0,369.0,Medium
5160500.000000001,1450750.0,6.5,39.8,25.0,787.0,401.0,Medium
5160500.000000001,1550750.0,5.6,44.1,25.0,1075.0,332.0,Medium
5160500.000000001,1650750.0,5.2,44.9,25.0,713.0,394.0,Medium
5160500.000000001,1750750.0,5.6,40.2,25.0,692.0,375.0,Medium
5160500.000000001,1850750.0,6.8,38.7,25.0,791.0,284.0,Medium
5160500.000000001,1950750.0,5.3,41.5,25.0,996.0,311.0,Medium
5160500.000000001,2050750.0,5.1,46.2,25.0,984.0,398.0,Medium
5160500.000000001,2150750.0,5.6,44.1,25.0,779.0,291.0,Medium
5160500.000000001,2250750.0,6.1,34.4,25.0,669.0,235.0,Medium
5160500.000000001,2350750.0,5.9,23.9,25.0,716.0,280.0,Medium
5160500.000000001,2450750.0,7.7,33.1,25.0,379.0,247.0,Medium
5160500.000000001,2550750.0,8.0,27.8,25.0,374.0,260.0,Low
5160500.000000001,2650750.0,6.9,39.4,25.0,480.0,302.0,Medium
5160500.000000001,2750750.0,5.4,38.9,25.0,812.0,287.0,Medium
5160500.000000001,2850750.0,6.8,39.6,25.0,434.0,292.0,Medium
5160500.000000001,2950750.0,6.0,39.4,25.0,478.0,275.0,Medium
5160500.000000001,3050750.0,5.7,40.0,25.0,544.0,269.0,Medium
5160500.000000001,3150750.0,7.1,39.2,25.0,520.0,354.0,Medium
5160500.000000001,3350750.0,7.2,33.6,25.0,745.0,289.0,Medium
5160500.000000001,3550750.0,6.9,41.5,25.0,531.0,259.0,Medium
5160500.000000001,3650750.0,7.0,40.9,25.0,456.0,258.0,Medium
5160500.000000001,3750750.0,7.0,40.9,25.0,518.0,258.0,Medium
5160500.000000001,4050750.0,6.9,42.5,25.0,900.0,327.0,Medium
5160500.000000001,4150750.0,6.8,42.2,25.0,757.0,342.0,Medium
5160500.000000001,4250750.0,7.2,41.8,25.0,543.0,317.0,Medium
5160500.000000001,4350750.0,7.2,46.6,25.0,341.0,248.0,Medium
5160500.000000001,4450750.0,7.0,42.6,25.0,360.0,260.0,Medium
5160500.000000001,4550750.0,7.6,43.7,25.0,442.0,288.0,Medium
5160500.000000001,4650750.0,7.8,42.4,25.0,472.0,244.0,Medium
5160500.000000001,4750750.0,7.9,39.8,25.0,463.0,268.0,Medium
5160500.000000001,4850750.0,7.4,35.6,25.0,562.0,283.0,Medium
5160500.000000001,5250750.0,7.8,40.7,25.0,401.0,237.0,Medium
5160500.000000001,5350750.0,8.0,38.3,25.0,330.0,235.0,Low
5160500.000000001,5450750.0,7.8,37.9,25.0,305.0,233.0,Medium
5160500.000000001,5550750.0,7.7,36.0,25.0,292.0,202.0,Medium
5160500.000000001,5650750.0,7.7,35.6,25.0,251.0,210.0,Low
5160500.000000001,5850750.0,7.9,34.3,25.0,274.0,269.0,Low
5160500.000000001,5950750.0,7.9,34.4,25.0,216.0,329.0,Low
5160500.000000001,6050750.0,7.9,34.6,25.0,180.0,336.0,Low
5160500.000000001,6150750.0,8.2,34.9,25.0,180.0,334.0,Low
5160500.000000001,6250750.0,8.1,35.0,25.0,164.0,328.0,Low
5160500.000000001,6350750.0,8.1,35.1,25.0,217.0,309.0,Low
5160500.000000001,6450750.0,8.3,35.4,25.0,232.0,292.0,Low
5160500.000000001,6550750.0,8.1,35.5,25.0,209.0,223.0,Low
5160500.000000001,6650750.0,8.0,36.3,25.0,254.0,199.0,Low
5160500.000000001,6750750.0,8.1,36.0,25.0,268.0,218.0,Low
5160500.000000001,6850750.0,7.9,36.5,25.0,221.0,220.0,Low
5160500.000000001,6950750.0,7.5,36.3,25.0,579.0,188.0,Medium
5160500.000000001,7050750.0,8.0,36.3,25.0,299.0,211.0,Low
5160500.000000001,7250750.0,7.9,36.1,25.0,277.0,209.0,Low
5160500.000000001,7350750.0,7.5,34.7,25.0,325.0,211.0,Medium
5160500.000000001,7450750.0,7.4,34.0,25.0,592.0,195.0,Medium
5160500.000000001,7550750.0,7.9,34.8,25.0,231.0,213.0,Low
5160500.000000001,7650750.0,6.7,39.2,25.0,415.0,272.0,Medium
5160500.000000001,7750750.0,8.2,33.8,25.0,125.0,175.0,Low
5160500.000000001,7850750.0,8.3,34.6,25.0,143.0,182.0,Low
5160500.000000001,7950750.0,8.5,33.8,25.0,157.0,199.0,Low
5160500.000000001,8050750.0,8.6,34.5,25.0,180.0,185.0,Low
5160500.000000001,8150750.0,8.1,34.1,25.0,378.0,210.0,Low
5160500.000000001,8250750.0,6.7,40.1,25.0,485.0,248.0,Medium
5160500.000000001,8350750.0,7.4,36.8,25.0,532.0,234.0,Medium
5160500.000000001,8450750.0,7.8,35.4,25.0,279.0,200.0,Low
5160500.000000001,8550750.0,7.8,36.0,25.0,311.0,178.0,Low
5160500.000000001,8650750.0,8.2,35.4,25.0,369.0,214.0,Low
5160500.000000001,8750750.0,7.9,35.1,25.0,390.0,191.0,Low
5160500.000000001,8850750.0,7.5,34.7,25.0,418.0,208.0,Medium
5160500.000000001,8950750.0,7.1,38.8,25.0,486.0,258.0,Medium
5160500.000000001,9050750.0,7.0,41.2,25.0,577.0,282.0,Medium
5160500.000000001,9150750.0,7.6,37.7,25.0,315.0,251.0,Medium
5160500.000000001,9250750.0,7.8,36.9,25.0,316.0,222.0,Medium
5160500.000000001,9350750.0,8.1,34.1,25.0,333.0,183.0,Low
5160500.000000001,9450750.0,8.3,34.6,25.0,316.0,167.0,Low
5160500.000000001,9550750.0,8.0,36.7,25.0,327.0,209.0,Low
5160500.000000001,9650750.0,7.9,35.3,25.0,422.0,202.0,Low
5160500.000000001,9750750.0,7.8,33.9,25.0,361.0,179.0,Low
5160500.000000001,9850750.0,8.1,34.3,25.0,357.0,190.0,Low
5160500.000000001,9950750.0,7.9,34.9,25.0,367.0,213.0,Low
5160500.000000001,10050750.0,7.8,35.3,25.0,371.0,202.0,Low
5160500.000000001,10150750.0,7.8,35.1,25.0,329.0,230.0,Low
5160500.000000001,10250750.0,7.8,35.9,25.0,388.0,258.0,Medium
5160500.000000001,10350750.0,7.8,37.0,25.0,429.0,261.0,Medium
5160500.000000001,10450750.0,6.8,40.3,25.0,526.0,317.0,Medium
5160500.000000001,10550750.0,6.8,37.6,25.0,571.0,282.0,Medium
5160500.000000001,10650750.0,7.2,36.7,25.0,445.0,225.0,Medium
5160500.000000001,10750750.0,7.7,36.6,25.0,475.0,257.0,Medium
5160500.000000001,10850750.0,7.8,39.7,25.0,392.0,233.0,Medium
5160500.000000001,10950750.0,7.7,45.3,25.0,360.0,284.0,Medium
5160500.000000001,11050750.0,6.6,46.5,25.0,561.0,291.0,Medium
5160500.000000001,11150750.0,6.3,43.1,25.0,714.0,290.0,Medium
5160500.000000001,11250750.0,6.5,43.5,25.0,591.0,305.0,Medium
5160500.000000001,11350750.0,6.2,45.4,25.0,699.0,304.0,Medium
5160500.000000001,11450750.0,6.4,51.3,25.0,563.0,346.0,Medium
5160500.000000001,11550750.0,5.8,44.3,25.0,1023.0,285.0,Medium
5160500.000000001,11650750.0,5.5,44.2,25.0,1000.0,254.0,Medium
5160500.000000001,11750750.0,4.9,46.9,25.0,1100.0,310.0,Medium
5160500.000000001,11850750.0,4.8,46.0,25.0,908.0,295.0,Medium
5160500.000000001,12250750.0,5.3,60.7,25.0,1167.0,248.0,Medium
5160500.000000001,12350750.0,5.4,53.4,25.0,905.0,298.0,Medium
5060500.000000001,-13049250.0,5.1,46.9,25.0,1541.0,573.0,Medium
5060500.000000001,-12849250.0,6.1,40.6,25.0,699.0,241.0,Medium
5060500.000000001,-12749250.0,7.0,38.2,25.0,141.0,235.0,Medium
5060500.000000001,-12649250.0,6.9,39.6,25.0,233.0,281.0,Medium
5060500.000000001,-12549250.0,6.2,42.8,25.0,631.0,333.0,Medium
5060500.000000001,-12449250.0,6.2,42.8,25.0,688.0,293.0,Medium
5060500.000000001,-12349250.0,6.0,41.1,25.0,507.0,257.0,Medium
5060500.000000001,-12249250.0,6.6,40.6,25.0,467.0,224.0,Medium
5060500.000000001,-12149250.0,6.7,36.2,25.0,337.0,178.0,Medium
5060500.000000001,-12049250.0,6.3,39.6,25.0,436.0,301.0,Medium
5060500.000000001,-11949250.0,6.0,39.1,25.0,525.0,259.0,Medium
5060500.000000001,-11849250.0,7.0,40.7,25.0,319.0,219.0,Medium
5060500.000000001,-11749250.0,7.2,40.0,25.0,224.0,219.0,Medium
5060500.000000001,-11649250.0,6.6,39.5,25.0,374.0,196.0,Medium
5060500.000000001,-11549250.0,6.8,37.9,25.0,164.0,185.0,Medium
5060500.000000001,-11449250.0,7.1,32.6,25.0,201.0,222.0,Medium
5060500.000000001,-11349250.0,6.8,39.8,25.0,229.0,190.0,Medium
5060500.000000001,-11249250.0,7.0,40.6,25.0,254.0,214.0,Medium
5060500.000000001,-11149250.0,6.8,34.9,25.0,312.0,238.0,Medium
5060500.000000001,-11049250.0,6.7,39.5,25.0,409.0,262.0,Medium
5060500.000000001,-10949250.0,6.9,41.8,25.0,504.0,267.0,Medium
5060500.000000001,-10849250.0,6.8,39.5,25.0,511.0,297.0,Medium
5060500.000000001,-10749250.0,6.9,39.8,25.0,407.0,241.0,Medium
5060500.000000001,-10649250.0,5.8,36.5,25.0,396.0,205.0,Medium
5060500.000000001,-10549250.0,5.9,37.1,25.0,621.0,286.0,Medium
5060500.000000001,-10449250.0,5.1,39.2,25.0,672.0,162.0,Medium
5060500.000000001,-10349250.0,4.9,38.1,25.0,546.0,192.0,Low
5060500.000000001,-10249250.0,5.0,36.9,25.0,713.0,191.0,Medium
5060500.000000001,-10149250.0,5.5,37.0,25.0,558.0,214.0,Medium
5060500.000000001,-9549250.0,5.8,38.6,25.0,686.0,253.0,Medium
5060500.000000001,-9449250.0,5.3,37.9,25.0,723.0,304.0,Medium
5060500.000000001,-9349250.0,5.1,36.9,25.0,845.0,240.0,Medium
5060500.000000001,-9149250.0,6.1,37.8,25.0,695.0,305.0,Medium
5060500.000000001,-9049250.0,6.2,41.6,25.0,687.0,301.0,Medium
5060500.000000001,-8949250.0,5.8,38.7,25.0,696.0,382.0,Medium
5060500.000000001,-8849250.0,4.7,44.2,25.0,941.0,382.0,Medium
5060500.000000001,-8749250.0,4.7,40.7,25.0,978.0,649.0,Medium
5060500.000000001,-8649250.0,4.5,40.3,25.0,1420.0,723.0,Medium
5060500.000000001,-8549250.0,4.6,38.9,25.0,755.0,442.0,Medium
5060500.000000001,-8449250.0,4.4,38.3,25.0,717.0,474.0,Medium
5060500.000000001,-8349250.0,4.4,43.4,25.0,389.0,353.0,Low
5060500.000000001,-8249250.0,4.2,42.7,25.0,437.0,276.0,Low
5060500.000000001,-8149250.0,4.5,39.8,25.0,326.0,264.0,Low
5060500.000000001,-8049250.0,4.5,42.9,25.0,267.0,316.0,Low
5060500.000000001,950750.0,6.6,37.4,25.0,654.0,330.0,Medium
5060500.000000001,1050750.0,5.5,40.3,25.0,797.0,324.0,Medium
5060500.000000001,1150750.0,5.7,39.5,25.0,747.0,310.0,Medium
5060500.000000001,1250750.0,5.8,37.1,25.0,653.0,304.0,Medium
5060500.000000001,1350750.0,6.3,40.6,25.0,530.0,305.0,Medium
5060500.000000001,1450750.0,6.4,40.3,25.0,672.0,262.0,Medium
5060500.000000001,1550750.0,6.0,41.2,25.0,668.0,321.0,Medium
5060500.000000001,1650750.0,6.6,40.8,25.0,528.0,246.0,Medium
5060500.000000001,1950750.0,7.3,42.1,25.0,526.0,340.0,Medium
5060500.000000001,2050750.0,6.1,43.1,25.0,510.0,333.0,Medium
5060500.000000001,2150750.0,6.3,39.4,25.0,746.0,268.0,Medium
5060500.000000001,2250750.0,6.3,35.9,25.0,565.0,242.0,Medium
5060500.000000001,2350750.0,5.5,39.7,25.0,653.0,260.0,Medium
5060500.000000001,2450750.0,7.2,33.4,25.0,672.0,257.0,Medium
5060500.000000001,2550750.0,7.1,40.1,25.0,465.0,316.0,Medium
5060500.000000001,2650750.0,6.2,38.3,25.0,421.0,314.0,Medium
5060500.000000001,2750750.0,5.6,40.7,25.0,817.0,240.0,Medium
5060500.000000001,2850750.0,5.8,45.6,25.0,837.0,325.0,Medium
5060500.000000001,2950750.0,5.5,37.1,25.0,709.0,293.0,Medium
5060500.000000001,3050750.0,5.6,39.9,25.0,517.0,254.0,Medium
5060500.000000001,3150750.0,7.6,38.8,25.0,330.0,287.0,Medium
5060500.000000001,3250750.0,7.4,40.2,25.0,375.0,297.0,Medium
5060500.000000001,3650750.0,6.9,40.2,25.0,516.0,311.0,Medium
5060500.000000001,3950750.0,7.0,34.2,25.0,738.0,287.0,Medium
5060500.000000001,4050750.0,6.7,43.3,25.0,578.0,323.0,Medium
5060500.000000001,4150750.0,6.7,42.1,25.0,475.0,321.0,Medium
5060500.000000001,4250750.0,6.9,42.5,25.0,589.0,276.0,Medium
5060500.000000001,4350750.0,7.0,45.6,25.0,461.0,292.0,Medium
5060500.000000001,4450750.0,7.2,43.7,25.0,356.0,295.0,Medium
5060500.000000001,4550750.0,7.4,45.3,25.0,362.0,308.0,Medium
5060500.000000001,4650750.0,7.5,40.5,25.0,491.0,281.0,Medium
5060500.000000001,4750750.0,7.2,34.6,25.0,511.0,228.0,Medium
5060500.000000001,5350750.0,7.7,40.0,25.0,418.0,256.0,Medium
5060500.000000001,5450750.0,7.7,38.6,25.0,368.0,234.0,Medium
5060500.000000001,5550750.0,7.8,36.0,25.0,374.0,209.0,Medium
5060500.000000001,5850750.0,7.8,34.2,25.0,226.0,370.0,Medium
5060500.000000001,5950750.0,7.8,33.9,25.0,194.0,361.0,Medium
5060500.000000001,6050750.0,7.8,36.0,25.0,250.0,343.0,Medium
5060500.000000001,6150750.0,7.8,35.6,25.0,231.0,347.0,Medium
5060500.000000001,6250750.0,7.7,35.8,25.0,210.0,368.0,Medium
5060500.000000001,6350750.0,8.0,35.4,25.0,160.0,348.0,Low
5060500.000000001,6450750.0,7.9,35.3,25.0,233.0,360.0,Medium
5060500.000000001,6550750.0,7.9,37.1,25.0,204.0,308.0,Medium
5060500.000000001,6650750.0,8.1,35.4,25.0,203.0,197.0,Low
5060500.000000001,6750750.0,8.1,35.0,25.0,217.0,191.0,Low
5060500.000000001,6950750.0,7.7,36.6,25.0,361.0,202.0,Medium
5060500.000000001,7050750.0,7.8,36.5,25.0,311.0,199.0,Low
5060500.000000001,7150750.0,7.9,35.9,25.0,373.0,195.0,Low
5060500.000000001,7250750.0,7.6,37.8,25.0,282.0,221.0,Medium
5060500.000000001,7350750.0,7.6,36.4,25.0,266.0,226.0,Medium
5060500.000000001,7450750.0,6.9,40.5,25.0,453.0,260.0,Medium
5060500.000000001,7550750.0,8.0,35.0,25.0,226.0,211.0,Low
5060500.000000001,7650750.0,7.2,38.6,25.0,269.0,278.0,Medium
5060500.000000001,7750750.0,8.2,34.5,25.0,164.0,195.0,Low
5060500.000000001,7850750.0,8.4,33.9,25.0,283.0,213.0,Low
5060500.000000001,7950750.0,8.7,34.8,25.0,166.0,164.0,Low
5060500.000000001,8050750.0,8.4,35.1,25.0,199.0,191.0,Low
5060500.000000001,8150750.0,8.3,34.9,25.0,116.0,198.0,Low
5060500.000000001,8250750.0,8.2,33.9,25.0,224.0,227.0,Low
5060500.000000001,8350750.0,8.2,34.5,25.0,201.0,206.0,Low
5060500.000000001,8450750.0,8.2,35.9,25.0,298.0,249.0,Low
5060500.000000001,8550750.0,7.7,34.7,25.0,322.0,215.0,Medium
5060500.000000001,8650750.0,8.0,35.2,25.0,277.0,212.0,Low
5060500.000000001,8750750.0,7.6,35.8,25.0,312.0,225.0,Medium
5060500.000000001,8850750.0,7.5,35.7,25.0,375.0,222.0,Medium
5060500.000000001,8950750.0,7.9,35.3,25.0,218.0,197.0,Low
5060500.000000001,9050750.0,7.8,33.2,25.0,307.0,196.0,Low
5060500.000000001,9150750.0,7.8,35.3,25.0,341.0,181.0,Low
5060500.000000001,9250750.0,8.0,35.7,25.0,258.0,173.0,Low
5060500.000000001,9350750.0,7.9,34.1,25.0,276.0,161.0,Low
5060500.000000001,9450750.0,7.9,34.6,25.0,274.0,174.0,Low
5060500.000000001,9550750.0,7.9,34.9,25.0,283.0,187.0,Low
5060500.000000001,9650750.0,7.9,34.5,25.0,260.0,159.0,Low
5060500.000000001,9750750.0,8.0,33.7,25.0,249.0,160.0,Low
5060500.000000001,9850750.0,8.1,35.3,25.0,268.0,187.0,Low
5060500.000000001,9950750.0,7.9,33.8,25.0,244.0,210.0,Low
5060500.000000001,10050750.0,7.9,33.9,25.0,290.0,230.0,Low
5060500.000000001,10150750.0,7.7,35.8,25.0,334.0,251.0,Medium
5060500.000000001,10250750.0,7.8,34.9,25.0,294.0,216.0,Low
5060500.000000001,10350750.0,7.7,34.6,25.0,353.0,244.0,Medium
5060500.000000001,10450750.0,8.0,35.7,25.0,457.0,228.0,Low
5060500.000000001,10550750.0,7.4,36.4,25.0,512.0,288.0,Medium
5060500.000000001,10650750.0,8.0,36.6,25.0,410.0,220.0,Low
5060500.000000001,10750750.0,7.8,36.7,25.0,464.0,235.0,Medium
5060500.000000001,10850750.0,8.0,37.0,25.0,653.0,227.0,Medium
5060500.000000001,10950750.0,8.0,39.6,25.0,436.0,250.0,Medium
5060500.000000001,11050750.0,7.4,44.2,25.0,396.0,287.0,Medium
5060500.000000001,11150750.0,6.1,47.6,25.0,736.0,277.0,Medium
5060500.000000001,11350750.0,6.3,44.4,25.0,547.0,306.0,Medium
5060500.000000001,11450750.0,6.2,46.0,25.0,733.0,247.0,Medium
5060500.000000001,11550750.0,6.4,51.5,25.0,499.0,296.0,Medium
5060500.000000001,11650750.0,6.5,46.6,25.0,761.0,269.0,Medium
5060500.000000001,11750750.0,5.3,47.0,25.0,1073.0,327.0,Medium
5060500.000000001,11850750.0,5.1,43.0,25.0,1013.0,274.0,Medium
5060500.000000001,11950750.0,5.3,41.4,25.0,667.0,276.0,Medium
4960500.000000001,-13049250.0,5.2,46.3,25.0,1102.0,486.0,Medium
4960500.000000001,-12949250.0,5.0,44.7,25.0,1134.0,468.0,Medium
4960500.000000001,-12849250.0,6.9,37.7,25.0,513.0,239.0,Medium
4960500.000000001,-12749250.0,6.5,40.8,25.0,506.0,355.0,Medium
4960500.000000001,-12649250.0,6.0,43.4,25.0,520.0,285.0,Medium
4960500.000000001,-12549250.0,7.1,37.0,25.0,181.0,272.0,Medium
4960500.000000001,-12449250.0,5.8,40.7,25.0,508.0,269.0,Medium
4960500.000000001,-12349250.0,6.3,40.7,25.0,398.0,266.0,Medium
4960500.000000001,-12249250.0,6.9,38.7,25.0,528.0,231.0,Medium
4960500.000000001,-12149250.0,6.8,39.4,25.0,263.0,222.0,Medium
4960500.000000001,-12049250.0,5.8,39.7,25.0,453.0,248.0,Medium
4960500.000000001,-11949250.0,5.9,38.9,25.0,483.0,239.0,Medium
4960500.000000001,-11849250.0,7.6,35.3,25.0,284.0,176.0,Medium
4960500.000000001,-11749250.0,6.4,39.6,25.0,433.0,243.0,Medium
4960500.000000001,-11649250.0,6.9,39.1,25.0,178.0,213.0,Medium
4960500.000000001,-11549250.0,6.9,39.1,25.0,260.0,179.0,Medium
4960500.000000001,-11449250.0,6.9,40.6,25.0,320.0,190.0,Medium
4960500.000000001,-11349250.0,7.0,41.0,25.0,266.0,271.0,Medium
4960500.000000001,-11249250.0,7.1,44.7,25.0,293.0,325.0,Medium
4960500.000000001,-11149250.0,6.9,40.5,25.0,266.0,242.0,Medium
4960500.000000001,-11049250.0,6.7,40.6,25.0,365.0,243.0,Medium
4960500.000000001,-10949250.0,6.7,42.8,25.0,395.0,269.0,Medium
4960500.000000001,-10849250.0,6.8,42.2,25.0,415.0,256.0,Medium
4960500.000000001,-10749250.0,7.1,41.8,25.0,459.0,298.0,Medium
4960500.000000001,-10649250.0,6.8,41.6,25.0,440.0,274.0,Medium
4960500.000000001,-10549250.0,6.3,40.7,25.0,484.0,250.0,Medium
4960500.000000001,-10449250.0,6.1,39.3,25.0,576.0,203.0,Medium
4960500.000000001,-10349250.0,5.7,38.4,25.0,721.0,229.0,Medium
4960500.000000001,-10249250.0,5.9,37.9,25.0,579.0,169.0,Medium
4960500.000000001,-9949250.0,5.2,36.2,25.0,742.0,198.0,Medium
4960500.000000001,-9849250.0,5.5,33.5,25.0,883.0,192.0,Medium
4960500.000000001,-9449250.0,6.1,33.5,25.0,819.0,267.0,Medium
4960500.000000001,-9349250.0,5.6,38.3,25.0,895.0,299.0,Medium
4960500.000000001,-9249250.0,5.5,37.4,25.0,891.0,359.0,Medium
4960500.000000001,-9149250.0,5.9,41.0,25.0,766.0,213.0,Medium
4960500.000000001,-9049250.0,4.4,41.9,25.0,1108.0,434.0,Medium
4960500.000000001,-8949250.0,5.6,41.0,25.0,782.0,256.0,Medium
4960500.000000001,-8849250.0,4.2,40.1,25.0,1398.0,521.0,Medium
4960500.000000001,-8749250.0,4.5,40.4,25.0,1391.0,651.0,Medium
4960500.000000001,-8649250.0,4.5,39.5,25.0,1153.0,492.0,Medium
4960500.000000001,-8549250.0,4.8,36.3,25.0,697.0,346.0,Medium
4960500.000000001,-8349250.0,5.0,39.3,25.0,495.0,285.0,Medium
4960500.000000001,-8249250.0,4.5,42.4,25.0,315.0,250.0,Low
4960500.000000001,850750.0,5.8,34.1,25.0,642.0,309.0,Medium
4960500.000000001,950750.0,7.2,39.2,25.0,636.0,291.0,Medium
4960500.000000001,1050750.0,6.9,38.5,25.0,528.0,313.0,Medium
4960500.000000001,1150750.0,6.1,41.9,25.0,793.0,313.0,Medium
4960500.000000001,1250750.0,6.6,43.4,25.0,641.0,288.0,Medium
4960500.000000001,1350750.0,7.1,43.0,25.0,536.0,272.0,Medium
4960500.000000001,1450750.0,6.2,40.2,25.0,624.0,295.0,Medium
4960500.000000001,1550750.0,7.5,38.2,25.0,313.0,232.0,Medium
4960500.000000001,1650750.0,5.9,44.5,25.0,686.0,289.0,Medium
4960500.000000001,1750750.0,7.1,41.4,25.0,455.0,292.0,Medium
4960500.000000001,1850750.0,7.5,38.9,25.0,539.0,285.0,Medium
4960500.000000001,2150750.0,6.2,40.9,25.0,765.0,286.0,Medium
4960500.000000001,2250750.0,5.8,42.0,25.0,770.0,277.0,Medium
4960500.000000001,2350750.0,6.2,38.1,25.0,531.0,256.0,Medium
4960500.000000001,2450750.0,6.2,40.0,25.0,656.0,222.0,Medium
4960500.000000001,2550750.0,6.5,39.0,25.0,568.0,287.0,Medium
4960500.000000001,2650750.0,6.5,38.3,25.0,511.0,250.0,Medium
4960500.000000001,2750750.0,6.5,39.4,25.0,449.0,261.0,Medium
4960500.000000001,2850750.0,6.5,39.9,25.0,482.0,292.0,Medium
4960500.000000001,2950750.0,6.5,36.6,25.0,535.0,280.0,Medium
4960500.000000001,3050750.0,6.7,39.0,25.0,338.0,322.0,Medium
4960500.000000001,3150750.0,7.6,38.4,25.0,352.0,303.0,Medium
4960500.000000001,3650750.0,6.6,37.5,25.0,510.0,268.0,Medium
4960500.000000001,4050750.0,5.7,39.3,25.0,711.0,266.0,Medium
4960500.000000001,4150750.0,5.6,39.2,25.0,737.0,274.0,Medium
4960500.000000001,4250750.0,6.7,42.7,25.0,610.0,329.0,Medium
4960500.000000001,4350750.0,6.8,48.1,25.0,473.0,359.0,Medium
4960500.000000001,4450750.0,7.1,46.4,25.0,431.0,309.0,Medium
4960500.000000001,4550750.0,7.3,45.0,25.0,352.0,282.0,Medium
4960500.000000001,4650750.0,7.4,45.8,25.0,401.0,329.0,Medium
4960500.000000001,5150750.0,7.8,38.9,25.0,383.0,295.0,Medium
4960500.000000001,5250750.0,7.9,38.5,25.0,224.0,251.0,Low
4960500.000000001,5350750.0,7.7,37.5,25.0,275.0,248.0,Medium
4960500.000000001,5450750.0,7.7,38.5,25.0,382.0,226.0,Medium
4960500.000000001,5550750.0,7.7,36.2,25.0,339.0,200.0,Medium
4960500.000000001,5850750.0,7.7,32.9,25.0,189.0,258.0,Low
4960500.000000001,5950750.0,7.8,33.7,25.0,153.0,346.0,Medium
4960500.000000001,6050750.0,7.9,33.2,25.0,159.0,366.0,Low
4960500.000000001,6150750.0,7.8,34.8,25.0,171.0,347.0,Medium
4960500.000000001,6250750.0,7.6,35.2,25.0,269.0,340.0,Medium
4960500.000000001,6350750.0,7.8,33.7,25.0,150.0,335.0,Low
4960500.000000001,6450750.0,7.9,34.4,25.0,190.0,347.0,Low
4960500.000000001,6550750.0,8.0,34.9,25.0,168.0,359.0,Low
4960500.000000001,6650750.0,7.9,33.6,25.0,147.0,311.0,Low
4960500.000000001,6750750.0,7.6,35.8,25.0,238.0,209.0,Medium
4960500.000000001,6850750.0,8.0,35.9,25.0,115.0,182.0,Low
4960500.000000001,6950750.0,7.8,36.2,25.0,225.0,203.0,Low
4960500.000000001,7050750.0,7.7,36.1,25.0,241.0,189.0,Low
4960500.000000001,7150750.0,7.6,36.4,25.0,174.0,206.0,Low
4960500.000000001,7250750.0,7.0,39.8,25.0,338.0,284.0,Medium
4960500.000000001,7350750.0,6.4,38.6,25.0,572.0,273.0,Medium
4960500.000000001,7450750.0,6.6,39.8,25.0,493.0,311.0,Medium
4960500.000000001,7550750.0,8.0,35.2,25.0,207.0,181.0,Low
4960500.000000001,7650750.0,8.4,35.0,25.0,198.0,233.0,Low
4960500.000000001,7750750.0,8.3,34.1,25.0,205.0,173.0,Low
4960500.000000001,7850750.0,8.3,34.7,25.0,183.0,204.0,Low
4960500.000000001,7950750.0,8.3,35.4,25.0,239.0,159.0,Low
4960500.000000001,8050750.0,8.7,34.6,25.0,162.0,131.0,Low
4960500.000000001,8150750.0,9.0,33.8,25.0,157.0,168.0,Low
4960500.000000001,8250750.0,8.2,33.4,25.0,149.0,228.0,Low
4960500.000000001,8350750.0,8.1,34.1,25.0,170.0,216.0,Low
4960500.000000001,8450750.0,7.9,33.2,25.0,142.0,193.0,Low
4960500.000000001,8550750.0,8.0,31.9,25.0,153.0,197.0,Low
4960500.000000001,8650750.0,7.6,35.5,25.0,369.0,233.0,Medium
4960500.000000001,8750750.0,7.8,34.2,25.0,169.0,203.0,Low
4960500.000000001,8850750.0,7.8,34.2,25.0,170.0,198.0,Low
4960500.000000001,8950750.0,7.6,34.8,25.0,211.0,241.0,Medium
4960500.000000001,9050750.0,7.9,34.1,25.0,203.0,200.0,Low
4960500.000000001,9150750.0,7.7,35.4,25.0,244.0,188.0,Low
4960500.000000001,9250750.0,7.9,35.1,25.0,164.0,213.0,Low
4960500.000000001,9350750.0,8.1,37.2,25.0,221.0,179.0,Low
4960500.000000001,9450750.0,8.0,36.0,25.0,236.0,190.0,Low
4960500.000000001,9550750.0,7.8,35.7,25.0,204.0,184.0,Low
4960500.000000001,9650750.0,7.5,35.5,25.0,215.0,202.0,Medium
4960500.000000001,9750750.0,7.6,36.0,25.0,185.0,186.0,Low
4960500.000000001,9850750.0,8.0,35.1,25.0,228.0,226.0,Low
4960500.000000001,9950750.0,7.9,35.3,25.0,199.0,170.0,Low
4960500.000000001,10050750.0,7.9,34.1,25.0,269.0,166.0,Low
4960500.000000001,10150750.0,7.9,33.0,25.0,248.0,196.0,Low
4960500.000000001,10250750.0,8.1,34.5,25.0,329.0,175.0,Low
4960500.000000001,10350750.0,8.0,34.5,25.0,319.0,215.0,Low
4960500.000000001,10450750.0,7.9,36.6,25.0,376.0,228.0,Medium
4960500.000000001,10550750.0,7.1,37.7,25.0,588.0,291.0,Medium
4960500.000000001,10650750.0,7.7,36.3,25.0,401.0,238.0,Medium
4960500.000000001,10750750.0,8.0,36.2,25.0,580.0,244.0,Medium
4960500.000000001,10850750.0,8.3,38.1,25.0,552.0,217.0,Low
4960500.000000001,10950750.0,8.0,38.6,25.0,451.0,229.0,Medium
4960500.000000001,11050750.0,7.8,40.1,25.0,351.0,277.0,Medium
4960500.000000001,11150750.0,6.9,42.0,25.0,313.0,320.0,Medium
4960500.000000001,11250750.0,6.3,45.4,25.0,670.0,279.0,Medium
4960500.000000001,11350750.0,6.0,44.8,25.0,619.0,264.0,Medium
4960500.000000001,11450750.0,6.2,47.6,25.0,795.0,243.0,Medium
4960500.000000001,11550750.0,6.2,52.6,25.0,794.0,285.0,Medium
4960500.000000001,11650750.0,6.4,38.9,25.0,573.0,198.0,Medium
4960500.000000001,11750750.0,5.6,46.1,25.0,1060.0,250.0,Medium
4960500.000000001,11850750.0,5.4,46.5,25.0,1008.0,264.0,Medium
4960500.000000001,11950750.0,5.1,53.7,25.0,751.0,277.0,Medium
4960500.000000001,12450750.0,5.5,53.1,25.0,884.0,303.0,Medium
4960500.000000001,12850750.0,5.5,45.1,25.0,723.0,280.0,Medium
4860500.000000001,-13049250.0,5.7,40.7,25.0,808.0,349.0,Medium
4860500.000000001,-12949250.0,5.7,39.0,25.0,1029.0,384.0,Medium
4860500.000000001,-12849250.0,6.3,35.6,25.0,662.0,257.0,Medium
4860500.000000001,-12749250.0,6.7,36.9,25.0,593.0,321.0,Medium
4860500.000000001,-12649250.0,6.9,38.7,25.0,146.0,256.0,Medium
4860500.000000001,-12549250.0,7.1,33.7,25.0,124.0,233.0,Medium
4860500.000000001,-12449250.0,6.2,34.4,25.0,515.0,256.0,Medium
4860500.000000001,-12349250.0,6.1,38.8,25.0,583.0,287.0,Medium
4860500.000000001,-12249250.0,7.1,39.9,25.0,278.0,204.0,Medium
4860500.000000001,-12149250.0,7.9,38.0,25.0,179.0,172.0,Low
4860500.000000001,-12049250.0,7.3,41.9,25.0,649.0,228.0,Medium
4860500.000000001,-11949250.0,5.7,37.3,25.0,533.0,292.0,Medium
4860500.000000001,-11849250.0,7.4,32.9,25.0,170.0,178.0,Low
4860500.000000001,-11749250.0,7.4,35.5,25.0,235.0,161.0,Medium
4860500.000000001,-11649250.0,7.5,33.7,25.0,194.0,165.0,Low
4860500.000000001,-11549250.0,6.9,35.2,25.0,160.0,152.0,Medium
4860500.000000001,-11449250.0,7.0,37.1,25.0,373.0,174.0,Medium
4860500.000000001,-11349250.0,7.5,37.6,25.0,224.0,275.0,Medium
4860500.000000001,-11249250.0,7.3,42.9,25.0,252.0,253.0,Medium
4860500.000000001,-11149250.0,7.3,41.6,25.0,302.0,293.0,Medium
4860500.000000001,-11049250.0,6.6,41.2,25.0,320.0,260.0,Medium
4860500.000000001,-10949250.0,6.7,41.1,25.0,317.0,268.0,Medium
4860500.000000001,-10849250.0,6.7,41.5,25.0,410.0,261.0,Medium
4860500.000000001,-10749250.0,6.4,41.9,25.0,375.0,271.0,Medium
4860500.000000001,-10649250.0,6.4,43.2,25.0,396.0,309.0,Medium
4860500.000000001,-10549250.0,6.3,40.0,25.0,560.0,224.0,Medium
4860500.000000001,-10449250.0,6.5,41.1,25.0,527.0,185.0,Medium
4860500.000000001,-10349250.0,6.1,33.3,25.0,659.0,158.0,Medium
4860500.000000001,-10249250.0,6.3,28.6,25.0,1247.0,197.0,Medium
4860500.000000001,-10149250.0,6.5,37.3,25.0,948.0,190.0,Medium
4860500.000000001,-9949250.0,4.9,29.4,25.0,684.0,205.0,Low
4860500.000000001,-9849250.0,5.7,32.0,25.0,1347.0,225.0,Medium
4860500.000000001,-9749250.0,6.4,37.4,25.0,1448.0,242.0,Medium
4860500.000000001,-9549250.0,7.0,37.0,25.0,631.0,280.0,Medium
4860500.000000001,-9149250.0,5.3,45.5,25.0,677.0,426.0,Medium
4860500.000000001,-9049250.0,4.1,43.1,25.0,892.0,418.0,Medium
4860500.000000001,-8949250.0,5.8,40.3,25.0,838.0,277.0,Medium
4860500.000000001,-8849250.0,4.9,41.0,25.0,973.0,436.0,Medium
4860500.000000001,-8749250.0,4.5,38.0,25.0,773.0,369.0,Medium
4860500.000000001,250750.0,5.4,42.6,25.0,1082.0,300.0,Medium
4860500.000000001,850750.0,5.7,41.7,25.0,661.0,344.0,Medium
4860500.000000001,950750.0,7.0,38.2,25.0,650.0,312.0,Medium
4860500.000000001,1050750.0,7.2,39.4,25.0,339.0,286.0,Medium
4860500.000000001,1150750.0,6.9,39.9,25.0,500.0,266.0,Medium
4860500.000000001,1250750.0,7.7,39.5,25.0,289.0,237.0,Medium
4860500.000000001,1350750.0,7.6,39.2,25.0,411.0,242.0,Medium
4860500.000000001,1450750.0,6.8,43.0,25.0,420.0,253.0,Medium
4860500.000000001,1950750.0,7.7,39.9,25.0,369.0,264.0,Medium
4860500.000000001,2250750.0,7.5,41.9,25.0,396.0,296.0,Medium
4860500.000000001,2350750.0,6.7,40.8,25.0,569.0,287.0,Medium
4860500.000000001,2450750.0,5.9,40.9,25.0,784.0,265.0,Medium
4860500.000000001,2550750.0,6.0,39.8,25.0,579.0,259.0,Medium
4860500.000000001,2650750.0,6.2,38.8,25.0,552.0,251.0,Medium
4860500.000000001,2750750.0,6.3,38.7,25.0,514.0,250.0,Medium
4860500.000000001,2850750.0,7.0,39.3,25.0,464.0,247.0,Medium
4860500.000000001,2950750.0,6.8,37.5,25.0,553.0,257.0,Medium
4860500.000000001,3050750.0,6.8,39.0,25.0,397.0,301.0,Medium
4860500.000000001,3150750.0,7.0,42.6,25.0,395.0,295.0,Medium
4860500.000000001,4150750.0,5.3,45.1,25.0,747.0,364.0,Medium
4860500.000000001,4250750.0,5.2,43.9,25.0,862.0,436.0,Medium
4860500.000000001,4350750.0,6.1,42.0,25.0,698.0,250.0,Medium
4860500.000000001,4550750.0,7.2,42.1,25.0,414.0,293.0,Medium
4860500.000000001,4650750.0,7.3,44.2,25.0,420.0,306.0,Medium
4860500.000000001,4750750.0,7.5,42.7,25.0,391.0,283.0,Medium
4860500.000000001,5150750.0,7.9,38.8,25.0,303.0,256.0,Medium
4860500.000000001,5250750.0,7.9,37.9,25.0,221.0,261.0,Low
4860500.000000001,5350750.0,7.7,36.7,25.0,306.0,263.0,Medium
4860500.000000001,5450750.0,7.7,37.7,25.0,333.0,237.0,Medium
4860500.000000001,5550750.0,7.6,36.2,25.0,383.0,226.0,Medium
4860500.000000001,5650750.0,7.7,34.9,25.0,195.0,197.0,Low
4860500.000000001,5750750.0,7.6,36.5,25.0,183.0,224.0,Medium
4860500.000000001,5850750.0,7.7,33.5,25.0,155.0,321.0,Medium
4860500.000000001,5950750.0,7.8,35.7,25.0,198.0,281.0,Low
4860500.000000001,6050750.0,7.8,35.2,25.0,160.0,337.0,Medium
4860500.000000001,6150750.0,7.8,35.1,25.0,143.0,328.0,Low
4860500.000000001,6250750.0,7.8,34.7,25.0,163.0,350.0,Medium
4860500.000000001,6350750.0,7.7,35.2,25.0,161.0,348.0,Medium
4860500.000000001,6450750.0,7.8,35.6,25.0,148.0,342.0,Medium
4860500.000000001,6550750.0,7.8,35.5,25.0,177.0,361.0,Medium
4860500.000000001,6650750.0,7.5,35.5,25.0,161.0,289.0,Medium
4860500.000000001,6750750.0,7.7,34.9,25.0,207.0,203.0,Low
4860500.000000001,6850750.0,7.6,36.1,25.0,237.0,187.0,Medium
4860500.000000001,6950750.0,7.4,37.2,25.0,204.0,205.0,Medium
4860500.000000001,7050750.0,7.2,38.1,25.0,234.0,249.0,Medium
4860500.000000001,7150750.0,7.4,37.2,25.0,266.0,228.0,Medium
4860500.000000001,7250750.0,7.6,37.8,25.0,233.0,216.0,Medium
4860500.000000001,7350750.0,7.5,36.6,25.0,196.0,201.0,Medium
4860500.000000001,7450750.0,8.0,37.4,25.0,276.0,215.0,Low
4860500.000000001,7550750.0,7.9,34.0,25.0,184.0,195.0,Low
4860500.000000001,7650750.0,7.4,37.1,25.0,372.0,237.0,Medium
4860500.000000001,7750750.0,7.2,38.8,25.0,541.0,239.0,Medium
4860500.000000001,7850750.0,7.1,36.8,25.0,499.0,225.0,Medium
4860500.000000001,7950750.0,7.2,39.6,25.0,557.0,293.0,Medium
4860500.000000001,8050750.0,8.0,35.9,25.0,178.0,194.0,Low
4860500.000000001,8150750.0,7.1,39.4,25.0,507.0,259.0,Medium
4860500.000000001,8250750.0,7.7,35.1,25.0,351.0,219.0,Medium
4860500.000000001,8350750.0,7.7,33.9,25.0,365.0,204.0,Medium
4860500.000000001,8450750.0,7.7,35.3,25.0,159.0,216.0,Low
4860500.000000001,8550750.0,7.3,36.7,25.0,375.0,227.0,Medium
4860500.000000001,8650750.0,8.1,34.4,25.0,139.0,196.0,Low
4860500.000000001,8750750.0,8.0,32.4,25.0,163.0,211.0,Low
4860500.000000001,8850750.0,8.0,32.9,25.0,189.0,203.0,Low
4860500.000000001,8950750.0,8.1,33.4,25.0,139.0,211.0,Low
4860500.000000001,9050750.0,8.1,34.0,25.0,172.0,189.0,Low
4860500.000000001,9150750.0,7.2,35.8,25.0,309.0,222.0,Medium
4860500.000000001,9250750.0,7.7,34.5,25.0,159.0,206.0,Low
4860500.000000001,9350750.0,7.6,34.8,25.0,319.0,216.0,Medium
4860500.000000001,9450750.0,8.1,34.8,25.0,184.0,193.0,Low
4860500.000000001,9550750.0,7.8,34.8,25.0,176.0,213.0,Low
4860500.000000001,9650750.0,8.0,35.6,25.0,152.0,176.0,Low
4860500.000000001,9750750.0,8.1,35.4,25.0,177.0,196.0,Low
4860500.000000001,9850750.0,8.0,35.0,25.0,178.0,201.0,Low
4860500.000000001,9950750.0,8.0,34.0,25.0,173.0,200.0,Low
4860500.000000001,10050750.0,7.8,34.2,25.0,192.0,179.0,Low
4860500.000000001,10150750.0,8.0,33.9,25.0,201.0,194.0,Low
4860500.000000001,10250750.0,7.9,33.3,25.0,209.0,178.0,Low
4860500.000000001,10350750.0,7.8,34.0,25.0,326.0,178.0,Low
4860500.000000001,10450750.0,8.0,37.4,25.0,418.0,213.0,Low
4860500.000000001,10550750.0,7.9,37.2,25.0,223.0,220.0,Low
4860500.000000001,10650750.0,7.6,36.7,25.0,558.0,250.0,Medium
4860500.000000001,10750750.0,8.1,36.7,25.0,423.0,228.0,Low
4860500.000000001,10850750.0,7.9,39.2,25.0,421.0,208.0,Medium
4860500.000000001,10950750.0,7.8,37.4,25.0,382.0,224.0,Medium
4860500.000000001,11050750.0,7.7,37.6,25.0,384.0,267.0,Medium
4860500.000000001,11250750.0,6.4,43.1,25.0,408.0,283.0,Medium
4860500.000000001,11350750.0,6.1,44.2,25.0,712.0,274.0,Medium
4860500.000000001,11450750.0,5.9,46.4,25.0,559.0,269.0,Medium
4860500.000000001,11550750.0,6.5,49.2,25.0,725.0,311.0,Medium
4860500.000000001,11650750.0,5.7,51.2,25.0,655.0,298.0,Medium
4860500.000000001,11750750.0,5.4,41.7,25.0,709.0,276.0,Medium
4860500.000000001,11850750.0,5.0,45.7,25.0,963.0,311.0,Medium
4860500.000000001,11950750.0,5.1,45.6,25.0,766.0,280.0,Medium
4860500.000000001,12550750.0,5.5,46.4,25.0,805.0,315.0,Medium
4860500.000000001,12650750.0,5.2,47.6,25.0,804.0,286.0,Medium
4860500.000000001,12750750.0,4.9,43.8,25.0,802.0,318.0,Medium
4760500.000000001,-13149250.0,5.2,45.6,25.0,1002.0,430.0,Medium
4760500.000000001,-13049250.0,5.8,40.9,25.0,668.0,286.0,Medium
4760500.000000001,-12949250.0,6.1,39.7,25.0,767.0,280.0,Medium
4760500.000000001,-12749250.0,8.2,36.1,25.0,143.0,192.0,Low
4760500.000000001,-12649250.0,7.8,35.0,25.0,143.0,201.0,Low
4760500.000000001,-12549250.0,6.6,37.5,25.0,154.0,214.0,Medium
4760500.000000001,-12449250.0,8.5,32.9,25.0,64.0,206.0,Low
4760500.000000001,-12349250.0,7.5,31.8,25.0,119.0,228.0,Low
4760500.000000001,-12249250.0,7.6,36.6,25.0,369.0,229.0,Medium
4760500.000000001,-12149250.0,7.2,38.9,25.0,434.0,209.0,Medium
4760500.000000001,-12049250.0,6.5,41.6,25.0,769.0,299.0,Medium
4760500.000000001,-11949250.0,7.5,35.4,25.0,192.0,171.0,Low
4760500.000000001,-11849250.0,7.4,36.7,25.0,217.0,175.0,Medium
4760500.000000001,-11749250.0,6.9,35.8,25.0,126.0,162.0,Medium
4760500.000000001,-11649250.0,7.1,34.6,25.0,331.0,157.0,Medium
4760500.000000001,-11549250.0,7.1,34.7,25.0,167.0,170.0,Medium
4760500.000000001,-11449250.0,7.4,34.8,25.0,201.0,206.0,Medium
4760500.000000001,-11349250.0,7.0,37.5,25.0,257.0,234.0,Medium
4760500.000000001,-11249250.0,6.8,28.6,25.0,458.0,304.0,Medium
4760500.000000001,-11149250.0,6.6,36.8,25.0,327.0,208.0,Medium
4760500.000000001,-11049250.0,6.6,38.2,25.0,305.0,222.0,Medium
4760500.000000001,-10949250.0,7.3,39.9,25.0,294.0,239.0,Medium
4760500.000000001,-10849250.0,6.8,41.3,25.0,260.0,235.0,Medium
4760500.000000001,-10749250.0,6.5,44.2,25.0,350.0,305.0,Medium
4760500.000000001,-10649250.0,7.0,38.5,25.0,364.0,251.0,Medium
4760500.000000001,-10549250.0,6.6,39.7,25.0,336.0,209.0,Medium
4760500.000000001,-10449250.0,6.2,37.1,25.0,675.0,214.0,Medium
4760500.000000001,-10349250.0,6.5,40.5,25.0,655.0,236.0,Medium
4760500.000000001,-10249250.0,6.4,40.1,25.0,1119.0,201.0,Medium
4760500.000000001,-10149250.0,6.4,41.6,25.0,1502.0,278.0,Medium
4760500.000000001,-9949250.0,6.1,29.9,25.0,768.0,184.0,Medium
4760500.000000001,-9849250.0,6.5,35.7,25.0,1798.0,262.0,High
4760500.000000001,-9649250.0,6.8,37.5,25.0,667.0,207.0,Medium
4760500.000000001,-9549250.0,7.0,33.9,25.0,581.0,222.0,Medium
4760500.000000001,-9349250.0,6.1,38.9,25.0,867.0,327.0,Medium
4760500.000000001,-9249250.0,6.8,38.4,25.0,622.0,244.0,Medium
4760500.000000001,-9149250.0,4.6,42.0,25.0,942.0,400.0,Medium
4760500.000000001,-9049250.0,5.1,42.6,25.0,827.0,463.0,Medium
4760500.000000001,-8949250.0,5.2,40.7,25.0,913.0,393.0,Medium
4760500.000000001,-8849250.0,4.7,38.9,25.0,1035.0,367.0,Medium
4760500.000000001,150750.0,4.9,43.3,25.0,883.0,445.0,Medium
4760500.000000001,250750.0,5.2,44.1,25.0,893.0,360.0,Medium
4760500.000000001,350750.0,5.8,41.6,25.0,654.0,281.0,Medium
4760500.000000001,450750.0,6.6,39.5,25.0,482.0,246.0,Medium
4760500.000000001,550750.0,7.0,40.5,25.0,453.0,271.0,Medium
4760500.000000001,650750.0,6.1,39.5,25.0,695.0,325.0,Medium
4760500.000000001,750750.0,6.6,41.4,25.0,573.0,321.0,Medium
4760500.000000001,850750.0,5.9,43.0,25.0,652.0,303.0,Medium
4760500.000000001,950750.0,5.5,43.0,25.0,577.0,313.0,Medium
4760500.000000001,1050750.0,6.6,39.9,25.0,553.0,282.0,Medium
4760500.000000001,1850750.0,6.5,37.8,25.0,568.0,259.0,Medium
4760500.000000001,1950750.0,6.9,40.8,25.0,662.0,319.0,Medium
4760500.000000001,2350750.0,7.2,43.1,25.0,370.0,303.0,Medium
4760500.000000001,2450750.0,6.3,42.5,25.0,761.0,361.0,Medium
4760500.000000001,2550750.0,6.9,39.0,25.0,484.0,284.0,Medium
4760500.000000001,2650750.0,5.9,38.8,25.0,574.0,280.0,Medium
4760500.000000001,2750750.0,6.2,39.1,25.0,677.0,264.0,Medium
4760500.000000001,2850750.0,5.8,40.2,25.0,864.0,295.0,Medium
4760500.000000001,2950750.0,5.7,38.9,25.0,771.0,285.0,Medium
4760500.000000001,3050750.0,6.4,40.1,25.0,501.0,292.0,Medium
4760500.000000001,3150750.0,6.1,38.6,25.0,588.0,318.0,Medium
4760500.000000001,4350750.0,5.2,44.5,25.0,812.0,305.0,Medium
4760500.000000001,4450750.0,5.4,42.1,25.0,736.0,296.0,Medium
4760500.000000001,4550750.0,6.0,44.5,25.0,757.0,256.0,Medium
4760500.000000001,4650750.0,6.7,37.8,25.0,442.0,295.0,Medium
4760500.000000001,4750750.0,6.6,38.8,25.0,557.0,274.0,Medium
4760500.000000001,5250750.0,7.6,35.5,25.0,262.0,253.0,Medium
4760500.000000001,5350750.0,7.8,36.9,25.0,224.0,254.0,Low
4760500.000000001,5450750.0,7.8,35.0,25.0,272.0,215.0,Low
4760500.000000001,5550750.0,7.8,34.5,25.0,253.0,226.0,Low
4760500.000000001,5650750.0,7.7,35.6,25.0,179.0,199.0,Low
4760500.000000001,5750750.0,7.5,37.2,25.0,189.0,190.0,Medium
4760500.000000001,5850750.0,7.7,34.8,25.0,159.0,340.0,Medium
4760500.000000001,5950750.0,7.7,35.6,25.0,155.0,378.0,Medium
4760500.000000001,6050750.0,7.9,34.3,25.0,143.0,337.0,Low
4760500.000000001,6150750.0,7.7,34.8,25.0,221.0,376.0,Medium
4760500.000000001,6250750.0,7.8,35.2,25.0,153.0,358.0,Medium
4760500.000000001,6350750.0,7.7,35.8,25.0,133.0,364.0,Medium
4760500.000000001,6450750.0,7.6,36.0,25.0,167.0,331.0,Medium
4760500.000000001,6550750.0,7.5,34.1,25.0,203.0,354.0,Medium
4760500.000000001,6650750.0,7.1,37.9,25.0,266.0,344.0,Medium
4760500.000000001,6750750.0,7.3,37.5,25.0,278.0,235.0,Medium
4760500.000000001,6850750.0,6.8,39.7,25.0,392.0,261.0,Medium
4760500.000000001,6950750.0,7.5,38.1,25.0,284.0,214.0,Medium
4760500.000000001,7050750.0,7.2,37.7,25.0,333.0,216.0,Medium
4760500.000000001,7150750.0,7.1,37.7,25.0,449.0,223.0,Medium
4760500.000000001,7250750.0,6.7,40.4,25.0,459.0,279.0,Medium
4760500.000000001,7350750.0,6.8,38.4,25.0,427.0,270.0,Medium
4760500.000000001,7450750.0,6.7,38.0,25.0,309.0,249.0,Medium
4760500.000000001,7550750.0,7.5,36.8,25.0,278.0,253.0,Medium
4760500.000000001,7650750.0,7.1,37.3,25.0,407.0,232.0,Medium
4760500.000000001,7750750.0,7.4,39.6,25.0,506.0,277.0,Medium
4760500.000000001,7850750.0,7.6,38.0,25.0,526.0,268.0,Medium
4760500.000000001,7950750.0,7.3,37.6,25.0,527.0,247.0,Medium
4760500.000000001,8050750.0,7.3,39.1,25.0,622.0,237.0,Medium
4760500.000000001,8150750.0,7.9,34.5,25.0,224.0,205.0,Low
4760500.000000001,8250750.0,7.8,35.1,25.0,221.0,201.0,Low
4760500.000000001,8350750.0,7.9,33.2,25.0,206.0,209.0,Low
4760500.000000001,8450750.0,8.1,33.1,25.0,171.0,226.0,Low
4760500.000000001,8550750.0,8.2,32.9,25.0,172.0,194.0,Low
4760500.000000001,8650750.0,7.9,33.1,25.0,183.0,215.0,Low
4760500.000000001,8750750.0,8.0,32.0,25.0,165.0,221.0,Low
4760500.000000001,8850750.0,8.2,31.7,25.0,131.0,183.0,Low
4760500.000000001,8950750.0,8.1,33.4,25.0,110.0,207.0,Low
4760500.000000001,9050750.0,8.1,33.4,25.0,125.0,217.0,Low
4760500.000000001,9150750.0,8.0,32.1,25.0,133.0,223.0,Low
4760500.000000001,9250750.0,7.9,34.7,25.0,140.0,226.0,Low
4760500.000000001,9350750.0,8.1,33.0,25.0,148.0,200.0,Low
4760500.000000001,9450750.0,8.2,32.7,25.0,174.0,202.0,Low
4760500.000000001,9550750.0,8.1,34.7,25.0,123.0,215.0,Low
4760500.000000001,9650750.0,8.1,33.3,25.0,142.0,172.0,Low
4760500.000000001,9750750.0,8.1,35.3,25.0,195.0,165.0,Low
4760500.000000001,9850750.0,8.2,33.5,25.0,162.0,195.0,Low
4760500.000000001,9950750.0,8.2,34.4,25.0,175.0,197.0,Low
4760500.000000001,10050750.0,8.1,34.8,25.0,184.0,186.0,Low
4760500.000000001,10150750.0,8.2,34.7,25.0,146.0,194.0,Low
4760500.000000001,10250750.0,8.1,34.3,25.0,196.0,187.0,Low
4760500.000000001,10350750.0,8.0,35.1,25.0,288.0,168.0,Low
4760500.000000001,10450750.0,8.1,35.4,25.0,290.0,211.0,Low
4760500.000000001,10550750.0,7.4,36.4,25.0,500.0,232.0,Medium
4760500.000000001,10650750.0,7.7,37.6,25.0,383.0,212.0,Medium
4760500.000000001,10750750.0,7.5,37.5,25.0,300.0,245.0,Medium
4760500.000000001,10850750.0,7.8,37.5,25.0,313.0,212.0,Medium
4760500.000000001,10950750.0,7.5,36.4,25.0,281.0,238.0,Medium
4760500.000000001,11050750.0,8.8,35.9,25.0,160.0,247.0,Low
4760500.000000001,11150750.0,6.3,41.9,25.0,382.0,238.0,Medium
4760500.000000001,11250750.0,6.0,42.5,25.0,355.0,274.0,Medium
4760500.000000001,11350750.0,6.1,42.5,25.0,576.0,251.0,Medium
4760500.000000001,11450750.0,6.0,45.6,25.0,673.0,301.0,Medium
4760500.000000001,11550750.0,6.3,49.1,25.0,560.0,325.0,Medium
4760500.000000001,11650750.0,6.1,41.5,25.0,663.0,262.0,Medium
4760500.000000001,12450750.0,4.8,49.5,25.0,928.0,332.0,Medium
4760500.000000001,12550750.0,5.1,45.7,25.0,935.0,355.0,Medium
4760500.000000001,12650750.0,4.8,42.7,25.0,846.0,340.0,Medium
4660500.000000001,-13149250.0,5.8,41.4,25.0,844.0,328.0,Medium
4660500.000000001,-13049250.0,6.1,38.2,25.0,476.0,237.0,Medium
4660500.000000001,-12949250.0,7.1,36.2,25.0,317.0,277.0,Medium
4660500.000000001,-12849250.0,6.3,36.9,25.0,619.0,250.0,Medium
4660500.000000001,-12749250.0,6.8,37.3,25.0,244.0,235.0,Medium
4660500.000000001,-12649250.0,7.1,36.7,25.0,161.0,246.0,Medium
4660500.000000001,-12549250.0,7.3,37.3,25.0,125.0,236.0,Medium
4660500.000000001,-12449250.0,6.6,38.9,25.0,323.0,250.0,Medium
4660500.000000001,-12349250.0,7.5,35.6,25.0,143.0,179.0,Low
4660500.000000001,-12249250.0,6.3,38.7,25.0,712.0,374.0,Medium
4660500.000000001,-12149250.0,7.6,36.8,25.0,329.0,189.0,Medium
4660500.000000001,-12049250.0,7.8,35.8,25.0,282.0,199.0,Low
4660500.000000001,-11949250.0,8.0,36.2,25.0,237.0,161.0,Low
4660500.000000001,-11849250.0,7.9,35.5,25.0,98.0,164.0,Low
4660500.000000001,-11749250.0,7.5,34.6,25.0,107.0,137.0,Low
4660500.000000001,-11649250.0,7.4,31.3,25.0,145.0,139.0,Low
4660500.000000001,-11549250.0,6.9,33.7,25.0,199.0,171.0,Medium
4660500.000000001,-11449250.0,7.8,35.4,25.0,180.0,221.0,Low
4660500.000000001,-11349250.0,7.3,29.6,25.0,248.0,159.0,Medium
4660500.000000001,-11249250.0,7.1,35.0,25.0,366.0,154.0,Medium
4660500.000000001,-11149250.0,6.2,29.8,25.0,232.0,101.0,Medium
4660500.000000001,-11049250.0,6.6,33.3,25.0,244.0,161.0,Medium
4660500.000000001,-10949250.0,6.0,39.8,25.0,258.0,193.0,Medium
4660500.000000001,-10849250.0,6.2,41.0,25.0,262.0,250.0,Medium
4660500.000000001,-10749250.0,6.1,41.2,25.0,271.0,242.0,Medium
4660500.000000001,-10649250.0,6.6,41.6,25.0,238.0,264.0,Medium
4660500.000000001,-10549250.0,6.3,41.1,25.0,315.0,226.0,Medium
4660500.000000001,-10449250.0,6.3,39.7,25.0,423.0,211.0,Medium
4660500.000000001,-10349250.0,6.3,42.3,25.0,449.0,279.0,Medium
4660500.000000001,-10249250.0,6.2,41.1,25.0,602.0,223.0,Medium
4660500.000000001,-9949250.0,6.2,33.5,25.0,722.0,198.0,Medium
4660500.000000001,-9849250.0,6.2,33.5,25.0,976.0,189.0,Medium
4660500.000000001,-9749250.0,6.5,41.4,25.0,551.0,213.0,Medium
4660500.000000001,-9449250.0,5.3,39.1,25.0,819.0,366.0,Medium
4660500.000000001,-9349250.0,4.3,41.0,25.0,965.0,436.0,Medium
4660500.000000001,-9249250.0,5.4,40.8,25.0,678.0,357.0,Medium
4660500.000000001,-9149250.0,6.1,42.2,25.0,618.0,405.0,Medium
4660500.000000001,-9049250.0,4.3,40.7,25.0,1022.0,464.0,Medium
4660500.000000001,-8949250.0,5.0,39.2,25.0,1064.0,430.0,Medium
4660500.000000001,-8849250.0,4.8,36.6,25.0,1275.0,393.0,Medium
4660500.000000001,-8749250.0,5.1,37.5,25.0,1632.0,425.0,Medium
4660500.000000001,150750.0,5.1,41.2,25.0,620.0,340.0,Medium
4660500.000000001,250750.0,6.0,39.2,25.0,555.0,279.0,Medium
4660500.000000001,350750.0,6.2,38.8,25.0,538.0,243.0,Medium
4660500.000000001,450750.0,7.5,37.4,25.0,283.0,274.0,Medium
4660500.000000001,550750.0,7.4,39.4,25.0,357.0,242.0,Medium
4660500.000000001,650750.0,7.3,38.5,25.0,319.0,228.0,Medium
4660500.000000001,750750.0,7.5,38.3,25.0,284.0,236.0,Medium
4660500.000000001,850750.0,7.7,36.7,25.0,380.0,234.0,Medium
4660500.000000001,950750.0,7.5,39.0,25.0,461.0,290.0,Medium
4660500.000000001,1050750.0,6.2,39.8,25.0,470.0,324.0,Medium
4660500.000000001,1950750.0,6.2,41.6,25.0,611.0,326.0,Medium
4660500.000000001,2050750.0,7.0,37.7,25.0,496.0,286.0,Medium
4660500.000000001,2450750.0,6.9,43.0,25.0,712.0,371.0,Medium
4660500.000000001,2550750.0,6.6,41.3,25.0,577.0,265.0,Medium
4660500.000000001,2650750.0,6.7,39.4,25.0,514.0,292.0,Medium
4660500.000000001,2750750.0,6.1,39.1,25.0,567.0,280.0,Medium
4660500.000000001,2850750.0,5.5,41.5,25.0,536.0,272.0,Medium
4660500.000000001,2950750.0,6.5,39.5,25.0,392.0,247.0,Medium
4660500.000000001,3050750.0,6.8,38.4,25.0,295.0,250.0,Medium
4660500.000000001,3150750.0,6.0,39.3,25.0,601.0,288.0,Medium
4660500.000000001,3650750.0,6.1,37.6,25.0,671.0,315.0,Medium
4660500.000000001,3750750.0,6.7,38.5,25.0,559.0,322.0,Medium
4660500.000000001,4350750.0,4.9,41.7,25.0,951.0,242.0,Medium
4660500.000000001,4450750.0,5.8,40.3,25.0,517.0,252.0,Medium
4660500.000000001,4550750.0,7.0,39.2,25.0,288.0,235.0,Medium
4660500.000000001,4650750.0,6.9,38.5,25.0,337.0,252.0,Medium
4660500.000000001,4750750.0,6.5,41.3,25.0,519.0,271.0,Medium
4660500.000000001,4850750.0,7.2,38.3,25.0,435.0,279.0,Medium
4660500.000000001,5350750.0,7.9,36.2,25.0,208.0,239.0,Low
4660500.000000001,5450750.0,7.8,34.9,25.0,317.0,242.0,Medium
4660500.000000001,5550750.0,7.7,34.1,25.0,223.0,225.0,Low
4660500.000000001,5750750.0,7.6,35.9,25.0,167.0,201.0,Low
4660500.000000001,5850750.0,7.5,33.9,25.0,154.0,187.0,Low
4660500.000000001,5950750.0,7.6,34.6,25.0,173.0,181.0,Low
4660500.000000001,6050750.0,7.7,35.0,25.0,156.0,305.0,Medium
4660500.000000001,6150750.0,7.8,33.9,25.0,127.0,329.0,Low
4660500.000000001,6250750.0,7.9,34.1,25.0,132.0,341.0,Low
4660500.000000001,6350750.0,7.7,35.9,25.0,151.0,358.0,Medium
4660500.000000001,6450750.0,7.6,36.0,25.0,167.0,356.0,Medium
4660500.000000001,6550750.0,7.4,35.0,25.0,245.0,411.0,Medium
4660500.000000001,6650750.0,7.0,36.4,25.0,276.0,284.0,Medium
4660500.000000001,6750750.0,6.4,39.0,25.0,420.0,302.0,Medium
4660500.000000001,6850750.0,6.5,39.4,25.0,626.0,284.0,Medium
4660500.000000001,6950750.0,7.1,38.7,25.0,389.0,269.0,Medium
4660500.000000001,7050750.0,7.3,36.6,25.0,354.0,229.0,Medium
4660500.000000001,7150750.0,7.0,37.4,25.0,403.0,226.0,Medium
4660500.000000001,7250750.0,7.0,40.1,25.0,372.0,283.0,Medium
4660500.000000001,7350750.0,7.4,40.7,25.0,304.0,300.0,Medium
4660500.000000001,7450750.0,7.4,33.9,25.0,404.0,188.0,Medium
4660500.000000001,7550750.0,7.0,37.2,25.0,489.0,239.0,Medium
4660500.000000001,7650750.0,8.1,35.4,25.0,156.0,206.0,Low
4660500.000000001,7750750.0,7.6,35.1,25.0,318.0,188.0,Medium
4660500.000000001,7850750.0,8.1,33.9,25.0,183.0,185.0,Low
4660500.000000001,7950750.0,7.5,32.5,25.0,210.0,214.0,Medium
4660500.000000001,8150750.0,8.1,32.6,25.0,151.0,195.0,Low
4660500.000000001,8250750.0,7.6,33.4,25.0,188.0,189.0,Low
4660500.000000001,8350750.0,8.1,33.5,25.0,188.0,190.0,Low
4660500.000000001,8450750.0,8.1,32.4,25.0,184.0,206.0,Low
4660500.000000001,8550750.0,8.2,31.3,25.0,183.0,211.0,Low
4660500.000000001,8650750.0,8.2,30.8,25.0,148.0,205.0,Low
4660500.000000001,8750750.0,8.1,30.6,25.0,115.0,208.0,Low
4660500.000000001,8850750.0,8.1,33.7,25.0,165.0,226.0,Low
4660500.000000001,8950750.0,8.1,31.7,25.0,134.0,218.0,Low
4660500.000000001,9050750.0,8.2,31.5,25.0,106.0,196.0,Low
4660500.000000001,9150750.0,8.2,31.5,25.0,143.0,213.0,Low
4660500.000000001,9250750.0,7.9,33.7,25.0,206.0,174.0,Low
4660500.000000001,9350750.0,8.0,31.5,25.0,157.0,190.0,Low
4660500.000000001,9450750.0,8.1,33.7,25.0,120.0,192.0,Low
4660500.000000001,9550750.0,8.0,34.4,25.0,116.0,201.0,Low
4660500.000000001,9650750.0,8.2,32.9,25.0,141.0,192.0,Low
4660500.000000001,9750750.0,8.2,33.4,25.0,136.0,163.0,Low
4660500.000000001,9850750.0,8.2,33.5,25.0,115.0,202.0,Low
4660500.000000001,9950750.0,8.1,33.2,25.0,173.0,192.0,Low
4660500.000000001,10050750.0,8.1,34.3,25.0,179.0,188.0,Low
4660500.000000001,10150750.0,8.1,35.6,25.0,262.0,179.0,Low
4660500.000000001,10250750.0,8.1,36.3,25.0,199.0,185.0,Low
4660500.000000001,10350750.0,8.1,35.6,25.0,236.0,213.0,Low
4660500.000000001,10450750.0,8.1,36.9,25.0,308.0,220.0,Low
4660500.000000001,10550750.0,8.0,36.1,25.0,411.0,233.0,Low
4660500.000000001,10650750.0,6.8,35.9,25.0,605.0,202.0,Medium
4660500.000000001,10750750.0,7.7,36.7,25.0,377.0,219.0,Medium
4660500.000000001,10850750.0,7.7,37.8,25.0,221.0,201.0,Low
4660500.000000001,10950750.0,7.6,36.6,25.0,245.0,207.0,Medium
4660500.000000001,11050750.0,7.9,37.9,25.0,218.0,267.0,Low
4660500.000000001,11150750.0,6.2,42.2,25.0,241.0,269.0,Medium
4660500.000000001,11250750.0,6.1,41.3,25.0,452.0,269.0,Medium
4660500.000000001,11350750.0,6.0,43.4,25.0,395.0,240.0,Medium
4660500.000000001,11450750.0,5.7,44.4,25.0,618.0,281.0,Medium
4660500.000000001,11550750.0,6.4,51.1,25.0,984.0,321.0,Medium
4660500.000000001,11650750.0,6.1,41.4,25.0,624.0,246.0,Medium
4660500.000000001,12550750.0,4.7,45.4,25.0,909.0,317.0,Medium
4560500.000000001,-13149250.0,5.4,43.2,25.0,673.0,300.0,Medium
4560500.000000001,-13049250.0,6.1,34.8,25.0,565.0,261.0,Medium
4560500.000000001,-12949250.0,6.3,38.4,25.0,397.0,258.0,Medium
4560500.000000001,-12849250.0,6.4,37.2,25.0,599.0,289.0,Medium
4560500.000000001,-12749250.0,7.4,36.5,25.0,135.0,243.0,Medium
4560500.000000001,-12649250.0,7.7,35.0,25.0,93.0,194.0,Low
4560500.000000001,-12549250.0,7.5,36.3,25.0,138.0,198.0,Medium
4560500.000000001,-12449250.0,7.6,35.3,25.0,127.0,208.0,Low
4560500.000000001,-12349250.0,8.2,35.4,25.0,123.0,160.0,Low
4560500.000000001,-12249250.0,7.9,30.9,25.0,143.0,175.0,Low
4560500.000000001,-12049250.0,6.5,37.4,25.0,741.0,298.0,Medium
4560500.000000001,-11949250.0,7.8,36.7,25.0,205.0,148.0,Low
4560500.000000001,-11849250.0,8.1,37.7,25.0,154.0,191.0,Low
4560500.000000001,-11749250.0,7.0,36.7,25.0,506.0,221.0,Medium
4560500.000000001,-11649250.0,5.7,36.1,25.0,505.0,269.0,Medium
4560500.000000001,-11549250.0,6.8,34.1,25.0,195.0,209.0,Medium
4560500.000000001,-11449250.0,7.2,36.0,25.0,191.0,173.0,Medium
4560500.000000001,-11349250.0,7.1,34.6,25.0,195.0,175.0,Medium
4560500.000000001,-11249250.0,6.8,32.2,25.0,244.0,166.0,Medium
4560500.000000001,-11149250.0,6.8,37.2,25.0,220.0,185.0,Medium
4560500.000000001,-11049250.0,6.8,33.2,25.0,257.0,167.0,Medium
4560500.000000001,-10949250.0,6.2,36.7,25.0,357.0,207.0,Medium
4560500.000000001,-10849250.0,6.1,41.8,25.0,240.0,232.0,Medium
4560500.000000001,-10749250.0,6.2,42.2,25.0,268.0,263.0,Medium
4560500.000000001,-10649250.0,6.8,42.9,25.0,278.0,277.0,Medium
4560500.000000001,-10549250.0,6.1,41.3,25.0,475.0,223.0,Medium
4560500.000000001,-10449250.0,6.1,42.3,25.0,568.0,228.0,Medium
4560500.000000001,-10349250.0,6.2,42.0,25.0,528.0,208.0,Medium
4560500.000000001,-10249250.0,6.3,42.2,25.0,479.0,180.0,Medium
4560500.000000001,-10149250.0,6.5,42.1,25.0,742.0,266.0,Medium
4560500.000000001,-10049250.0,6.1,34.7,25.0,1025.0,233.0,Medium
4560500.000000001,-9949250.0,6.2,40.2,25.0,901.0,224.0,Medium
4560500.000000001,-9849250.0,6.6,39.9,25.0,608.0,237.0,Medium
4560500.000000001,-9749250.0,6.5,38.3,25.0,643.0,251.0,Medium
4560500.000000001,-9649250.0,6.0,39.5,25.0,676.0,220.0,Medium
4560500.000000001,-9549250.0,6.0,39.2,25.0,588.0,272.0,Medium
4560500.000000001,-9449250.0,5.3,39.0,25.0,620.0,246.0,Medium
4560500.000000001,-9349250.0,4.7,41.6,25.0,814.0,426.0,Medium
4560500.000000001,-9249250.0,6.2,40.2,25.0,603.0,351.0,Medium
4560500.000000001,-9149250.0,5.6,39.7,25.0,775.0,392.0,Medium
4560500.000000001,-9049250.0,5.5,39.9,25.0,1023.0,427.0,Medium
4560500.000000001,150750.0,5.3,36.0,25.0,782.0,272.0,Medium
4560500.000000001,250750.0,5.7,34.7,25.0,469.0,219.0,Medium
4560500.000000001,350750.0,7.1,35.9,25.0,431.0,224.0,Medium
4560500.000000001,450750.0,6.8,37.3,25.0,299.0,268.0,Medium
4560500.000000001,550750.0,7.4,36.6,25.0,387.0,210.0,Medium
4560500.000000001,650750.0,7.2,36.2,25.0,338.0,263.0,Medium
4560500.000000001,750750.0,7.5,36.7,25.0,286.0,207.0,Medium
4560500.000000001,850750.0,7.4,34.7,25.0,435.0,198.0,Medium
4560500.000000001,2050750.0,6.1,39.4,25.0,662.0,318.0,Medium
4560500.000000001,2150750.0,7.0,39.3,25.0,387.0,247.0,Medium
4560500.000000001,2250750.0,7.4,39.1,25.0,272.0,256.0,Medium
4560500.000000001,2550750.0,6.8,42.5,25.0,478.0,302.0,Medium
4560500.000000001,2650750.0,6.3,39.5,25.0,524.0,269.0,Medium
4560500.000000001,2750750.0,7.0,39.4,25.0,333.0,249.0,Medium
4560500.000000001,2850750.0,7.2,39.8,25.0,340.0,231.0,Medium
4560500.000000001,2950750.0,7.6,38.5,25.0,281.0,241.0,Medium
4560500.000000001,3050750.0,7.0,37.3,25.0,312.0,251.0,Medium
4560500.000000001,3350750.0,6.9,38.7,25.0,428.0,274.0,Medium
4560500.000000001,3450750.0,6.5,37.3,25.0,656.0,271.0,Medium
4560500.000000001,3550750.0,6.4,38.5,25.0,486.0,267.0,Medium
4560500.000000001,3650750.0,7.1,36.7,25.0,408.0,230.0,Medium
4560500.000000001,3750750.0,7.2,36.8,25.0,340.0,232.0,Medium
4560500.000000001,3850750.0,6.5,38.0,25.0,519.0,259.0,Medium
4560500.000000001,3950750.0,6.2,40.5,25.0,513.0,346.0,Medium
4560500.000000001,4250750.0,5.4,42.6,25.0,676.0,304.0,Medium
4560500.000000001,4350750.0,6.3,37.4,25.0,503.0,276.0,Medium
4560500.000000001,4450750.0,6.6,37.4,25.0,468.0,269.0,Medium
4560500.000000001,4550750.0,6.6,38.1,25.0,372.0,272.0,Medium
4560500.000000001,4650750.0,7.0,40.6,25.0,357.0,272.0,Medium
4560500.000000001,4850750.0,6.5,39.7,25.0,539.0,243.0,Medium
4560500.000000001,4950750.0,7.3,40.5,25.0,392.0,264.0,Medium
4560500.000000001,5450750.0,7.9,33.9,25.0,185.0,248.0,Low
4560500.000000001,5550750.0,7.9,34.5,25.0,176.0,207.0,Low
4560500.000000001,5650750.0,7.7,34.2,25.0,216.0,197.0,Low
4560500.000000001,5750750.0,7.6,36.5,25.0,171.0,201.0,Low
4560500.000000001,5850750.0,7.6,35.8,25.0,146.0,198.0,Low
4560500.000000001,5950750.0,7.7,35.0,25.0,147.0,297.0,Medium
4560500.000000001,6050750.0,7.7,35.0,25.0,169.0,340.0,Medium
4560500.000000001,6150750.0,7.8,34.9,25.0,119.0,161.0,Low
4560500.000000001,6250750.0,7.7,33.3,25.0,142.0,316.0,Low
4560500.000000001,6350750.0,7.7,33.1,25.0,184.0,374.0,Medium
4560500.000000001,6550750.0,7.6,35.4,25.0,245.0,267.0,Medium
4560500.000000001,6650750.0,7.3,33.8,25.0,296.0,222.0,Medium
4560500.000000001,6750750.0,6.8,36.9,25.0,320.0,222.0,Medium
4560500.000000001,6850750.0,7.6,34.2,25.0,147.0,198.0,Low
4560500.000000001,6950750.0,7.2,38.1,25.0,241.0,209.0,Medium
4560500.000000001,7050750.0,6.5,38.2,25.0,354.0,272.0,Medium
4560500.000000001,7150750.0,7.2,38.0,25.0,312.0,274.0,Medium
4560500.000000001,7250750.0,7.1,37.1,25.0,361.0,271.0,Medium
4560500.000000001,7350750.0,7.1,39.0,25.0,374.0,264.0,Medium
4560500.000000001,7450750.0,7.8,35.5,25.0,329.0,221.0,Low
4560500.000000001,7550750.0,8.0,33.2,25.0,207.0,180.0,Low
4560500.000000001,7650750.0,7.6,34.1,25.0,259.0,186.0,Low
4560500.000000001,7750750.0,7.6,31.8,25.0,325.0,152.0,Low
4560500.000000001,7850750.0,8.0,33.1,25.0,236.0,155.0,Low
4560500.000000001,7950750.0,6.7,35.5,25.0,251.0,219.0,Medium
4560500.000000001,8050750.0,7.4,32.9,25.0,210.0,185.0,Medium
4560500.000000001,8150750.0,7.2,33.7,25.0,206.0,198.0,Medium
4560500.000000001,8250750.0,8.0,33.9,25.0,144.0,192.0,Low
4560500.000000001,8350750.0,8.1,34.1,25.0,174.0,221.0,Low
4560500.000000001,8450750.0,8.2,31.8,25.0,204.0,207.0,Low
4560500.000000001,8550750.0,8.2,32.4,25.0,172.0,216.0,Low
4560500.000000001,8650750.0,8.1,32.1,25.0,163.0,233.0,Low
4560500.000000001,8750750.0,8.2,30.4,25.0,120.0,220.0,Low
4560500.000000001,8850750.0,8.2,30.5,25.0,124.0,208.0,Low
4560500.000000001,8950750.0,8.1,31.8,25.0,109.0,202.0,Low
4560500.000000001,9050750.0,8.2,31.8,25.0,134.0,219.0,Low
4560500.000000001,9150750.0,8.1,31.6,25.0,141.0,192.0,Low
4560500.000000001,9250750.0,8.1,33.5,25.0,149.0,166.0,Low
4560500.000000001,9350750.0,8.2,30.7,25.0,155.0,193.0,Low
4560500.000000001,9450750.0,8.1,31.2,25.0,126.0,194.0,Low
4560500.000000001,9550750.0,8.1,30.6,25.0,106.0,177.0,Low
4560500.000000001,9650750.0,8.2,32.6,25.0,128.0,176.0,Low
4560500.000000001,9750750.0,8.2,34.5,25.0,149.0,185.0,Low
4560500.000000001,9850750.0,8.1,34.2,25.0,219.0,154.0,Low
4560500.000000001,9950750.0,8.2,34.3,25.0,197.0,168.0,Low
4560500.000000001,10050750.0,7.8,38.0,25.0,244.0,287.0,Medium
4560500.000000001,10150750.0,7.4,38.6,25.0,269.0,238.0,Medium
4560500.000000001,10250750.0,8.0,38.0,25.0,293.0,200.0,Low
4560500.000000001,10350750.0,8.3,36.9,25.0,230.0,198.0,Low
4560500.000000001,10450750.0,7.8,36.4,25.0,368.0,250.0,Medium
4560500.000000001,10550750.0,8.0,37.1,25.0,190.0,192.0,Low
4560500.000000001,10650750.0,7.1,36.6,25.0,343.0,174.0,Medium
4560500.000000001,10750750.0,7.0,37.1,25.0,364.0,213.0,Medium
4560500.000000001,10850750.0,7.6,37.3,25.0,167.0,223.0,Medium
4560500.000000001,10950750.0,7.3,35.7,25.0,241.0,209.0,Medium
4560500.000000001,11050750.0,7.9,34.1,25.0,165.0,216.0,Low
4560500.000000001,11150750.0,6.7,40.2,25.0,267.0,291.0,Medium
4560500.000000001,11250750.0,6.1,40.1,25.0,376.0,206.0,Medium
4560500.000000001,11350750.0,6.1,38.2,25.0,371.0,219.0,Medium
4560500.000000001,11450750.0,6.2,44.4,25.0,426.0,236.0,Medium
4560500.000000001,11550750.0,5.9,41.5,25.0,788.0,260.0,Medium
4560500.000000001,11650750.0,5.7,42.5,25.0,746.0,268.0,Medium
4560500.000000001,12650750.0,5.3,44.7,25.0,789.0,395.0,Medium
4460500.000000001,-13149250.0,5.7,39.9,25.0,1099.0,235.0,Medium
4460500.000000001,-13049250.0,6.1,36.2,25.0,250.0,250.0,Medium
4460500.000000001,-12949250.0,5.7,34.5,25.0,866.0,265.0,Medium
4460500.000000001,-12849250.0,7.2,30.8,25.0,252.0,204.0,Medium
4460500.000000001,-12749250.0,8.3,27.3,25.0,48.0,142.0,Low
4460500.000000001,-12649250.0,7.5,35.2,25.0,290.0,209.0,Medium
4460500.000000001,-12549250.0,7.3,35.1,25.0,121.0,179.0,Medium
4460500.000000001,-12449250.0,7.6,33.4,25.0,139.0,173.0,Low
4460500.000000001,-12349250.0,8.2,33.7,25.0,117.0,157.0,Low
4460500.000000001,-12249250.0,8.1,38.1,25.0,82.0,154.0,Low
4460500.000000001,-12149250.0,7.8,37.6,25.0,232.0,180.0,Low
4460500.000000001,-12049250.0,7.4,37.5,25.0,337.0,200.0,Medium
4460500.000000001,-11949250.0,8.2,36.0,25.0,119.0,148.0,Low
4460500.000000001,-11849250.0,7.6,37.4,25.0,274.0,184.0,Medium
4460500.000000001,-11749250.0,5.4,37.9,25.0,828.0,309.0,Medium
4460500.000000001,-11649250.0,6.7,36.9,25.0,326.0,225.0,Medium
4460500.000000001,-11549250.0,7.1,31.7,25.0,211.0,153.0,Medium
4460500.000000001,-11449250.0,7.0,32.5,25.0,144.0,168.0,Medium
4460500.000000001,-11349250.0,7.0,32.2,25.0,186.0,161.0,Medium
4460500.000000001,-11249250.0,7.1,35.5,25.0,190.0,179.0,Medium
4460500.000000001,-11149250.0,7.0,35.5,25.0,208.0,179.0,Medium
4460500.000000001,-11049250.0,7.2,35.3,25.0,235.0,155.0,Medium
4460500.000000001,-10949250.0,6.2,42.5,25.0,265.0,230.0,Medium
4460500.000000001,-10849250.0,6.3,40.1,25.0,264.0,234.0,Medium
4460500.000000001,-10749250.0,6.4,40.4,25.0,246.0,235.0,Medium
4460500.000000001,-10649250.0,6.6,41.2,25.0,277.0,217.0,Medium
4460500.000000001,-10549250.0,5.7,39.5,25.0,587.0,247.0,Medium
4460500.000000001,-10449250.0,6.4,41.1,25.0,449.0,218.0,Medium
4460500.000000001,-10349250.0,6.2,40.9,25.0,409.0,182.0,Medium
4460500.000000001,-10249250.0,6.1,40.3,25.0,382.0,216.0,Medium
4460500.000000001,-10149250.0,6.2,41.4,25.0,368.0,230.0,Medium
4460500.000000001,-10049250.0,6.4,40.8,25.0,426.0,222.0,Medium
4460500.000000001,-9949250.0,6.6,40.4,25.0,356.0,202.0,Medium
4460500.000000001,-9849250.0,6.7,40.4,25.0,446.0,241.0,Medium
4460500.000000001,-9749250.0,6.4,40.8,25.0,526.0,205.0,Medium
4460500.000000001,-9649250.0,6.3,40.8,25.0,499.0,224.0,Medium
4460500.000000001,-9549250.0,5.5,40.8,25.0,617.0,291.0,Medium
4460500.000000001,-9449250.0,5.7,41.2,25.0,653.0,252.0,Medium
4460500.000000001,-9349250.0,5.3,42.1,25.0,841.0,402.0,Medium
4460500.000000001,-9249250.0,5.2,39.3,25.0,823.0,345.0,Medium
4460500.000000001,-9149250.0,5.5,39.9,25.0,615.0,259.0,Medium
4460500.000000001,-9049250.0,5.1,40.9,25.0,726.0,261.0,Medium
4460500.000000001,-8949250.0,4.6,35.4,25.0,581.0,319.0,Low
4460500.000000001,50750.0,6.2,38.1,25.0,463.0,217.0,Medium
4460500.000000001,150750.0,5.7,34.8,25.0,299.0,235.0,Medium
4460500.000000001,250750.0,6.5,36.4,25.0,351.0,211.0,Medium
4460500.000000001,350750.0,6.8,36.1,25.0,255.0,250.0,Medium
4460500.000000001,450750.0,7.4,36.0,25.0,320.0,241.0,Medium
4460500.000000001,550750.0,7.6,34.9,25.0,244.0,222.0,Medium
4460500.000000001,650750.0,7.4,36.0,25.0,407.0,258.0,Medium
4460500.000000001,750750.0,7.1,36.6,25.0,541.0,219.0,Medium
4460500.000000001,1550750.0,6.6,38.9,25.0,450.0,215.0,Medium
4460500.000000001,2150750.0,6.3,42.6,25.0,453.0,254.0,Medium
4460500.000000001,2350750.0,7.1,37.0,25.0,386.0,208.0,Medium
4460500.000000001,2550750.0,6.8,42.5,25.0,541.0,287.0,Medium
4460500.000000001,2650750.0,6.5,39.7,25.0,548.0,222.0,Medium
4460500.000000001,3050750.0,6.2,34.3,25.0,434.0,236.0,Medium
4460500.000000001,3150750.0,6.3,32.6,25.0,443.0,248.0,Medium
4460500.000000001,3250750.0,6.4,35.9,25.0,503.0,221.0,Medium
4460500.000000001,3350750.0,7.1,36.1,25.0,359.0,231.0,Medium
4460500.000000001,3450750.0,7.1,34.2,25.0,295.0,247.0,Medium
4460500.000000001,3550750.0,7.1,34.0,25.0,280.0,233.0,Medium
4460500.000000001,3650750.0,7.6,33.5,25.0,280.0,239.0,Medium
4460500.000000001,3750750.0,7.3,36.6,25.0,279.0,241.0,Medium
4460500.000000001,3850750.0,6.7,34.5,25.0,640.0,244.0,Medium
4460500.000000001,3950750.0,7.2,32.9,25.0,349.0,261.0,Medium
4460500.000000001,4050750.0,6.9,37.0,25.0,383.0,215.0,Medium
4460500.000000001,4150750.0,7.2,35.0,25.0,365.0,222.0,Medium
4460500.000000001,4250750.0,6.9,35.7,25.0,460.0,257.0,Medium
4460500.000000001,4350750.0,6.8,35.7,25.0,570.0,232.0,Medium
4460500.000000001,4450750.0,6.8,36.7,25.0,366.0,248.0,Medium
4460500.000000001,4650750.0,6.7,37.1,25.0,402.0,265.0,Medium
4460500.000000001,4750750.0,6.2,40.5,25.0,575.0,274.0,Medium
4460500.000000001,4850750.0,7.6,39.6,25.0,276.0,277.0,Medium
4460500.000000001,4950750.0,7.5,40.4,25.0,289.0,260.0,Medium
4460500.000000001,5350750.0,7.8,34.9,25.0,168.0,239.0,Low
4460500.000000001,5450750.0,7.7,35.4,25.0,246.0,252.0,Medium
4460500.000000001,5550750.0,7.6,33.8,25.0,175.0,205.0,Low
4460500.000000001,5650750.0,7.6,34.6,25.0,194.0,197.0,Low
4460500.000000001,5750750.0,7.5,36.5,25.0,166.0,202.0,Medium
4460500.000000001,5850750.0,7.6,34.5,25.0,175.0,205.0,Low
4460500.000000001,5950750.0,7.5,35.5,25.0,204.0,193.0,Medium
4460500.000000001,6050750.0,7.7,34.6,25.0,203.0,200.0,Low
4460500.000000001,6150750.0,7.6,32.9,25.0,135.0,191.0,Low
4460500.000000001,6250750.0,7.7,32.9,25.0,127.0,194.0,Low
4460500.000000001,6350750.0,7.8,34.6,25.0,139.0,227.0,Low
4460500.000000001,6450750.0,7.5,34.7,25.0,246.0,257.0,Medium
4460500.000000001,6550750.0,7.6,36.6,25.0,229.0,236.0,Medium
4460500.000000001,6650750.0,7.6,35.8,25.0,232.0,227.0,Medium
4460500.000000001,6750750.0,7.5,35.7,25.0,246.0,199.0,Medium
4460500.000000001,6850750.0,7.3,36.3,25.0,235.0,206.0,Medium
4460500.000000001,6950750.0,6.2,39.1,25.0,577.0,246.0,Medium
4460500.000000001,7050750.0,6.9,36.3,25.0,430.0,209.0,Medium
4460500.000000001,7150750.0,7.3,36.6,25.0,366.0,234.0,Medium
4460500.000000001,7250750.0,8.0,36.2,25.0,222.0,188.0,Low
4460500.000000001,7350750.0,7.6,33.6,25.0,181.0,197.0,Low
4460500.000000001,7450750.0,7.7,32.3,25.0,238.0,195.0,Low
4460500.000000001,7550750.0,6.8,35.6,25.0,385.0,163.0,Medium
4460500.000000001,7650750.0,6.1,35.4,25.0,324.0,192.0,Medium
4460500.000000001,7750750.0,6.0,35.4,25.0,268.0,176.0,Medium
4460500.000000001,7850750.0,6.3,34.9,25.0,215.0,184.0,Medium
4460500.000000001,7950750.0,6.4,32.5,25.0,230.0,190.0,Medium
4460500.000000001,8050750.0,7.7,32.3,25.0,208.0,196.0,Low
4460500.000000001,8150750.0,7.7,31.7,25.0,191.0,216.0,Low
4460500.000000001,8250750.0,7.8,33.1,25.0,184.0,226.0,Low
4460500.000000001,8350750.0,7.5,35.5,25.0,265.0,196.0,Medium
4460500.000000001,8450750.0,8.0,33.1,25.0,218.0,200.0,Low
4460500.000000001,8550750.0,8.1,33.1,25.0,252.0,203.0,Low
4460500.000000001,8650750.0,8.1,33.8,25.0,171.0,213.0,Low
4460500.000000001,8750750.0,8.2,33.7,25.0,185.0,207.0,Low
4460500.000000001,8850750.0,8.2,32.5,25.0,182.0,197.0,Low
4460500.000000001,8950750.0,8.2,32.5,25.0,127.0,222.0,Low
4460500.000000001,9050750.0,8.0,34.0,25.0,139.0,206.0,Low
4460500.000000001,9150750.0,8.2,32.4,25.0,116.0,204.0,Low
4460500.000000001,9250750.0,8.3,33.9,25.0,135.0,205.0,Low
4460500.000000001,9350750.0,8.1,34.0,25.0,124.0,206.0,Low
4460500.000000001,9450750.0,8.1,31.2,25.0,159.0,195.0,Low
4460500.000000001,9550750.0,8.2,33.3,25.0,103.0,192.0,Low
4460500.000000001,9650750.0,8.3,33.3,25.0,124.0,191.0,Low
4460500.000000001,9750750.0,8.2,34.8,25.0,95.0,210.0,Low
4460500.000000001,9850750.0,8.2,34.4,25.0,163.0,176.0,Low
4460500.000000001,9950750.0,8.4,33.3,25.0,107.0,193.0,Low
4460500.000000001,10050750.0,8.1,36.7,25.0,159.0,247.0,Low
4460500.000000001,10150750.0,8.2,37.0,25.0,143.0,210.0,Low
4460500.000000001,10250750.0,8.2,37.0,25.0,152.0,219.0,Low
4460500.000000001,10350750.0,8.1,36.9,25.0,189.0,216.0,Low
4460500.000000001,10450750.0,8.2,37.1,25.0,130.0,193.0,Low
4460500.000000001,10550750.0,8.1,35.2,25.0,235.0,183.0,Low
4460500.000000001,10650750.0,7.4,37.2,25.0,352.0,185.0,Medium
4460500.000000001,10750750.0,7.9,37.3,25.0,151.0,195.0,Low
4460500.000000001,10850750.0,7.3,36.8,25.0,234.0,191.0,Medium
4460500.000000001,10950750.0,7.0,37.1,25.0,291.0,191.0,Medium
4460500.000000001,11250750.0,6.3,38.1,25.0,377.0,196.0,Medium
4460500.000000001,11350750.0,6.0,38.3,25.0,273.0,189.0,Medium
4460500.000000001,11450750.0,6.3,39.5,25.0,276.0,186.0,Medium
4460500.000000001,11550750.0,5.7,38.8,25.0,514.0,231.0,Medium
4460500.000000001,11650750.0,6.0,39.4,25.0,495.0,210.0,Medium
4460500.000000001,12750750.0,4.7,47.7,25.0,772.0,409.0,Medium
4460500.000000001,12850750.0,5.4,44.9,25.0,761.0,326.0,Medium
4360500.000000001,-13149250.0,5.8,39.1,25.0,640.0,225.0,Medium
4360500.000000001,-13049250.0,7.0,38.7,25.0,181.0,252.0,Medium
4360500.000000001,-12949250.0,6.0,37.1,25.0,563.0,213.0,Medium
4360500.000000001,-12749250.0,8.2,26.6,25.0,45.0,150.0,Low
4360500.000000001,-12649250.0,7.9,30.6,25.0,93.0,154.0,Low
4360500.000000001,-12549250.0,7.7,36.6,25.0,166.0,185.0,Low
4360500.000000001,-12449250.0,8.0,36.6,25.0,190.0,182.0,Low
4360500.000000001,-12349250.0,7.7,36.5,25.0,288.0,185.0,Low
4360500.000000001,-12249250.0,8.3,32.6,25.0,70.0,159.0,Low
4360500.000000001,-12149250.0,7.9,35.2,25.0,173.0,135.0,Low
4360500.000000001,-12049250.0,7.3,34.5,25.0,230.0,156.0,Medium
4360500.000000001,-11949250.0,7.7,36.6,25.0,254.0,179.0,Low
4360500.000000001,-11849250.0,7.8,35.4,25.0,260.0,163.0,Low
4360500.000000001,-11749250.0,6.0,37.9,25.0,704.0,271.0,Medium
4360500.000000001,-11649250.0,7.1,35.4,25.0,301.0,243.0,Medium
4360500.000000001,-11549250.0,6.1,30.9,25.0,258.0,128.0,Medium
4360500.000000001,-11449250.0,7.2,20.8,25.0,147.0,150.0,Low
4360500.000000001,-11349250.0,7.3,37.3,25.0,158.0,169.0,Medium
4360500.000000001,-11249250.0,7.3,39.1,25.0,154.0,213.0,Medium
4360500.000000001,-11149250.0,6.7,36.6,25.0,187.0,204.0,Medium
4360500.000000001,-11049250.0,7.0,37.7,25.0,264.0,207.0,Medium
4360500.000000001,-10949250.0,6.5,40.6,25.0,210.0,210.0,Medium
4360500.000000001,-10849250.0,6.7,43.3,25.0,241.0,296.0,Medium
4360500.000000001,-10749250.0,6.5,41.9,25.0,250.0,252.0,Medium
4360500.000000001,-10649250.0,7.4,42.0,25.0,316.0,245.0,Medium
4360500.000000001,-10549250.0,6.5,41.6,25.0,483.0,208.0,Medium
4360500.000000001,-10449250.0,6.1,40.4,25.0,297.0,207.0,Medium
4360500.000000001,-10349250.0,5.8,40.3,25.0,474.0,207.0,Medium
4360500.000000001,-10249250.0,6.0,41.3,25.0,293.0,214.0,Medium
4360500.000000001,-10149250.0,6.3,41.0,25.0,242.0,204.0,Medium
4360500.000000001,-10049250.0,6.2,39.8,25.0,300.0,218.0,Medium
4360500.000000001,-9949250.0,5.9,41.6,25.0,468.0,195.0,Medium
4360500.000000001,-9849250.0,6.1,41.4,25.0,390.0,208.0,Medium
4360500.000000001,-9749250.0,5.8,40.4,25.0,464.0,229.0,Medium
4360500.000000001,-9649250.0,5.5,40.5,25.0,671.0,234.0,Medium
4360500.000000001,-9549250.0,5.1,40.0,25.0,853.0,293.0,Medium
4360500.000000001,-9449250.0,4.9,41.8,25.0,932.0,330.0,Medium
4360500.000000001,-9349250.0,4.1,44.7,25.0,1678.0,625.0,Medium
4360500.000000001,-9249250.0,5.8,39.9,25.0,549.0,316.0,Medium
4360500.000000001,-9149250.0,5.1,39.4,25.0,649.0,240.0,Medium
4360500.000000001,-9049250.0,4.8,39.3,25.0,852.0,239.0,Medium
4360500.000000001,-49250.0,6.0,36.5,25.0,293.0,197.0,Medium
4360500.000000001,50750.0,5.8,35.6,25.0,319.0,174.0,Medium
4360500.000000001,150750.0,6.0,35.9,25.0,272.0,188.0,Medium
4360500.000000001,250750.0,6.4,35.1,25.0,298.0,198.0,Medium
4360500.000000001,350750.0,6.9,35.7,25.0,455.0,219.0,Medium
4360500.000000001,450750.0,7.6,37.4,25.0,303.0,220.0,Medium
4360500.000000001,550750.0,7.6,39.3,25.0,258.0,230.0,Medium
4360500.000000001,650750.0,7.3,36.9,25.0,421.0,238.0,Medium
4360500.000000001,2150750.0,6.1,40.4,25.0,543.0,227.0,Medium
4360500.000000001,2550750.0,7.1,41.4,25.0,357.0,236.0,Medium
4360500.000000001,2650750.0,7.0,38.7,25.0,475.0,214.0,Medium
4360500.000000001,3150750.0,6.5,33.6,25.0,345.0,245.0,Medium
4360500.000000001,3250750.0,6.6,35.1,25.0,310.0,264.0,Medium
4360500.000000001,3350750.0,6.9,36.6,25.0,273.0,234.0,Medium
4360500.000000001,3450750.0,7.7,35.9,25.0,313.0,233.0,Medium
4360500.000000001,3550750.0,7.7,36.4,25.0,227.0,251.0,Medium
4360500.000000001,3750750.0,7.6,34.9,25.0,293.0,283.0,Medium
4360500.000000001,3850750.0,7.6,34.4,25.0,212.0,256.0,Medium
4360500.000000001,3950750.0,7.7,34.6,25.0,278.0,346.0,Medium
4360500.000000001,4050750.0,7.2,36.9,25.0,342.0,282.0,Medium
4360500.000000001,4150750.0,6.8,33.6,25.0,487.0,257.0,Medium
4360500.000000001,4250750.0,6.6,35.6,25.0,425.0,295.0,Medium
4360500.000000001,4350750.0,6.9,35.0,25.0,369.0,305.0,Medium
4360500.000000001,4450750.0,7.4,34.8,25.0,356.0,277.0,Medium
4360500.000000001,4550750.0,7.3,35.4,25.0,291.0,231.0,Medium
4360500.000000001,4650750.0,7.8,36.9,25.0,159.0,180.0,Low
4360500.000000001,4750750.0,6.5,38.2,25.0,492.0,258.0,Medium
4360500.000000001,4850750.0,7.1,39.6,25.0,331.0,237.0,Medium
4360500.000000001,4950750.0,7.2,38.7,25.0,376.0,268.0,Medium
4360500.000000001,5450750.0,7.9,36.1,25.0,265.0,252.0,Low
4360500.000000001,5550750.0,7.7,33.3,25.0,248.0,199.0,Low
4360500.000000001,5650750.0,7.8,34.2,25.0,151.0,213.0,Low
4360500.000000001,5750750.0,7.6,35.1,25.0,154.0,199.0,Low
4360500.000000001,5850750.0,7.6,34.5,25.0,162.0,210.0,Low
4360500.000000001,5950750.0,7.6,34.4,25.0,145.0,208.0,Low
4360500.000000001,6050750.0,7.4,33.2,25.0,177.0,194.0,Medium
4360500.000000001,6150750.0,7.6,34.1,25.0,235.0,204.0,Low
4360500.000000001,6250750.0,7.8,34.4,25.0,152.0,175.0,Low
4360500.000000001,6350750.0,7.8,32.7,25.0,145.0,178.0,Low
4360500.000000001,6450750.0,7.6,32.7,25.0,238.0,261.0,Medium
4360500.000000001,6550750.0,7.3,37.1,25.0,426.0,204.0,Medium
4360500.000000001,6650750.0,6.5,35.6,25.0,487.0,250.0,Medium
4360500.000000001,6750750.0,6.5,38.7,25.0,420.0,255.0,Medium
4360500.000000001,6850750.0,7.0,36.3,25.0,453.0,268.0,Medium
4360500.000000001,6950750.0,7.0,37.6,25.0,384.0,229.0,Medium
4360500.000000001,7050750.0,6.1,40.4,25.0,492.0,301.0,Medium
4360500.000000001,7250750.0,7.7,34.1,25.0,225.0,200.0,Low
4360500.000000001,7450750.0,7.2,33.0,25.0,395.0,162.0,Medium
4360500.000000001,7550750.0,5.8,33.4,25.0,318.0,197.0,Medium
4360500.000000001,7650750.0,5.8,35.3,25.0,338.0,191.0,Medium
4360500.000000001,7750750.0,5.5,35.3,25.0,339.0,243.0,Medium
4360500.000000001,7850750.0,5.7,31.8,25.0,221.0,194.0,Low
4360500.000000001,7950750.0,6.5,34.5,25.0,238.0,201.0,Medium
4360500.000000001,8050750.0,7.0,33.0,25.0,183.0,210.0,Medium
4360500.000000001,8150750.0,7.0,33.1,25.0,185.0,219.0,Medium
4360500.000000001,8250750.0,7.1,34.1,25.0,181.0,210.0,Medium
4360500.000000001,8350750.0,7.3,35.1,25.0,216.0,241.0,Medium
4360500.000000001,8450750.0,7.9,34.5,25.0,189.0,218.0,Low
4360500.000000001,8550750.0,7.9,32.4,25.0,227.0,203.0,Low
4360500.000000001,8650750.0,8.1,32.4,25.0,187.0,204.0,Low
4360500.000000001,8750750.0,8.1,33.1,25.0,158.0,221.0,Low
4360500.000000001,8850750.0,7.8,34.0,25.0,162.0,216.0,Low
4360500.000000001,8950750.0,7.4,33.7,25.0,265.0,227.0,Medium
4360500.000000001,9050750.0,7.6,34.6,25.0,279.0,245.0,Medium
4360500.000000001,9150750.0,7.0,35.1,25.0,384.0,261.0,Medium
4360500.000000001,9250750.0,7.6,34.3,25.0,343.0,209.0,Medium
4360500.000000001,9350750.0,7.7,35.9,25.0,317.0,199.0,Medium
4360500.000000001,9450750.0,8.2,33.5,25.0,141.0,224.0,Low
4360500.000000001,9550750.0,8.1,34.2,25.0,158.0,204.0,Low
4360500.000000001,9650750.0,8.3,34.8,25.0,123.0,192.0,Low
4360500.000000001,9750750.0,8.2,34.7,25.0,156.0,200.0,Low
4360500.000000001,9850750.0,8.3,34.6,25.0,119.0,187.0,Low
4360500.000000001,9950750.0,8.1,34.0,25.0,197.0,177.0,Low
4360500.000000001,10050750.0,8.3,37.3,25.0,109.0,172.0,Low
4360500.000000001,10150750.0,8.3,36.3,25.0,110.0,193.0,Low
4360500.000000001,10250750.0,8.3,35.8,25.0,168.0,181.0,Low
4360500.000000001,10350750.0,8.2,35.8,25.0,163.0,182.0,Low
4360500.000000001,10450750.0,8.0,35.1,25.0,159.0,175.0,Low
4360500.000000001,10550750.0,7.0,35.8,25.0,501.0,234.0,Medium
4360500.000000001,10650750.0,7.1,36.6,25.0,323.0,215.0,Medium
4360500.000000001,10750750.0,7.9,36.6,25.0,152.0,227.0,Low
4360500.000000001,11250750.0,6.8,35.1,25.0,155.0,205.0,Medium
4360500.000000001,11650750.0,6.3,40.5,25.0,389.0,231.0,Medium
4360500.000000001,12850750.0,5.1,43.4,25.0,915.0,363.0,Medium
4360500.000000001,12950750.0,5.2,43.5,25.0,682.0,316.0,Medium
4260500.000000001,-12949250.0,6.2,36.9,25.0,308.0,198.0,Medium
4260500.000000001,-12849250.0,5.7,34.1,25.0,543.0,314.0,Medium
4260500.000000001,-12749250.0,7.4,27.8,25.0,128.0,147.0,Low
4260500.000000001,-12649250.0,8.5,26.2,25.0,39.0,180.0,Low
4260500.000000001,-12549250.0,8.4,25.6,25.0,45.0,133.0,Low
4260500.000000001,-12449250.0,7.9,31.5,25.0,151.0,161.0,Low
4260500.000000001,-12349250.0,7.4,36.7,25.0,295.0,192.0,Medium
4260500.000000001,-12249250.0,8.0,36.1,25.0,172.0,148.0,Low
4260500.000000001,-12149250.0,7.5,33.6,25.0,159.0,193.0,Low
4260500.000000001,-12049250.0,8.1,25.5,25.0,80.0,86.0,Low
4260500.000000001,-11949250.0,7.6,34.5,25.0,197.0,129.0,Low
4260500.000000001,-11849250.0,6.5,40.6,25.0,533.0,298.0,Medium
4260500.000000001,-11749250.0,7.1,37.2,25.0,274.0,213.0,Medium
4260500.000000001,-11649250.0,7.3,33.6,25.0,201.0,182.0,Medium
4260500.000000001,-11549250.0,7.7,33.9,25.0,107.0,146.0,Low
4260500.000000001,-11449250.0,7.7,36.4,25.0,173.0,169.0,Low
4260500.000000001,-11349250.0,7.7,39.1,25.0,162.0,188.0,Low
4260500.000000001,-11249250.0,7.4,37.6,25.0,139.0,182.0,Medium
4260500.000000001,-11149250.0,7.3,37.4,25.0,160.0,182.0,Medium
4260500.000000001,-11049250.0,6.6,36.3,25.0,188.0,200.0,Medium
4260500.000000001,-10949250.0,6.4,31.4,25.0,251.0,152.0,Medium
4260500.000000001,-10849250.0,6.5,42.7,25.0,248.0,247.0,Medium
4260500.000000001,-10749250.0,6.3,42.4,25.0,317.0,255.0,Medium
4260500.000000001,-10649250.0,6.2,40.9,25.0,386.0,252.0,Medium
4260500.000000001,-10549250.0,6.2,40.5,25.0,349.0,198.0,Medium
4260500.000000001,-10449250.0,5.8,42.5,25.0,345.0,174.0,Medium
4260500.000000001,-10349250.0,6.4,41.2,25.0,395.0,195.0,Medium
4260500.000000001,-10249250.0,6.0,40.9,25.0,412.0,215.0,Medium
4260500.000000001,-10149250.0,6.0,41.0,25.0,236.0,186.0,Medium
4260500.000000001,-10049250.0,6.3,39.7,25.0,381.0,243.0,Medium
4260500.000000001,-9949250.0,5.8,41.8,25.0,600.0,197.0,Medium
4260500.000000001,-9849250.0,6.0,40.9,25.0,371.0,208.0,Medium
4260500.000000001,-9749250.0,5.9,41.2,25.0,365.0,238.0,Medium
4260500.000000001,-9649250.0,5.4,40.2,25.0,625.0,211.0,Medium
4260500.000000001,-9549250.0,5.1,39.9,25.0,648.0,245.0,Medium
4260500.000000001,-9449250.0,5.4,43.3,25.0,888.0,428.0,Medium
4260500.000000001,-9349250.0,4.5,43.6,25.0,981.0,460.0,Medium
4260500.000000001,-9249250.0,6.0,40.6,25.0,423.0,219.0,Medium
4260500.000000001,-9149250.0,5.3,36.0,25.0,349.0,236.0,Medium
4260500.000000001,50750.0,6.0,35.7,25.0,241.0,164.0,Medium
4260500.000000001,150750.0,6.5,36.2,25.0,241.0,205.0,Medium
4260500.000000001,250750.0,6.5,36.5,25.0,208.0,224.0,Medium
4260500.000000001,350750.0,6.9,37.0,25.0,403.0,211.0,Medium
4260500.000000001,450750.0,7.4,37.6,25.0,309.0,221.0,Medium
4260500.000000001,550750.0,7.5,36.7,25.0,300.0,220.0,Medium
4260500.000000001,650750.0,7.8,38.3,25.0,238.0,214.0,Low
4260500.000000001,2750750.0,7.7,38.7,25.0,295.0,227.0,Medium
4260500.000000001,3050750.0,6.8,34.3,25.0,384.0,250.0,Medium
4260500.000000001,3150750.0,6.5,33.6,25.0,319.0,266.0,Medium
4260500.000000001,3250750.0,6.8,35.3,25.0,263.0,282.0,Medium
4260500.000000001,3350750.0,6.9,34.7,25.0,274.0,222.0,Medium
4260500.000000001,3450750.0,7.1,34.4,25.0,285.0,246.0,Medium
4260500.000000001,3550750.0,7.7,35.2,25.0,229.0,233.0,Low
4260500.000000001,3650750.0,7.5,35.3,25.0,287.0,217.0,Medium
4260500.000000001,3750750.0,7.7,34.4,25.0,297.0,248.0,Medium
4260500.000000001,3850750.0,7.5,33.6,25.0,287.0,252.0,Medium
4260500.000000001,3950750.0,7.6,36.0,25.0,252.0,280.0,Medium
4260500.000000001,4050750.0,7.4,34.6,25.0,254.0,306.0,Medium
4260500.000000001,4150750.0,7.2,35.5,25.0,478.0,298.0,Medium
4260500.000000001,4250750.0,7.2,34.8,25.0,389.0,292.0,Medium
4260500.000000001,4350750.0,7.2,34.6,25.0,396.0,242.0,Medium
4260500.000000001,4450750.0,7.0,34.5,25.0,469.0,267.0,Medium
4260500.000000001,4550750.0,7.3,33.9,25.0,367.0,254.0,Medium
4260500.000000001,4650750.0,7.8,34.2,25.0,145.0,209.0,Low
4260500.000000001,4750750.0,7.7,34.8,25.0,152.0,180.0,Low
4260500.000000001,4850750.0,7.0,38.1,25.0,277.0,210.0,Medium
4260500.000000001,4950750.0,7.4,35.2,25.0,230.0,228.0,Medium
4260500.000000001,5450750.0,7.7,32.8,25.0,293.0,244.0,Medium
4260500.000000001,5550750.0,7.9,35.9,25.0,186.0,251.0,Low
4260500.000000001,5650750.0,7.5,35.3,25.0,215.0,201.0,Medium
4260500.000000001,5750750.0,7.8,34.9,25.0,142.0,202.0,Low
4260500.000000001,5850750.0,7.8,33.6,25.0,149.0,206.0,Low
4260500.000000001,5950750.0,7.6,33.2,25.0,148.0,199.0,Low
4260500.000000001,6050750.0,7.6,33.9,25.0,146.0,213.0,Low
4260500.000000001,6150750.0,7.8,33.7,25.0,149.0,203.0,Low
4260500.000000001,6250750.0,7.9,32.6,25.0,141.0,190.0,Low
4260500.000000001,6350750.0,7.7,34.0,25.0,162.0,145.0,Low
4260500.000000001,6450750.0,7.8,34.6,25.0,141.0,198.0,Low
4260500.000000001,6550750.0,7.5,35.6,25.0,255.0,187.0,Medium
4260500.000000001,6650750.0,7.5,35.7,25.0,239.0,190.0,Medium
4260500.000000001,6750750.0,7.1,36.1,25.0,364.0,220.0,Medium
4260500.000000001,6850750.0,7.0,37.0,25.0,398.0,254.0,Medium
4260500.000000001,6950750.0,7.4,35.0,25.0,322.0,231.0,Medium
4260500.000000001,7050750.0,6.6,38.9,25.0,455.0,273.0,Medium
4260500.000000001,7150750.0,7.4,37.1,25.0,384.0,243.0,Medium
4260500.000000001,7250750.0,7.7,38.5,25.0,344.0,272.0,Medium
4260500.000000001,7350750.0,7.8,33.9,25.0,315.0,213.0,Low
4260500.000000001,7450750.0,7.6,33.3,25.0,286.0,173.0,Low
4260500.000000001,7550750.0,6.9,34.5,25.0,275.0,199.0,Medium
4260500.000000001,7650750.0,6.1,31.8,25.0,270.0,196.0,Medium
4260500.000000001,7750750.0,6.3,32.3,25.0,284.0,215.0,Medium
4260500.000000001,7850750.0,7.1,32.5,25.0,247.0,206.0,Medium
4260500.000000001,7950750.0,7.4,32.9,25.0,207.0,208.0,Medium
4260500.000000001,8050750.0,7.1,33.4,25.0,235.0,216.0,Medium
4260500.000000001,8150750.0,7.5,34.9,25.0,220.0,217.0,Medium
4260500.000000001,8250750.0,7.4,34.3,25.0,186.0,207.0,Medium
4260500.000000001,8350750.0,7.9,32.7,25.0,209.0,216.0,Low
4260500.000000001,8450750.0,7.8,34.8,25.0,136.0,216.0,Low
4260500.000000001,8550750.0,7.2,34.5,25.0,258.0,201.0,Medium
4260500.000000001,8650750.0,8.0,34.4,25.0,92.0,200.0,Low
4260500.000000001,8750750.0,8.4,32.8,25.0,145.0,189.0,Low
4260500.000000001,8850750.0,8.3,31.3,25.0,118.0,182.0,Low
4260500.000000001,8950750.0,8.2,32.8,25.0,126.0,186.0,Low
4260500.000000001,9050750.0,7.1,37.2,25.0,362.0,235.0,Medium
4260500.000000001,9150750.0,7.5,35.0,25.0,243.0,244.0,Medium
4260500.000000001,9350750.0,7.2,34.9,25.0,435.0,235.0,Medium
4260500.000000001,9450750.0,7.7,36.7,25.0,393.0,203.0,Medium
4260500.000000001,9550750.0,7.5,36.0,25.0,385.0,265.0,Medium
4260500.000000001,9650750.0,8.2,36.0,25.0,183.0,206.0,Low
4260500.000000001,9750750.0,8.2,34.6,25.0,115.0,216.0,Low
4260500.000000001,9850750.0,8.4,35.7,25.0,114.0,219.0,Low
4260500.000000001,9950750.0,8.2,36.7,25.0,137.0,172.0,Low
4260500.000000001,10050750.0,8.4,33.1,25.0,135.0,174.0,Low
4260500.000000001,10150750.0,8.3,38.7,25.0,150.0,197.0,Low
4260500.000000001,10250750.0,8.4,36.6,25.0,98.0,207.0,Low
4260500.000000001,10350750.0,8.3,35.4,25.0,128.0,174.0,Low
4260500.000000001,10450750.0,6.8,34.7,25.0,486.0,180.0,Medium
4260500.000000001,10550750.0,7.5,35.5,25.0,323.0,193.0,Medium
4260500.000000001,10650750.0,7.6,37.3,25.0,275.0,156.0,Medium
4260500.000000001,10750750.0,7.9,37.9,25.0,161.0,187.0,Low
4260500.000000001,10850750.0,7.8,35.3,25.0,166.0,226.0,Low
4260500.000000001,10950750.0,8.1,35.9,25.0,154.0,230.0,Low
4260500.000000001,11650750.0,6.5,37.1,25.0,227.0,195.0,Medium
4260500.000000001,11750750.0,6.3,38.8,25.0,363.0,172.0,Medium
4260500.000000001,11850750.0,5.8,39.1,25.0,541.0,171.0,Medium
4260500.000000001,11950750.0,5.8,39.3,25.0,577.0,225.0,Medium
4260500.000000001,12950750.0,4.8,42.5,25.0,929.0,373.0,Medium
4160500.000000001,-13049250.0,6.2,38.1,25.0,458.0,235.0,Medium
4160500.000000001,-12949250.0,7.0,33.7,25.0,248.0,246.0,Medium
4160500.000000001,-12849250.0,5.9,30.6,25.0,258.0,226.0,Medium
4160500.000000001,-12749250.0,7.3,27.0,25.0,81.0,121.0,Low
4160500.000000001,-12649250.0,8.2,25.5,25.0,41.0,153.0,Low
4160500.000000001,-12549250.0,8.1,32.4,25.0,67.0,148.0,Low
4160500.000000001,-12449250.0,8.4,27.6,25.0,56.0,169.0,Low
4160500.000000001,-12349250.0,7.5,29.8,25.0,144.0,163.0,Low
4160500.000000001,-12249250.0,6.6,36.7,25.0,455.0,222.0,Medium
4160500.000000001,-12149250.0,8.0,29.3,25.0,60.0,61.0,Low
4160500.000000001,-12049250.0,7.9,27.6,25.0,77.0,55.0,Low
4160500.000000001,-11949250.0,8.0,27.8,25.0,65.0,88.0,Low
4160500.000000001,-11849250.0,6.1,39.2,25.0,461.0,280.0,Medium
4160500.000000001,-11749250.0,6.2,38.3,25.0,473.0,229.0,Medium
4160500.000000001,-11649250.0,7.9,27.7,25.0,114.0,140.0,Low
4160500.000000001,-11549250.0,7.0,36.3,25.0,213.0,212.0,Medium
4160500.000000001,-11449250.0,7.7,37.9,25.0,188.0,198.0,Low
4160500.000000001,-11349250.0,7.6,38.4,25.0,132.0,180.0,Low
4160500.000000001,-11249250.0,7.2,37.4,25.0,155.0,199.0,Medium
4160500.000000001,-11149250.0,7.3,36.7,25.0,127.0,164.0,Medium
4160500.000000001,-11049250.0,6.9,36.0,25.0,192.0,162.0,Medium
4160500.000000001,-10949250.0,6.2,35.8,25.0,242.0,160.0,Medium
4160500.000000001,-10849250.0,6.2,39.6,25.0,277.0,247.0,Medium
4160500.000000001,-10749250.0,6.3,40.9,25.0,338.0,218.0,Medium
4160500.000000001,-10649250.0,6.1,40.7,25.0,271.0,174.0,Medium
4160500.000000001,-10549250.0,6.0,40.7,25.0,316.0,186.0,Medium
4160500.000000001,-10449250.0,5.8,38.9,25.0,371.0,162.0,Medium
4160500.000000001,-10349250.0,4.9,39.8,25.0,341.0,132.0,Low
4160500.000000001,-10249250.0,5.3,40.2,25.0,360.0,154.0,Low
4160500.000000001,-10149250.0,5.9,41.6,25.0,420.0,216.0,Medium
4160500.000000001,-10049250.0,5.1,41.6,25.0,553.0,182.0,Medium
4160500.000000001,-9949250.0,5.0,41.2,25.0,424.0,167.0,Low
4160500.000000001,-9849250.0,5.4,38.0,25.0,406.0,199.0,Medium
4160500.000000001,-9749250.0,5.3,39.7,25.0,431.0,195.0,Medium
4160500.000000001,-9649250.0,5.7,40.1,25.0,436.0,238.0,Medium
4160500.000000001,-9549250.0,5.0,38.9,25.0,557.0,302.0,Medium
4160500.000000001,-9449250.0,4.8,41.2,25.0,864.0,349.0,Medium
4160500.000000001,-9349250.0,5.5,40.1,25.0,372.0,171.0,Medium
4160500.000000001,-9249250.0,5.1,39.5,25.0,319.0,165.0,Low
4160500.000000001,-9149250.0,4.8,35.8,25.0,427.0,156.0,Low
4160500.000000001,-49250.0,6.1,36.4,25.0,295.0,210.0,Medium
4160500.000000001,50750.0,6.3,35.5,25.0,415.0,182.0,Medium
4160500.000000001,250750.0,7.8,37.5,25.0,198.0,242.0,Low
4160500.000000001,350750.0,7.6,36.8,25.0,253.0,228.0,Medium
4160500.000000001,450750.0,7.6,38.2,25.0,280.0,206.0,Medium
4160500.000000001,1950750.0,7.5,37.0,25.0,232.0,207.0,Medium
4160500.000000001,2650750.0,7.1,39.9,25.0,315.0,214.0,Medium
4160500.000000001,3150750.0,6.5,34.6,25.0,336.0,248.0,Medium
4160500.000000001,3250750.0,6.4,32.7,25.0,331.0,265.0,Medium
4160500.000000001,3350750.0,7.0,34.9,25.0,284.0,263.0,Medium
4160500.000000001,3450750.0,6.6,35.5,25.0,386.0,253.0,Medium
4160500.000000001,3550750.0,7.1,34.5,25.0,249.0,234.0,Medium
4160500.000000001,3650750.0,7.4,32.2,25.0,196.0,191.0,Medium
4160500.000000001,3750750.0,6.5,31.3,25.0,409.0,276.0,Medium
4160500.000000001,3850750.0,6.5,34.1,25.0,250.0,262.0,Medium
4160500.000000001,3950750.0,6.9,34.3,25.0,319.0,237.0,Medium
4160500.000000001,4050750.0,7.2,34.3,25.0,249.0,287.0,Medium
4160500.000000001,4150750.0,7.2,33.8,25.0,339.0,352.0,Medium
4160500.000000001,4250750.0,7.1,34.7,25.0,336.0,290.0,Medium
4160500.000000001,4350750.0,7.3,34.6,25.0,347.0,327.0,Medium
4160500.000000001,4450750.0,7.1,35.3,25.0,470.0,285.0,Medium
4160500.000000001,4550750.0,6.9,35.1,25.0,434.0,304.0,Medium
4160500.000000001,4650750.0,7.2,36.0,25.0,419.0,250.0,Medium
4160500.000000001,4850750.0,7.6,34.7,25.0,230.0,199.0,Low
4160500.000000001,4950750.0,7.5,35.8,25.0,190.0,224.0,Medium
4160500.000000001,5050750.0,6.7,42.7,25.0,418.0,294.0,Medium
4160500.000000001,5550750.0,7.6,35.3,25.0,233.0,265.0,Medium
4160500.000000001,5650750.0,7.7,34.3,25.0,302.0,201.0,Low
4160500.000000001,5750750.0,7.7,34.2,25.0,182.0,195.0,Low
4160500.000000001,5850750.0,7.6,34.3,25.0,239.0,181.0,Low
4160500.000000001,5950750.0,7.8,33.1,25.0,146.0,225.0,Low
4160500.000000001,6050750.0,7.8,33.2,25.0,178.0,169.0,Low
4160500.000000001,6150750.0,7.8,33.0,25.0,150.0,172.0,Low
4160500.000000001,6250750.0,7.8,32.4,25.0,208.0,190.0,Low
4160500.000000001,6350750.0,7.8,33.4,25.0,217.0,249.0,Low
4160500.000000001,6550750.0,7.7,33.8,25.0,190.0,221.0,Low
4160500.000000001,6650750.0,7.7,33.5,25.0,182.0,177.0,Low
4160500.000000001,6750750.0,7.7,33.4,25.0,198.0,194.0,Low
4160500.000000001,6850750.0,7.5,34.8,25.0,307.0,206.0,Medium
4160500.000000001,6950750.0,7.0,36.5,25.0,385.0,265.0,Medium
4160500.000000001,7050750.0,6.6,37.4,25.0,507.0,232.0,Medium
4160500.000000001,7150750.0,7.2,37.5,25.0,383.0,284.0,Medium
4160500.000000001,7250750.0,7.6,39.6,25.0,329.0,292.0,Medium
4160500.000000001,7350750.0,7.7,34.7,25.0,413.0,228.0,Medium
4160500.000000001,7450750.0,7.6,34.0,25.0,343.0,195.0,Medium
4160500.000000001,7550750.0,7.6,32.7,25.0,277.0,185.0,Low
4160500.000000001,7650750.0,7.5,32.7,25.0,221.0,187.0,Low
4160500.000000001,7750750.0,7.4,32.4,25.0,290.0,186.0,Medium
4160500.000000001,7850750.0,7.7,32.3,25.0,254.0,206.0,Low
4160500.000000001,7950750.0,7.9,34.3,25.0,188.0,208.0,Low
4160500.000000001,8050750.0,7.6,32.9,25.0,207.0,220.0,Low
4160500.000000001,8150750.0,7.9,32.8,25.0,145.0,220.0,Low
4160500.000000001,8250750.0,7.9,34.9,25.0,181.0,215.0,Low
4160500.000000001,8350750.0,7.9,35.9,25.0,218.0,196.0,Low
4160500.000000001,8550750.0,8.0,35.1,25.0,184.0,206.0,Low
4160500.000000001,8650750.0,7.8,32.7,25.0,167.0,168.0,Low
4160500.000000001,8750750.0,7.6,35.1,25.0,241.0,255.0,Medium
4160500.000000001,8850750.0,8.2,31.8,25.0,92.0,194.0,Low
4160500.000000001,8950750.0,8.2,31.2,25.0,144.0,169.0,Low
4160500.000000001,9050750.0,8.3,31.5,25.0,101.0,195.0,Low
4160500.000000001,9150750.0,8.0,32.8,25.0,160.0,184.0,Low
4160500.000000001,9250750.0,8.1,33.3,25.0,143.0,163.0,Low
4160500.000000001,9350750.0,8.1,34.0,25.0,151.0,205.0,Low
4160500.000000001,9450750.0,7.9,36.0,25.0,273.0,199.0,Low
4160500.000000001,9550750.0,7.7,36.1,25.0,468.0,254.0,Medium
4160500.000000001,9650750.0,7.8,36.7,25.0,543.0,246.0,Medium
4160500.000000001,9750750.0,6.7,35.9,25.0,573.0,175.0,Medium
4160500.000000001,9850750.0,8.0,35.8,25.0,294.0,236.0,Low
4160500.000000001,9950750.0,7.9,35.2,25.0,301.0,197.0,Low
4160500.000000001,10050750.0,8.3,36.5,25.0,125.0,190.0,Low
4160500.000000001,10150750.0,8.2,35.7,25.0,150.0,192.0,Low
4160500.000000001,10250750.0,8.0,36.1,25.0,253.0,214.0,Low
4160500.000000001,10350750.0,8.2,35.7,25.0,213.0,176.0,Low
4160500.000000001,10450750.0,8.2,36.4,25.0,198.0,199.0,Low
4160500.000000001,10550750.0,6.8,35.3,25.0,458.0,198.0,Medium
4160500.000000001,10650750.0,8.0,36.4,25.0,224.0,170.0,Low
4160500.000000001,10750750.0,7.5,35.0,25.0,230.0,188.0,Medium
4160500.000000001,10950750.0,7.9,35.8,25.0,178.0,215.0,Low
4160500.000000001,11050750.0,8.0,32.7,25.0,133.0,183.0,Low
4160500.000000001,11150750.0,7.9,32.7,25.0,133.0,219.0,Low
4160500.000000001,11350750.0,6.9,29.2,25.0,124.0,214.0,Medium
4160500.000000001,11450750.0,6.5,32.7,25.0,262.0,177.0,Medium
4160500.000000001,11950750.0,5.9,38.2,25.0,461.0,164.0,Medium
4160500.000000001,12050750.0,5.6,40.2,25.0,723.0,177.0,Medium
4160500.000000001,12950750.0,4.9,42.1,25.0,773.0,330.0,Medium
4160500.000000001,13050750.0,5.0,43.0,25.0,845.0,275.0,Medium
4160500.000000001,13150750.0,5.5,44.2,25.0,590.0,256.0,Medium
4060500.000000001,-13049250.0,7.0,34.6,25.0,301.0,181.0,Medium
4060500.000000001,-12949250.0,7.4,35.6,25.0,467.0,237.0,Medium
4060500.000000001,-12849250.0,7.0,33.0,25.0,309.0,206.0,Medium
4060500.000000001,-12749250.0,6.7,29.2,25.0,134.0,113.0,Medium
4060500.000000001,-12649250.0,8.9,28.3,25.0,135.0,254.0,Low
4060500.000000001,-12549250.0,8.0,28.6,25.0,59.0,107.0,Low
4060500.000000001,-12449250.0,8.4,28.3,25.0,32.0,76.0,Low
4060500.000000001,-12349250.0,7.0,31.6,25.0,119.0,148.0,Medium
4060500.000000001,-12249250.0,7.0,32.1,25.0,117.0,168.0,Medium
4060500.000000001,-12149250.0,7.9,29.6,25.0,68.0,67.0,Low
4060500.000000001,-12049250.0,7.4,34.5,25.0,115.0,159.0,Low
4060500.000000001,-11949250.0,6.5,34.3,25.0,549.0,197.0,Medium
4060500.000000001,-11849250.0,7.7,34.4,25.0,160.0,177.0,Low
4060500.000000001,-11749250.0,6.2,36.0,25.0,469.0,211.0,Medium
4060500.000000001,-11649250.0,7.6,32.0,25.0,100.0,172.0,Low
4060500.000000001,-11549250.0,7.4,34.5,25.0,185.0,189.0,Medium
4060500.000000001,-11449250.0,7.2,39.4,25.0,200.0,189.0,Medium
4060500.000000001,-11349250.0,7.5,32.4,25.0,143.0,170.0,Low
4060500.000000001,-11249250.0,7.5,37.4,25.0,160.0,195.0,Medium
4060500.000000001,-11149250.0,7.3,33.4,25.0,136.0,158.0,Low
4060500.000000001,-11049250.0,7.1,29.2,25.0,180.0,132.0,Medium
4060500.000000001,-10949250.0,6.3,31.4,25.0,624.0,160.0,Medium
4060500.000000001,-10849250.0,6.0,34.8,25.0,752.0,222.0,Medium
4060500.000000001,-10749250.0,6.0,40.4,25.0,291.0,226.0,Medium
4060500.000000001,-10649250.0,5.5,40.1,25.0,321.0,225.0,Medium
4060500.000000001,-10549250.0,5.6,40.6,25.0,337.0,172.0,Medium
4060500.000000001,-10449250.0,6.1,40.6,25.0,309.0,149.0,Medium
4060500.000000001,-10349250.0,5.4,41.0,25.0,321.0,127.0,Low
4060500.000000001,-10249250.0,5.7,39.9,25.0,303.0,140.0,Medium
4060500.000000001,-10149250.0,5.8,41.0,25.0,328.0,187.0,Medium
4060500.000000001,-10049250.0,5.1,39.8,25.0,303.0,133.0,Low
4060500.000000001,-9949250.0,5.5,39.5,25.0,386.0,191.0,Medium
4060500.000000001,-9849250.0,5.4,38.6,25.0,349.0,136.0,Low
4060500.000000001,-9749250.0,5.1,37.0,25.0,358.0,144.0,Low
4060500.000000001,-9649250.0,5.0,39.6,25.0,431.0,193.0,Low
4060500.000000001,-9549250.0,5.9,39.5,25.0,399.0,202.0,Medium
4060500.000000001,-9449250.0,5.2,43.8,25.0,507.0,225.0,Medium
4060500.000000001,-9349250.0,5.4,38.8,25.0,278.0,128.0,Low
4060500.000000001,-9249250.0,5.1,35.9,25.0,296.0,135.0,Low
4060500.000000001,-9149250.0,5.0,33.3,25.0,448.0,158.0,Low
4060500.000000001,-9049250.0,4.6,35.0,25.0,575.0,235.0,Low
4060500.000000001,150750.0,6.3,36.9,25.0,281.0,255.0,Medium
4060500.000000001,750750.0,6.9,37.1,25.0,427.0,207.0,Medium
4060500.000000001,850750.0,6.9,40.8,25.0,254.0,256.0,Medium
4060500.000000001,950750.0,6.5,37.6,25.0,308.0,224.0,Medium
4060500.000000001,1050750.0,6.4,35.7,25.0,409.0,236.0,Medium
4060500.000000001,1150750.0,6.8,37.0,25.0,287.0,227.0,Medium
4060500.000000001,1250750.0,6.7,37.5,25.0,251.0,235.0,Medium
4060500.000000001,1350750.0,6.9,39.9,25.0,260.0,259.0,Medium
4060500.000000001,1450750.0,7.5,36.8,25.0,237.0,206.0,Medium
4060500.000000001,1550750.0,7.5,36.4,25.0,232.0,233.0,Medium
4060500.000000001,3350750.0,7.1,34.3,25.0,285.0,277.0,Medium
4060500.000000001,3550750.0,6.7,34.2,25.0,353.0,285.0,Medium
4060500.000000001,3650750.0,7.3,34.8,25.0,262.0,258.0,Medium
4060500.000000001,3950750.0,7.0,33.8,25.0,322.0,245.0,Medium
4060500.000000001,4050750.0,7.5,34.1,25.0,165.0,311.0,Medium
4060500.000000001,4150750.0,7.7,34.4,25.0,179.0,270.0,Low
4060500.000000001,4250750.0,7.7,33.5,25.0,172.0,291.0,Low
4060500.000000001,4350750.0,7.7,34.2,25.0,186.0,271.0,Low
4060500.000000001,4450750.0,7.5,34.4,25.0,255.0,307.0,Medium
4060500.000000001,4550750.0,7.4,33.8,25.0,274.0,319.0,Medium
4060500.000000001,4650750.0,7.4,34.0,25.0,348.0,339.0,Medium
4060500.000000001,4750750.0,7.5,36.1,25.0,313.0,295.0,Medium
4060500.000000001,4850750.0,7.3,35.5,25.0,207.0,273.0,Medium
4060500.000000001,4950750.0,7.5,34.4,25.0,205.0,230.0,Medium
4060500.000000001,5050750.0,7.5,36.3,25.0,223.0,208.0,Medium
4060500.000000001,5150750.0,7.3,36.3,25.0,235.0,221.0,Medium
4060500.000000001,5250750.0,6.8,40.8,25.0,439.0,236.0,Medium
4060500.000000001,5350750.0,6.8,37.6,25.0,326.0,235.0,Medium
4060500.000000001,5450750.0,7.2,35.4,25.0,391.0,226.0,Medium
4060500.000000001,5550750.0,7.6,33.5,25.0,262.0,171.0,Low
4060500.000000001,5650750.0,7.8,33.8,25.0,191.0,195.0,Low
4060500.000000001,5750750.0,7.7,31.6,25.0,195.0,208.0,Low
4060500.000000001,5850750.0,7.9,33.1,25.0,165.0,200.0,Low
4060500.000000001,5950750.0,7.6,31.4,25.0,389.0,169.0,Low
4060500.000000001,6050750.0,7.9,32.2,25.0,155.0,238.0,Low
4060500.000000001,6150750.0,7.9,31.5,25.0,209.0,191.0,Low
4060500.000000001,6250750.0,7.9,33.4,25.0,212.0,197.0,Low
4060500.000000001,6350750.0,7.7,33.7,25.0,269.0,210.0,Low
4060500.000000001,6450750.0,7.6,33.1,25.0,270.0,226.0,Medium
4060500.000000001,6550750.0,7.7,33.2,25.0,235.0,210.0,Low
4060500.000000001,6650750.0,7.7,32.6,25.0,188.0,200.0,Low
4060500.000000001,6750750.0,7.8,33.6,25.0,298.0,186.0,Low
4060500.000000001,6850750.0,7.4,34.9,25.0,336.0,241.0,Medium
4060500.000000001,6950750.0,6.9,35.7,25.0,532.0,250.0,Medium
4060500.000000001,7050750.0,6.7,36.7,25.0,459.0,271.0,Medium
4060500.000000001,7150750.0,7.0,39.2,25.0,427.0,286.0,Medium
4060500.000000001,7250750.0,6.9,38.2,25.0,432.0,260.0,Medium
4060500.000000001,7350750.0,7.5,35.8,25.0,303.0,241.0,Medium
4060500.000000001,7450750.0,7.5,36.6,25.0,426.0,292.0,Medium
4060500.000000001,7550750.0,7.7,35.3,25.0,313.0,235.0,Medium
4060500.000000001,7650750.0,7.7,36.7,25.0,300.0,229.0,Medium
4060500.000000001,7750750.0,8.0,31.3,25.0,256.0,164.0,Low
4060500.000000001,7850750.0,7.9,33.3,25.0,253.0,174.0,Low
4060500.000000001,7950750.0,8.0,34.0,25.0,173.0,220.0,Low
4060500.000000001,8050750.0,7.7,32.4,25.0,385.0,202.0,Medium
4060500.000000001,8150750.0,7.7,33.4,25.0,230.0,213.0,Low
4060500.000000001,8250750.0,7.8,33.4,25.0,218.0,211.0,Low
4060500.000000001,8350750.0,7.5,35.8,25.0,272.0,268.0,Medium
4060500.000000001,8450750.0,7.1,36.1,25.0,319.0,242.0,Medium
4060500.000000001,8550750.0,7.1,35.8,25.0,279.0,247.0,Medium
4060500.000000001,8650750.0,7.7,35.4,25.0,183.0,230.0,Low
4060500.000000001,8750750.0,7.5,35.4,25.0,259.0,241.0,Medium
4060500.000000001,8850750.0,7.4,34.6,25.0,268.0,194.0,Medium
4060500.000000001,8950750.0,8.2,32.1,25.0,87.0,196.0,Low
4060500.000000001,9050750.0,8.0,30.6,25.0,89.0,216.0,Low
4060500.000000001,9150750.0,8.3,30.8,25.0,111.0,149.0,Low
4060500.000000001,9250750.0,8.3,31.8,25.0,90.0,152.0,Low
4060500.000000001,9350750.0,9.0,33.2,25.0,119.0,172.0,Low
4060500.000000001,9450750.0,8.2,35.8,25.0,177.0,236.0,Low
4060500.000000001,9550750.0,8.2,32.7,25.0,161.0,171.0,Low
4060500.000000001,9650750.0,7.7,34.9,25.0,362.0,171.0,Low
4060500.000000001,9750750.0,8.2,34.8,25.0,291.0,155.0,Low
4060500.000000001,9850750.0,8.1,39.0,25.0,394.0,187.0,Low
4060500.000000001,9950750.0,8.2,37.4,25.0,223.0,178.0,Low
4060500.000000001,10050750.0,8.3,36.5,25.0,213.0,174.0,Low
4060500.000000001,10150750.0,8.2,36.0,25.0,181.0,189.0,Low
4060500.000000001,10250750.0,8.2,37.4,25.0,313.0,222.0,Low
4060500.000000001,10350750.0,8.2,37.2,25.0,336.0,234.0,Low
4060500.000000001,10450750.0,7.9,37.5,25.0,254.0,203.0,Low
4060500.000000001,10550750.0,8.2,36.4,25.0,209.0,213.0,Low
4060500.000000001,10650750.0,8.0,36.8,25.0,131.0,208.0,Low
4060500.000000001,10750750.0,6.9,36.3,25.0,351.0,205.0,Medium
4060500.000000001,10850750.0,7.0,35.6,25.0,300.0,222.0,Medium
4060500.000000001,10950750.0,8.1,35.2,25.0,121.0,196.0,Low
4060500.000000001,11050750.0,7.7,33.5,25.0,136.0,241.0,Low
4060500.000000001,11150750.0,7.0,34.8,25.0,233.0,213.0,Medium
4060500.000000001,11250750.0,7.0,36.1,25.0,248.0,234.0,Medium
4060500.000000001,12050750.0,5.8,38.2,25.0,261.0,137.0,Medium
4060500.000000001,12150750.0,5.8,37.7,25.0,381.0,164.0,Medium
4060500.000000001,12950750.0,4.8,45.2,25.0,924.0,324.0,Medium
4060500.000000001,13050750.0,5.8,42.6,25.0,800.0,252.0,Medium
4060500.000000001,13150750.0,5.4,43.4,25.0,609.0,305.0,Medium
3960500.000000001,-12949250.0,7.5,34.5,25.0,187.0,266.0,Medium
3960500.000000001,-12849250.0,7.3,31.9,25.0,198.0,235.0,Medium
3960500.000000001,-12749250.0,8.1,26.4,25.0,53.0,129.0,Low
3960500.000000001,-12649250.0,8.3,25.4,25.0,44.0,78.0,Low
3960500.000000001,-12549250.0,8.2,25.8,25.0,44.0,98.0,Low
3960500.000000001,-12449250.0,8.0,27.3,25.0,60.0,105.0,Low
3960500.000000001,-12349250.0,7.8,32.4,25.0,124.0,112.0,Low
3960500.000000001,-12249250.0,7.5,32.6,25.0,105.0,150.0,Low
3960500.000000001,-12149250.0,8.3,31.0,25.0,41.0,148.0,Low
3960500.000000001,-12049250.0,8.0,31.1,25.0,63.0,166.0,Low
3960500.000000001,-11949250.0,7.8,31.7,25.0,83.0,164.0,Low
3960500.000000001,-11849250.0,7.6,31.4,25.0,98.0,184.0,Low
3960500.000000001,-11749250.0,7.7,32.8,25.0,168.0,126.0,Low
3960500.000000001,-11649250.0,6.9,38.3,25.0,237.0,177.0,Medium
3960500.000000001,-11549250.0,7.2,32.6,25.0,328.0,127.0,Medium
3960500.000000001,-11449250.0,7.3,33.4,25.0,119.0,151.0,Low
3960500.000000001,-11349250.0,7.6,36.5,25.0,174.0,171.0,Low
3960500.000000001,-11249250.0,7.3,37.6,25.0,187.0,185.0,Medium
3960500.000000001,-11149250.0,7.2,30.0,25.0,163.0,171.0,Medium
3960500.000000001,-11049250.0,6.8,34.2,25.0,229.0,138.0,Medium
3960500.000000001,-10949250.0,6.2,37.2,25.0,320.0,145.0,Medium
3960500.000000001,-10849250.0,5.8,30.4,25.0,589.0,125.0,Medium
3960500.000000001,-10749250.0,5.8,37.2,25.0,546.0,177.0,Medium
3960500.000000001,-10649250.0,5.7,37.9,25.0,399.0,218.0,Medium
3960500.000000001,-10549250.0,5.5,37.1,25.0,346.0,166.0,Medium
3960500.000000001,-10449250.0,5.5,38.8,25.0,286.0,157.0,Medium
3960500.000000001,-10349250.0,6.1,40.2,25.0,334.0,228.0,Medium
3960500.000000001,-10249250.0,6.5,39.8,25.0,288.0,234.0,Medium
3960500.000000001,-10149250.0,5.6,40.5,25.0,299.0,148.0,Medium
3960500.000000001,-10049250.0,5.2,38.4,25.0,349.0,148.0,Low
3960500.000000001,-9949250.0,5.5,39.4,25.0,319.0,138.0,Medium
3960500.000000001,-9849250.0,5.8,38.5,25.0,315.0,152.0,Medium
3960500.000000001,-9749250.0,5.4,38.6,25.0,365.0,157.0,Medium
3960500.000000001,-9649250.0,4.6,43.0,25.0,780.0,365.0,Medium
3960500.000000001,-9449250.0,5.4,38.1,25.0,359.0,114.0,Low
3960500.000000001,-9349250.0,5.1,35.9,25.0,312.0,112.0,Low
3960500.000000001,-9249250.0,4.9,34.4,25.0,388.0,155.0,Low
3960500.000000001,-9149250.0,5.0,30.9,25.0,400.0,153.0,Low
3960500.000000001,-9049250.0,4.9,36.9,25.0,565.0,342.0,Medium
3960500.000000001,-8949250.0,4.7,35.1,25.0,894.0,350.0,Medium
3960500.000000001,550750.0,7.6,37.0,25.0,197.0,243.0,Medium
3960500.000000001,650750.0,7.5,33.7,25.0,232.0,245.0,Medium
3960500.000000001,750750.0,7.4,37.8,25.0,201.0,219.0,Medium
3960500.000000001,850750.0,7.5,37.0,25.0,148.0,173.0,Low
3960500.000000001,950750.0,7.5,35.7,25.0,116.0,166.0,Low
3960500.000000001,1050750.0,7.9,33.9,25.0,128.0,128.0,Low
3960500.000000001,1150750.0,7.5,35.9,25.0,237.0,166.0,Medium
3960500.000000001,1250750.0,7.6,36.6,25.0,142.0,151.0,Low
3960500.000000001,1350750.0,7.8,32.5,25.0,191.0,180.0,Low
3960500.000000001,1450750.0,7.6,32.1,25.0,139.0,162.0,Low
3960500.000000001,1550750.0,7.6,32.1,25.0,154.0,175.0,Low
3960500.000000001,3950750.0,7.5,35.2,25.0,248.0,312.0,Medium
3960500.000000001,4050750.0,7.8,33.7,25.0,143.0,199.0,Low
3960500.000000001,4150750.0,8.1,34.9,25.0,94.0,177.0,Low
3960500.000000001,4250750.0,8.0,32.0,25.0,90.0,191.0,Low
3960500.000000001,4350750.0,7.8,34.1,25.0,138.0,173.0,Low
3960500.000000001,4450750.0,7.8,31.8,25.0,160.0,225.0,Low
3960500.000000001,4550750.0,7.8,32.9,25.0,159.0,256.0,Low
3960500.000000001,4650750.0,7.6,34.1,25.0,216.0,298.0,Medium
3960500.000000001,4750750.0,7.2,34.5,25.0,319.0,348.0,Medium
3960500.000000001,4850750.0,7.3,35.4,25.0,316.0,323.0,Medium
3960500.000000001,4950750.0,7.6,34.4,25.0,219.0,270.0,Medium
3960500.000000001,5050750.0,7.6,34.4,25.0,180.0,254.0,Medium
3960500.000000001,5150750.0,7.7,34.0,25.0,217.0,226.0,Low
3960500.000000001,5250750.0,7.7,34.2,25.0,202.0,211.0,Low
3960500.000000001,5350750.0,7.6,33.5,25.0,189.0,189.0,Low
3960500.000000001,5450750.0,7.5,33.3,25.0,116.0,192.0,Low
3960500.000000001,5550750.0,7.6,33.7,25.0,104.0,189.0,Low
3960500.000000001,5650750.0,7.9,31.5,25.0,116.0,161.0,Low
3960500.000000001,5750750.0,7.8,31.1,25.0,159.0,200.0,Low
3960500.000000001,5850750.0,7.9,31.4,25.0,149.0,207.0,Low
3960500.000000001,5950750.0,7.9,31.4,25.0,241.0,233.0,Low
3960500.000000001,6050750.0,7.9,31.2,25.0,133.0,201.0,Low
3960500.000000001,6150750.0,7.9,33.8,25.0,199.0,215.0,Low
3960500.000000001,6250750.0,7.6,33.4,25.0,282.0,258.0,Medium
3960500.000000001,6350750.0,7.7,33.1,25.0,376.0,293.0,Medium
3960500.000000001,6450750.0,7.7,30.0,25.0,333.0,226.0,Low
3960500.000000001,6550750.0,7.7,33.3,25.0,276.0,242.0,Low
3960500.000000001,6650750.0,7.1,35.9,25.0,464.0,238.0,Medium
3960500.000000001,6750750.0,7.5,35.4,25.0,269.0,291.0,Medium
3960500.000000001,6850750.0,7.8,33.0,25.0,235.0,229.0,Low
3960500.000000001,6950750.0,6.8,36.1,25.0,395.0,283.0,Medium
3960500.000000001,7050750.0,6.2,37.7,25.0,572.0,251.0,Medium
3960500.000000001,7150750.0,6.3,37.8,25.0,536.0,296.0,Medium
3960500.000000001,7250750.0,6.3,39.0,25.0,432.0,284.0,Medium
3960500.000000001,7350750.0,7.0,38.8,25.0,411.0,234.0,Medium
3960500.000000001,7450750.0,7.4,37.4,25.0,390.0,234.0,Medium
3960500.000000001,7550750.0,7.2,34.5,25.0,474.0,216.0,Medium
3960500.000000001,7650750.0,7.6,35.9,25.0,276.0,266.0,Medium
3960500.000000001,7750750.0,7.8,34.7,25.0,310.0,214.0,Low
3960500.000000001,7850750.0,7.6,37.0,25.0,393.0,220.0,Medium
3960500.000000001,7950750.0,7.8,33.0,25.0,310.0,186.0,Low
3960500.000000001,8050750.0,7.8,33.2,25.0,251.0,216.0,Low
3960500.000000001,8150750.0,8.0,32.7,25.0,114.0,221.0,Low
3960500.000000001,8250750.0,8.0,34.1,25.0,137.0,193.0,Low
3960500.000000001,8350750.0,7.6,34.2,25.0,173.0,221.0,Low
3960500.000000001,8450750.0,7.5,35.2,25.0,210.0,219.0,Medium
3960500.000000001,8550750.0,8.0,35.7,25.0,193.0,201.0,Low
3960500.000000001,8650750.0,7.8,34.6,25.0,208.0,222.0,Low
3960500.000000001,8850750.0,7.4,35.4,25.0,287.0,236.0,Medium
3960500.000000001,9050750.0,7.6,35.4,25.0,150.0,198.0,Low
3960500.000000001,9150750.0,7.6,36.4,25.0,285.0,251.0,Medium
3960500.000000001,9250750.0,7.9,35.6,25.0,248.0,241.0,Low
3960500.000000001,9350750.0,7.7,36.1,25.0,226.0,248.0,Low
3960500.000000001,9450750.0,7.7,34.7,25.0,265.0,208.0,Low
3960500.000000001,9550750.0,7.6,36.0,25.0,409.0,244.0,Medium
3960500.000000001,9650750.0,7.4,36.2,25.0,427.0,210.0,Medium
3960500.000000001,9750750.0,7.6,36.4,25.0,298.0,196.0,Medium
3960500.000000001,9850750.0,7.4,38.1,25.0,489.0,199.0,Medium
3960500.000000001,9950750.0,8.0,38.4,25.0,369.0,195.0,Low
3960500.000000001,10050750.0,8.0,39.7,25.0,451.0,244.0,Medium
3960500.000000001,10150750.0,7.9,40.3,25.0,430.0,276.0,Medium
3960500.000000001,10250750.0,7.7,38.2,25.0,336.0,216.0,Medium
3960500.000000001,10350750.0,8.1,37.3,25.0,268.0,232.0,Low
3960500.000000001,10450750.0,7.5,38.0,25.0,377.0,225.0,Medium
3960500.000000001,10550750.0,8.0,38.0,25.0,254.0,197.0,Low
3960500.000000001,10650750.0,8.0,37.8,25.0,141.0,202.0,Low
3960500.000000001,10750750.0,6.9,37.5,25.0,346.0,181.0,Medium
3960500.000000001,10850750.0,7.9,38.4,25.0,176.0,266.0,Low
3960500.000000001,10950750.0,7.6,38.6,25.0,223.0,253.0,Medium
3960500.000000001,11150750.0,7.9,34.3,25.0,101.0,239.0,Low
3960500.000000001,11250750.0,6.8,37.4,25.0,173.0,222.0,Medium
3960500.000000001,11350750.0,6.8,36.2,25.0,142.0,219.0,Medium
3960500.000000001,11450750.0,7.1,36.8,25.0,115.0,196.0,Medium
3960500.000000001,12150750.0,5.6,39.0,25.0,426.0,150.0,Medium
3960500.000000001,12250750.0,5.9,38.2,25.0,374.0,163.0,Medium
3960500.000000001,12850750.0,4.9,42.7,25.0,587.0,279.0,Medium
3960500.000000001,12950750.0,4.9,43.5,25.0,539.0,324.0,Medium
3960500.000000001,13050750.0,5.0,43.3,25.0,480.0,248.0,Medium
3960500.000000001,13150750.0,5.1,46.2,25.0,717.0,274.0,Medium
3860500.000000001,-12949250.0,6.4,34.9,25.0,392.0,207.0,Medium
3860500.000000001,-12849250.0,6.8,31.8,25.0,476.0,248.0,Medium
3860500.000000001,-12749250.0,8.1,23.0,25.0,55.0,153.0,Low
3860500.000000001,-12649250.0,7.1,31.4,25.0,122.0,134.0,Medium
3860500.000000001,-12549250.0,8.3,27.7,25.0,30.0,134.0,Low
3860500.000000001,-12449250.0,8.3,30.3,25.0,39.0,160.0,Low
3860500.000000001,-12349250.0,7.3,33.5,25.0,101.0,161.0,Low
3860500.000000001,-12249250.0,6.8,36.1,25.0,181.0,205.0,Medium
3860500.000000001,-12149250.0,6.6,34.3,25.0,183.0,222.0,Medium
3860500.000000001,-12049250.0,8.1,27.8,25.0,50.0,87.0,Low
3860500.000000001,-11949250.0,7.8,33.5,25.0,93.0,190.0,Low
3860500.000000001,-11849250.0,7.5,35.0,25.0,214.0,186.0,Medium
3860500.000000001,-11749250.0,7.9,31.4,25.0,116.0,128.0,Low
3860500.000000001,-11649250.0,7.6,32.2,25.0,119.0,166.0,Low
3860500.000000001,-11549250.0,7.7,32.0,25.0,110.0,119.0,Low
3860500.000000001,-11449250.0,7.4,33.0,25.0,115.0,167.0,Low
3860500.000000001,-11349250.0,7.3,38.1,25.0,152.0,199.0,Medium
3860500.000000001,-11249250.0,7.3,35.7,25.0,140.0,162.0,Medium
3860500.000000001,-11149250.0,7.4,36.5,25.0,157.0,166.0,Medium
3860500.000000001,-11049250.0,7.0,27.8,25.0,499.0,109.0,Medium
3860500.000000001,-10949250.0,6.3,36.3,25.0,475.0,189.0,Medium
3860500.000000001,-10849250.0,6.1,32.5,25.0,828.0,141.0,Medium
3860500.000000001,-10749250.0,5.7,32.8,25.0,353.0,175.0,Medium
3860500.000000001,-10649250.0,5.6,39.4,25.0,397.0,164.0,Medium
3860500.000000001,-10549250.0,4.9,40.1,25.0,273.0,156.0,Low
3860500.000000001,-10449250.0,5.4,37.2,25.0,213.0,107.0,Low
3860500.000000001,-10349250.0,5.5,39.1,25.0,380.0,170.0,Medium
3860500.000000001,-10249250.0,5.9,43.8,25.0,370.0,336.0,Medium
3860500.000000001,-10149250.0,5.5,37.8,25.0,276.0,124.0,Low
3860500.000000001,-10049250.0,5.3,36.0,25.0,269.0,154.0,Low
3860500.000000001,-9849250.0,5.4,37.7,25.0,350.0,150.0,Low
3860500.000000001,-9749250.0,5.2,37.4,25.0,289.0,154.0,Low
3860500.000000001,-9649250.0,5.1,41.7,25.0,557.0,335.0,Medium
3860500.000000001,-9549250.0,5.5,36.0,25.0,294.0,163.0,Low
3860500.000000001,-9449250.0,5.4,34.1,25.0,350.0,142.0,Low
3860500.000000001,-9349250.0,5.1,30.2,25.0,312.0,131.0,Low
3860500.000000001,-9249250.0,5.0,31.5,25.0,572.0,133.0,Low
3860500.000000001,-9149250.0,4.8,35.1,25.0,885.0,229.0,Medium
3860500.000000001,-9049250.0,4.8,35.3,25.0,867.0,225.0,Medium
3860500.000000001,50750.0,7.3,35.7,25.0,254.0,237.0,Medium
3860500.000000001,150750.0,6.6,36.9,25.0,348.0,223.0,Medium
3860500.000000001,250750.0,7.5,36.5,25.0,207.0,180.0,Medium
3860500.000000001,350750.0,7.7,35.4,25.0,199.0,197.0,Low
3860500.000000001,450750.0,7.5,37.0,25.0,238.0,178.0,Medium
3860500.000000001,550750.0,7.8,37.4,25.0,135.0,150.0,Low
3860500.000000001,650750.0,7.4,37.0,25.0,212.0,192.0,Medium
3860500.000000001,750750.0,7.9,36.3,25.0,95.0,144.0,Low
3860500.000000001,850750.0,7.7,36.5,25.0,93.0,154.0,Low
3860500.000000001,950750.0,7.9,33.6,25.0,80.0,148.0,Low
3860500.000000001,1050750.0,8.2,28.1,25.0,57.0,139.0,Low
3860500.000000001,1150750.0,8.2,34.5,25.0,102.0,219.0,Low
3860500.000000001,1250750.0,8.2,30.3,25.0,54.0,106.0,Low
3860500.000000001,1350750.0,7.9,31.4,25.0,84.0,116.0,Low
3860500.000000001,1450750.0,8.0,30.4,25.0,81.0,128.0,Low
3860500.000000001,1550750.0,8.0,31.4,25.0,103.0,162.0,Low
3860500.000000001,4050750.0,8.0,29.4,25.0,169.0,130.0,Low
3860500.000000001,4150750.0,7.8,31.1,25.0,72.0,146.0,Low
3860500.000000001,4250750.0,7.9,31.8,25.0,86.0,146.0,Low
3860500.000000001,4350750.0,7.9,32.5,25.0,91.0,145.0,Low
3860500.000000001,4450750.0,7.8,31.8,25.0,122.0,156.0,Low
3860500.000000001,4550750.0,7.6,32.1,25.0,88.0,196.0,Low
3860500.000000001,4650750.0,7.8,30.7,25.0,151.0,201.0,Low
3860500.000000001,4750750.0,7.7,33.7,25.0,215.0,296.0,Medium
3860500.000000001,4850750.0,7.6,34.2,25.0,338.0,346.0,Medium
3860500.000000001,4950750.0,7.5,35.1,25.0,311.0,242.0,Medium
3860500.000000001,5050750.0,7.5,33.7,25.0,245.0,293.0,Medium
3860500.000000001,5150750.0,7.6,34.1,25.0,141.0,253.0,Low
3860500.000000001,5250750.0,7.7,30.8,25.0,112.0,204.0,Low
3860500.000000001,5350750.0,7.5,32.2,25.0,161.0,167.0,Low
3860500.000000001,5450750.0,7.3,31.2,25.0,102.0,176.0,Low
3860500.000000001,5550750.0,7.1,31.7,25.0,114.0,154.0,Medium
3860500.000000001,5650750.0,7.4,30.3,25.0,115.0,169.0,Low
3860500.000000001,5750750.0,7.7,31.3,25.0,103.0,159.0,Low
3860500.000000001,5850750.0,7.9,32.1,25.0,125.0,160.0,Low
3860500.000000001,5950750.0,7.9,32.7,25.0,128.0,192.0,Low
3860500.000000001,6050750.0,7.9,33.0,25.0,165.0,195.0,Low
3860500.000000001,6150750.0,8.0,31.2,25.0,227.0,178.0,Low
3860500.000000001,6250750.0,7.9,32.3,25.0,186.0,200.0,Low
3860500.000000001,6350750.0,7.6,33.4,25.0,278.0,261.0,Medium
3860500.000000001,6450750.0,7.3,30.7,25.0,364.0,303.0,Medium
3860500.000000001,6550750.0,7.6,31.0,25.0,271.0,256.0,Medium
3860500.000000001,6650750.0,7.6,34.1,25.0,339.0,271.0,Medium
3860500.000000001,6750750.0,7.4,35.8,25.0,370.0,250.0,Medium
3860500.000000001,6850750.0,7.4,33.9,25.0,318.0,229.0,Medium
3860500.000000001,6950750.0,6.8,34.2,25.0,343.0,227.0,Medium
3860500.000000001,7050750.0,7.1,35.7,25.0,417.0,193.0,Medium
3860500.000000001,7150750.0,6.5,36.3,25.0,413.0,215.0,Medium
3860500.000000001,7250750.0,6.4,36.5,25.0,374.0,233.0,Medium
3860500.000000001,7350750.0,6.4,39.4,25.0,483.0,291.0,Medium
3860500.000000001,7450750.0,6.5,39.7,25.0,536.0,251.0,Medium
3860500.000000001,7550750.0,7.6,36.8,25.0,371.0,307.0,Medium
3860500.000000001,7650750.0,7.7,35.3,25.0,355.0,294.0,Medium
3860500.000000001,7750750.0,7.7,33.8,25.0,227.0,213.0,Low
3860500.000000001,7850750.0,8.0,33.5,25.0,180.0,198.0,Low
3860500.000000001,7950750.0,7.9,33.6,25.0,251.0,180.0,Low
3860500.000000001,8050750.0,7.8,35.9,25.0,207.0,245.0,Low
3860500.000000001,8150750.0,8.0,33.2,25.0,106.0,231.0,Low
3860500.000000001,8250750.0,7.9,32.5,25.0,165.0,219.0,Low
3860500.000000001,8350750.0,8.2,32.9,25.0,133.0,158.0,Low
3860500.000000001,8450750.0,7.7,35.7,25.0,242.0,195.0,Low
3860500.000000001,8550750.0,8.1,34.8,25.0,138.0,201.0,Low
3860500.000000001,8650750.0,7.9,35.7,25.0,233.0,187.0,Low
3860500.000000001,8750750.0,7.8,36.3,25.0,235.0,214.0,Low
3860500.000000001,8850750.0,7.5,36.8,25.0,327.0,218.0,Medium
3860500.000000001,8950750.0,7.5,36.9,25.0,397.0,201.0,Medium
3860500.000000001,9050750.0,7.7,35.6,25.0,349.0,197.0,Medium
3860500.000000001,9150750.0,7.8,35.2,25.0,273.0,172.0,Low
3860500.000000001,9250750.0,7.5,37.2,25.0,381.0,242.0,Medium
3860500.000000001,9350750.0,7.5,37.1,25.0,414.0,244.0,Medium
3860500.000000001,9450750.0,7.6,38.0,25.0,366.0,300.0,Medium
3860500.000000001,9550750.0,7.8,37.5,25.0,276.0,274.0,Medium
3860500.000000001,9650750.0,7.4,37.3,25.0,362.0,314.0,Medium
3860500.000000001,9750750.0,7.2,38.2,25.0,502.0,293.0,Medium
3860500.000000001,9850750.0,7.3,39.6,25.0,465.0,275.0,Medium
3860500.000000001,9950750.0,7.2,38.3,25.0,450.0,225.0,Medium
3860500.000000001,10050750.0,7.5,39.4,25.0,449.0,277.0,Medium
3860500.000000001,10150750.0,7.7,39.1,25.0,381.0,259.0,Medium
3860500.000000001,10250750.0,7.6,39.9,25.0,311.0,221.0,Medium
3860500.000000001,10350750.0,6.7,39.5,25.0,393.0,230.0,Medium
3860500.000000001,10450750.0,6.6,39.2,25.0,309.0,221.0,Medium
3860500.000000001,10550750.0,7.8,38.0,25.0,148.0,234.0,Low
3860500.000000001,10650750.0,7.4,38.7,25.0,161.0,233.0,Medium
3860500.000000001,10850750.0,8.1,39.2,25.0,168.0,270.0,Low
3860500.000000001,10950750.0,7.4,39.9,25.0,278.0,227.0,Medium
3860500.000000001,11050750.0,8.1,39.2,25.0,157.0,279.0,Low
3860500.000000001,11250750.0,8.0,32.4,25.0,86.0,208.0,Low
3860500.000000001,11350750.0,7.3,33.9,25.0,133.0,214.0,Medium
3860500.000000001,11450750.0,7.4,33.2,25.0,99.0,235.0,Medium
3860500.000000001,12250750.0,5.7,39.4,25.0,248.0,162.0,Medium
3860500.000000001,12750750.0,5.2,43.1,25.0,442.0,210.0,Medium
3860500.000000001,13050750.0,5.6,43.6,25.0,456.0,202.0,Medium
3760500.000000001,-12749250.0,6.8,35.3,25.0,175.0,201.0,Medium
3760500.000000001,-12649250.0,8.1,33.5,25.0,103.0,133.0,Low
3760500.000000001,-12549250.0,8.4,26.1,25.0,50.0,163.0,Low
3760500.000000001,-12449250.0,8.3,27.2,25.0,20.0,109.0,Low
3760500.000000001,-12349250.0,7.7,30.4,25.0,46.0,142.0,Low
3760500.000000001,-12249250.0,7.8,31.7,25.0,82.0,177.0,Low
3760500.000000001,-12149250.0,6.5,35.4,25.0,271.0,249.0,Medium
3760500.000000001,-12049250.0,6.8,36.8,25.0,505.0,223.0,Medium
3760500.000000001,-11949250.0,6.5,36.2,25.0,659.0,227.0,Medium
3760500.000000001,-11849250.0,7.5,31.8,25.0,157.0,268.0,Medium
3760500.000000001,-11749250.0,7.9,31.5,25.0,69.0,127.0,Low
3760500.000000001,-11649250.0,7.4,31.9,25.0,231.0,158.0,Low
3760500.000000001,-11549250.0,7.8,33.5,25.0,113.0,125.0,Low
3760500.000000001,-11449250.0,7.4,25.4,25.0,136.0,112.0,Low
3760500.000000001,-11349250.0,7.5,30.8,25.0,110.0,108.0,Low
3760500.000000001,-11249250.0,7.3,37.8,25.0,170.0,202.0,Medium
3760500.000000001,-11149250.0,7.6,37.0,25.0,202.0,178.0,Low
3760500.000000001,-11049250.0,7.4,38.6,25.0,221.0,227.0,Medium
3760500.000000001,-10949250.0,6.6,33.2,25.0,270.0,184.0,Medium
3760500.000000001,-10849250.0,6.3,35.3,25.0,658.0,174.0,Medium
3760500.000000001,-10749250.0,5.7,32.5,25.0,616.0,171.0,Medium
3760500.000000001,-10649250.0,5.3,35.8,25.0,301.0,155.0,Low
3760500.000000001,-10549250.0,5.5,39.3,25.0,252.0,132.0,Low
3760500.000000001,-10449250.0,5.0,36.5,25.0,230.0,122.0,Low
3760500.000000001,-10349250.0,5.7,40.6,25.0,386.0,187.0,Medium
3760500.000000001,-10249250.0,5.7,40.4,25.0,379.0,221.0,Medium
3760500.000000001,-10149250.0,5.9,42.2,25.0,275.0,182.0,Medium
3760500.000000001,-10049250.0,5.3,38.2,25.0,239.0,167.0,Low
3760500.000000001,-9949250.0,5.3,36.5,25.0,243.0,176.0,Low
3760500.000000001,-9849250.0,5.2,37.9,25.0,329.0,140.0,Low
3760500.000000001,-9749250.0,5.3,38.5,25.0,305.0,164.0,Low
3760500.000000001,-9649250.0,5.1,34.1,25.0,276.0,142.0,Low
3760500.000000001,-9549250.0,5.4,32.8,25.0,302.0,140.0,Low
3760500.000000001,-9449250.0,5.3,29.5,25.0,286.0,134.0,Low
3760500.000000001,-9349250.0,4.8,32.6,25.0,643.0,280.0,Low
3760500.000000001,-9249250.0,5.1,33.1,25.0,683.0,221.0,Medium
3760500.000000001,-49250.0,7.3,37.0,25.0,254.0,266.0,Medium
3760500.000000001,50750.0,7.8,36.4,25.0,227.0,234.0,Low
3760500.000000001,150750.0,7.5,36.8,25.0,185.0,189.0,Medium
3760500.000000001,250750.0,7.8,32.8,25.0,124.0,149.0,Low
3760500.000000001,350750.0,7.6,34.4,25.0,113.0,153.0,Low
3760500.000000001,450750.0,7.8,34.4,25.0,91.0,148.0,Low
3760500.000000001,550750.0,8.0,34.3,25.0,76.0,140.0,Low
3760500.000000001,650750.0,7.9,33.3,25.0,95.0,148.0,Low
3760500.000000001,750750.0,7.9,31.5,25.0,71.0,138.0,Low
3760500.000000001,850750.0,8.0,30.4,25.0,84.0,117.0,Low
3760500.000000001,950750.0,8.2,27.6,25.0,45.0,131.0,Low
3760500.000000001,1050750.0,8.2,29.1,25.0,52.0,122.0,Low
3760500.000000001,1150750.0,8.2,33.0,25.0,66.0,112.0,Low
3760500.000000001,1250750.0,8.0,31.9,25.0,83.0,101.0,Low
3760500.000000001,1350750.0,7.9,32.2,25.0,70.0,123.0,Low
3760500.000000001,1450750.0,8.2,29.6,25.0,68.0,139.0,Low
3760500.000000001,3850750.0,6.9,38.0,25.0,443.0,257.0,Medium
3760500.000000001,3950750.0,7.6,31.2,25.0,153.0,171.0,Low
3760500.000000001,4050750.0,8.0,31.3,25.0,84.0,149.0,Low
3760500.000000001,4150750.0,8.1,33.5,25.0,77.0,171.0,Low
3760500.000000001,4250750.0,8.0,33.1,25.0,63.0,135.0,Low
3760500.000000001,4350750.0,8.0,33.9,25.0,85.0,143.0,Low
3760500.000000001,4450750.0,8.0,33.2,25.0,89.0,139.0,Low
3760500.000000001,4550750.0,8.0,31.5,25.0,71.0,160.0,Low
3760500.000000001,4650750.0,7.8,36.3,25.0,130.0,166.0,Low
3760500.000000001,4750750.0,7.8,36.4,25.0,157.0,211.0,Low
3760500.000000001,4850750.0,7.6,33.4,25.0,268.0,341.0,Medium
3760500.000000001,4950750.0,7.7,35.5,25.0,310.0,332.0,Medium
3760500.000000001,5050750.0,7.6,34.3,25.0,313.0,304.0,Medium
3760500.000000001,5150750.0,7.6,33.8,25.0,226.0,244.0,Medium
3760500.000000001,5250750.0,7.7,31.9,25.0,138.0,208.0,Low
3760500.000000001,5350750.0,7.6,29.1,25.0,96.0,172.0,Low
3760500.000000001,5450750.0,7.6,30.1,25.0,79.0,171.0,Low
3760500.000000001,5550750.0,7.6,30.3,25.0,100.0,171.0,Low
3760500.000000001,5650750.0,7.7,28.8,25.0,89.0,160.0,Low
3760500.000000001,5750750.0,7.5,29.6,25.0,93.0,144.0,Low
3760500.000000001,5850750.0,7.7,33.2,25.0,206.0,166.0,Low
3760500.000000001,5950750.0,7.8,31.8,25.0,116.0,191.0,Low
3760500.000000001,6050750.0,7.9,32.4,25.0,120.0,173.0,Low
3760500.000000001,6150750.0,8.1,32.7,25.0,156.0,175.0,Low
3760500.000000001,6250750.0,7.9,33.3,25.0,185.0,168.0,Low
3760500.000000001,6350750.0,7.8,32.8,25.0,283.0,274.0,Low
3760500.000000001,6450750.0,7.5,31.5,25.0,369.0,293.0,Medium
3760500.000000001,6550750.0,7.5,30.9,25.0,253.0,237.0,Medium
3760500.000000001,6650750.0,7.7,28.1,25.0,292.0,215.0,Low
3760500.000000001,6750750.0,7.5,32.7,25.0,278.0,226.0,Medium
3760500.000000001,6850750.0,7.4,34.1,25.0,328.0,255.0,Medium
3760500.000000001,6950750.0,7.6,31.6,25.0,308.0,208.0,Low
3760500.000000001,7050750.0,7.3,35.6,25.0,296.0,177.0,Medium
3760500.000000001,7150750.0,6.6,35.7,25.0,453.0,184.0,Medium
3760500.000000001,7250750.0,7.5,33.9,25.0,235.0,240.0,Medium
3760500.000000001,7350750.0,6.2,36.4,25.0,498.0,220.0,Medium
3760500.000000001,7450750.0,6.0,39.2,25.0,617.0,259.0,Medium
3760500.000000001,7550750.0,6.5,39.2,25.0,529.0,314.0,Medium
3760500.000000001,7650750.0,7.2,36.3,25.0,489.0,236.0,Medium
3760500.000000001,7750750.0,7.5,35.7,25.0,383.0,312.0,Medium
3760500.000000001,7850750.0,7.7,32.9,25.0,246.0,207.0,Low
3760500.000000001,7950750.0,7.7,34.6,25.0,353.0,214.0,Medium
3760500.000000001,8050750.0,7.9,34.3,25.0,199.0,207.0,Low
3760500.000000001,8150750.0,8.1,33.3,25.0,134.0,216.0,Low
3760500.000000001,8250750.0,8.1,32.5,25.0,130.0,212.0,Low
3760500.000000001,8350750.0,8.3,33.1,25.0,110.0,193.0,Low
3760500.000000001,8450750.0,8.2,34.3,25.0,109.0,227.0,Low
3760500.000000001,8550750.0,8.0,34.3,25.0,197.0,197.0,Low
3760500.000000001,8650750.0,7.5,35.9,25.0,320.0,242.0,Medium
3760500.000000001,8750750.0,7.8,35.5,25.0,259.0,204.0,Low
3760500.000000001,8850750.0,7.4,36.8,25.0,357.0,210.0,Medium
3760500.000000001,8950750.0,7.4,36.0,25.0,333.0,236.0,Medium
3760500.000000001,9050750.0,7.9,35.2,25.0,321.0,207.0,Low
3760500.000000001,9150750.0,7.9,35.4,25.0,282.0,226.0,Low
3760500.000000001,9250750.0,7.4,37.3,25.0,508.0,235.0,Medium
3760500.000000001,9350750.0,7.2,37.6,25.0,520.0,293.0,Medium
3760500.000000001,9450750.0,7.4,37.4,25.0,454.0,267.0,Medium
3760500.000000001,9550750.0,7.1,36.8,25.0,426.0,320.0,Medium
3760500.000000001,9650750.0,7.1,40.1,25.0,485.0,318.0,Medium
3760500.000000001,9750750.0,7.0,40.7,25.0,557.0,322.0,Medium
3760500.000000001,9850750.0,6.9,44.2,25.0,566.0,295.0,Medium
3760500.000000001,9950750.0,6.9,45.3,25.0,472.0,302.0,Medium
3760500.000000001,10050750.0,6.8,43.9,25.0,513.0,304.0,Medium
3760500.000000001,10150750.0,6.8,40.6,25.0,536.0,298.0,Medium
3760500.000000001,10250750.0,7.0,39.8,25.0,591.0,246.0,Medium
3760500.000000001,10350750.0,7.3,37.9,25.0,328.0,231.0,Medium
3760500.000000001,10450750.0,6.0,38.4,25.0,476.0,224.0,Medium
3760500.000000001,10550750.0,6.2,39.1,25.0,393.0,215.0,Medium
3760500.000000001,10650750.0,6.2,38.6,25.0,518.0,224.0,Medium
3760500.000000001,10750750.0,7.1,38.1,25.0,224.0,210.0,Medium
3760500.000000001,10850750.0,6.1,38.7,25.0,464.0,220.0,Medium
3760500.000000001,10950750.0,6.3,38.6,25.0,335.0,208.0,Medium
3760500.000000001,11050750.0,7.0,38.8,25.0,139.0,249.0,Medium
3760500.000000001,11150750.0,7.8,35.9,25.0,141.0,237.0,Low
3760500.000000001,11250750.0,8.1,33.7,25.0,131.0,212.0,Low
3760500.000000001,11350750.0,8.3,33.8,25.0,122.0,207.0,Low
3760500.000000001,11450750.0,8.1,30.9,25.0,158.0,224.0,Low
3760500.000000001,11550750.0,8.0,34.3,25.0,169.0,185.0,Low
3760500.000000001,12650750.0,5.1,41.9,25.0,477.0,254.0,Medium
3760500.000000001,12850750.0,5.7,41.7,25.0,272.0,226.0,Medium
3760500.000000001,12950750.0,5.0,45.7,25.0,533.0,249.0,Medium
3760500.000000001,13150750.0,5.6,42.1,25.0,303.0,213.0,Medium
3660500.000000001,-12649250.0,7.8,29.9,25.0,78.0,126.0,Low
3660500.000000001,-12549250.0,8.3,25.2,25.0,58.0,107.0,Low
3660500.000000001,-12449250.0,8.2,28.8,25.0,21.0,165.0,Low
3660500.000000001,-12349250.0,8.3,29.5,25.0,23.0,119.0,Low
3660500.000000001,-12249250.0,8.0,32.2,25.0,79.0,145.0,Low
3660500.000000001,-12149250.0,6.8,35.2,25.0,130.0,216.0,Medium
3660500.000000001,-12049250.0,7.8,35.6,25.0,102.0,171.0,Low
3660500.000000001,-11949250.0,6.7,34.6,25.0,142.0,242.0,Medium
3660500.000000001,-11849250.0,7.2,34.9,25.0,190.0,217.0,Medium
3660500.000000001,-11749250.0,7.6,34.1,25.0,106.0,146.0,Low
3660500.000000001,-11649250.0,6.7,36.7,25.0,350.0,271.0,Medium
3660500.000000001,-11549250.0,7.8,34.4,25.0,112.0,147.0,Low
3660500.000000001,-11449250.0,7.6,28.1,25.0,131.0,146.0,Low
3660500.000000001,-11349250.0,7.8,23.6,25.0,98.0,82.0,Low
3660500.000000001,-11249250.0,7.7,34.3,25.0,156.0,196.0,Low
3660500.000000001,-11149250.0,7.5,37.7,25.0,228.0,191.0,Medium
3660500.000000001,-11049250.0,7.4,39.7,25.0,197.0,228.0,Medium
3660500.000000001,-10949250.0,7.1,37.5,25.0,278.0,172.0,Medium
3660500.000000001,-10749250.0,5.5,31.3,25.0,379.0,169.0,Low
3660500.000000001,-10649250.0,5.2,31.5,25.0,290.0,129.0,Low
3660500.000000001,-10549250.0,5.2,35.1,25.0,221.0,180.0,Low
3660500.000000001,-10449250.0,4.9,37.4,25.0,259.0,125.0,Low
3660500.000000001,-10349250.0,6.1,46.8,25.0,264.0,329.0,Medium
3660500.000000001,-10249250.0,6.0,43.2,25.0,424.0,279.0,Medium
3660500.000000001,-10149250.0,5.6,39.6,25.0,306.0,185.0,Medium
3660500.000000001,-9949250.0,5.0,34.0,25.0,232.0,143.0,Low
3660500.000000001,-9849250.0,5.1,35.2,25.0,244.0,151.0,Low
3660500.000000001,-9749250.0,5.3,30.6,25.0,320.0,143.0,Low
3660500.000000001,-9649250.0,5.5,31.2,25.0,292.0,125.0,Low
3660500.000000001,-9549250.0,5.2,33.0,25.0,268.0,177.0,Low
3660500.000000001,-9449250.0,4.9,33.8,25.0,349.0,167.0,Low
3660500.000000001,-9349250.0,4.9,30.7,25.0,761.0,216.0,Low
3660500.000000001,-9249250.0,5.4,29.1,25.0,996.0,271.0,Medium
3660500.000000001,-249250.0,7.3,37.0,25.0,245.0,269.0,Medium
3660500.000000001,-149250.0,7.3,34.8,25.0,195.0,234.0,Medium
3660500.000000001,-49250.0,7.3,37.3,25.0,211.0,189.0,Medium
3660500.000000001,50750.0,7.5,35.7,25.0,260.0,161.0,Medium
3660500.000000001,150750.0,8.1,32.1,25.0,59.0,123.0,Low
3660500.000000001,250750.0,7.9,33.0,25.0,146.0,124.0,Low
3660500.000000001,350750.0,8.0,28.2,25.0,72.0,148.0,Low
3660500.000000001,450750.0,8.0,29.7,25.0,56.0,142.0,Low
3660500.000000001,550750.0,8.2,25.5,25.0,70.0,136.0,Low
3660500.000000001,650750.0,8.3,27.5,25.0,40.0,125.0,Low
3660500.000000001,750750.0,8.2,29.7,25.0,43.0,128.0,Low
3660500.000000001,850750.0,8.3,27.1,25.0,44.0,105.0,Low
3660500.000000001,950750.0,8.3,29.0,25.0,49.0,120.0,Low
3660500.000000001,1050750.0,8.4,31.7,25.0,48.0,143.0,Low
3660500.000000001,1150750.0,8.2,31.3,25.0,118.0,133.0,Low
3660500.000000001,1250750.0,8.0,31.2,25.0,60.0,146.0,Low
3660500.000000001,1350750.0,8.1,33.1,25.0,55.0,146.0,Low
3660500.000000001,1450750.0,8.0,31.1,25.0,60.0,142.0,Low
3660500.000000001,1550750.0,8.2,29.4,25.0,73.0,131.0,Low
3660500.000000001,1650750.0,7.8,32.4,25.0,153.0,176.0,Low
3660500.000000001,3850750.0,7.5,41.8,25.0,324.0,366.0,Medium
3660500.000000001,3950750.0,8.0,33.6,25.0,107.0,260.0,Low
3660500.000000001,4050750.0,7.9,35.4,25.0,45.0,149.0,Low
3660500.000000001,4150750.0,8.0,32.2,25.0,51.0,149.0,Low
3660500.000000001,4250750.0,7.9,33.8,25.0,67.0,147.0,Low
3660500.000000001,4350750.0,8.0,32.2,25.0,99.0,135.0,Low
3660500.000000001,4450750.0,8.0,32.6,25.0,51.0,144.0,Low
3660500.000000001,4550750.0,7.9,32.6,25.0,59.0,146.0,Low
3660500.000000001,4650750.0,7.9,34.5,25.0,66.0,165.0,Low
3660500.000000001,4750750.0,7.8,35.7,25.0,157.0,178.0,Low
3660500.000000001,4850750.0,7.8,36.6,25.0,153.0,246.0,Low
3660500.000000001,4950750.0,7.7,34.5,25.0,224.0,278.0,Medium
3660500.000000001,5050750.0,7.7,35.0,25.0,276.0,307.0,Medium
3660500.000000001,5150750.0,7.6,35.3,25.0,283.0,274.0,Medium
3660500.000000001,5250750.0,7.6,31.8,25.0,175.0,233.0,Low
3660500.000000001,5350750.0,7.8,33.2,25.0,95.0,195.0,Low
3660500.000000001,5450750.0,7.7,30.8,25.0,139.0,203.0,Low
3660500.000000001,5550750.0,7.6,31.9,25.0,83.0,155.0,Low
3660500.000000001,5650750.0,7.8,30.9,25.0,80.0,126.0,Low
3660500.000000001,5750750.0,7.8,27.7,25.0,90.0,113.0,Low
3660500.000000001,5850750.0,7.7,30.3,25.0,90.0,124.0,Low
3660500.000000001,5950750.0,7.8,30.3,25.0,86.0,146.0,Low
3660500.000000001,6050750.0,7.8,32.5,25.0,85.0,187.0,Low
3660500.000000001,6150750.0,8.0,31.3,25.0,117.0,162.0,Low
3660500.000000001,6250750.0,7.9,32.1,25.0,98.0,136.0,Low
3660500.000000001,6350750.0,7.9,32.2,25.0,109.0,150.0,Low
3660500.000000001,6450750.0,7.7,29.4,25.0,124.0,190.0,Low
3660500.000000001,6550750.0,7.8,30.9,25.0,228.0,222.0,Low
3660500.000000001,6650750.0,7.8,32.1,25.0,170.0,214.0,Low
3660500.000000001,6750750.0,7.8,30.5,25.0,289.0,233.0,Low
3660500.000000001,6850750.0,7.7,32.1,25.0,298.0,196.0,Low
3660500.000000001,6950750.0,7.7,33.1,25.0,163.0,172.0,Low
3660500.000000001,7050750.0,7.5,32.2,25.0,177.0,216.0,Low
3660500.000000001,7150750.0,7.8,33.2,25.0,109.0,158.0,Low
3660500.000000001,7250750.0,7.7,32.8,25.0,123.0,178.0,Low
3660500.000000001,7350750.0,7.5,33.3,25.0,131.0,210.0,Low
3660500.000000001,7450750.0,7.5,35.9,25.0,193.0,165.0,Medium
3660500.000000001,7550750.0,6.1,37.2,25.0,554.0,216.0,Medium
3660500.000000001,7650750.0,5.7,38.9,25.0,735.0,261.0,Medium
3660500.000000001,7750750.0,7.0,38.1,25.0,451.0,321.0,Medium
3660500.000000001,7850750.0,7.1,35.8,25.0,468.0,320.0,Medium
3660500.000000001,7950750.0,8.3,34.3,25.0,108.0,240.0,Low
3660500.000000001,8050750.0,7.8,33.0,25.0,219.0,163.0,Low
3660500.000000001,8150750.0,8.3,33.8,25.0,88.0,190.0,Low
3660500.000000001,8250750.0,8.0,33.6,25.0,196.0,180.0,Low
3660500.000000001,8350750.0,7.9,31.9,25.0,202.0,201.0,Low
3660500.000000001,8450750.0,8.3,32.7,25.0,159.0,231.0,Low
3660500.000000001,8550750.0,8.6,33.0,25.0,111.0,169.0,Low
3660500.000000001,8650750.0,8.5,34.5,25.0,150.0,169.0,Low
3660500.000000001,8750750.0,7.7,35.9,25.0,265.0,203.0,Low
3660500.000000001,8850750.0,7.7,37.5,25.0,303.0,174.0,Medium
3660500.000000001,8950750.0,7.6,37.6,25.0,326.0,252.0,Medium
3660500.000000001,9050750.0,7.4,37.2,25.0,412.0,246.0,Medium
3660500.000000001,9150750.0,7.1,36.2,25.0,422.0,312.0,Medium
3660500.000000001,9250750.0,7.4,36.6,25.0,361.0,213.0,Medium
3660500.000000001,9350750.0,6.9,37.4,25.0,421.0,309.0,Medium
3660500.000000001,9450750.0,7.2,37.6,25.0,527.0,291.0,Medium
3660500.000000001,9550750.0,7.3,36.3,25.0,462.0,235.0,Medium
3660500.000000001,9650750.0,6.9,39.8,25.0,472.0,319.0,Medium
3660500.000000001,9750750.0,6.9,40.3,25.0,530.0,288.0,Medium
3660500.000000001,9850750.0,6.9,44.4,25.0,517.0,325.0,Medium
3660500.000000001,9950750.0,6.8,43.4,25.0,495.0,310.0,Medium
3660500.000000001,10050750.0,6.6,43.8,25.0,557.0,305.0,Medium
3660500.000000001,10150750.0,6.3,44.8,25.0,781.0,332.0,Medium
3660500.000000001,10250750.0,5.4,44.4,25.0,636.0,250.0,Medium
3660500.000000001,10350750.0,5.6,40.6,25.0,610.0,226.0,Medium
3660500.000000001,10450750.0,6.7,40.0,25.0,493.0,230.0,Medium
3660500.000000001,10550750.0,6.4,38.1,25.0,460.0,247.0,Medium
3660500.000000001,10650750.0,6.6,39.9,25.0,456.0,201.0,Medium
3660500.000000001,10750750.0,7.0,39.2,25.0,289.0,219.0,Medium
3660500.000000001,10850750.0,6.7,40.4,25.0,297.0,221.0,Medium
3660500.000000001,10950750.0,7.0,39.4,25.0,234.0,216.0,Medium
3660500.000000001,11150750.0,6.2,39.7,25.0,383.0,209.0,Medium
3660500.000000001,11250750.0,7.2,37.2,25.0,162.0,245.0,Medium
3660500.000000001,11350750.0,7.5,32.5,25.0,233.0,216.0,Medium
3660500.000000001,11450750.0,7.5,33.3,25.0,209.0,215.0,Medium
3660500.000000001,11550750.0,7.3,35.2,25.0,155.0,196.0,Medium
3660500.000000001,11650750.0,7.4,34.3,25.0,239.0,220.0,Medium
3660500.000000001,12750750.0,5.7,41.6,25.0,486.0,241.0,Medium
3660500.000000001,12850750.0,5.2,43.7,25.0,421.0,254.0,Medium
3660500.000000001,12950750.0,5.0,45.5,25.0,395.0,225.0,Medium
3560500.000000001,-12649250.0,6.8,32.8,25.0,197.0,162.0,Medium
3560500.000000001,-12549250.0,8.1,31.4,25.0,141.0,154.0,Low
3560500.000000001,-12449250.0,8.3,27.1,25.0,24.0,133.0,Low
3560500.000000001,-12349250.0,8.1,31.4,25.0,33.0,141.0,Low
3560500.000000001,-12249250.0,7.1,30.9,25.0,116.0,166.0,Medium
3560500.000000001,-12149250.0,7.3,33.1,25.0,87.0,172.0,Low
3560500.000000001,-12049250.0,7.6,36.7,25.0,89.0,196.0,Low
3560500.000000001,-11949250.0,7.4,32.7,25.0,90.0,182.0,Low
3560500.000000001,-11849250.0,8.3,30.9,25.0,72.0,160.0,Low
3560500.000000001,-11749250.0,8.2,32.9,25.0,90.0,119.0,Low
3560500.000000001,-11649250.0,7.9,32.3,25.0,108.0,124.0,Low
3560500.000000001,-11549250.0,7.7,35.2,25.0,189.0,131.0,Low
3560500.000000001,-11449250.0,7.8,33.7,25.0,111.0,179.0,Low
3560500.000000001,-11349250.0,7.5,26.9,25.0,106.0,149.0,Low
3560500.000000001,-11249250.0,7.7,34.1,25.0,143.0,167.0,Low
3560500.000000001,-11149250.0,7.5,35.6,25.0,254.0,196.0,Medium
3560500.000000001,-11049250.0,7.0,37.7,25.0,186.0,209.0,Medium
3560500.000000001,-10949250.0,7.1,34.2,25.0,317.0,192.0,Medium
3560500.000000001,-10849250.0,7.5,39.5,25.0,248.0,311.0,Medium
3560500.000000001,-10749250.0,6.0,30.5,25.0,238.0,150.0,Medium
3560500.000000001,-10649250.0,5.6,33.7,25.0,202.0,129.0,Low
3560500.000000001,-10549250.0,5.1,35.1,25.0,198.0,106.0,Low
3560500.000000001,-10449250.0,5.1,36.2,25.0,193.0,106.0,Low
3560500.000000001,-10249250.0,5.6,39.3,25.0,214.0,198.0,Medium
3560500.000000001,-10149250.0,5.8,39.9,25.0,229.0,189.0,Medium
3560500.000000001,-10049250.0,5.5,36.6,25.0,253.0,250.0,Medium
3560500.000000001,-9949250.0,5.4,35.0,25.0,361.0,279.0,Medium
3560500.000000001,-9849250.0,5.3,31.5,25.0,299.0,137.0,Low
3560500.000000001,-9749250.0,5.5,30.5,25.0,223.0,143.0,Low
3560500.000000001,-9649250.0,5.3,27.1,25.0,256.0,110.0,Low
3560500.000000001,-9549250.0,5.0,30.8,25.0,251.0,109.0,Low
3560500.000000001,-9449250.0,5.0,28.9,25.0,599.0,150.0,Low
3560500.000000001,-349250.0,7.4,34.7,25.0,248.0,241.0,Medium
3560500.000000001,-249250.0,7.6,30.7,25.0,112.0,208.0,Low
3560500.000000001,-149250.0,7.6,36.4,25.0,182.0,236.0,Medium
3560500.000000001,-49250.0,7.4,33.2,25.0,227.0,158.0,Medium
3560500.000000001,50750.0,7.9,31.2,25.0,206.0,122.0,Low
3560500.000000001,150750.0,8.0,29.4,25.0,58.0,145.0,Low
3560500.000000001,250750.0,8.0,27.8,25.0,45.0,153.0,Low
3560500.000000001,350750.0,8.3,28.1,25.0,42.0,130.0,Low
3560500.000000001,450750.0,8.2,30.0,25.0,50.0,137.0,Low
3560500.000000001,550750.0,8.3,29.1,25.0,58.0,162.0,Low
3560500.000000001,650750.0,8.3,29.6,25.0,48.0,169.0,Low
3560500.000000001,750750.0,8.2,30.3,25.0,87.0,164.0,Low
3560500.000000001,850750.0,8.2,29.9,25.0,52.0,132.0,Low
3560500.000000001,950750.0,8.2,31.0,25.0,91.0,142.0,Low
3560500.000000001,1050750.0,8.2,31.9,25.0,96.0,158.0,Low
3560500.000000001,1150750.0,8.1,30.4,25.0,157.0,144.0,Low
3560500.000000001,1250750.0,8.0,30.7,25.0,92.0,147.0,Low
3560500.000000001,1350750.0,8.2,30.1,25.0,68.0,171.0,Low
3560500.000000001,1450750.0,8.0,32.7,25.0,54.0,146.0,Low
3560500.000000001,1550750.0,8.0,30.4,25.0,56.0,119.0,Low
3560500.000000001,1650750.0,7.9,31.4,25.0,165.0,174.0,Low
3560500.000000001,1750750.0,7.7,32.5,25.0,133.0,185.0,Low
3560500.000000001,1850750.0,8.1,32.5,25.0,90.0,145.0,Low
3560500.000000001,1950750.0,7.6,31.5,25.0,255.0,216.0,Low
3560500.000000001,2450750.0,7.8,33.6,25.0,146.0,344.0,Low
3560500.000000001,2550750.0,7.9,35.8,25.0,122.0,196.0,Low
3560500.000000001,2650750.0,7.9,30.5,25.0,63.0,135.0,Low
3560500.000000001,2750750.0,8.0,33.1,25.0,92.0,137.0,Low
3560500.000000001,3850750.0,7.8,34.9,25.0,208.0,331.0,Medium
3560500.000000001,3950750.0,7.9,36.0,25.0,78.0,158.0,Low
3560500.000000001,4050750.0,7.9,32.8,25.0,63.0,138.0,Low
3560500.000000001,4150750.0,7.9,33.1,25.0,48.0,140.0,Low
3560500.000000001,4250750.0,7.9,32.4,25.0,66.0,134.0,Low
3560500.000000001,4350750.0,8.0,32.6,25.0,55.0,147.0,Low
3560500.000000001,4450750.0,8.0,31.6,25.0,55.0,135.0,Low
3560500.000000001,4550750.0,7.9,33.0,25.0,54.0,159.0,Low
3560500.000000001,4650750.0,8.0,32.9,25.0,52.0,140.0,Low
3560500.000000001,4850750.0,7.8,35.8,25.0,129.0,174.0,Low
3560500.000000001,4950750.0,7.7,36.0,25.0,122.0,212.0,Low
3560500.000000001,5050750.0,7.8,36.5,25.0,136.0,351.0,Medium
3560500.000000001,5150750.0,7.5,35.4,25.0,234.0,339.0,Medium
3560500.000000001,5250750.0,7.6,32.8,25.0,239.0,251.0,Medium
3560500.000000001,5350750.0,7.8,31.9,25.0,177.0,220.0,Low
3560500.000000001,5450750.0,7.8,30.0,25.0,123.0,168.0,Low
3560500.000000001,5550750.0,7.7,29.3,25.0,120.0,189.0,Low
3560500.000000001,5650750.0,7.9,28.0,25.0,75.0,138.0,Low
3560500.000000001,5750750.0,7.8,29.7,25.0,88.0,138.0,Low
3560500.000000001,5850750.0,7.8,30.0,25.0,82.0,129.0,Low
3560500.000000001,5950750.0,7.9,31.4,25.0,90.0,135.0,Low
3560500.000000001,6050750.0,7.9,30.2,25.0,77.0,157.0,Low
3560500.000000001,6150750.0,7.8,31.6,25.0,146.0,158.0,Low
3560500.000000001,6250750.0,7.8,31.1,25.0,78.0,117.0,Low
3560500.000000001,6350750.0,8.3,29.5,25.0,59.0,100.0,Low
3560500.000000001,6450750.0,8.1,31.2,25.0,91.0,127.0,Low
3560500.000000001,6550750.0,7.9,30.4,25.0,88.0,125.0,Low
3560500.000000001,6650750.0,7.8,30.8,25.0,125.0,178.0,Low
3560500.000000001,6750750.0,7.7,31.1,25.0,182.0,245.0,Low
3560500.000000001,6850750.0,7.8,31.2,25.0,242.0,292.0,Low
3560500.000000001,6950750.0,7.5,33.5,25.0,205.0,244.0,Medium
3560500.000000001,7050750.0,7.7,31.5,25.0,120.0,204.0,Low
3560500.000000001,7150750.0,8.0,32.9,25.0,94.0,189.0,Low
3560500.000000001,7250750.0,8.4,33.6,25.0,94.0,211.0,Low
3560500.000000001,7350750.0,8.1,33.2,25.0,116.0,137.0,Low
3560500.000000001,7450750.0,8.5,34.0,25.0,122.0,133.0,Low
3560500.000000001,7550750.0,8.4,37.2,25.0,148.0,178.0,Low
3560500.000000001,7650750.0,7.3,38.0,25.0,286.0,204.0,Medium
3560500.000000001,7750750.0,5.8,37.4,25.0,678.0,235.0,Medium
3560500.000000001,7950750.0,7.1,35.4,25.0,555.0,259.0,Medium
3560500.000000001,8050750.0,7.1,36.3,25.0,435.0,295.0,Medium
3560500.000000001,8150750.0,8.0,34.6,25.0,166.0,276.0,Low
3560500.000000001,8250750.0,8.4,36.3,25.0,118.0,270.0,Low
3560500.000000001,8350750.0,8.3,32.0,25.0,145.0,195.0,Low
3560500.000000001,8450750.0,8.2,32.1,25.0,254.0,190.0,Low
3560500.000000001,8550750.0,8.5,31.3,25.0,114.0,193.0,Low
3560500.000000001,8650750.0,8.4,34.8,25.0,195.0,234.0,Low
3560500.000000001,8750750.0,8.3,34.9,25.0,127.0,167.0,Low
3560500.000000001,8850750.0,8.1,35.6,25.0,160.0,139.0,Low
3560500.000000001,8950750.0,8.0,35.6,25.0,169.0,189.0,Low
3560500.000000001,9050750.0,7.7,36.1,25.0,153.0,164.0,Low
3560500.000000001,9150750.0,7.3,38.1,25.0,428.0,212.0,Medium
3560500.000000001,9250750.0,7.1,37.7,25.0,474.0,268.0,Medium
3560500.000000001,9350750.0,7.0,37.5,25.0,528.0,274.0,Medium
3560500.000000001,9450750.0,6.5,38.2,25.0,552.0,331.0,Medium
3560500.000000001,9550750.0,7.1,37.9,25.0,437.0,258.0,Medium
3560500.000000001,9650750.0,7.3,36.6,25.0,441.0,217.0,Medium
3560500.000000001,9750750.0,6.6,48.8,25.0,509.0,291.0,Medium
3560500.000000001,9850750.0,6.6,40.1,25.0,442.0,236.0,Medium
3560500.000000001,9950750.0,6.5,47.6,25.0,541.0,297.0,Medium
3560500.000000001,10050750.0,6.4,46.7,25.0,612.0,302.0,Medium
3560500.000000001,10150750.0,6.1,46.7,25.0,651.0,284.0,Medium
3560500.000000001,10250750.0,5.1,43.6,25.0,686.0,283.0,Medium
3560500.000000001,10350750.0,6.0,44.0,25.0,626.0,250.0,Medium
3560500.000000001,10450750.0,6.7,41.1,25.0,520.0,291.0,Medium
3560500.000000001,10550750.0,6.2,41.0,25.0,444.0,234.0,Medium
3560500.000000001,10650750.0,6.3,42.7,25.0,394.0,226.0,Medium
3560500.000000001,10750750.0,6.0,43.9,25.0,442.0,217.0,Medium
3560500.000000001,10850750.0,6.4,42.1,25.0,449.0,227.0,Medium
3560500.000000001,10950750.0,6.2,42.3,25.0,392.0,212.0,Medium
3560500.000000001,11050750.0,6.2,40.9,25.0,433.0,228.0,Medium
3560500.000000001,11150750.0,7.0,39.3,25.0,272.0,181.0,Medium
3560500.000000001,11250750.0,6.3,40.8,25.0,273.0,205.0,Medium
3560500.000000001,11350750.0,6.7,39.7,25.0,166.0,195.0,Medium
3560500.000000001,11450750.0,6.6,39.0,25.0,197.0,189.0,Medium
3560500.000000001,11550750.0,6.8,38.4,25.0,236.0,225.0,Medium
3560500.000000001,11650750.0,6.5,31.6,25.0,233.0,178.0,Medium
3560500.000000001,11750750.0,6.7,32.5,25.0,173.0,177.0,Medium
3560500.000000001,11850750.0,7.3,33.6,25.0,341.0,217.0,Medium
3560500.000000001,11950750.0,7.8,33.3,25.0,261.0,206.0,Low
3560500.000000001,12850750.0,5.2,44.3,25.0,391.0,251.0,Medium
3460500.000000001,-12649250.0,6.9,33.4,25.0,209.0,187.0,Medium
3460500.000000001,-12349250.0,8.3,29.8,25.0,38.0,139.0,Low
3460500.000000001,-12249250.0,7.4,33.6,25.0,88.0,141.0,Low
3460500.000000001,-12149250.0,6.6,31.8,25.0,135.0,171.0,Medium
3460500.000000001,-12049250.0,7.9,31.0,25.0,104.0,141.0,Low
3460500.000000001,-11949250.0,6.9,35.6,25.0,214.0,224.0,Medium
3460500.000000001,-11849250.0,8.5,31.6,25.0,86.0,175.0,Low
3460500.000000001,-11749250.0,8.6,32.4,25.0,74.0,144.0,Low
3460500.000000001,-11649250.0,8.2,31.1,25.0,100.0,149.0,Low
3460500.000000001,-11549250.0,7.8,35.5,25.0,159.0,182.0,Low
3460500.000000001,-11449250.0,7.8,32.1,25.0,92.0,138.0,Low
3460500.000000001,-11349250.0,7.8,31.8,25.0,145.0,169.0,Low
3460500.000000001,-11249250.0,7.7,39.7,25.0,341.0,223.0,Medium
3460500.000000001,-11149250.0,7.6,38.1,25.0,266.0,271.0,Medium
3460500.000000001,-11049250.0,6.9,34.6,25.0,357.0,269.0,Medium
3460500.000000001,-10949250.0,7.4,37.0,25.0,289.0,237.0,Medium
3460500.000000001,-10849250.0,7.5,38.1,25.0,204.0,374.0,Medium
3460500.000000001,-10749250.0,6.1,34.6,25.0,276.0,182.0,Medium
3460500.000000001,-10649250.0,5.5,30.7,25.0,219.0,182.0,Low
3460500.000000001,-10549250.0,5.2,32.9,25.0,229.0,118.0,Low
3460500.000000001,-10449250.0,5.2,35.3,25.0,315.0,136.0,Low
3460500.000000001,-10349250.0,5.7,39.5,25.0,405.0,191.0,Medium
3460500.000000001,-10249250.0,5.3,39.2,25.0,251.0,126.0,Low
3460500.000000001,-10149250.0,5.1,37.0,25.0,263.0,153.0,Low
3460500.000000001,-10049250.0,5.0,34.9,25.0,379.0,171.0,Low
3460500.000000001,-9949250.0,5.0,33.1,25.0,584.0,162.0,Low
3460500.000000001,-9849250.0,5.0,30.6,25.0,363.0,149.0,Low
3460500.000000001,-9749250.0,5.4,31.1,25.0,372.0,130.0,Low
3460500.000000001,-9649250.0,5.6,31.4,25.0,349.0,122.0,Low
3460500.000000001,-9549250.0,5.2,26.1,25.0,763.0,123.0,Low
3460500.000000001,-9449250.0,4.8,27.5,25.0,1608.0,149.0,Medium
3460500.000000001,-449250.0,7.4,33.6,25.0,310.0,184.0,Medium
3460500.000000001,-349250.0,7.6,32.2,25.0,226.0,186.0,Low
3460500.000000001,-249250.0,7.2,36.9,25.0,344.0,212.0,Medium
3460500.000000001,-149250.0,8.1,30.8,25.0,57.0,148.0,Low
3460500.000000001,-49250.0,7.9,31.1,25.0,234.0,149.0,Low
3460500.000000001,50750.0,8.3,27.9,25.0,52.0,147.0,Low
3460500.000000001,150750.0,8.2,27.4,25.0,42.0,169.0,Low
3460500.000000001,250750.0,8.2,30.2,25.0,58.0,162.0,Low
3460500.000000001,350750.0,8.3,28.7,25.0,47.0,139.0,Low
3460500.000000001,450750.0,8.3,29.2,25.0,112.0,155.0,Low
3460500.000000001,550750.0,8.3,31.2,25.0,100.0,159.0,Low
3460500.000000001,650750.0,8.2,28.7,25.0,64.0,127.0,Low
3460500.000000001,750750.0,8.5,32.0,25.0,104.0,170.0,Low
3460500.000000001,850750.0,8.4,32.0,25.0,93.0,153.0,Low
3460500.000000001,950750.0,8.4,31.3,25.0,97.0,162.0,Low
3460500.000000001,1050750.0,8.2,30.9,25.0,91.0,142.0,Low
3460500.000000001,1150750.0,8.2,31.2,25.0,86.0,141.0,Low
3460500.000000001,1250750.0,8.2,30.2,25.0,49.0,159.0,Low
3460500.000000001,1350750.0,8.0,31.8,25.0,101.0,178.0,Low
3460500.000000001,1450750.0,8.1,31.2,25.0,106.0,135.0,Low
3460500.000000001,1550750.0,8.0,32.9,25.0,56.0,140.0,Low
3460500.000000001,1650750.0,8.0,32.4,25.0,58.0,163.0,Low
3460500.000000001,1750750.0,8.1,30.1,25.0,71.0,150.0,Low
3460500.000000001,1850750.0,8.0,32.3,25.0,65.0,139.0,Low
3460500.000000001,1950750.0,7.8,33.5,25.0,103.0,217.0,Low
3460500.000000001,2050750.0,7.7,29.9,25.0,135.0,175.0,Low
3460500.000000001,2450750.0,7.8,30.7,25.0,130.0,168.0,Low
3460500.000000001,2550750.0,7.8,29.5,25.0,68.0,125.0,Low
3460500.000000001,2650750.0,7.8,27.7,25.0,61.0,138.0,Low
3460500.000000001,2750750.0,7.9,28.6,25.0,64.0,129.0,Low
3460500.000000001,2850750.0,7.9,30.6,25.0,58.0,151.0,Low
3460500.000000001,2950750.0,7.9,28.8,25.0,119.0,139.0,Low
3460500.000000001,3050750.0,8.0,31.8,25.0,107.0,153.0,Low
3460500.000000001,3350750.0,7.2,34.7,25.0,400.0,238.0,Medium
3460500.000000001,3450750.0,6.9,31.5,25.0,476.0,189.0,Medium
3460500.000000001,3550750.0,7.8,31.7,25.0,285.0,223.0,Low
3460500.000000001,3750750.0,7.9,31.4,25.0,105.0,186.0,Low
3460500.000000001,3850750.0,7.9,30.2,25.0,84.0,158.0,Low
3460500.000000001,3950750.0,7.8,34.8,25.0,60.0,144.0,Low
3460500.000000001,4050750.0,8.0,31.8,25.0,83.0,143.0,Low
3460500.000000001,4150750.0,8.0,30.8,25.0,44.0,139.0,Low
3460500.000000001,4250750.0,8.0,32.1,25.0,52.0,136.0,Low
3460500.000000001,4350750.0,7.9,32.0,25.0,70.0,125.0,Low
3460500.000000001,4450750.0,8.0,33.1,25.0,45.0,143.0,Low
3460500.000000001,4550750.0,7.9,31.6,25.0,58.0,141.0,Low
3460500.000000001,4650750.0,7.9,32.2,25.0,56.0,165.0,Low
3460500.000000001,4750750.0,8.0,31.8,25.0,61.0,154.0,Low
3460500.000000001,4850750.0,7.9,32.2,25.0,98.0,174.0,Low
3460500.000000001,4950750.0,7.8,31.1,25.0,97.0,184.0,Low
3460500.000000001,5050750.0,7.7,35.5,25.0,125.0,250.0,Low
3460500.000000001,5150750.0,7.8,33.7,25.0,199.0,326.0,Medium
3460500.000000001,5250750.0,7.7,33.0,25.0,231.0,282.0,Medium
3460500.000000001,5350750.0,7.7,32.4,25.0,233.0,264.0,Low
3460500.000000001,5450750.0,7.6,29.9,25.0,119.0,204.0,Low
3460500.000000001,5550750.0,7.9,29.8,25.0,92.0,179.0,Low
3460500.000000001,5650750.0,7.8,29.0,25.0,94.0,187.0,Low
3460500.000000001,5750750.0,7.8,29.9,25.0,57.0,148.0,Low
3460500.000000001,5850750.0,7.8,29.1,25.0,81.0,139.0,Low
3460500.000000001,5950750.0,7.9,31.3,25.0,60.0,136.0,Low
3460500.000000001,6050750.0,7.9,31.3,25.0,60.0,146.0,Low
3460500.000000001,6150750.0,7.8,31.1,25.0,81.0,150.0,Low
3460500.000000001,6250750.0,8.0,30.7,25.0,54.0,131.0,Low
3460500.000000001,6350750.0,8.1,31.7,25.0,70.0,145.0,Low
3460500.000000001,6450750.0,8.2,30.4,25.0,81.0,131.0,Low
3460500.000000001,6550750.0,8.2,33.1,25.0,74.0,127.0,Low
3460500.000000001,6650750.0,7.9,30.7,25.0,67.0,169.0,Low
3460500.000000001,6750750.0,7.9,31.9,25.0,107.0,184.0,Low
3460500.000000001,6850750.0,7.8,30.4,25.0,168.0,273.0,Low
3460500.000000001,6950750.0,7.5,31.5,25.0,231.0,215.0,Medium
3460500.000000001,7050750.0,7.8,32.8,25.0,124.0,218.0,Low
3460500.000000001,7150750.0,7.8,32.9,25.0,149.0,200.0,Low
3460500.000000001,7250750.0,7.8,34.4,25.0,97.0,160.0,Low
3460500.000000001,7350750.0,7.8,33.9,25.0,116.0,158.0,Low
3460500.000000001,7450750.0,7.9,33.5,25.0,100.0,146.0,Low
3460500.000000001,7550750.0,8.1,35.1,25.0,101.0,142.0,Low
3460500.000000001,7650750.0,8.0,34.8,25.0,117.0,162.0,Low
3460500.000000001,7750750.0,7.1,35.6,25.0,119.0,169.0,Medium
3460500.000000001,7850750.0,5.9,40.1,25.0,508.0,249.0,Medium
3460500.000000001,7950750.0,6.3,37.5,25.0,564.0,266.0,Medium
3460500.000000001,8050750.0,6.7,36.9,25.0,462.0,368.0,Medium
3460500.000000001,8150750.0,7.0,36.5,25.0,359.0,317.0,Medium
3460500.000000001,8350750.0,7.8,36.3,25.0,157.0,303.0,Low
3460500.000000001,8450750.0,7.7,35.8,25.0,186.0,285.0,Medium
3460500.000000001,8550750.0,8.0,32.0,25.0,179.0,212.0,Low
3460500.000000001,8650750.0,8.1,33.6,25.0,189.0,197.0,Low
3460500.000000001,8750750.0,7.5,36.1,25.0,245.0,293.0,Medium
3460500.000000001,8850750.0,7.4,36.9,25.0,251.0,277.0,Medium
3460500.000000001,8950750.0,7.5,36.9,25.0,307.0,172.0,Medium
3460500.000000001,9050750.0,7.4,36.8,25.0,209.0,166.0,Medium
3460500.000000001,9150750.0,7.3,38.6,25.0,378.0,278.0,Medium
3460500.000000001,9250750.0,7.0,38.6,25.0,481.0,308.0,Medium
3460500.000000001,9350750.0,6.8,37.8,25.0,401.0,333.0,Medium
3460500.000000001,9450750.0,6.6,38.9,25.0,474.0,316.0,Medium
3460500.000000001,9550750.0,6.6,40.0,25.0,568.0,267.0,Medium
3460500.000000001,9650750.0,6.5,41.7,25.0,510.0,285.0,Medium
3460500.000000001,9750750.0,6.1,41.2,25.0,627.0,244.0,Medium
3460500.000000001,9850750.0,6.3,46.2,25.0,477.0,271.0,Medium
3460500.000000001,9950750.0,6.9,45.3,25.0,496.0,264.0,Medium
3460500.000000001,10050750.0,6.6,45.4,25.0,632.0,251.0,Medium
3460500.000000001,10150750.0,6.3,45.1,25.0,766.0,271.0,Medium
3460500.000000001,10250750.0,5.7,46.0,25.0,732.0,224.0,Medium
3460500.000000001,10350750.0,5.8,47.1,25.0,557.0,309.0,Medium
3460500.000000001,10450750.0,7.2,47.4,25.0,555.0,295.0,Medium
3460500.000000001,10550750.0,6.9,43.8,25.0,416.0,262.0,Medium
3460500.000000001,10650750.0,6.4,40.3,25.0,307.0,240.0,Medium
3460500.000000001,10750750.0,6.5,41.9,25.0,387.0,212.0,Medium
3460500.000000001,10850750.0,6.5,42.4,25.0,408.0,204.0,Medium
3460500.000000001,10950750.0,6.4,42.7,25.0,377.0,205.0,Medium
3460500.000000001,11050750.0,5.7,43.6,25.0,452.0,194.0,Medium
3460500.000000001,11150750.0,6.1,37.4,25.0,268.0,207.0,Medium
3460500.000000001,11250750.0,6.6,39.2,25.0,244.0,199.0,Medium
3460500.000000001,11350750.0,6.8,40.1,25.0,316.0,218.0,Medium
3460500.000000001,11450750.0,6.1,40.2,25.0,280.0,189.0,Medium
3460500.000000001,11550750.0,5.3,40.1,25.0,407.0,176.0,Medium
3460500.000000001,11650750.0,5.7,38.7,25.0,393.0,179.0,Medium
3460500.000000001,11750750.0,5.9,39.8,25.0,233.0,181.0,Medium
3460500.000000001,11850750.0,6.1,37.9,25.0,235.0,174.0,Medium
3460500.000000001,12950750.0,5.2,43.0,25.0,409.0,246.0,Medium
3360500.000000001,-12649250.0,7.9,32.3,25.0,171.0,211.0,Low
3360500.000000001,-12549250.0,8.1,29.7,25.0,80.0,143.0,Low
3360500.000000001,-12349250.0,8.1,31.1,25.0,44.0,155.0,Low
3360500.000000001,-12249250.0,7.5,33.4,25.0,97.0,157.0,Low
3360500.000000001,-12149250.0,6.6,34.0,25.0,218.0,172.0,Medium
3360500.000000001,-12049250.0,6.6,34.8,25.0,266.0,200.0,Medium
3360500.000000001,-11949250.0,6.2,34.7,25.0,175.0,234.0,Medium
3360500.000000001,-11849250.0,8.2,33.3,25.0,103.0,186.0,Low
3360500.000000001,-11749250.0,7.5,34.5,25.0,122.0,200.0,Low
3360500.000000001,-11649250.0,7.7,34.5,25.0,169.0,199.0,Low
3360500.000000001,-11549250.0,7.3,33.6,25.0,166.0,209.0,Medium
3360500.000000001,-11449250.0,7.8,32.9,25.0,153.0,198.0,Low
3360500.000000001,-11349250.0,7.7,35.5,25.0,155.0,184.0,Low
3360500.000000001,-11249250.0,7.6,37.3,25.0,518.0,270.0,Medium
3360500.000000001,-11149250.0,7.3,38.1,25.0,300.0,359.0,Medium
3360500.000000001,-11049250.0,6.9,38.9,25.0,333.0,276.0,Medium
3360500.000000001,-10949250.0,7.3,36.9,25.0,267.0,234.0,Medium
3360500.000000001,-10849250.0,6.3,28.8,25.0,350.0,248.0,Medium
3360500.000000001,-10749250.0,5.6,29.5,25.0,559.0,168.0,Medium
3360500.000000001,-10649250.0,5.0,36.6,25.0,429.0,109.0,Low
3360500.000000001,-10549250.0,5.1,34.4,25.0,497.0,207.0,Low
3360500.000000001,-10449250.0,5.4,38.7,25.0,540.0,214.0,Medium
3360500.000000001,-10349250.0,6.3,42.8,25.0,844.0,287.0,Medium
3360500.000000001,-10249250.0,5.9,46.3,25.0,737.0,324.0,Medium
3360500.000000001,-9649250.0,5.0,31.4,25.0,1515.0,175.0,Medium
3360500.000000001,-9549250.0,4.8,25.2,25.0,1561.0,159.0,Medium
3360500.000000001,-9449250.0,4.9,24.6,25.0,1575.0,120.0,Medium
3360500.000000001,-9349250.0,5.0,29.4,25.0,1135.0,205.0,Medium
3360500.000000001,-449250.0,7.7,31.0,25.0,174.0,214.0,Low
3360500.000000001,-349250.0,7.4,34.9,25.0,269.0,198.0,Medium
3360500.000000001,-249250.0,7.7,33.2,25.0,171.0,203.0,Low
3360500.000000001,-149250.0,8.0,30.3,25.0,82.0,170.0,Low
3360500.000000001,-49250.0,8.3,29.3,25.0,56.0,165.0,Low
3360500.000000001,50750.0,8.2,29.7,25.0,90.0,166.0,Low
3360500.000000001,150750.0,8.2,28.9,25.0,55.0,160.0,Low
3360500.000000001,250750.0,8.3,31.0,25.0,108.0,157.0,Low
3360500.000000001,350750.0,8.2,29.2,25.0,60.0,202.0,Low
3360500.000000001,450750.0,8.4,32.2,25.0,137.0,168.0,Low
3360500.000000001,550750.0,8.4,30.2,25.0,71.0,175.0,Low
3360500.000000001,650750.0,8.4,32.2,25.0,95.0,209.0,Low
3360500.000000001,750750.0,8.4,32.4,25.0,99.0,180.0,Low
3360500.000000001,850750.0,8.4,31.7,25.0,107.0,144.0,Low
3360500.000000001,950750.0,8.4,30.8,25.0,72.0,148.0,Low
3360500.000000001,1050750.0,8.3,31.1,25.0,92.0,140.0,Low
3360500.000000001,1150750.0,8.1,31.3,25.0,93.0,147.0,Low
3360500.000000001,1250750.0,8.1,30.6,25.0,106.0,158.0,Low
3360500.000000001,1350750.0,8.2,30.4,25.0,56.0,147.0,Low
3360500.000000001,1450750.0,7.9,29.0,25.0,82.0,183.0,Low
3360500.000000001,1550750.0,8.1,32.3,25.0,132.0,170.0,Low
3360500.000000001,1650750.0,8.1,32.4,25.0,99.0,170.0,Low
3360500.000000001,1750750.0,8.0,31.2,25.0,98.0,165.0,Low
3360500.000000001,1850750.0,8.0,32.4,25.0,58.0,146.0,Low
3360500.000000001,1950750.0,8.2,32.1,25.0,58.0,152.0,Low
3360500.000000001,2050750.0,8.2,33.1,25.0,62.0,147.0,Low
3360500.000000001,2150750.0,8.0,31.5,25.0,68.0,138.0,Low
3360500.000000001,2250750.0,8.0,32.6,25.0,64.0,152.0,Low
3360500.000000001,2350750.0,8.0,31.2,25.0,83.0,141.0,Low
3360500.000000001,2450750.0,8.0,29.6,25.0,71.0,156.0,Low
3360500.000000001,2550750.0,8.1,27.7,25.0,59.0,143.0,Low
3360500.000000001,2650750.0,7.9,29.1,25.0,103.0,163.0,Low
3360500.000000001,2750750.0,7.8,28.9,25.0,97.0,165.0,Low
3360500.000000001,2850750.0,7.8,29.0,25.0,79.0,145.0,Low
3360500.000000001,2950750.0,8.0,29.0,25.0,60.0,155.0,Low
3360500.000000001,3050750.0,8.2,31.8,25.0,59.0,156.0,Low
3360500.000000001,3150750.0,8.1,28.4,25.0,117.0,198.0,Low
3360500.000000001,3250750.0,8.0,30.2,25.0,61.0,129.0,Low
3360500.000000001,3350750.0,8.0,28.7,25.0,52.0,140.0,Low
3360500.000000001,3450750.0,7.3,31.1,25.0,338.0,201.0,Medium
3360500.000000001,3550750.0,8.0,27.6,25.0,56.0,147.0,Low
3360500.000000001,3650750.0,8.0,29.0,25.0,44.0,133.0,Low
3360500.000000001,3750750.0,8.0,31.4,25.0,33.0,131.0,Low
3360500.000000001,3850750.0,7.7,30.8,25.0,55.0,127.0,Low
3360500.000000001,3950750.0,8.1,32.5,25.0,94.0,161.0,Low
3360500.000000001,4050750.0,8.1,30.7,25.0,55.0,147.0,Low
3360500.000000001,4150750.0,7.9,31.6,25.0,133.0,179.0,Low
3360500.000000001,4250750.0,8.1,32.4,25.0,62.0,128.0,Low
3360500.000000001,4350750.0,8.0,32.7,25.0,51.0,125.0,Low
3360500.000000001,4450750.0,8.0,33.7,25.0,45.0,125.0,Low
3360500.000000001,4550750.0,7.9,34.1,25.0,51.0,134.0,Low
3360500.000000001,4650750.0,7.9,31.7,25.0,59.0,182.0,Low
3360500.000000001,4750750.0,7.9,32.3,25.0,62.0,174.0,Low
3360500.000000001,4850750.0,8.0,32.5,25.0,70.0,154.0,Low
3360500.000000001,4950750.0,7.8,29.3,25.0,76.0,145.0,Low
3360500.000000001,5050750.0,7.7,33.8,25.0,99.0,132.0,Low
3360500.000000001,5150750.0,7.7,31.6,25.0,191.0,245.0,Low
3360500.000000001,5250750.0,7.7,32.8,25.0,195.0,271.0,Low
3360500.000000001,5350750.0,7.8,32.3,25.0,210.0,326.0,Low
3360500.000000001,5450750.0,7.7,32.2,25.0,252.0,233.0,Low
3360500.000000001,5550750.0,7.7,31.2,25.0,152.0,213.0,Low
3360500.000000001,5650750.0,7.9,29.9,25.0,123.0,198.0,Low
3360500.000000001,5750750.0,8.0,29.7,25.0,105.0,187.0,Low
3360500.000000001,5850750.0,7.8,31.6,25.0,90.0,168.0,Low
3360500.000000001,5950750.0,7.9,31.9,25.0,108.0,153.0,Low
3360500.000000001,6050750.0,8.0,33.3,25.0,70.0,157.0,Low
3360500.000000001,6150750.0,7.8,31.0,25.0,90.0,149.0,Low
3360500.000000001,6250750.0,7.8,29.3,25.0,57.0,133.0,Low
3360500.000000001,6350750.0,8.1,32.5,25.0,52.0,136.0,Low
3360500.000000001,6450750.0,8.2,30.4,25.0,59.0,160.0,Low
3360500.000000001,6550750.0,8.3,28.6,25.0,62.0,134.0,Low
3360500.000000001,6650750.0,8.0,32.2,25.0,47.0,146.0,Low
3360500.000000001,6750750.0,8.0,31.1,25.0,67.0,172.0,Low
3360500.000000001,6850750.0,7.9,31.9,25.0,96.0,207.0,Low
3360500.000000001,6950750.0,7.7,31.6,25.0,132.0,201.0,Low
3360500.000000001,7050750.0,7.9,33.2,25.0,113.0,188.0,Low
3360500.000000001,7150750.0,7.8,33.7,25.0,136.0,203.0,Low
3360500.000000001,7250750.0,8.1,33.8,25.0,110.0,156.0,Low
3360500.000000001,7350750.0,7.6,32.0,25.0,186.0,142.0,Low
3360500.000000001,7550750.0,7.8,34.4,25.0,86.0,169.0,Low
3360500.000000001,7650750.0,7.9,34.0,25.0,146.0,150.0,Low
3360500.000000001,7750750.0,7.8,34.6,25.0,141.0,187.0,Low
3360500.000000001,7850750.0,7.4,37.7,25.0,126.0,145.0,Medium
3360500.000000001,7950750.0,6.0,39.0,25.0,308.0,205.0,Medium
3360500.000000001,8050750.0,5.9,38.9,25.0,404.0,215.0,Medium
3360500.000000001,8150750.0,5.8,41.2,25.0,718.0,285.0,Medium
3360500.000000001,8250750.0,6.4,36.2,25.0,501.0,360.0,Medium
3360500.000000001,8350750.0,6.7,35.8,25.0,380.0,294.0,Medium
3360500.000000001,8450750.0,7.7,34.9,25.0,236.0,349.0,Medium
3360500.000000001,8550750.0,7.6,34.6,25.0,246.0,299.0,Medium
3360500.000000001,8650750.0,7.8,34.6,25.0,184.0,289.0,Low
3360500.000000001,8750750.0,7.7,33.1,25.0,215.0,290.0,Medium
3360500.000000001,8850750.0,7.8,35.6,25.0,289.0,259.0,Medium
3360500.000000001,8950750.0,7.3,34.4,25.0,291.0,187.0,Medium
3360500.000000001,9050750.0,7.0,36.4,25.0,316.0,189.0,Medium
3360500.000000001,9150750.0,7.2,37.3,25.0,379.0,157.0,Medium
3360500.000000001,9250750.0,6.8,37.7,25.0,373.0,199.0,Medium
3360500.000000001,9350750.0,6.4,39.0,25.0,374.0,310.0,Medium
3360500.000000001,9750750.0,6.8,43.0,25.0,502.0,306.0,Medium
3360500.000000001,9850750.0,6.7,48.4,25.0,533.0,321.0,Medium
3360500.000000001,9950750.0,6.1,45.0,25.0,521.0,305.0,Medium
3360500.000000001,10050750.0,6.5,44.9,25.0,575.0,266.0,Medium
3360500.000000001,10150750.0,6.0,43.6,25.0,589.0,214.0,Medium
3360500.000000001,10250750.0,6.0,46.6,25.0,800.0,297.0,Medium
3360500.000000001,10350750.0,5.9,44.7,25.0,492.0,233.0,Medium
3360500.000000001,10450750.0,6.7,43.4,25.0,433.0,281.0,Medium
3360500.000000001,10550750.0,7.5,44.2,25.0,421.0,294.0,Medium
3360500.000000001,10650750.0,6.7,39.6,25.0,295.0,269.0,Medium
3360500.000000001,10750750.0,6.1,41.0,25.0,296.0,238.0,Medium
3360500.000000001,10950750.0,5.5,44.8,25.0,657.0,250.0,Medium
3360500.000000001,11050750.0,5.7,44.4,25.0,552.0,218.0,Medium
3360500.000000001,11150750.0,5.9,41.3,25.0,304.0,199.0,Medium
3360500.000000001,11350750.0,7.2,37.0,25.0,287.0,205.0,Medium
3360500.000000001,11450750.0,6.5,39.7,25.0,471.0,209.0,Medium
3360500.000000001,11550750.0,6.1,38.5,25.0,238.0,194.0,Medium
3360500.000000001,11750750.0,5.9,38.6,25.0,376.0,178.0,Medium
3360500.000000001,11850750.0,5.4,40.6,25.0,396.0,201.0,Medium
3360500.000000001,11950750.0,5.7,39.6,25.0,332.0,161.0,Medium
3360500.000000001,12050750.0,6.6,37.5,25.0,455.0,200.0,Medium
3260500.000000001,-12549250.0,7.6,28.6,25.0,70.0,150.0,Low
3260500.000000001,-12249250.0,7.8,31.3,25.0,79.0,162.0,Low
3260500.000000001,-12149250.0,7.5,32.9,25.0,124.0,201.0,Low
3260500.000000001,-12049250.0,6.9,33.8,25.0,213.0,201.0,Medium
3260500.000000001,-11949250.0,6.3,38.1,25.0,392.0,253.0,Medium
3260500.000000001,-11849250.0,6.8,36.3,25.0,182.0,224.0,Medium
3260500.000000001,-11749250.0,7.9,35.3,25.0,145.0,223.0,Low
3260500.000000001,-11649250.0,8.6,32.9,25.0,103.0,227.0,Low
3260500.000000001,-11549250.0,8.4,31.3,25.0,73.0,219.0,Low
3260500.000000001,-11449250.0,7.7,35.7,25.0,230.0,191.0,Low
3260500.000000001,-11349250.0,7.9,34.6,25.0,141.0,195.0,Low
3260500.000000001,-11249250.0,7.8,36.9,25.0,286.0,212.0,Low
3260500.000000001,-11149250.0,7.6,39.6,25.0,227.0,250.0,Medium
3260500.000000001,-11049250.0,7.3,36.7,25.0,207.0,212.0,Medium
3260500.000000001,-10949250.0,6.8,27.6,25.0,299.0,152.0,Medium
3260500.000000001,-10849250.0,6.4,31.3,25.0,489.0,205.0,Medium
3260500.000000001,-10749250.0,6.3,39.1,25.0,345.0,253.0,Medium
3260500.000000001,-10649250.0,6.5,36.0,25.0,501.0,261.0,Medium
3260500.000000001,-9449250.0,4.9,27.1,25.0,2159.0,194.0,Medium
3260500.000000001,-549250.0,7.4,34.3,25.0,329.0,276.0,Medium
3260500.000000001,-449250.0,7.6,31.6,25.0,90.0,192.0,Low
3260500.000000001,-349250.0,8.0,31.5,25.0,79.0,148.0,Low
3260500.000000001,-249250.0,8.0,30.2,25.0,60.0,135.0,Low
3260500.000000001,-149250.0,8.2,30.7,25.0,52.0,148.0,Low
3260500.000000001,-49250.0,8.2,29.1,25.0,48.0,175.0,Low
3260500.000000001,50750.0,8.1,28.7,25.0,89.0,204.0,Low
3260500.000000001,150750.0,8.2,27.9,25.0,56.0,205.0,Low
3260500.000000001,250750.0,8.2,31.0,25.0,106.0,256.0,Low
3260500.000000001,350750.0,8.4,31.2,25.0,97.0,214.0,Low
3260500.000000001,450750.0,8.4,30.2,25.0,64.0,235.0,Low
3260500.000000001,550750.0,8.4,30.7,25.0,96.0,258.0,Low
3260500.000000001,650750.0,8.4,31.2,25.0,97.0,294.0,Low
3260500.000000001,750750.0,8.5,31.8,25.0,98.0,244.0,Low
3260500.000000001,850750.0,8.3,31.2,25.0,100.0,197.0,Low
3260500.000000001,950750.0,8.4,31.1,25.0,105.0,148.0,Low
3260500.000000001,1050750.0,8.4,30.6,25.0,93.0,137.0,Low
3260500.000000001,1150750.0,8.2,30.6,25.0,54.0,138.0,Low
3260500.000000001,1250750.0,8.2,32.1,25.0,87.0,140.0,Low
3260500.000000001,1350750.0,8.2,31.4,25.0,100.0,165.0,Low
3260500.000000001,1450750.0,8.2,29.9,25.0,60.0,173.0,Low
3260500.000000001,1550750.0,8.1,29.8,25.0,66.0,168.0,Low
3260500.000000001,1650750.0,8.1,30.5,25.0,72.0,161.0,Low
3260500.000000001,1750750.0,8.2,31.7,25.0,105.0,156.0,Low
3260500.000000001,1850750.0,8.1,31.6,25.0,101.0,157.0,Low
3260500.000000001,1950750.0,8.0,31.1,25.0,57.0,152.0,Low
3260500.000000001,2050750.0,8.0,30.5,25.0,70.0,149.0,Low
3260500.000000001,2150750.0,8.2,30.8,25.0,64.0,158.0,Low
3260500.000000001,2250750.0,8.3,30.9,25.0,72.0,155.0,Low
3260500.000000001,2350750.0,8.3,29.9,25.0,75.0,164.0,Low
3260500.000000001,2450750.0,8.1,28.8,25.0,105.0,149.0,Low
3260500.000000001,2550750.0,8.1,27.5,25.0,145.0,146.0,Low
3260500.000000001,2650750.0,8.0,27.4,25.0,100.0,148.0,Low
3260500.000000001,2750750.0,7.9,24.8,25.0,100.0,146.0,Low
3260500.000000001,2850750.0,7.9,28.3,25.0,56.0,150.0,Low
3260500.000000001,2950750.0,8.1,32.3,25.0,100.0,190.0,Low
3260500.000000001,3050750.0,8.2,29.1,25.0,94.0,194.0,Low
3260500.000000001,3150750.0,8.3,29.2,25.0,61.0,137.0,Low
3260500.000000001,3250750.0,8.0,26.4,25.0,92.0,137.0,Low
3260500.000000001,3350750.0,8.0,29.1,25.0,65.0,145.0,Low
3260500.000000001,3450750.0,7.5,30.6,25.0,256.0,206.0,Medium
3260500.000000001,3550750.0,8.0,29.5,25.0,58.0,143.0,Low
3260500.000000001,3650750.0,7.9,27.9,25.0,96.0,151.0,Low
3260500.000000001,3750750.0,7.9,30.3,25.0,70.0,144.0,Low
3260500.000000001,3850750.0,7.8,26.8,25.0,57.0,154.0,Low
3260500.000000001,3950750.0,8.2,30.8,25.0,133.0,160.0,Low
3260500.000000001,4050750.0,8.1,29.5,25.0,101.0,163.0,Low
3260500.000000001,4150750.0,8.1,31.4,25.0,129.0,181.0,Low
3260500.000000001,4250750.0,8.0,29.2,25.0,76.0,144.0,Low
3260500.000000001,4350750.0,8.0,30.4,25.0,66.0,138.0,Low
3260500.000000001,4450750.0,8.1,33.8,25.0,61.0,145.0,Low
3260500.000000001,4550750.0,8.0,31.9,25.0,65.0,148.0,Low
3260500.000000001,4650750.0,8.0,32.1,25.0,77.0,174.0,Low
3260500.000000001,4750750.0,7.9,33.4,25.0,82.0,183.0,Low
3260500.000000001,4850750.0,7.9,33.0,25.0,87.0,171.0,Low
3260500.000000001,4950750.0,7.9,34.9,25.0,78.0,176.0,Low
3260500.000000001,5050750.0,7.9,31.3,25.0,59.0,151.0,Low
3260500.000000001,5350750.0,7.6,33.2,25.0,234.0,240.0,Medium
3260500.000000001,5450750.0,7.9,32.5,25.0,185.0,294.0,Low
3260500.000000001,5550750.0,7.9,31.4,25.0,173.0,216.0,Low
3260500.000000001,5650750.0,8.0,31.6,25.0,209.0,262.0,Low
3260500.000000001,5750750.0,8.1,30.7,25.0,125.0,245.0,Low
3260500.000000001,5850750.0,7.9,33.7,25.0,145.0,198.0,Low
3260500.000000001,5950750.0,7.6,34.8,25.0,180.0,237.0,Medium
3260500.000000001,6050750.0,7.8,30.6,25.0,79.0,150.0,Low
3260500.000000001,6150750.0,8.1,29.5,25.0,54.0,144.0,Low
3260500.000000001,6250750.0,7.8,30.6,25.0,102.0,151.0,Low
3260500.000000001,6350750.0,8.0,29.1,25.0,57.0,158.0,Low
3260500.000000001,6450750.0,8.2,30.8,25.0,58.0,155.0,Low
3260500.000000001,6550750.0,8.3,28.9,25.0,58.0,165.0,Low
3260500.000000001,6650750.0,7.8,29.3,25.0,67.0,157.0,Low
3260500.000000001,6750750.0,8.1,31.7,25.0,75.0,170.0,Low
3260500.000000001,6850750.0,7.9,32.1,25.0,101.0,215.0,Low
3260500.000000001,6950750.0,7.8,32.5,25.0,87.0,210.0,Low
3260500.000000001,7050750.0,8.3,30.7,25.0,38.0,172.0,Low
3260500.000000001,7150750.0,8.3,31.8,25.0,61.0,178.0,Low
3260500.000000001,7250750.0,8.0,35.2,25.0,116.0,188.0,Low
3260500.000000001,7350750.0,7.8,30.8,25.0,86.0,132.0,Low
3260500.000000001,7450750.0,7.8,31.2,25.0,79.0,190.0,Low
3260500.000000001,7550750.0,7.8,33.1,25.0,100.0,148.0,Low
3260500.000000001,7650750.0,8.1,34.4,25.0,128.0,115.0,Low
3260500.000000001,7750750.0,7.7,33.1,25.0,104.0,142.0,Low
3260500.000000001,7850750.0,8.5,34.5,25.0,139.0,144.0,Low
3260500.000000001,7950750.0,7.1,33.8,25.0,139.0,112.0,Medium
3260500.000000001,8050750.0,6.8,38.9,25.0,157.0,153.0,Medium
3260500.000000001,8150750.0,6.0,38.9,25.0,389.0,213.0,Medium
3260500.000000001,8250750.0,5.8,38.5,25.0,413.0,232.0,Medium
3260500.000000001,8350750.0,5.8,36.5,25.0,643.0,268.0,Medium
3260500.000000001,8450750.0,6.4,35.6,25.0,401.0,287.0,Medium
3260500.000000001,8550750.0,7.0,35.6,25.0,275.0,307.0,Medium
3260500.000000001,8650750.0,7.4,34.0,25.0,260.0,247.0,Medium
3260500.000000001,8750750.0,7.5,33.4,25.0,272.0,247.0,Medium
3260500.000000001,8850750.0,7.9,34.5,25.0,202.0,241.0,Low
3260500.000000001,8950750.0,7.7,33.6,25.0,218.0,263.0,Low
3260500.000000001,9050750.0,7.7,32.5,25.0,226.0,115.0,Low
3260500.000000001,9150750.0,7.3,37.8,25.0,321.0,133.0,Medium
3260500.000000001,9250750.0,7.8,31.1,25.0,131.0,94.0,Low
3260500.000000001,9350750.0,7.5,34.1,25.0,317.0,105.0,Low
3260500.000000001,9450750.0,7.1,36.6,25.0,425.0,195.0,Medium
3260500.000000001,9550750.0,6.2,36.0,25.0,630.0,168.0,Medium
3260500.000000001,9650750.0,6.5,37.7,25.0,530.0,254.0,Medium
3260500.000000001,9750750.0,6.6,38.0,25.0,470.0,264.0,Medium
3260500.000000001,9850750.0,6.6,39.7,25.0,470.0,236.0,Medium
3260500.000000001,9950750.0,6.5,43.5,25.0,479.0,246.0,Medium
3260500.000000001,10050750.0,6.6,43.5,25.0,500.0,254.0,Medium
3260500.000000001,10150750.0,6.6,43.8,25.0,493.0,247.0,Medium
3260500.000000001,10250750.0,6.4,43.5,25.0,759.0,246.0,Medium
3260500.000000001,10350750.0,5.8,41.1,25.0,622.0,247.0,Medium
3260500.000000001,10450750.0,6.0,46.1,25.0,488.0,275.0,Medium
3260500.000000001,10550750.0,6.6,44.2,25.0,424.0,301.0,Medium
3260500.000000001,10650750.0,6.3,40.6,25.0,307.0,271.0,Medium
3260500.000000001,10750750.0,6.1,40.2,25.0,328.0,293.0,Medium
3260500.000000001,10850750.0,5.6,44.2,25.0,394.0,223.0,Medium
3260500.000000001,10950750.0,5.9,43.0,25.0,478.0,242.0,Medium
3260500.000000001,11050750.0,5.7,44.0,25.0,532.0,217.0,Medium
3260500.000000001,11150750.0,5.7,42.3,25.0,509.0,197.0,Medium
3260500.000000001,11250750.0,6.1,39.7,25.0,308.0,222.0,Medium
3260500.000000001,11350750.0,6.5,38.8,25.0,297.0,199.0,Medium
3260500.000000001,11450750.0,5.9,39.3,25.0,377.0,190.0,Medium
3260500.000000001,11550750.0,5.6,40.2,25.0,353.0,200.0,Medium
3260500.000000001,11650750.0,5.8,40.3,25.0,216.0,202.0,Medium
3260500.000000001,11850750.0,5.1,38.6,25.0,282.0,166.0,Low
3260500.000000001,11950750.0,5.3,39.2,25.0,347.0,190.0,Low
3260500.000000001,12050750.0,5.6,39.7,25.0,326.0,182.0,Medium
3260500.000000001,12150750.0,5.7,40.5,25.0,325.0,194.0,Medium
3160500.000000001,-12449250.0,7.1,32.0,25.0,164.0,154.0,Medium
3160500.000000001,-12249250.0,9.0,33.0,25.0,94.0,250.0,Low
3160500.000000001,-12149250.0,7.8,32.7,25.0,145.0,200.0,Low
3160500.000000001,-12049250.0,7.0,34.0,25.0,400.0,213.0,Medium
3160500.000000001,-11949250.0,6.4,37.8,25.0,278.0,232.0,Medium
3160500.000000001,-11849250.0,6.2,35.6,25.0,234.0,255.0,Medium
3160500.000000001,-11749250.0,6.6,36.2,25.0,257.0,244.0,Medium
3160500.000000001,-11649250.0,8.0,33.0,25.0,101.0,218.0,Low
3160500.000000001,-11549250.0,7.8,33.8,25.0,168.0,204.0,Low
3160500.000000001,-11449250.0,8.2,31.2,25.0,94.0,192.0,Low
3160500.000000001,-11349250.0,7.3,35.6,25.0,270.0,152.0,Medium
3160500.000000001,-11249250.0,7.8,35.7,25.0,163.0,202.0,Low
3160500.000000001,-11149250.0,7.8,36.4,25.0,186.0,194.0,Low
3160500.000000001,-11049250.0,7.0,32.6,25.0,172.0,196.0,Medium
3160500.000000001,-10949250.0,7.4,33.8,25.0,241.0,189.0,Medium
3160500.000000001,-10849250.0,6.6,30.8,25.0,319.0,257.0,Medium
3160500.000000001,-9349250.0,5.4,23.2,25.0,2004.0,217.0,Medium
3160500.000000001,-649250.0,8.2,30.6,25.0,143.0,193.0,Low
3160500.000000001,-549250.0,8.2,31.4,25.0,51.0,180.0,Low
3160500.000000001,-449250.0,8.2,30.4,25.0,47.0,192.0,Low
3160500.000000001,-349250.0,8.1,29.7,25.0,50.0,137.0,Low
3160500.000000001,-249250.0,8.1,31.5,25.0,97.0,161.0,Low
3160500.000000001,-149250.0,8.1,30.1,25.0,99.0,194.0,Low
3160500.000000001,-49250.0,8.1,29.9,25.0,93.0,212.0,Low
3160500.000000001,50750.0,8.2,28.5,25.0,55.0,296.0,Low
3160500.000000001,150750.0,8.2,29.2,25.0,85.0,327.0,Low
3160500.000000001,250750.0,8.4,30.2,25.0,113.0,260.0,Low
3160500.000000001,350750.0,8.4,31.0,25.0,139.0,247.0,Low
3160500.000000001,450750.0,8.4,30.5,25.0,63.0,247.0,Low
3160500.000000001,550750.0,8.4,30.9,25.0,92.0,311.0,Low
3160500.000000001,650750.0,8.4,28.8,25.0,101.0,226.0,Low
3160500.000000001,750750.0,8.5,31.9,25.0,92.0,279.0,Low
3160500.000000001,850750.0,8.4,30.9,25.0,62.0,269.0,Low
3160500.000000001,950750.0,8.4,30.6,25.0,97.0,177.0,Low
3160500.000000001,1050750.0,8.4,31.0,25.0,65.0,141.0,Low
3160500.000000001,1150750.0,8.2,32.6,25.0,91.0,155.0,Low
3160500.000000001,1250750.0,8.2,31.3,25.0,73.0,142.0,Low
3160500.000000001,1350750.0,8.2,32.6,25.0,85.0,132.0,Low
3160500.000000001,1450750.0,8.2,32.3,25.0,112.0,139.0,Low
3160500.000000001,1550750.0,8.2,32.3,25.0,88.0,141.0,Low
3160500.000000001,1650750.0,8.2,31.4,25.0,60.0,139.0,Low
3160500.000000001,1750750.0,8.1,30.4,25.0,62.0,151.0,Low
3160500.000000001,1850750.0,8.3,33.1,25.0,95.0,157.0,Low
3160500.000000001,1950750.0,8.3,32.8,25.0,101.0,159.0,Low
3160500.000000001,2050750.0,8.3,32.8,25.0,99.0,149.0,Low
3160500.000000001,2150750.0,8.2,30.2,25.0,66.0,140.0,Low
3160500.000000001,2250750.0,8.2,31.4,25.0,100.0,144.0,Low
3160500.000000001,2350750.0,8.1,31.4,25.0,102.0,158.0,Low
3160500.000000001,2450750.0,8.1,29.4,25.0,102.0,138.0,Low
3160500.000000001,2550750.0,8.0,29.6,25.0,104.0,129.0,Low
3160500.000000001,2650750.0,8.0,28.8,25.0,59.0,150.0,Low
3160500.000000001,2750750.0,7.9,29.2,25.0,105.0,131.0,Low
3160500.000000001,2850750.0,7.9,27.2,25.0,57.0,150.0,Low
3160500.000000001,2950750.0,8.1,28.5,25.0,57.0,133.0,Low
3160500.000000001,3050750.0,8.3,28.9,25.0,58.0,137.0,Low
3160500.000000001,3150750.0,8.1,28.4,25.0,96.0,153.0,Low
3160500.000000001,3250750.0,8.2,30.1,25.0,66.0,153.0,Low
3160500.000000001,3350750.0,8.0,28.2,25.0,96.0,140.0,Low
3160500.000000001,3450750.0,8.1,29.5,25.0,73.0,173.0,Low
3160500.000000001,3550750.0,8.1,29.5,25.0,49.0,168.0,Low
3160500.000000001,3750750.0,7.9,28.8,25.0,107.0,150.0,Low
3160500.000000001,3850750.0,7.8,29.6,25.0,136.0,164.0,Low
3160500.000000001,3950750.0,8.1,29.1,25.0,94.0,162.0,Low
3160500.000000001,4050750.0,8.1,30.1,25.0,66.0,148.0,Low
3160500.000000001,4150750.0,8.0,30.4,25.0,58.0,143.0,Low
3160500.000000001,4250750.0,8.0,30.7,25.0,54.0,142.0,Low
3160500.000000001,4350750.0,8.0,30.3,25.0,73.0,134.0,Low
3160500.000000001,4450750.0,8.0,32.2,25.0,100.0,140.0,Low
3160500.000000001,4550750.0,7.9,31.9,25.0,86.0,153.0,Low
3160500.000000001,4650750.0,7.9,32.9,25.0,82.0,166.0,Low
3160500.000000001,4750750.0,7.9,33.6,25.0,89.0,172.0,Low
3160500.000000001,4850750.0,7.9,33.7,25.0,87.0,177.0,Low
3160500.000000001,4950750.0,7.9,33.6,25.0,114.0,178.0,Low
3160500.000000001,5050750.0,8.0,31.7,25.0,72.0,162.0,Low
3160500.000000001,5150750.0,7.7,30.6,25.0,77.0,148.0,Low
3160500.000000001,5450750.0,7.8,32.2,25.0,95.0,247.0,Low
3160500.000000001,5550750.0,7.9,31.1,25.0,196.0,246.0,Low
3160500.000000001,5650750.0,8.0,32.7,25.0,252.0,289.0,Low
3160500.000000001,5750750.0,8.0,33.2,25.0,186.0,309.0,Low
3160500.000000001,5850750.0,7.9,32.8,25.0,193.0,212.0,Low
3160500.000000001,5950750.0,7.9,30.9,25.0,105.0,189.0,Low
3160500.000000001,6050750.0,7.9,31.1,25.0,135.0,163.0,Low
3160500.000000001,6150750.0,7.9,29.9,25.0,93.0,186.0,Low
3160500.000000001,6250750.0,8.0,30.5,25.0,71.0,158.0,Low
3160500.000000001,6350750.0,8.1,30.0,25.0,63.0,185.0,Low
3160500.000000001,6450750.0,7.9,30.9,25.0,67.0,154.0,Low
3160500.000000001,6550750.0,8.1,31.1,25.0,50.0,137.0,Low
3160500.000000001,6650750.0,8.2,30.1,25.0,49.0,148.0,Low
3160500.000000001,6750750.0,8.2,29.5,25.0,54.0,166.0,Low
3160500.000000001,6850750.0,7.9,30.2,25.0,73.0,192.0,Low
3160500.000000001,6950750.0,8.0,34.2,25.0,88.0,197.0,Low
3160500.000000001,7050750.0,8.1,33.8,25.0,92.0,145.0,Low
3160500.000000001,7150750.0,8.2,29.8,25.0,129.0,148.0,Low
3160500.000000001,7250750.0,8.0,33.3,25.0,100.0,134.0,Low
3160500.000000001,7350750.0,8.1,31.6,25.0,52.0,162.0,Low
3160500.000000001,7450750.0,8.0,31.7,25.0,79.0,140.0,Low
3160500.000000001,7550750.0,8.0,32.0,25.0,92.0,139.0,Low
3160500.000000001,7650750.0,8.1,32.4,25.0,60.0,148.0,Low
3160500.000000001,7850750.0,7.4,35.9,25.0,116.0,203.0,Medium
3160500.000000001,7950750.0,7.8,32.9,25.0,109.0,160.0,Low
3160500.000000001,8050750.0,7.5,35.4,25.0,144.0,186.0,Low
3160500.000000001,8150750.0,7.3,33.3,25.0,147.0,123.0,Low
3160500.000000001,8250750.0,6.5,36.2,25.0,210.0,155.0,Medium
3160500.000000001,8350750.0,6.6,37.5,25.0,188.0,169.0,Medium
3160500.000000001,8450750.0,6.1,36.9,25.0,235.0,209.0,Medium
3160500.000000001,8550750.0,5.8,40.2,25.0,576.0,225.0,Medium
3160500.000000001,8650750.0,6.6,37.1,25.0,552.0,291.0,Medium
3160500.000000001,8750750.0,6.7,36.0,25.0,419.0,272.0,Medium
3160500.000000001,8850750.0,7.4,36.2,25.0,311.0,370.0,Medium
3160500.000000001,8950750.0,7.3,35.5,25.0,291.0,326.0,Medium
3160500.000000001,9050750.0,7.7,36.1,25.0,166.0,253.0,Low
3160500.000000001,9150750.0,7.2,36.1,25.0,257.0,167.0,Medium
3160500.000000001,9250750.0,7.0,37.8,25.0,364.0,208.0,Medium
3160500.000000001,9350750.0,7.1,39.1,25.0,352.0,266.0,Medium
3160500.000000001,9450750.0,7.8,35.5,25.0,171.0,139.0,Low
3160500.000000001,9550750.0,5.6,36.6,25.0,551.0,233.0,Medium
3160500.000000001,9650750.0,5.6,39.0,25.0,715.0,210.0,Medium
3160500.000000001,9750750.0,5.4,41.4,25.0,732.0,200.0,Medium
3160500.000000001,9850750.0,5.6,39.9,25.0,622.0,232.0,Medium
3160500.000000001,9950750.0,6.4,38.4,25.0,562.0,265.0,Medium
3160500.000000001,10050750.0,5.8,39.1,25.0,615.0,213.0,Medium
3160500.000000001,10150750.0,6.4,44.2,25.0,500.0,210.0,Medium
3160500.000000001,10250750.0,6.0,43.3,25.0,535.0,229.0,Medium
3160500.000000001,10350750.0,5.9,41.8,25.0,710.0,208.0,Medium
3160500.000000001,10450750.0,5.8,44.4,25.0,665.0,290.0,Medium
3160500.000000001,10550750.0,5.5,42.7,25.0,582.0,332.0,Medium
3160500.000000001,10650750.0,5.7,41.7,25.0,312.0,264.0,Medium
3160500.000000001,10750750.0,5.7,41.3,25.0,343.0,226.0,Medium
3160500.000000001,10850750.0,5.2,44.4,25.0,352.0,221.0,Medium
3160500.000000001,10950750.0,5.4,43.0,25.0,391.0,220.0,Medium
3160500.000000001,11050750.0,5.9,44.2,25.0,432.0,213.0,Medium
3160500.000000001,11150750.0,6.0,42.2,25.0,450.0,212.0,Medium
3160500.000000001,11250750.0,5.9,40.8,25.0,630.0,216.0,Medium
3160500.000000001,11350750.0,6.0,39.3,25.0,296.0,192.0,Medium
3160500.000000001,11550750.0,5.8,39.9,25.0,255.0,206.0,Medium
3160500.000000001,11650750.0,5.8,38.6,25.0,211.0,204.0,Medium
3160500.000000001,11850750.0,5.2,38.8,25.0,118.0,116.0,Low
3160500.000000001,11950750.0,5.3,38.4,25.0,129.0,132.0,Low
3160500.000000001,12050750.0,4.8,40.4,25.0,452.0,201.0,Low
3160500.000000001,12150750.0,6.0,40.1,25.0,293.0,205.0,Medium
3160500.000000001,12250750.0,5.3,41.2,25.0,404.0,234.0,Medium
3060500.000000001,-12549250.0,8.0,29.8,25.0,51.0,168.0,Low
3060500.000000001,-12449250.0,8.4,27.8,25.0,57.0,160.0,Low
3060500.000000001,-12349250.0,8.0,30.0,25.0,102.0,138.0,Low
3060500.000000001,-12149250.0,8.0,36.0,25.0,150.0,172.0,Low
3060500.000000001,-12049250.0,7.1,34.2,25.0,297.0,204.0,Medium
3060500.000000001,-11949250.0,6.8,35.3,25.0,474.0,224.0,Medium
3060500.000000001,-11849250.0,5.8,36.9,25.0,267.0,235.0,Medium
3060500.000000001,-11749250.0,7.5,35.7,25.0,163.0,226.0,Medium
3060500.000000001,-11649250.0,8.2,33.0,25.0,131.0,235.0,Low
3060500.000000001,-11549250.0,8.1,34.3,25.0,184.0,208.0,Low
3060500.000000001,-11449250.0,8.2,32.6,25.0,115.0,171.0,Low
3060500.000000001,-11349250.0,8.2,33.8,25.0,168.0,185.0,Low
3060500.000000001,-11249250.0,8.1,34.6,25.0,128.0,243.0,Low
3060500.000000001,-11149250.0,8.1,31.0,25.0,130.0,184.0,Low
3060500.000000001,-11049250.0,7.7,35.6,25.0,174.0,204.0,Low
3060500.000000001,-10949250.0,6.9,35.9,25.0,173.0,177.0,Medium
3060500.000000001,-9349250.0,5.4,28.7,25.0,1640.0,210.0,Medium
3060500.000000001,-9249250.0,5.5,36.6,25.0,1381.0,280.0,Medium
3060500.000000001,-849250.0,8.1,29.4,25.0,105.0,144.0,Low
3060500.000000001,-749250.0,8.1,31.3,25.0,76.0,175.0,Low
3060500.000000001,-649250.0,8.2,31.3,25.0,60.0,183.0,Low
3060500.000000001,-549250.0,8.3,30.8,25.0,186.0,192.0,Low
3060500.000000001,-449250.0,8.2,31.1,25.0,116.0,205.0,Low
3060500.000000001,-349250.0,8.1,30.8,25.0,117.0,200.0,Low
3060500.000000001,-249250.0,8.1,30.1,25.0,106.0,171.0,Low
3060500.000000001,-149250.0,8.1,28.7,25.0,133.0,202.0,Low
3060500.000000001,-49250.0,8.1,29.9,25.0,107.0,244.0,Low
3060500.000000001,50750.0,8.2,27.7,25.0,84.0,320.0,Low
3060500.000000001,150750.0,8.2,29.7,25.0,80.0,259.0,Low
3060500.000000001,250750.0,8.4,29.2,25.0,91.0,243.0,Low
3060500.000000001,350750.0,8.4,29.6,25.0,89.0,247.0,Low
3060500.000000001,450750.0,8.4,30.7,25.0,89.0,261.0,Low
3060500.000000001,550750.0,8.4,31.0,25.0,59.0,281.0,Low
3060500.000000001,650750.0,8.4,30.8,25.0,56.0,195.0,Low
3060500.000000001,750750.0,8.5,31.2,25.0,91.0,284.0,Low
3060500.000000001,850750.0,8.5,32.6,25.0,95.0,274.0,Low
3060500.000000001,950750.0,8.1,30.9,25.0,78.0,248.0,Low
3060500.000000001,1050750.0,8.4,31.3,25.0,91.0,191.0,Low
3060500.000000001,1150750.0,8.5,30.9,25.0,93.0,145.0,Low
3060500.000000001,1250750.0,8.4,31.0,25.0,89.0,123.0,Low
3060500.000000001,1350750.0,8.4,30.7,25.0,96.0,148.0,Low
3060500.000000001,1450750.0,8.1,30.4,25.0,93.0,143.0,Low
3060500.000000001,1550750.0,8.3,30.3,25.0,60.0,148.0,Low
3060500.000000001,1650750.0,8.4,30.8,25.0,93.0,129.0,Low
3060500.000000001,1750750.0,8.3,31.0,25.0,63.0,149.0,Low
3060500.000000001,1850750.0,8.2,32.0,25.0,104.0,133.0,Low
3060500.000000001,1950750.0,8.3,32.6,25.0,109.0,165.0,Low
3060500.000000001,2050750.0,8.4,31.1,25.0,64.0,142.0,Low
3060500.000000001,2150750.0,8.3,31.3,25.0,59.0,136.0,Low
3060500.000000001,2250750.0,8.2,30.2,25.0,78.0,140.0,Low
3060500.000000001,2350750.0,8.1,30.1,25.0,116.0,152.0,Low
3060500.000000001,2450750.0,8.1,30.0,25.0,106.0,125.0,Low
3060500.000000001,2550750.0,8.1,28.8,25.0,110.0,127.0,Low
3060500.000000001,2650750.0,8.1,28.1,25.0,147.0,143.0,Low
3060500.000000001,2750750.0,8.2,30.2,25.0,102.0,127.0,Low
3060500.000000001,2850750.0,8.2,30.1,25.0,96.0,139.0,Low
3060500.000000001,2950750.0,8.2,29.1,25.0,60.0,152.0,Low
3060500.000000001,3050750.0,8.2,27.6,25.0,99.0,152.0,Low
3060500.000000001,3150750.0,8.3,29.1,25.0,67.0,159.0,Low
3060500.000000001,3250750.0,8.1,27.7,25.0,107.0,157.0,Low
3060500.000000001,3350750.0,8.2,27.7,25.0,100.0,162.0,Low
3060500.000000001,3450750.0,8.1,29.4,25.0,71.0,169.0,Low
3060500.000000001,3550750.0,8.1,30.6,25.0,64.0,163.0,Low
3060500.000000001,3650750.0,7.9,30.3,25.0,65.0,164.0,Low
3060500.000000001,3950750.0,7.9,28.4,25.0,105.0,143.0,Low
3060500.000000001,4050750.0,8.1,30.2,25.0,53.0,156.0,Low
3060500.000000001,4150750.0,8.0,28.7,25.0,53.0,131.0,Low
3060500.000000001,4250750.0,8.0,29.6,25.0,89.0,147.0,Low
3060500.000000001,4350750.0,8.0,30.1,25.0,64.0,141.0,Low
3060500.000000001,4450750.0,8.0,31.5,25.0,91.0,157.0,Low
3060500.000000001,4550750.0,7.9,32.7,25.0,135.0,152.0,Low
3060500.000000001,4650750.0,7.9,33.3,25.0,104.0,165.0,Low
3060500.000000001,4750750.0,7.9,33.7,25.0,85.0,183.0,Low
3060500.000000001,4850750.0,7.9,34.1,25.0,100.0,208.0,Low
3060500.000000001,4950750.0,7.9,31.7,25.0,74.0,176.0,Low
3060500.000000001,5050750.0,8.0,31.7,25.0,79.0,165.0,Low
3060500.000000001,5150750.0,7.9,31.0,25.0,55.0,138.0,Low
3060500.000000001,5650750.0,8.0,31.7,25.0,111.0,225.0,Low
3060500.000000001,5750750.0,8.1,31.0,25.0,194.0,240.0,Low
3060500.000000001,5850750.0,8.0,31.2,25.0,198.0,214.0,Low
3060500.000000001,5950750.0,7.6,31.1,25.0,264.0,193.0,Low
3060500.000000001,6050750.0,7.8,29.9,25.0,172.0,193.0,Low
3060500.000000001,6150750.0,7.9,33.1,25.0,85.0,193.0,Low
3060500.000000001,6250750.0,8.0,29.5,25.0,54.0,168.0,Low
3060500.000000001,6350750.0,8.0,30.4,25.0,56.0,158.0,Low
3060500.000000001,6450750.0,8.0,31.1,25.0,53.0,172.0,Low
3060500.000000001,6550750.0,7.9,30.6,25.0,113.0,163.0,Low
3060500.000000001,6650750.0,8.2,30.4,25.0,52.0,148.0,Low
3060500.000000001,6750750.0,8.2,30.2,25.0,54.0,151.0,Low
3060500.000000001,6850750.0,8.0,30.7,25.0,53.0,182.0,Low
3060500.000000001,6950750.0,7.7,32.2,25.0,176.0,213.0,Low
3060500.000000001,7050750.0,8.1,32.4,25.0,79.0,182.0,Low
3060500.000000001,7150750.0,8.1,32.0,25.0,100.0,128.0,Low
3060500.000000001,7250750.0,8.0,29.8,25.0,46.0,134.0,Low
3060500.000000001,7350750.0,8.0,28.8,25.0,33.0,97.0,Low
3060500.000000001,7450750.0,8.1,30.8,25.0,43.0,87.0,Low
3060500.000000001,7550750.0,8.0,33.5,25.0,56.0,122.0,Low
3060500.000000001,7650750.0,7.7,31.6,25.0,71.0,221.0,Low
3060500.000000001,7750750.0,7.9,33.1,25.0,64.0,196.0,Low
3060500.000000001,7850750.0,7.5,33.9,25.0,97.0,266.0,Medium
3060500.000000001,7950750.0,7.7,35.6,25.0,111.0,185.0,Low
3060500.000000001,8050750.0,7.9,32.1,25.0,125.0,142.0,Low
3060500.000000001,8150750.0,8.7,33.2,25.0,140.0,137.0,Low
3060500.000000001,8250750.0,7.5,34.8,25.0,151.0,230.0,Medium
3060500.000000001,8350750.0,7.2,33.4,25.0,137.0,121.0,Medium
3060500.000000001,8450750.0,7.0,36.7,25.0,137.0,139.0,Medium
3060500.000000001,8550750.0,7.0,36.5,25.0,125.0,133.0,Medium
3060500.000000001,8650750.0,6.4,36.4,25.0,153.0,140.0,Medium
3060500.000000001,8750750.0,5.9,35.6,25.0,212.0,153.0,Medium
3060500.000000001,8850750.0,5.9,37.5,25.0,317.0,175.0,Medium
3060500.000000001,8950750.0,5.5,38.8,25.0,473.0,208.0,Medium
3060500.000000001,9050750.0,5.3,41.5,25.0,765.0,240.0,Medium
3060500.000000001,9150750.0,6.7,39.4,25.0,411.0,294.0,Medium
3060500.000000001,9250750.0,5.4,41.3,25.0,1014.0,226.0,Medium
3060500.000000001,9350750.0,5.6,41.7,25.0,493.0,232.0,Medium
3060500.000000001,9450750.0,5.6,42.6,25.0,594.0,229.0,Medium
3060500.000000001,9550750.0,5.2,39.7,25.0,541.0,200.0,Medium
3060500.000000001,9650750.0,5.4,39.1,25.0,409.0,220.0,Medium
3060500.000000001,9750750.0,5.7,39.2,25.0,282.0,174.0,Medium
3060500.000000001,9850750.0,5.3,34.8,25.0,354.0,180.0,Low
3060500.000000001,9950750.0,5.5,41.1,25.0,749.0,280.0,Medium
3060500.000000001,10050750.0,5.2,38.3,25.0,1304.0,201.0,Medium
3060500.000000001,10150750.0,6.0,41.4,25.0,442.0,267.0,Medium
3060500.000000001,10250750.0,5.6,44.8,25.0,564.0,233.0,Medium
3060500.000000001,10350750.0,6.5,44.0,25.0,453.0,203.0,Medium
3060500.000000001,10450750.0,5.8,43.0,25.0,464.0,206.0,Medium
3060500.000000001,10550750.0,5.8,41.2,25.0,568.0,200.0,Medium
3060500.000000001,10650750.0,6.4,42.5,25.0,433.0,261.0,Medium
3060500.000000001,10750750.0,5.9,41.9,25.0,394.0,265.0,Medium
3060500.000000001,10850750.0,5.5,44.0,25.0,318.0,235.0,Medium
3060500.000000001,10950750.0,5.5,43.3,25.0,405.0,212.0,Medium
3060500.000000001,11050750.0,6.0,44.3,25.0,513.0,218.0,Medium
3060500.000000001,11150750.0,6.0,40.3,25.0,555.0,230.0,Medium
3060500.000000001,11250750.0,5.5,41.2,25.0,547.0,222.0,Medium
3060500.000000001,11350750.0,6.5,40.3,25.0,529.0,208.0,Medium
3060500.000000001,11450750.0,5.7,39.1,25.0,236.0,195.0,Medium
3060500.000000001,11550750.0,5.6,39.0,25.0,265.0,228.0,Medium
3060500.000000001,11650750.0,5.0,37.9,25.0,459.0,247.0,Low
3060500.000000001,11750750.0,5.5,38.1,25.0,231.0,180.0,Low
3060500.000000001,11850750.0,5.2,37.2,25.0,253.0,218.0,Low
3060500.000000001,11950750.0,4.9,38.8,25.0,201.0,162.0,Low
3060500.000000001,12050750.0,5.1,39.5,25.0,274.0,151.0,Low
3060500.000000001,12150750.0,5.3,39.2,25.0,354.0,187.0,Low
3060500.000000001,12250750.0,5.4,39.2,25.0,408.0,204.0,Medium
2960500.000000001,-12349250.0,8.0,32.8,25.0,169.0,178.0,Low
2960500.000000001,-12049250.0,7.7,34.9,25.0,126.0,178.0,Low
2960500.000000001,-11949250.0,6.5,36.7,25.0,569.0,219.0,Medium
2960500.000000001,-11849250.0,6.4,37.3,25.0,468.0,223.0,Medium
2960500.000000001,-11749250.0,6.5,36.1,25.0,253.0,226.0,Medium
2960500.000000001,-11649250.0,7.6,32.7,25.0,163.0,228.0,Low
2960500.000000001,-11549250.0,8.5,33.6,25.0,137.0,196.0,Low
2960500.000000001,-11449250.0,8.4,32.3,25.0,137.0,199.0,Low
2960500.000000001,-11349250.0,8.2,33.5,25.0,124.0,180.0,Low
2960500.000000001,-11249250.0,8.3,33.4,25.0,136.0,181.0,Low
2960500.000000001,-11149250.0,8.0,36.1,25.0,180.0,197.0,Low
2960500.000000001,-10949250.0,7.1,24.5,25.0,165.0,109.0,Low
2960500.000000001,-9349250.0,5.8,32.3,25.0,1317.0,320.0,Medium
2960500.000000001,-9249250.0,6.0,36.8,25.0,1137.0,243.0,Medium
2960500.000000001,-949250.0,8.1,28.0,25.0,206.0,127.0,Low
2960500.000000001,-849250.0,8.3,28.4,25.0,125.0,157.0,Low
2960500.000000001,-749250.0,8.2,30.6,25.0,153.0,140.0,Low
2960500.000000001,-649250.0,8.3,30.3,25.0,117.0,155.0,Low
2960500.000000001,-549250.0,8.3,30.7,25.0,116.0,217.0,Low
2960500.000000001,-449250.0,8.2,30.6,25.0,110.0,173.0,Low
2960500.000000001,-349250.0,8.2,30.3,25.0,110.0,220.0,Low
2960500.000000001,-249250.0,8.1,29.3,25.0,153.0,308.0,Low
2960500.000000001,-149250.0,8.2,28.8,25.0,78.0,332.0,Low
2960500.000000001,-49250.0,8.4,28.9,25.0,107.0,356.0,Low
2960500.000000001,50750.0,8.3,30.0,25.0,109.0,317.0,Low
2960500.000000001,150750.0,8.2,30.2,25.0,117.0,250.0,Low
2960500.000000001,250750.0,8.1,29.5,25.0,90.0,244.0,Low
2960500.000000001,350750.0,8.2,27.5,25.0,92.0,233.0,Low
2960500.000000001,450750.0,8.3,30.4,25.0,54.0,250.0,Low
2960500.000000001,550750.0,8.3,29.9,25.0,90.0,250.0,Low
2960500.000000001,650750.0,8.3,30.2,25.0,90.0,226.0,Low
2960500.000000001,750750.0,8.3,30.8,25.0,86.0,235.0,Low
2960500.000000001,850750.0,8.3,30.0,25.0,61.0,239.0,Low
2960500.000000001,950750.0,8.1,30.4,25.0,105.0,261.0,Low
2960500.000000001,1050750.0,8.1,29.8,25.0,104.0,252.0,Low
2960500.000000001,1150750.0,8.4,29.6,25.0,62.0,225.0,Low
2960500.000000001,1250750.0,8.5,31.0,25.0,54.0,170.0,Low
2960500.000000001,1350750.0,8.4,31.2,25.0,69.0,146.0,Low
2960500.000000001,1450750.0,8.4,31.6,25.0,89.0,148.0,Low
2960500.000000001,1550750.0,8.3,30.8,25.0,56.0,157.0,Low
2960500.000000001,1650750.0,8.3,30.3,25.0,54.0,136.0,Low
2960500.000000001,1750750.0,8.4,28.9,25.0,101.0,131.0,Low
2960500.000000001,1850750.0,8.2,30.0,25.0,112.0,145.0,Low
2960500.000000001,1950750.0,8.2,31.0,25.0,108.0,153.0,Low
2960500.000000001,2050750.0,8.3,29.8,25.0,74.0,152.0,Low
2960500.000000001,2150750.0,8.2,30.4,25.0,58.0,145.0,Low
2960500.000000001,2250750.0,8.2,30.8,25.0,111.0,129.0,Low
2960500.000000001,2350750.0,8.2,30.0,25.0,120.0,146.0,Low
2960500.000000001,2450750.0,8.2,30.1,25.0,108.0,135.0,Low
2960500.000000001,2550750.0,8.0,27.3,25.0,122.0,135.0,Low
2960500.000000001,2650750.0,8.1,28.8,25.0,80.0,140.0,Low
2960500.000000001,2750750.0,8.2,29.7,25.0,86.0,134.0,Low
2960500.000000001,2850750.0,8.2,30.3,25.0,100.0,143.0,Low
2960500.000000001,2950750.0,8.3,30.3,25.0,116.0,156.0,Low
2960500.000000001,3050750.0,8.3,29.9,25.0,94.0,145.0,Low
2960500.000000001,3150750.0,8.3,30.0,25.0,94.0,132.0,Low
2960500.000000001,3250750.0,8.3,31.1,25.0,109.0,156.0,Low
2960500.000000001,3350750.0,8.1,29.6,25.0,100.0,144.0,Low
2960500.000000001,3450750.0,8.2,28.1,25.0,99.0,167.0,Low
2960500.000000001,3550750.0,8.1,30.3,25.0,65.0,172.0,Low
2960500.000000001,3650750.0,8.1,29.5,25.0,81.0,159.0,Low
2960500.000000001,4050750.0,7.9,30.1,25.0,101.0,168.0,Low
2960500.000000001,4150750.0,7.8,28.5,25.0,72.0,140.0,Low
2960500.000000001,4250750.0,8.1,31.2,25.0,73.0,145.0,Low
2960500.000000001,4350750.0,8.1,30.1,25.0,58.0,151.0,Low
2960500.000000001,4450750.0,8.0,30.5,25.0,78.0,139.0,Low
2960500.000000001,4550750.0,8.0,31.5,25.0,116.0,158.0,Low
2960500.000000001,4650750.0,7.9,32.4,25.0,110.0,139.0,Low
2960500.000000001,4750750.0,7.9,32.8,25.0,92.0,157.0,Low
2960500.000000001,4850750.0,7.9,32.8,25.0,80.0,175.0,Low
2960500.000000001,4950750.0,7.9,32.9,25.0,82.0,188.0,Low
2960500.000000001,5050750.0,7.9,32.5,25.0,77.0,165.0,Low
2960500.000000001,5150750.0,8.0,32.6,25.0,61.0,172.0,Low
2960500.000000001,5250750.0,8.0,28.9,25.0,91.0,150.0,Low
2960500.000000001,6050750.0,7.9,29.6,25.0,234.0,166.0,Low
2960500.000000001,6150750.0,7.8,30.6,25.0,168.0,191.0,Low
2960500.000000001,6250750.0,7.8,31.2,25.0,132.0,207.0,Low
2960500.000000001,6350750.0,7.8,31.2,25.0,125.0,195.0,Low
2960500.000000001,6450750.0,8.0,31.3,25.0,123.0,160.0,Low
2960500.000000001,6550750.0,8.0,31.7,25.0,67.0,135.0,Low
2960500.000000001,6650750.0,8.1,29.8,25.0,56.0,150.0,Low
2960500.000000001,6750750.0,7.9,30.9,25.0,92.0,161.0,Low
2960500.000000001,6850750.0,8.1,30.6,25.0,79.0,153.0,Low
2960500.000000001,6950750.0,7.6,32.7,25.0,136.0,163.0,Low
2960500.000000001,7050750.0,8.0,30.4,25.0,77.0,172.0,Low
2960500.000000001,7150750.0,8.1,33.9,25.0,93.0,125.0,Low
2960500.000000001,7250750.0,8.0,29.1,25.0,39.0,102.0,Low
2960500.000000001,7350750.0,8.0,29.3,25.0,39.0,85.0,Low
2960500.000000001,7450750.0,8.0,30.0,25.0,38.0,90.0,Low
2960500.000000001,7550750.0,7.7,32.4,25.0,46.0,102.0,Low
2960500.000000001,7650750.0,7.3,33.1,25.0,68.0,127.0,Low
2960500.000000001,7750750.0,7.4,33.7,25.0,97.0,130.0,Low
2960500.000000001,7850750.0,7.4,36.3,25.0,107.0,268.0,Medium
2960500.000000001,7950750.0,7.2,34.5,25.0,123.0,192.0,Medium
2960500.000000001,8050750.0,7.3,36.2,25.0,106.0,221.0,Medium
2960500.000000001,8150750.0,8.1,37.3,25.0,146.0,175.0,Low
2960500.000000001,8250750.0,8.0,33.1,25.0,151.0,132.0,Low
2960500.000000001,8350750.0,7.5,34.5,25.0,153.0,275.0,Medium
2960500.000000001,8450750.0,7.3,36.0,25.0,130.0,230.0,Medium
2960500.000000001,8550750.0,7.2,33.6,25.0,129.0,225.0,Medium
2960500.000000001,8650750.0,7.2,36.4,25.0,216.0,176.0,Medium
2960500.000000001,8750750.0,7.0,32.0,25.0,117.0,137.0,Medium
2960500.000000001,8850750.0,6.7,36.1,25.0,164.0,176.0,Medium
2960500.000000001,8950750.0,6.4,35.6,25.0,172.0,199.0,Medium
2960500.000000001,9050750.0,6.5,35.8,25.0,170.0,140.0,Medium
2960500.000000001,9150750.0,5.7,38.8,25.0,193.0,176.0,Medium
2960500.000000001,9250750.0,5.4,37.2,25.0,216.0,217.0,Low
2960500.000000001,9350750.0,5.4,39.5,25.0,169.0,169.0,Low
2960500.000000001,9450750.0,5.3,37.3,25.0,163.0,181.0,Low
2960500.000000001,9550750.0,5.5,38.2,25.0,209.0,193.0,Low
2960500.000000001,9650750.0,5.5,37.5,25.0,202.0,179.0,Low
2960500.000000001,9750750.0,5.3,40.1,25.0,310.0,208.0,Medium
2960500.000000001,9850750.0,5.3,39.9,25.0,1242.0,220.0,Medium
2960500.000000001,9950750.0,5.3,36.4,25.0,626.0,198.0,Medium
2960500.000000001,10050750.0,5.1,37.6,25.0,581.0,210.0,Medium
2960500.000000001,10150750.0,5.4,40.3,25.0,988.0,192.0,Medium
2960500.000000001,10250750.0,6.1,41.3,25.0,471.0,251.0,Medium
2960500.000000001,10350750.0,6.1,37.6,25.0,418.0,199.0,Medium
2960500.000000001,10450750.0,6.9,40.7,25.0,270.0,194.0,Medium
2960500.000000001,10550750.0,5.8,43.5,25.0,400.0,210.0,Medium
2960500.000000001,10650750.0,6.2,43.7,25.0,464.0,226.0,Medium
2960500.000000001,10750750.0,5.8,42.4,25.0,596.0,236.0,Medium
2960500.000000001,10850750.0,6.1,44.3,25.0,514.0,260.0,Medium
2960500.000000001,10950750.0,5.8,47.1,25.0,369.0,196.0,Medium
2960500.000000001,11050750.0,5.9,45.3,25.0,419.0,228.0,Medium
2960500.000000001,11150750.0,5.5,41.4,25.0,548.0,210.0,Medium
2960500.000000001,11250750.0,5.4,42.1,25.0,579.0,213.0,Medium
2960500.000000001,11350750.0,6.2,38.9,25.0,557.0,232.0,Medium
2960500.000000001,11450750.0,5.7,39.2,25.0,242.0,203.0,Medium
2960500.000000001,11550750.0,5.5,38.6,25.0,336.0,215.0,Medium
2960500.000000001,11650750.0,5.8,39.0,25.0,201.0,193.0,Medium
2960500.000000001,11750750.0,5.5,38.4,25.0,247.0,203.0,Medium
2960500.000000001,11850750.0,5.0,38.6,25.0,368.0,199.0,Low
2960500.000000001,11950750.0,5.2,36.1,25.0,248.0,157.0,Low
2960500.000000001,12050750.0,5.0,37.6,25.0,356.0,158.0,Low
2960500.000000001,12150750.0,5.4,39.9,25.0,360.0,184.0,Medium
2960500.000000001,12250750.0,5.5,39.2,25.0,451.0,215.0,Medium
2860500.000000001,-12049250.0,7.7,33.2,25.0,161.0,180.0,Low
2860500.000000001,-11949250.0,7.3,34.5,25.0,177.0,208.0,Medium
2860500.000000001,-11849250.0,6.7,36.6,25.0,481.0,218.0,Medium
2860500.000000001,-11749250.0,5.9,36.7,25.0,294.0,235.0,Medium
2860500.000000001,-11649250.0,7.7,36.2,25.0,241.0,202.0,Low
2860500.000000001,-11549250.0,7.7,35.1,25.0,277.0,194.0,Low
2860500.000000001,-11449250.0,8.3,33.7,25.0,149.0,193.0,Low
2860500.000000001,-11349250.0,8.5,32.2,25.0,134.0,189.0,Low
2860500.000000001,-11249250.0,8.2,34.6,25.0,217.0,200.0,Low
2860500.000000001,-11049250.0,8.1,36.0,25.0,153.0,185.0,Low
2860500.000000001,-10949250.0,8.0,33.8,25.0,158.0,167.0,Low
2860500.000000001,-10849250.0,8.0,33.3,25.0,341.0,219.0,Low
2860500.000000001,-9249250.0,7.1,40.2,25.0,1962.0,391.0,High
2860500.000000001,-1049250.0,8.2,30.2,25.0,104.0,193.0,Low
2860500.000000001,-949250.0,8.3,28.6,25.0,71.0,132.0,Low
2860500.000000001,-849250.0,8.1,30.1,25.0,127.0,131.0,Low
2860500.000000001,-749250.0,8.3,29.6,25.0,101.0,159.0,Low
2860500.000000001,-649250.0,8.3,30.4,25.0,106.0,166.0,Low
2860500.000000001,-549250.0,8.2,30.3,25.0,103.0,180.0,Low
2860500.000000001,-449250.0,8.1,30.7,25.0,107.0,262.0,Low
2860500.000000001,-349250.0,8.2,30.1,25.0,148.0,322.0,Low
2860500.000000001,-249250.0,8.2,29.4,25.0,98.0,253.0,Low
2860500.000000001,-149250.0,8.3,29.2,25.0,101.0,262.0,Low
2860500.000000001,-49250.0,8.3,30.8,25.0,108.0,302.0,Low
2860500.000000001,50750.0,8.3,28.8,25.0,134.0,253.0,Low
2860500.000000001,150750.0,8.2,30.0,25.0,111.0,251.0,Low
2860500.000000001,250750.0,8.1,28.1,25.0,115.0,253.0,Low
2860500.000000001,350750.0,8.2,26.5,25.0,107.0,237.0,Low
2860500.000000001,450750.0,8.3,28.6,25.0,138.0,243.0,Low
2860500.000000001,550750.0,8.3,29.2,25.0,88.0,219.0,Low
2860500.000000001,650750.0,8.2,29.1,25.0,58.0,239.0,Low
2860500.000000001,750750.0,8.0,29.9,25.0,68.0,277.0,Low
2860500.000000001,850750.0,8.4,31.1,25.0,118.0,229.0,Low
2860500.000000001,950750.0,8.5,31.1,25.0,109.0,235.0,Low
2860500.000000001,1050750.0,8.4,30.1,25.0,94.0,273.0,Low
2860500.000000001,1150750.0,8.3,30.7,25.0,89.0,248.0,Low
2860500.000000001,1250750.0,8.2,30.8,25.0,57.0,202.0,Low
2860500.000000001,1350750.0,8.3,30.3,25.0,88.0,159.0,Low
2860500.000000001,1450750.0,8.3,31.8,25.0,105.0,147.0,Low
2860500.000000001,1550750.0,8.3,30.3,25.0,92.0,133.0,Low
2860500.000000001,1650750.0,8.3,30.7,25.0,75.0,136.0,Low
2860500.000000001,1750750.0,8.3,29.5,25.0,91.0,138.0,Low
2860500.000000001,1850750.0,8.4,29.7,25.0,89.0,138.0,Low
2860500.000000001,1950750.0,8.4,30.5,25.0,61.0,125.0,Low
2860500.000000001,2050750.0,8.1,29.7,25.0,62.0,133.0,Low
2860500.000000001,2150750.0,8.3,29.4,25.0,112.0,139.0,Low
2860500.000000001,2250750.0,8.2,29.6,25.0,147.0,139.0,Low
2860500.000000001,2350750.0,8.1,30.6,25.0,292.0,170.0,Low
2860500.000000001,2550750.0,8.1,29.3,25.0,123.0,157.0,Low
2860500.000000001,2650750.0,8.1,28.9,25.0,63.0,159.0,Low
2860500.000000001,2750750.0,8.1,30.7,25.0,97.0,150.0,Low
2860500.000000001,2850750.0,8.2,29.5,25.0,95.0,162.0,Low
2860500.000000001,2950750.0,8.1,28.6,25.0,71.0,171.0,Low
2860500.000000001,3050750.0,8.1,29.3,25.0,69.0,154.0,Low
2860500.000000001,3150750.0,8.1,30.5,25.0,105.0,162.0,Low
2860500.000000001,3250750.0,8.1,29.6,25.0,99.0,155.0,Low
2860500.000000001,3350750.0,8.1,30.0,25.0,143.0,159.0,Low
2860500.000000001,3450750.0,8.1,28.3,25.0,101.0,212.0,Low
2860500.000000001,3550750.0,8.1,30.0,25.0,87.0,167.0,Low
2860500.000000001,3650750.0,8.0,29.3,25.0,80.0,201.0,Low
2860500.000000001,3750750.0,7.9,30.4,25.0,120.0,175.0,Low
2860500.000000001,4050750.0,8.0,28.6,25.0,58.0,144.0,Low
2860500.000000001,4150750.0,8.0,30.4,25.0,56.0,134.0,Low
2860500.000000001,4250750.0,8.1,29.8,25.0,92.0,124.0,Low
2860500.000000001,4350750.0,8.1,30.3,25.0,67.0,161.0,Low
2860500.000000001,4450750.0,8.0,29.9,25.0,70.0,161.0,Low
2860500.000000001,4550750.0,8.0,33.5,25.0,69.0,155.0,Low
2860500.000000001,4650750.0,7.9,35.0,25.0,88.0,185.0,Low
2860500.000000001,4750750.0,7.8,32.0,25.0,148.0,184.0,Low
2860500.000000001,4850750.0,7.9,33.4,25.0,92.0,188.0,Low
2860500.000000001,4950750.0,7.9,31.8,25.0,80.0,200.0,Low
2860500.000000001,5050750.0,7.9,31.6,25.0,85.0,176.0,Low
2860500.000000001,5150750.0,8.0,31.0,25.0,78.0,168.0,Low
2860500.000000001,5250750.0,8.0,30.5,25.0,59.0,151.0,Low
2860500.000000001,5350750.0,8.0,28.9,25.0,46.0,161.0,Low
2860500.000000001,5450750.0,7.8,28.3,25.0,59.0,162.0,Low
2860500.000000001,5950750.0,7.9,29.7,25.0,121.0,143.0,Low
2860500.000000001,6150750.0,8.0,30.7,25.0,138.0,147.0,Low
2860500.000000001,6250750.0,7.9,29.8,25.0,108.0,184.0,Low
2860500.000000001,6350750.0,7.7,30.8,25.0,129.0,172.0,Low
2860500.000000001,6450750.0,7.9,31.7,25.0,100.0,194.0,Low
2860500.000000001,6550750.0,8.0,31.1,25.0,87.0,175.0,Low
2860500.000000001,6650750.0,8.1,30.5,25.0,60.0,170.0,Low
2860500.000000001,6750750.0,7.8,32.3,25.0,64.0,206.0,Low
2860500.000000001,6850750.0,8.1,32.4,25.0,55.0,168.0,Low
2860500.000000001,6950750.0,7.6,32.7,25.0,101.0,191.0,Low
2860500.000000001,7050750.0,7.3,35.1,25.0,206.0,228.0,Medium
2860500.000000001,7150750.0,8.2,30.9,25.0,43.0,123.0,Low
2860500.000000001,7250750.0,8.0,31.7,25.0,78.0,154.0,Low
2860500.000000001,7350750.0,7.9,34.5,25.0,41.0,117.0,Low
2860500.000000001,7450750.0,7.7,33.0,25.0,52.0,90.0,Low
2860500.000000001,7550750.0,7.7,34.3,25.0,63.0,133.0,Low
2860500.000000001,7650750.0,7.5,36.7,25.0,139.0,126.0,Low
2860500.000000001,7750750.0,7.3,34.8,25.0,155.0,225.0,Medium
2860500.000000001,7850750.0,7.5,34.9,25.0,104.0,210.0,Low
2860500.000000001,7950750.0,7.4,31.0,25.0,115.0,238.0,Low
2860500.000000001,8050750.0,7.2,39.2,25.0,111.0,229.0,Medium
2860500.000000001,8150750.0,7.5,38.9,25.0,132.0,207.0,Medium
2860500.000000001,8250750.0,7.9,36.2,25.0,124.0,232.0,Low
2860500.000000001,8350750.0,7.6,31.2,25.0,140.0,217.0,Low
2860500.000000001,8450750.0,7.1,34.3,25.0,145.0,171.0,Medium
2860500.000000001,8550750.0,7.3,34.2,25.0,134.0,212.0,Medium
2860500.000000001,8650750.0,7.5,37.0,25.0,163.0,270.0,Medium
2860500.000000001,8750750.0,7.3,34.7,25.0,150.0,260.0,Medium
2860500.000000001,8850750.0,7.2,33.3,25.0,145.0,149.0,Medium
2860500.000000001,8950750.0,7.0,34.4,25.0,138.0,136.0,Medium
2860500.000000001,9050750.0,6.9,33.5,25.0,165.0,172.0,Medium
2860500.000000001,9150750.0,6.6,36.0,25.0,134.0,182.0,Medium
2860500.000000001,9250750.0,6.1,38.3,25.0,167.0,187.0,Medium
2860500.000000001,9350750.0,5.5,37.9,25.0,181.0,191.0,Low
2860500.000000001,9450750.0,5.1,45.8,25.0,305.0,218.0,Medium
2860500.000000001,9550750.0,5.1,41.5,25.0,591.0,232.0,Medium
2860500.000000001,9650750.0,5.4,36.7,25.0,179.0,183.0,Low
2860500.000000001,9750750.0,5.3,40.1,25.0,528.0,202.0,Medium
2860500.000000001,9850750.0,5.3,40.9,25.0,1630.0,229.0,Medium
2860500.000000001,9950750.0,5.4,38.3,25.0,276.0,230.0,Medium
2860500.000000001,10050750.0,5.3,38.3,25.0,444.0,233.0,Medium
2860500.000000001,10150750.0,5.2,36.3,25.0,817.0,232.0,Medium
2860500.000000001,10250750.0,5.6,39.7,25.0,1014.0,227.0,Medium
2860500.000000001,10350750.0,6.3,37.9,25.0,412.0,218.0,Medium
2860500.000000001,10450750.0,5.8,38.1,25.0,424.0,225.0,Medium
2860500.000000001,10550750.0,7.2,38.3,25.0,230.0,169.0,Medium
2860500.000000001,10650750.0,5.9,41.7,25.0,364.0,202.0,Medium
2860500.000000001,10750750.0,6.4,39.2,25.0,358.0,180.0,Medium
2860500.000000001,10850750.0,5.9,41.3,25.0,421.0,230.0,Medium
2860500.000000001,10950750.0,5.8,42.8,25.0,404.0,200.0,Medium
2860500.000000001,11050750.0,6.0,42.3,25.0,384.0,181.0,Medium
2860500.000000001,11150750.0,5.8,43.1,25.0,539.0,243.0,Medium
2860500.000000001,11250750.0,5.8,41.9,25.0,357.0,208.0,Medium
2860500.000000001,11350750.0,5.4,40.8,25.0,522.0,204.0,Medium
2860500.000000001,11450750.0,5.3,39.7,25.0,559.0,227.0,Medium
2860500.000000001,11550750.0,5.7,38.2,25.0,237.0,225.0,Medium
2860500.000000001,11650750.0,6.2,37.9,25.0,214.0,192.0,Medium
2860500.000000001,11750750.0,5.2,38.7,25.0,370.0,175.0,Low
2860500.000000001,11850750.0,5.8,38.2,25.0,196.0,171.0,Medium
2860500.000000001,11950750.0,5.1,37.7,25.0,286.0,159.0,Low
2860500.000000001,12050750.0,5.3,39.1,25.0,315.0,177.0,Low
2860500.000000001,12150750.0,5.5,39.2,25.0,245.0,171.0,Medium
2860500.000000001,12250750.0,5.3,40.6,25.0,350.0,202.0,Medium
2760500.000000001,-12249250.0,8.1,31.9,25.0,97.0,173.0,Low
2760500.000000001,-11849250.0,6.2,35.3,25.0,328.0,169.0,Medium
2760500.000000001,-11749250.0,5.7,36.7,25.0,681.0,237.0,Medium
2760500.000000001,-11649250.0,6.4,35.8,25.0,229.0,251.0,Medium
2760500.000000001,-11549250.0,7.8,34.0,25.0,173.0,210.0,Low
2760500.000000001,-11449250.0,8.5,33.6,25.0,138.0,175.0,Low
2760500.000000001,-11349250.0,8.0,35.0,25.0,213.0,214.0,Low
2760500.000000001,-11249250.0,8.2,36.2,25.0,157.0,179.0,Low
2760500.000000001,-11149250.0,7.3,36.4,25.0,373.0,149.0,Medium
2760500.000000001,-11049250.0,7.8,31.9,25.0,393.0,209.0,Low
2760500.000000001,-10949250.0,7.9,33.0,25.0,199.0,210.0,Low
2760500.000000001,-1149250.0,8.3,29.8,25.0,173.0,206.0,Low
2760500.000000001,-1049250.0,8.2,30.2,25.0,126.0,148.0,Low
2760500.000000001,-949250.0,8.1,29.2,25.0,126.0,129.0,Low
2760500.000000001,-849250.0,8.1,29.9,25.0,123.0,123.0,Low
2760500.000000001,-749250.0,8.1,29.7,25.0,124.0,145.0,Low
2760500.000000001,-649250.0,8.1,28.5,25.0,102.0,197.0,Low
2760500.000000001,-549250.0,8.2,31.0,25.0,103.0,233.0,Low
2760500.000000001,-449250.0,8.1,30.2,25.0,92.0,250.0,Low
2760500.000000001,-349250.0,8.2,28.6,25.0,95.0,258.0,Low
2760500.000000001,-249250.0,8.2,30.0,25.0,98.0,276.0,Low
2760500.000000001,-149250.0,8.1,29.3,25.0,131.0,253.0,Low
2760500.000000001,-49250.0,8.1,28.8,25.0,99.0,250.0,Low
2760500.000000001,50750.0,8.2,28.4,25.0,133.0,244.0,Low
2760500.000000001,150750.0,8.1,28.0,25.0,103.0,248.0,Low
2760500.000000001,250750.0,8.2,27.4,25.0,137.0,238.0,Low
2760500.000000001,350750.0,8.2,28.8,25.0,98.0,220.0,Low
2760500.000000001,450750.0,8.4,28.8,25.0,59.0,306.0,Low
2760500.000000001,550750.0,8.2,28.7,25.0,118.0,245.0,Low
2760500.000000001,650750.0,8.3,29.8,25.0,145.0,287.0,Low
2760500.000000001,750750.0,8.3,30.6,25.0,109.0,228.0,Low
2760500.000000001,850750.0,8.1,29.0,25.0,229.0,202.0,Low
2760500.000000001,950750.0,8.5,30.9,25.0,106.0,300.0,Low
2760500.000000001,1050750.0,8.6,29.6,25.0,71.0,256.0,Low
2760500.000000001,1150750.0,8.5,30.3,25.0,106.0,280.0,Low
2760500.000000001,1250750.0,8.2,29.4,25.0,78.0,273.0,Low
2760500.000000001,1350750.0,8.1,30.2,25.0,123.0,231.0,Low
2760500.000000001,1450750.0,8.3,30.5,25.0,104.0,157.0,Low
2760500.000000001,1550750.0,8.2,29.8,25.0,133.0,135.0,Low
2760500.000000001,1650750.0,8.4,29.7,25.0,67.0,130.0,Low
2760500.000000001,1750750.0,8.4,29.6,25.0,94.0,125.0,Low
2760500.000000001,1850750.0,8.3,30.8,25.0,67.0,153.0,Low
2760500.000000001,1950750.0,8.3,30.5,25.0,98.0,127.0,Low
2760500.000000001,2050750.0,8.3,30.6,25.0,116.0,148.0,Low
2760500.000000001,2150750.0,8.3,29.8,25.0,158.0,163.0,Low
2760500.000000001,2250750.0,8.2,29.3,25.0,269.0,173.0,Low
2760500.000000001,2350750.0,8.2,29.8,25.0,105.0,154.0,Low
2760500.000000001,2450750.0,8.2,29.9,25.0,193.0,144.0,Low
2760500.000000001,2550750.0,8.2,30.1,25.0,168.0,149.0,Low
2760500.000000001,2650750.0,8.3,30.9,25.0,95.0,150.0,Low
2760500.000000001,2750750.0,8.1,31.1,25.0,101.0,142.0,Low
2760500.000000001,2850750.0,8.1,29.6,25.0,58.0,147.0,Low
2760500.000000001,2950750.0,8.1,29.3,25.0,74.0,169.0,Low
2760500.000000001,3050750.0,8.2,30.0,25.0,94.0,147.0,Low
2760500.000000001,3150750.0,8.2,29.1,25.0,62.0,154.0,Low
2760500.000000001,3250750.0,8.2,29.1,25.0,167.0,156.0,Low
2760500.000000001,3350750.0,8.2,29.5,25.0,129.0,159.0,Low
2760500.000000001,3450750.0,8.1,29.6,25.0,132.0,174.0,Low
2760500.000000001,3550750.0,8.2,28.2,25.0,105.0,217.0,Low
2760500.000000001,3650750.0,8.0,29.9,25.0,65.0,166.0,Low
2760500.000000001,3750750.0,7.9,29.9,25.0,83.0,218.0,Low
2760500.000000001,4150750.0,7.9,30.1,25.0,174.0,155.0,Low
2760500.000000001,4250750.0,8.0,29.6,25.0,59.0,115.0,Low
2760500.000000001,4350750.0,8.2,29.0,25.0,59.0,134.0,Low
2760500.000000001,4450750.0,8.1,30.1,25.0,101.0,143.0,Low
2760500.000000001,4550750.0,8.1,31.8,25.0,106.0,167.0,Low
2760500.000000001,4650750.0,7.9,32.3,25.0,172.0,175.0,Low
2760500.000000001,4750750.0,8.0,32.6,25.0,86.0,203.0,Low
2760500.000000001,4850750.0,7.9,31.7,25.0,126.0,205.0,Low
2760500.000000001,4950750.0,8.0,32.3,25.0,88.0,183.0,Low
2760500.000000001,5050750.0,7.9,30.3,25.0,87.0,185.0,Low
2760500.000000001,5150750.0,8.1,30.9,25.0,82.0,204.0,Low
2760500.000000001,5250750.0,8.1,30.4,25.0,63.0,151.0,Low
2760500.000000001,5350750.0,8.1,29.7,25.0,58.0,156.0,Low
2760500.000000001,5450750.0,8.0,25.1,25.0,76.0,116.0,Low
2760500.000000001,5850750.0,7.8,26.5,25.0,41.0,60.0,Low
2760500.000000001,5950750.0,8.2,30.4,25.0,59.0,116.0,Low
2760500.000000001,7150750.0,7.9,30.7,25.0,65.0,161.0,Low
2760500.000000001,7350750.0,7.8,35.9,25.0,64.0,130.0,Low
2760500.000000001,7450750.0,7.7,36.2,25.0,109.0,169.0,Low
2760500.000000001,7550750.0,7.5,34.2,25.0,130.0,176.0,Low
2760500.000000001,7650750.0,7.5,35.8,25.0,157.0,277.0,Medium
2760500.000000001,7750750.0,7.2,33.6,25.0,133.0,383.0,Medium
2760500.000000001,7850750.0,7.3,37.0,25.0,100.0,361.0,Medium
2760500.000000001,8050750.0,7.3,39.0,25.0,119.0,251.0,Medium
2760500.000000001,8150750.0,7.2,40.0,25.0,107.0,404.0,Medium
2760500.000000001,8250750.0,7.4,39.0,25.0,124.0,300.0,Medium
2760500.000000001,8350750.0,7.2,40.1,25.0,116.0,257.0,Medium
2760500.000000001,8450750.0,7.1,39.1,25.0,128.0,368.0,Medium
2760500.000000001,8550750.0,7.2,39.0,25.0,116.0,351.0,Medium
2760500.000000001,8650750.0,7.4,41.0,25.0,107.0,420.0,Medium
2760500.000000001,8750750.0,7.2,41.5,25.0,135.0,443.0,Medium
2760500.000000001,8850750.0,7.4,40.0,25.0,170.0,299.0,Medium
2760500.000000001,8950750.0,7.1,39.0,25.0,173.0,213.0,Medium
2760500.000000001,9050750.0,6.7,40.9,25.0,172.0,198.0,Medium
2760500.000000001,9150750.0,6.0,40.2,25.0,153.0,165.0,Medium
2760500.000000001,9250750.0,6.8,38.3,25.0,155.0,166.0,Medium
2760500.000000001,9350750.0,6.3,38.2,25.0,139.0,177.0,Medium
2760500.000000001,9450750.0,5.8,37.1,25.0,138.0,205.0,Medium
2760500.000000001,9550750.0,5.6,37.4,25.0,252.0,205.0,Medium
2760500.000000001,9650750.0,5.4,39.7,25.0,326.0,171.0,Medium
2760500.000000001,9750750.0,5.1,42.0,25.0,690.0,193.0,Medium
2760500.000000001,9850750.0,5.2,40.9,25.0,410.0,221.0,Medium
2760500.000000001,9950750.0,5.6,39.4,25.0,210.0,221.0,Medium
2760500.000000001,10050750.0,5.6,38.6,25.0,193.0,211.0,Medium
2760500.000000001,10150750.0,5.7,38.0,25.0,259.0,205.0,Medium
2760500.000000001,10250750.0,5.7,37.9,25.0,422.0,234.0,Medium
2760500.000000001,10350750.0,6.1,39.5,25.0,391.0,212.0,Medium
2760500.000000001,10450750.0,5.8,39.0,25.0,301.0,222.0,Medium
2760500.000000001,10550750.0,5.9,37.2,25.0,309.0,220.0,Medium
2760500.000000001,10650750.0,6.2,38.6,25.0,361.0,196.0,Medium
2760500.000000001,10750750.0,6.2,37.1,25.0,248.0,163.0,Medium
2760500.000000001,10850750.0,6.2,42.0,25.0,269.0,193.0,Medium
2760500.000000001,10950750.0,5.7,40.3,25.0,321.0,201.0,Medium
2760500.000000001,11050750.0,6.0,42.1,25.0,327.0,201.0,Medium
2760500.000000001,11150750.0,5.9,41.4,25.0,279.0,188.0,Medium
2760500.000000001,11250750.0,5.7,41.0,25.0,249.0,195.0,Medium
2760500.000000001,11350750.0,5.5,41.1,25.0,295.0,181.0,Medium
2760500.000000001,11450750.0,5.2,40.2,25.0,357.0,186.0,Low
2760500.000000001,11550750.0,6.2,38.5,25.0,254.0,174.0,Medium
2760500.000000001,11650750.0,5.6,38.9,25.0,414.0,195.0,Medium
2760500.000000001,11750750.0,6.0,39.3,25.0,366.0,196.0,Medium
2760500.000000001,11850750.0,5.8,38.9,25.0,423.0,250.0,Medium
2760500.000000001,11950750.0,5.9,38.5,25.0,290.0,194.0,Medium
2760500.000000001,12050750.0,5.5,40.3,25.0,404.0,166.0,Medium
2760500.000000001,12150750.0,5.4,41.2,25.0,302.0,172.0,Medium
2760500.000000001,12250750.0,5.4,40.1,25.0,291.0,181.0,Medium
2760500.000000001,12550750.0,5.5,41.1,25.0,283.0,169.0,Medium
2660500.000000001,-12149250.0,8.0,32.6,25.0,150.0,180.0,Low
2660500.000000001,-11749250.0,5.9,37.6,25.0,730.0,238.0,Medium
2660500.000000001,-11649250.0,5.7,36.3,25.0,317.0,238.0,Medium
2660500.000000001,-11549250.0,7.9,34.4,25.0,183.0,222.0,Low
2660500.000000001,-11449250.0,7.5,34.3,25.0,167.0,236.0,Medium
2660500.000000001,-11349250.0,8.3,34.5,25.0,137.0,227.0,Low
2660500.000000001,-11249250.0,8.1,34.5,25.0,131.0,193.0,Low
2660500.000000001,-11149250.0,7.7,34.7,25.0,170.0,148.0,Low
2660500.000000001,-11049250.0,7.9,34.8,25.0,328.0,241.0,Low
2660500.000000001,-10949250.0,7.8,35.6,25.0,240.0,223.0,Low
2660500.000000001,-1249250.0,8.3,29.7,25.0,111.0,164.0,Low
2660500.000000001,-1149250.0,8.2,29.1,25.0,104.0,120.0,Low
2660500.000000001,-1049250.0,8.2,30.1,25.0,135.0,172.0,Low
2660500.000000001,-949250.0,8.0,28.2,25.0,125.0,160.0,Low
2660500.000000001,-849250.0,8.0,29.0,25.0,127.0,145.0,Low
2660500.000000001,-749250.0,7.8,28.1,25.0,159.0,205.0,Low
2660500.000000001,-649250.0,8.0,29.0,25.0,92.0,266.0,Low
2660500.000000001,-549250.0,8.2,28.9,25.0,99.0,252.0,Low
2660500.000000001,-449250.0,8.3,27.0,25.0,131.0,243.0,Low
2660500.000000001,-349250.0,8.3,28.0,25.0,128.0,241.0,Low
2660500.000000001,-249250.0,8.3,27.8,25.0,101.0,241.0,Low
2660500.000000001,-149250.0,8.2,25.3,25.0,102.0,236.0,Low
2660500.000000001,-49250.0,8.2,27.5,25.0,107.0,240.0,Low
2660500.000000001,50750.0,8.2,26.2,25.0,104.0,251.0,Low
2660500.000000001,150750.0,8.1,27.7,25.0,101.0,235.0,Low
2660500.000000001,250750.0,8.2,29.0,25.0,104.0,217.0,Low
2660500.000000001,350750.0,8.2,28.1,25.0,92.0,253.0,Low
2660500.000000001,450750.0,8.2,29.1,25.0,95.0,276.0,Low
2660500.000000001,550750.0,8.2,28.4,25.0,70.0,310.0,Low
2660500.000000001,650750.0,8.4,29.1,25.0,97.0,290.0,Low
2660500.000000001,750750.0,8.4,29.5,25.0,63.0,249.0,Low
2660500.000000001,850750.0,8.3,29.6,25.0,76.0,265.0,Low
2660500.000000001,950750.0,8.4,29.8,25.0,83.0,271.0,Low
2660500.000000001,1050750.0,8.4,30.3,25.0,110.0,274.0,Low
2660500.000000001,1150750.0,8.5,29.2,25.0,107.0,290.0,Low
2660500.000000001,1250750.0,8.2,30.7,25.0,106.0,304.0,Low
2660500.000000001,1350750.0,8.2,30.3,25.0,132.0,222.0,Low
2660500.000000001,1450750.0,8.4,30.1,25.0,115.0,175.0,Low
2660500.000000001,1550750.0,8.4,29.8,25.0,63.0,161.0,Low
2660500.000000001,1650750.0,8.5,31.3,25.0,133.0,147.0,Low
2660500.000000001,1750750.0,8.5,30.0,25.0,105.0,139.0,Low
2660500.000000001,1850750.0,8.5,31.6,25.0,78.0,171.0,Low
2660500.000000001,1950750.0,8.4,31.7,25.0,100.0,154.0,Low
2660500.000000001,2050750.0,8.4,28.9,25.0,141.0,172.0,Low
2660500.000000001,2150750.0,8.4,29.5,25.0,107.0,166.0,Low
2660500.000000001,2250750.0,8.3,30.2,25.0,66.0,156.0,Low
2660500.000000001,2350750.0,8.3,30.6,25.0,98.0,153.0,Low
2660500.000000001,2450750.0,8.2,29.9,25.0,162.0,155.0,Low
2660500.000000001,2550750.0,8.1,29.3,25.0,61.0,178.0,Low
2660500.000000001,2650750.0,8.1,29.5,25.0,106.0,172.0,Low
2660500.000000001,2750750.0,8.2,29.8,25.0,95.0,176.0,Low
2660500.000000001,2850750.0,8.1,30.5,25.0,106.0,168.0,Low
2660500.000000001,2950750.0,8.2,31.4,25.0,58.0,174.0,Low
2660500.000000001,3050750.0,8.1,29.8,25.0,69.0,179.0,Low
2660500.000000001,3150750.0,8.2,29.6,25.0,101.0,181.0,Low
2660500.000000001,3250750.0,8.3,29.5,25.0,108.0,163.0,Low
2660500.000000001,3350750.0,8.1,30.1,25.0,139.0,158.0,Low
2660500.000000001,3450750.0,8.1,29.4,25.0,139.0,180.0,Low
2660500.000000001,3550750.0,8.2,28.7,25.0,104.0,244.0,Low
2660500.000000001,3650750.0,7.9,29.9,25.0,67.0,224.0,Low
2660500.000000001,3750750.0,8.0,32.0,25.0,132.0,196.0,Low
2660500.000000001,3850750.0,8.1,29.9,25.0,71.0,182.0,Low
2660500.000000001,4250750.0,7.9,29.9,25.0,119.0,116.0,Low
2660500.000000001,4350750.0,8.1,29.5,25.0,106.0,138.0,Low
2660500.000000001,4450750.0,8.1,29.3,25.0,49.0,129.0,Low
2660500.000000001,4550750.0,8.0,30.8,25.0,71.0,161.0,Low
2660500.000000001,4650750.0,8.0,31.0,25.0,70.0,185.0,Low
2660500.000000001,4750750.0,8.0,32.3,25.0,129.0,180.0,Low
2660500.000000001,4850750.0,8.0,31.7,25.0,96.0,201.0,Low
2660500.000000001,4950750.0,8.1,33.2,25.0,145.0,218.0,Low
2660500.000000001,5050750.0,8.0,31.7,25.0,102.0,194.0,Low
2660500.000000001,5150750.0,8.1,31.4,25.0,76.0,197.0,Low
2660500.000000001,5250750.0,8.1,31.0,25.0,70.0,172.0,Low
2660500.000000001,5350750.0,8.1,29.0,25.0,77.0,187.0,Low
2660500.000000001,5450750.0,8.0,28.0,25.0,61.0,152.0,Low
2660500.000000001,5550750.0,7.9,24.8,25.0,56.0,130.0,Low
2660500.000000001,5650750.0,7.9,21.6,25.0,28.0,62.0,Low
2660500.000000001,5750750.0,7.7,22.4,25.0,23.0,34.0,Low
2660500.000000001,5850750.0,7.9,26.5,25.0,73.0,53.0,Low
2660500.000000001,5950750.0,8.1,29.2,25.0,55.0,71.0,Low
2660500.000000001,6050750.0,7.8,29.2,25.0,178.0,129.0,Low
2660500.000000001,7450750.0,7.5,32.6,25.0,104.0,245.0,Low
2660500.000000001,7550750.0,7.1,28.1,25.0,132.0,248.0,Medium
2660500.000000001,7650750.0,7.4,35.0,25.0,167.0,328.0,Medium
2660500.000000001,7750750.0,7.3,37.7,25.0,168.0,317.0,Medium
2660500.000000001,7850750.0,7.4,33.9,25.0,147.0,325.0,Medium
2660500.000000001,7950750.0,7.5,41.4,25.0,123.0,434.0,Medium
2660500.000000001,8050750.0,7.3,39.4,25.0,107.0,391.0,Medium
2660500.000000001,8150750.0,7.3,39.7,25.0,110.0,406.0,Medium
2660500.000000001,8250750.0,7.6,39.8,25.0,116.0,415.0,Medium
2660500.000000001,8350750.0,7.4,41.2,25.0,112.0,390.0,Medium
2660500.000000001,8450750.0,7.2,39.7,25.0,159.0,394.0,Medium
2660500.000000001,8550750.0,7.3,42.3,25.0,117.0,389.0,Medium
2660500.000000001,8650750.0,6.3,39.8,25.0,244.0,409.0,Medium
2660500.000000001,8750750.0,7.2,41.4,25.0,135.0,387.0,Medium
2660500.000000001,8850750.0,7.2,41.9,25.0,187.0,331.0,Medium
2660500.000000001,8950750.0,6.6,39.0,25.0,152.0,384.0,Medium
2660500.000000001,9050750.0,6.6,41.1,25.0,190.0,283.0,Medium
2660500.000000001,9150750.0,6.1,41.0,25.0,199.0,171.0,Medium
2660500.000000001,9250750.0,6.6,36.3,25.0,134.0,178.0,Medium
2660500.000000001,9350750.0,6.3,38.0,25.0,160.0,170.0,Medium
2660500.000000001,9450750.0,5.6,38.9,25.0,176.0,188.0,Medium
2660500.000000001,9550750.0,5.5,37.1,25.0,295.0,214.0,Medium
2660500.000000001,9650750.0,5.3,40.4,25.0,171.0,150.0,Low
2660500.000000001,9750750.0,5.4,41.4,25.0,364.0,186.0,Medium
2660500.000000001,9850750.0,5.4,42.2,25.0,561.0,186.0,Medium
2660500.000000001,9950750.0,5.5,39.9,25.0,184.0,178.0,Low
2660500.000000001,10050750.0,5.6,39.2,25.0,198.0,191.0,Medium
2660500.000000001,10150750.0,5.4,38.5,25.0,507.0,216.0,Medium
2660500.000000001,10250750.0,5.5,38.9,25.0,371.0,240.0,Medium
2660500.000000001,10350750.0,5.6,39.4,25.0,231.0,196.0,Medium
2660500.000000001,10450750.0,5.6,37.0,25.0,572.0,230.0,Medium
2660500.000000001,10550750.0,5.8,39.6,25.0,295.0,189.0,Medium
2660500.000000001,10650750.0,5.8,36.5,25.0,429.0,182.0,Medium
2660500.000000001,10750750.0,6.6,37.1,25.0,251.0,151.0,Medium
2660500.000000001,10850750.0,6.2,39.9,25.0,252.0,168.0,Medium
2660500.000000001,10950750.0,6.0,39.2,25.0,252.0,169.0,Medium
2660500.000000001,11050750.0,5.7,40.0,25.0,291.0,181.0,Medium
2660500.000000001,11150750.0,5.9,41.4,25.0,339.0,198.0,Medium
2660500.000000001,11250750.0,5.5,40.8,25.0,297.0,169.0,Medium
2660500.000000001,11350750.0,5.3,40.8,25.0,234.0,157.0,Low
2660500.000000001,11550750.0,5.6,39.9,25.0,295.0,174.0,Medium
2660500.000000001,11650750.0,5.5,38.8,25.0,338.0,194.0,Medium
2660500.000000001,11750750.0,5.1,38.2,25.0,438.0,142.0,Low
2660500.000000001,11850750.0,5.1,38.0,25.0,399.0,161.0,Low
2660500.000000001,11950750.0,5.5,38.3,25.0,320.0,189.0,Medium
2660500.000000001,12050750.0,5.8,41.2,25.0,278.0,180.0,Medium
2660500.000000001,12150750.0,5.4,40.2,25.0,328.0,174.0,Medium
2660500.000000001,12550750.0,5.9,37.9,25.0,177.0,158.0,Medium
2660500.000000001,12650750.0,5.2,47.1,25.0,461.0,256.0,Medium
2560500.000000001,-12149250.0,7.5,33.4,25.0,165.0,182.0,Low
2560500.000000001,-11749250.0,6.4,35.8,25.0,261.0,221.0,Medium
2560500.000000001,-11649250.0,6.0,37.1,25.0,372.0,192.0,Medium
2560500.000000001,-11549250.0,7.1,34.0,25.0,161.0,224.0,Medium
2560500.000000001,-11449250.0,6.5,34.6,25.0,205.0,263.0,Medium
2560500.000000001,-11349250.0,8.1,34.9,25.0,138.0,203.0,Low
2560500.000000001,-11249250.0,7.9,35.4,25.0,176.0,218.0,Low
2560500.000000001,-11149250.0,7.8,36.4,25.0,149.0,148.0,Low
2560500.000000001,-11049250.0,6.8,35.9,25.0,393.0,250.0,Medium
2560500.000000001,-10949250.0,7.2,35.9,25.0,290.0,243.0,Medium
2560500.000000001,-9349250.0,6.2,39.5,25.0,464.0,336.0,Medium
2560500.000000001,-9249250.0,6.5,43.2,25.0,793.0,313.0,Medium
2560500.000000001,-9149250.0,6.6,43.1,25.0,692.0,352.0,Medium
2560500.000000001,-1349250.0,8.3,28.5,25.0,91.0,140.0,Low
2560500.000000001,-1249250.0,8.2,29.4,25.0,89.0,115.0,Low
2560500.000000001,-1149250.0,8.1,29.1,25.0,44.0,147.0,Low
2560500.000000001,-1049250.0,8.0,29.5,25.0,40.0,182.0,Low
2560500.000000001,-949250.0,8.1,30.2,25.0,49.0,138.0,Low
2560500.000000001,-849250.0,7.9,27.7,25.0,126.0,198.0,Low
2560500.000000001,-749250.0,7.9,28.4,25.0,125.0,197.0,Low
2560500.000000001,-649250.0,8.0,28.9,25.0,96.0,223.0,Low
2560500.000000001,-549250.0,8.2,28.2,25.0,98.0,260.0,Low
2560500.000000001,-449250.0,8.1,26.0,25.0,131.0,256.0,Low
2560500.000000001,-349250.0,8.1,27.2,25.0,98.0,260.0,Low
2560500.000000001,-249250.0,8.2,27.7,25.0,98.0,235.0,Low
2560500.000000001,-149250.0,8.2,26.2,25.0,132.0,250.0,Low
2560500.000000001,-49250.0,8.1,27.3,25.0,98.0,254.0,Low
2560500.000000001,50750.0,8.3,28.9,25.0,117.0,242.0,Low
2560500.000000001,150750.0,8.2,27.7,25.0,94.0,231.0,Low
2560500.000000001,250750.0,8.3,28.4,25.0,95.0,230.0,Low
2560500.000000001,350750.0,8.3,27.7,25.0,108.0,245.0,Low
2560500.000000001,450750.0,8.3,30.2,25.0,103.0,282.0,Low
2560500.000000001,550750.0,8.3,30.5,25.0,92.0,312.0,Low
2560500.000000001,650750.0,8.3,28.0,25.0,60.0,293.0,Low
2560500.000000001,750750.0,8.2,28.5,25.0,106.0,266.0,Low
2560500.000000001,850750.0,8.2,28.6,25.0,95.0,249.0,Low
2560500.000000001,950750.0,8.2,29.0,25.0,70.0,292.0,Low
2560500.000000001,1050750.0,8.3,29.7,25.0,139.0,290.0,Low
2560500.000000001,1150750.0,8.5,29.9,25.0,62.0,276.0,Low
2560500.000000001,1250750.0,8.4,29.3,25.0,101.0,249.0,Low
2560500.000000001,1350750.0,8.2,30.0,25.0,71.0,248.0,Low
2560500.000000001,1450750.0,8.2,30.3,25.0,110.0,186.0,Low
2560500.000000001,1550750.0,8.4,30.4,25.0,70.0,202.0,Low
2560500.000000001,1650750.0,8.3,30.2,25.0,70.0,148.0,Low
2560500.000000001,1750750.0,8.5,29.8,25.0,65.0,192.0,Low
2560500.000000001,1850750.0,8.3,30.2,25.0,64.0,160.0,Low
2560500.000000001,1950750.0,8.2,31.5,25.0,104.0,175.0,Low
2560500.000000001,2050750.0,8.2,30.3,25.0,111.0,164.0,Low
2560500.000000001,2150750.0,8.2,28.2,25.0,123.0,191.0,Low
2560500.000000001,2250750.0,8.1,30.1,25.0,61.0,168.0,Low
2560500.000000001,2350750.0,8.1,30.3,25.0,134.0,173.0,Low
2560500.000000001,2450750.0,8.2,29.7,25.0,172.0,164.0,Low
2560500.000000001,2550750.0,8.2,29.3,25.0,101.0,173.0,Low
2560500.000000001,2650750.0,8.1,28.9,25.0,112.0,186.0,Low
2560500.000000001,2750750.0,8.1,30.3,25.0,105.0,178.0,Low
2560500.000000001,2850750.0,8.1,30.7,25.0,106.0,188.0,Low
2560500.000000001,2950750.0,8.1,28.9,25.0,75.0,185.0,Low
2560500.000000001,3050750.0,8.1,29.5,25.0,110.0,230.0,Low
2560500.000000001,3150750.0,8.1,29.1,25.0,158.0,184.0,Low
2560500.000000001,3250750.0,8.1,28.7,25.0,121.0,173.0,Low
2560500.000000001,3350750.0,8.1,26.2,25.0,175.0,161.0,Low
2560500.000000001,3450750.0,8.0,27.2,25.0,167.0,165.0,Low
2560500.000000001,3550750.0,8.1,27.4,25.0,146.0,208.0,Low
2560500.000000001,3650750.0,8.0,29.8,25.0,187.0,188.0,Low
2560500.000000001,3750750.0,8.0,29.7,25.0,138.0,217.0,Low
2560500.000000001,3850750.0,8.1,29.4,25.0,81.0,148.0,Low
2560500.000000001,4250750.0,8.0,27.9,25.0,56.0,129.0,Low
2560500.000000001,4350750.0,8.0,30.4,25.0,99.0,147.0,Low
2560500.000000001,4450750.0,8.1,29.9,25.0,58.0,148.0,Low
2560500.000000001,4550750.0,8.1,31.7,25.0,72.0,194.0,Low
2560500.000000001,4650750.0,8.2,32.6,25.0,75.0,178.0,Low
2560500.000000001,4750750.0,8.1,32.0,25.0,73.0,179.0,Low
2560500.000000001,4850750.0,8.1,32.3,25.0,147.0,197.0,Low
2560500.000000001,4950750.0,8.1,34.4,25.0,100.0,208.0,Low
2560500.000000001,5050750.0,8.1,31.4,25.0,84.0,208.0,Low
2560500.000000001,5150750.0,8.1,31.2,25.0,66.0,212.0,Low
2560500.000000001,5250750.0,8.1,29.9,25.0,75.0,193.0,Low
2560500.000000001,5350750.0,8.0,28.6,25.0,110.0,188.0,Low
2560500.000000001,5450750.0,7.9,28.0,25.0,67.0,186.0,Low
2560500.000000001,5550750.0,7.9,25.0,25.0,63.0,137.0,Low
2560500.000000001,5650750.0,7.9,24.5,25.0,77.0,88.0,Low
2560500.000000001,5750750.0,8.0,28.5,25.0,117.0,79.0,Low
2560500.000000001,5850750.0,7.8,27.8,25.0,40.0,68.0,Low
2560500.000000001,5950750.0,8.1,31.0,25.0,51.0,84.0,Low
2560500.000000001,6050750.0,8.2,29.1,25.0,45.0,82.0,Low
2560500.000000001,6150750.0,8.0,31.2,25.0,105.0,134.0,Low
2560500.000000001,6250750.0,7.9,31.4,25.0,133.0,179.0,Low
2560500.000000001,7350750.0,7.1,33.5,25.0,126.0,198.0,Medium
2560500.000000001,7550750.0,7.1,32.8,25.0,133.0,286.0,Medium
2560500.000000001,7650750.0,7.3,34.6,25.0,146.0,294.0,Medium
2560500.000000001,7750750.0,7.3,36.7,25.0,149.0,330.0,Medium
2560500.000000001,7850750.0,7.1,41.5,25.0,142.0,342.0,Medium
2560500.000000001,7950750.0,7.4,41.7,25.0,107.0,472.0,Medium
2560500.000000001,8050750.0,7.5,40.3,25.0,109.0,481.0,Medium
2560500.000000001,8150750.0,7.5,42.4,25.0,109.0,418.0,Medium
2560500.000000001,8250750.0,6.2,39.4,25.0,244.0,355.0,Medium
2560500.000000001,8350750.0,7.4,41.3,25.0,110.0,390.0,Medium
2560500.000000001,8450750.0,6.3,41.2,25.0,255.0,417.0,Medium
2560500.000000001,8550750.0,7.2,41.2,25.0,185.0,413.0,Medium
2560500.000000001,8650750.0,7.3,41.3,25.0,164.0,412.0,Medium
2560500.000000001,8750750.0,7.3,41.3,25.0,152.0,398.0,Medium
2560500.000000001,8850750.0,6.4,38.0,25.0,267.0,351.0,Medium
2560500.000000001,8950750.0,6.6,40.5,25.0,166.0,379.0,Medium
2560500.000000001,9050750.0,6.4,41.2,25.0,163.0,239.0,Medium
2560500.000000001,9150750.0,6.2,39.1,25.0,147.0,174.0,Medium
2560500.000000001,9250750.0,6.7,34.5,25.0,150.0,203.0,Medium
2560500.000000001,9350750.0,6.4,35.7,25.0,160.0,189.0,Medium
2560500.000000001,9450750.0,5.8,35.7,25.0,218.0,214.0,Medium
2560500.000000001,9650750.0,5.5,36.0,25.0,165.0,194.0,Low
2560500.000000001,9750750.0,5.4,42.9,25.0,459.0,191.0,Medium
2560500.000000001,9850750.0,5.3,42.4,25.0,814.0,245.0,Medium
2560500.000000001,9950750.0,5.7,39.5,25.0,189.0,181.0,Medium
2560500.000000001,10050750.0,6.4,35.1,25.0,193.0,189.0,Medium
2560500.000000001,10150750.0,5.4,41.4,25.0,442.0,269.0,Medium
2560500.000000001,10250750.0,5.5,39.0,25.0,188.0,205.0,Medium
2560500.000000001,10350750.0,5.7,41.3,25.0,513.0,230.0,Medium
2560500.000000001,10450750.0,5.4,40.7,25.0,327.0,170.0,Medium
2560500.000000001,10550750.0,5.5,41.0,25.0,332.0,204.0,Medium
2560500.000000001,10650750.0,5.6,40.3,25.0,305.0,198.0,Medium
2560500.000000001,10750750.0,6.0,38.4,25.0,281.0,185.0,Medium
2560500.000000001,10850750.0,5.8,39.4,25.0,311.0,183.0,Medium
2560500.000000001,10950750.0,5.6,41.8,25.0,371.0,180.0,Medium
2560500.000000001,11050750.0,5.6,41.9,25.0,437.0,170.0,Medium
2560500.000000001,11150750.0,5.4,40.4,25.0,363.0,158.0,Medium
2560500.000000001,11250750.0,5.8,41.0,25.0,278.0,157.0,Medium
2560500.000000001,11350750.0,5.7,40.1,25.0,254.0,158.0,Medium
2560500.000000001,11450750.0,5.4,41.0,25.0,312.0,172.0,Medium
2560500.000000001,11550750.0,5.4,40.4,25.0,330.0,173.0,Medium
2560500.000000001,11650750.0,5.3,38.6,25.0,399.0,194.0,Medium
2560500.000000001,11750750.0,5.4,38.7,25.0,319.0,146.0,Low
2560500.000000001,11850750.0,6.1,38.4,25.0,389.0,189.0,Medium
2560500.000000001,12050750.0,5.2,40.6,25.0,406.0,189.0,Medium
2560500.000000001,12150750.0,5.5,40.7,25.0,228.0,140.0,Low
2560500.000000001,12650750.0,5.0,44.8,25.0,753.0,286.0,Medium
2460500.000000001,-17249250.0,5.8,34.8,25.0,393.0,256.0,Medium
2460500.000000001,-11649250.0,5.3,38.0,25.0,330.0,240.0,Medium
2460500.000000001,-11549250.0,6.2,36.1,25.0,238.0,240.0,Medium
2460500.000000001,-11449250.0,6.3,34.1,25.0,256.0,288.0,Medium
2460500.000000001,-11349250.0,6.9,36.4,25.0,145.0,256.0,Medium
2460500.000000001,-11249250.0,6.7,37.2,25.0,352.0,235.0,Medium
2460500.000000001,-11149250.0,7.6,34.7,25.0,137.0,181.0,Low
2460500.000000001,-11049250.0,7.6,39.8,25.0,312.0,260.0,Medium
2460500.000000001,-10949250.0,7.8,36.5,25.0,329.0,258.0,Medium
2460500.000000001,-9149250.0,6.7,41.8,25.0,730.0,271.0,Medium
2460500.000000001,-9049250.0,6.7,38.8,25.0,481.0,381.0,Medium
2460500.000000001,-8949250.0,6.4,38.6,25.0,552.0,347.0,Medium
2460500.000000001,-8849250.0,7.1,41.7,25.0,809.0,351.0,Medium
2460500.000000001,-1449250.0,8.3,28.1,25.0,205.0,112.0,Low
2460500.000000001,-1349250.0,8.2,29.3,25.0,88.0,107.0,Low
2460500.000000001,-1249250.0,8.1,27.7,25.0,43.0,123.0,Low
2460500.000000001,-1149250.0,8.1,29.9,25.0,40.0,141.0,Low
2460500.000000001,-1049250.0,8.1,29.8,25.0,38.0,138.0,Low
2460500.000000001,-949250.0,8.0,31.8,25.0,41.0,131.0,Low
2460500.000000001,-849250.0,8.1,29.8,25.0,129.0,204.0,Low
2460500.000000001,-749250.0,7.9,27.5,25.0,167.0,216.0,Low
2460500.000000001,-649250.0,7.8,27.0,25.0,133.0,226.0,Low
2460500.000000001,-549250.0,7.9,25.7,25.0,136.0,225.0,Low
2460500.000000001,-449250.0,7.9,26.2,25.0,96.0,238.0,Low
2460500.000000001,-349250.0,8.1,27.2,25.0,99.0,248.0,Low
2460500.000000001,-249250.0,8.1,25.8,25.0,98.0,239.0,Low
2460500.000000001,-149250.0,8.2,26.8,25.0,98.0,228.0,Low
2460500.000000001,-49250.0,8.1,28.9,25.0,128.0,241.0,Low
2460500.000000001,50750.0,8.2,26.8,25.0,94.0,240.0,Low
2460500.000000001,150750.0,8.2,27.0,25.0,92.0,258.0,Low
2460500.000000001,250750.0,8.2,28.1,25.0,96.0,252.0,Low
2460500.000000001,350750.0,8.3,29.4,25.0,94.0,293.0,Low
2460500.000000001,450750.0,8.3,27.9,25.0,91.0,307.0,Low
2460500.000000001,550750.0,8.3,29.0,25.0,98.0,311.0,Low
2460500.000000001,650750.0,8.4,29.7,25.0,97.0,306.0,Low
2460500.000000001,750750.0,8.3,27.7,25.0,69.0,261.0,Low
2460500.000000001,850750.0,8.3,28.7,25.0,110.0,294.0,Low
2460500.000000001,950750.0,8.3,28.8,25.0,96.0,276.0,Low
2460500.000000001,1050750.0,8.2,28.2,25.0,64.0,296.0,Low
2460500.000000001,1150750.0,8.4,29.7,25.0,127.0,283.0,Low
2460500.000000001,1250750.0,8.3,29.5,25.0,101.0,248.0,Low
2460500.000000001,1350750.0,8.3,29.8,25.0,103.0,223.0,Low
2460500.000000001,1450750.0,8.1,29.9,25.0,60.0,204.0,Low
2460500.000000001,1550750.0,8.4,30.3,25.0,59.0,159.0,Low
2460500.000000001,1650750.0,8.3,29.3,25.0,65.0,152.0,Low
2460500.000000001,1750750.0,8.3,31.2,25.0,97.0,147.0,Low
2460500.000000001,1850750.0,8.1,30.4,25.0,53.0,159.0,Low
2460500.000000001,1950750.0,8.2,30.3,25.0,115.0,189.0,Low
2460500.000000001,2050750.0,8.1,28.5,25.0,80.0,178.0,Low
2460500.000000001,2150750.0,8.1,29.5,25.0,97.0,183.0,Low
2460500.000000001,2250750.0,8.0,29.2,25.0,89.0,172.0,Low
2460500.000000001,2350750.0,8.1,31.0,25.0,119.0,186.0,Low
2460500.000000001,2450750.0,8.1,29.1,25.0,102.0,175.0,Low
2460500.000000001,2550750.0,8.1,28.1,25.0,149.0,182.0,Low
2460500.000000001,2650750.0,8.1,29.0,25.0,114.0,182.0,Low
2460500.000000001,2750750.0,8.1,29.4,25.0,111.0,194.0,Low
2460500.000000001,2850750.0,8.1,29.3,25.0,63.0,195.0,Low
2460500.000000001,2950750.0,8.2,29.2,25.0,79.0,195.0,Low
2460500.000000001,3050750.0,8.0,30.7,25.0,98.0,211.0,Low
2460500.000000001,3150750.0,8.0,29.8,25.0,120.0,200.0,Low
2460500.000000001,3250750.0,8.0,29.4,25.0,144.0,198.0,Low
2460500.000000001,3350750.0,8.1,27.2,25.0,143.0,171.0,Low
2460500.000000001,3450750.0,8.1,28.0,25.0,100.0,186.0,Low
2460500.000000001,3550750.0,8.1,28.5,25.0,79.0,189.0,Low
2460500.000000001,3650750.0,8.0,29.4,25.0,103.0,206.0,Low
2460500.000000001,3750750.0,8.0,29.1,25.0,109.0,192.0,Low
2460500.000000001,3850750.0,8.0,29.2,25.0,112.0,163.0,Low
2460500.000000001,3950750.0,8.1,30.8,25.0,91.0,126.0,Low
2460500.000000001,4350750.0,8.0,28.5,25.0,96.0,107.0,Low
2460500.000000001,4450750.0,8.2,29.3,25.0,58.0,148.0,Low
2460500.000000001,4550750.0,8.3,29.2,25.0,51.0,182.0,Low
2460500.000000001,4650750.0,8.2,29.7,25.0,81.0,210.0,Low
2460500.000000001,4750750.0,8.3,32.6,25.0,84.0,207.0,Low
2460500.000000001,4850750.0,8.2,31.5,25.0,96.0,214.0,Low
2460500.000000001,4950750.0,8.1,32.7,25.0,99.0,205.0,Low
2460500.000000001,5050750.0,8.2,29.8,25.0,82.0,205.0,Low
2460500.000000001,5150750.0,8.2,29.4,25.0,84.0,196.0,Low
2460500.000000001,5250750.0,8.1,29.0,25.0,73.0,158.0,Low
2460500.000000001,5350750.0,8.0,29.8,25.0,73.0,178.0,Low
2460500.000000001,5450750.0,8.0,28.1,25.0,82.0,185.0,Low
2460500.000000001,5550750.0,8.0,26.2,25.0,98.0,123.0,Low
2460500.000000001,5650750.0,8.0,26.0,25.0,76.0,100.0,Low
2460500.000000001,5750750.0,8.0,27.8,25.0,47.0,80.0,Low
2460500.000000001,5850750.0,8.0,29.8,25.0,125.0,142.0,Low
2460500.000000001,5950750.0,8.1,31.8,25.0,81.0,108.0,Low
2460500.000000001,6050750.0,8.1,29.6,25.0,78.0,100.0,Low
2460500.000000001,6150750.0,8.1,29.1,25.0,80.0,96.0,Low
2460500.000000001,6250750.0,8.1,30.6,25.0,90.0,141.0,Low
2460500.000000001,6350750.0,8.2,33.2,25.0,68.0,215.0,Low
2460500.000000001,7450750.0,6.9,29.8,25.0,134.0,220.0,Medium
2460500.000000001,7550750.0,7.2,30.9,25.0,117.0,222.0,Medium
2460500.000000001,7650750.0,7.2,34.8,25.0,119.0,295.0,Medium
2460500.000000001,7750750.0,7.1,33.5,25.0,135.0,301.0,Medium
2460500.000000001,7850750.0,7.2,39.1,25.0,172.0,297.0,Medium
2460500.000000001,7950750.0,7.3,35.9,25.0,186.0,361.0,Medium
2460500.000000001,8050750.0,7.4,33.5,25.0,155.0,430.0,Medium
2460500.000000001,8250750.0,7.1,40.3,25.0,183.0,433.0,Medium
2460500.000000001,8350750.0,7.1,40.6,25.0,217.0,473.0,Medium
2460500.000000001,8450750.0,7.3,40.0,25.0,154.0,425.0,Medium
2460500.000000001,8550750.0,7.1,41.0,25.0,175.0,401.0,Medium
2460500.000000001,8650750.0,7.3,41.0,25.0,142.0,344.0,Medium
2460500.000000001,8750750.0,7.3,40.7,25.0,171.0,419.0,Medium
2460500.000000001,8850750.0,7.2,42.0,25.0,185.0,334.0,Medium
2460500.000000001,8950750.0,6.3,40.5,25.0,166.0,311.0,Medium
2460500.000000001,9050750.0,6.3,39.3,25.0,142.0,294.0,Medium
2460500.000000001,9150750.0,6.2,39.7,25.0,202.0,174.0,Medium
2460500.000000001,9250750.0,6.5,35.4,25.0,133.0,174.0,Medium
2460500.000000001,9350750.0,6.7,37.1,25.0,252.0,166.0,Medium
2460500.000000001,9450750.0,6.1,36.3,25.0,530.0,242.0,Medium
2460500.000000001,9550750.0,5.8,38.2,25.0,320.0,215.0,Medium
2460500.000000001,9750750.0,5.5,37.0,25.0,162.0,182.0,Low
2460500.000000001,9850750.0,5.4,41.2,25.0,495.0,226.0,Medium
2460500.000000001,9950750.0,6.0,39.9,25.0,206.0,161.0,Medium
2460500.000000001,10050750.0,6.9,38.7,25.0,155.0,189.0,Medium
2460500.000000001,10150750.0,6.6,34.1,25.0,212.0,179.0,Medium
2460500.000000001,10250750.0,5.9,38.6,25.0,227.0,171.0,Medium
2460500.000000001,10350750.0,5.8,38.7,25.0,192.0,164.0,Medium
2460500.000000001,10450750.0,5.5,38.8,25.0,351.0,209.0,Medium
2460500.000000001,10550750.0,5.3,40.0,25.0,292.0,241.0,Medium
2460500.000000001,10650750.0,6.0,40.6,25.0,243.0,178.0,Medium
2460500.000000001,10750750.0,5.1,40.2,25.0,338.0,195.0,Low
2460500.000000001,10850750.0,5.2,39.9,25.0,463.0,194.0,Medium
2460500.000000001,10950750.0,5.7,41.1,25.0,375.0,168.0,Medium
2460500.000000001,11050750.0,5.5,40.6,25.0,228.0,173.0,Medium
2460500.000000001,11150750.0,5.5,41.5,25.0,302.0,177.0,Medium
2460500.000000001,11250750.0,5.7,39.1,25.0,224.0,189.0,Medium
2460500.000000001,11350750.0,6.1,40.6,25.0,291.0,188.0,Medium
2460500.000000001,11450750.0,5.7,39.2,25.0,306.0,173.0,Medium
2460500.000000001,11550750.0,5.6,39.9,25.0,300.0,166.0,Medium
2460500.000000001,11650750.0,5.6,39.0,25.0,321.0,162.0,Medium
2460500.000000001,11750750.0,5.4,40.7,25.0,336.0,169.0,Medium
2460500.000000001,11850750.0,5.4,41.5,25.0,305.0,169.0,Medium
2460500.000000001,11950750.0,5.6,39.0,25.0,312.0,170.0,Medium
2360500.000000001,-11649250.0,5.9,37.1,25.0,332.0,248.0,Medium
2360500.000000001,-11549250.0,6.5,37.3,25.0,213.0,225.0,Medium
2360500.000000001,-11449250.0,5.9,38.8,25.0,265.0,297.0,Medium
2360500.000000001,-11349250.0,6.5,35.9,25.0,213.0,273.0,Medium
2360500.000000001,-11249250.0,6.1,34.4,25.0,225.0,251.0,Medium
2360500.000000001,-11149250.0,7.0,38.8,25.0,238.0,240.0,Medium
2360500.000000001,-11049250.0,7.1,38.5,25.0,264.0,244.0,Medium
2360500.000000001,-10949250.0,7.2,40.2,25.0,378.0,283.0,Medium
2360500.000000001,-10049250.0,7.8,35.5,25.0,677.0,352.0,Medium
2360500.000000001,-9949250.0,7.3,40.9,25.0,913.0,313.0,Medium
2360500.000000001,-9849250.0,7.4,44.6,25.0,769.0,316.0,Medium
2360500.000000001,-8849250.0,6.6,39.9,25.0,655.0,309.0,Medium
2360500.000000001,-8749250.0,7.3,42.5,25.0,584.0,416.0,Medium
2360500.000000001,-1449250.0,8.3,28.4,25.0,68.0,123.0,Low
2360500.000000001,-1349250.0,8.3,29.3,25.0,42.0,129.0,Low
2360500.000000001,-1249250.0,8.0,29.9,25.0,31.0,137.0,Low
2360500.000000001,-1149250.0,8.0,28.7,25.0,32.0,153.0,Low
2360500.000000001,-1049250.0,8.1,30.0,25.0,29.0,140.0,Low
2360500.000000001,-949250.0,8.1,29.4,25.0,58.0,253.0,Low
2360500.000000001,-849250.0,7.9,28.4,25.0,53.0,254.0,Low
2360500.000000001,-749250.0,7.9,25.9,25.0,152.0,233.0,Low
2360500.000000001,-649250.0,8.0,24.3,25.0,97.0,247.0,Low
2360500.000000001,-549250.0,8.0,25.6,25.0,96.0,196.0,Low
2360500.000000001,-449250.0,8.0,24.5,25.0,96.0,162.0,Low
2360500.000000001,-349250.0,7.9,27.3,25.0,102.0,238.0,Low
2360500.000000001,-249250.0,8.0,25.9,25.0,128.0,204.0,Low
2360500.000000001,-149250.0,7.9,25.5,25.0,92.0,190.0,Low
2360500.000000001,-49250.0,7.9,26.2,25.0,129.0,215.0,Low
2360500.000000001,50750.0,7.9,28.7,25.0,88.0,241.0,Low
2360500.000000001,150750.0,8.1,28.6,25.0,43.0,231.0,Low
2360500.000000001,250750.0,8.4,29.5,25.0,36.0,269.0,Low
2360500.000000001,350750.0,8.4,30.6,25.0,38.0,287.0,Low
2360500.000000001,450750.0,8.3,28.4,25.0,41.0,273.0,Low
2360500.000000001,550750.0,8.3,27.9,25.0,38.0,272.0,Low
2360500.000000001,650750.0,8.3,29.3,25.0,51.0,262.0,Low
2360500.000000001,750750.0,8.4,29.0,25.0,65.0,266.0,Low
2360500.000000001,850750.0,8.3,29.1,25.0,131.0,285.0,Low
2360500.000000001,950750.0,8.4,27.4,25.0,99.0,286.0,Low
2360500.000000001,1050750.0,8.1,29.9,25.0,59.0,266.0,Low
2360500.000000001,1150750.0,8.2,29.9,25.0,125.0,233.0,Low
2360500.000000001,1250750.0,8.2,29.9,25.0,94.0,276.0,Low
2360500.000000001,1350750.0,8.2,28.4,25.0,140.0,260.0,Low
2360500.000000001,1450750.0,8.2,29.6,25.0,96.0,166.0,Low
2360500.000000001,1550750.0,8.3,30.9,25.0,132.0,181.0,Low
2360500.000000001,1650750.0,8.3,30.6,25.0,100.0,155.0,Low
2360500.000000001,1750750.0,8.4,29.8,25.0,50.0,155.0,Low
2360500.000000001,1850750.0,8.3,32.3,25.0,51.0,205.0,Low
2360500.000000001,1950750.0,8.2,29.0,25.0,107.0,182.0,Low
2360500.000000001,2050750.0,8.3,29.5,25.0,69.0,178.0,Low
2360500.000000001,2150750.0,8.1,30.2,25.0,149.0,175.0,Low
2360500.000000001,2250750.0,8.2,29.5,25.0,127.0,168.0,Low
2360500.000000001,2350750.0,8.1,29.5,25.0,102.0,189.0,Low
2360500.000000001,2450750.0,8.0,28.8,25.0,121.0,178.0,Low
2360500.000000001,2550750.0,8.1,27.6,25.0,102.0,171.0,Low
2360500.000000001,2650750.0,8.1,29.4,25.0,111.0,167.0,Low
2360500.000000001,2750750.0,8.1,29.5,25.0,135.0,189.0,Low
2360500.000000001,2850750.0,8.1,30.1,25.0,100.0,182.0,Low
2360500.000000001,2950750.0,8.2,29.5,25.0,59.0,206.0,Low
2360500.000000001,3050750.0,8.2,30.2,25.0,98.0,199.0,Low
2360500.000000001,3150750.0,8.2,30.2,25.0,108.0,218.0,Low
2360500.000000001,3250750.0,8.0,27.6,25.0,107.0,203.0,Low
2360500.000000001,3350750.0,8.1,28.3,25.0,101.0,182.0,Low
2360500.000000001,3450750.0,8.0,27.9,25.0,101.0,179.0,Low
2360500.000000001,3550750.0,8.1,28.8,25.0,104.0,213.0,Low
2360500.000000001,3650750.0,8.1,27.2,25.0,60.0,198.0,Low
2360500.000000001,3750750.0,8.0,27.4,25.0,70.0,256.0,Low
2360500.000000001,3850750.0,8.2,29.8,25.0,81.0,157.0,Low
2360500.000000001,3950750.0,8.2,30.6,25.0,153.0,146.0,Low
2360500.000000001,4050750.0,8.0,30.6,25.0,67.0,148.0,Low
2360500.000000001,4350750.0,8.1,29.7,25.0,97.0,113.0,Low
2360500.000000001,4450750.0,8.1,29.3,25.0,88.0,193.0,Low
2360500.000000001,4550750.0,8.3,30.6,25.0,70.0,212.0,Low
2360500.000000001,4650750.0,8.2,32.1,25.0,69.0,230.0,Low
2360500.000000001,4750750.0,8.2,32.4,25.0,95.0,210.0,Low
2360500.000000001,4850750.0,8.3,30.5,25.0,108.0,193.0,Low
2360500.000000001,4950750.0,8.2,32.3,25.0,138.0,223.0,Low
2360500.000000001,5050750.0,8.1,31.4,25.0,88.0,228.0,Low
2360500.000000001,5150750.0,8.2,30.0,25.0,83.0,194.0,Low
2360500.000000001,5250750.0,8.1,28.2,25.0,111.0,169.0,Low
2360500.000000001,5350750.0,8.0,30.2,25.0,70.0,158.0,Low
2360500.000000001,5450750.0,8.0,28.3,25.0,107.0,117.0,Low
2360500.000000001,5550750.0,8.1,28.2,25.0,73.0,129.0,Low
2360500.000000001,5650750.0,8.0,27.9,25.0,42.0,101.0,Low
2360500.000000001,5750750.0,7.9,27.6,25.0,46.0,101.0,Low
2360500.000000001,5850750.0,7.9,27.6,25.0,53.0,113.0,Low
2360500.000000001,5950750.0,8.0,29.9,25.0,57.0,99.0,Low
2360500.000000001,6050750.0,8.0,29.1,25.0,51.0,126.0,Low
2360500.000000001,6150750.0,8.0,29.4,25.0,51.0,150.0,Low
2360500.000000001,6250750.0,8.3,30.2,25.0,46.0,167.0,Low
2360500.000000001,7550750.0,6.8,38.1,25.0,106.0,195.0,Medium
2360500.000000001,7650750.0,7.2,33.4,25.0,122.0,240.0,Medium
2360500.000000001,7850750.0,7.0,38.6,25.0,206.0,310.0,Medium
2360500.000000001,7950750.0,7.1,35.3,25.0,113.0,351.0,Medium
2360500.000000001,8050750.0,7.4,37.1,25.0,125.0,363.0,Medium
2360500.000000001,8150750.0,7.2,36.3,25.0,143.0,406.0,Medium
2360500.000000001,8250750.0,7.1,34.0,25.0,128.0,447.0,Medium
2360500.000000001,8350750.0,7.4,40.3,25.0,143.0,512.0,Medium
2360500.000000001,8450750.0,7.6,43.1,25.0,134.0,453.0,Medium
2360500.000000001,8550750.0,6.2,40.9,25.0,208.0,321.0,Medium
2360500.000000001,8650750.0,7.1,40.5,25.0,163.0,317.0,Medium
2360500.000000001,8750750.0,7.1,40.5,25.0,266.0,330.0,Medium
2360500.000000001,8850750.0,6.8,40.4,25.0,184.0,312.0,Medium
2360500.000000001,8950750.0,6.5,39.3,25.0,161.0,254.0,Medium
2360500.000000001,9050750.0,6.3,40.8,25.0,163.0,202.0,Medium
2360500.000000001,9150750.0,6.2,39.2,25.0,174.0,160.0,Medium
2360500.000000001,9850750.0,5.4,40.6,25.0,265.0,238.0,Medium
2360500.000000001,9950750.0,5.5,41.5,25.0,378.0,192.0,Medium
2360500.000000001,10050750.0,6.7,38.8,25.0,166.0,197.0,Medium
2360500.000000001,10150750.0,6.7,37.3,25.0,173.0,218.0,Medium
2360500.000000001,10250750.0,5.7,40.2,25.0,225.0,192.0,Medium
2360500.000000001,10350750.0,5.7,41.1,25.0,226.0,187.0,Medium
2360500.000000001,10450750.0,5.7,39.4,25.0,181.0,178.0,Medium
2360500.000000001,10550750.0,5.4,40.1,25.0,438.0,232.0,Medium
2360500.000000001,10650750.0,5.4,39.4,25.0,258.0,223.0,Medium
2360500.000000001,10750750.0,5.3,39.5,25.0,379.0,197.0,Medium
2360500.000000001,10850750.0,5.3,38.4,25.0,324.0,198.0,Low
2360500.000000001,10950750.0,5.6,40.0,25.0,369.0,173.0,Medium
2360500.000000001,11050750.0,5.6,40.5,25.0,351.0,187.0,Medium
2360500.000000001,11150750.0,5.9,42.7,25.0,191.0,170.0,Medium
2360500.000000001,11250750.0,5.9,40.3,25.0,228.0,214.0,Medium
2360500.000000001,11350750.0,5.5,41.3,25.0,350.0,185.0,Medium
2360500.000000001,11650750.0,5.8,42.1,25.0,257.0,194.0,Medium
2260500.000000001,-11649250.0,5.6,39.7,25.0,392.0,236.0,Medium
2260500.000000001,-11549250.0,5.9,36.2,25.0,359.0,263.0,Medium
2260500.000000001,-11349250.0,6.0,36.9,25.0,247.0,311.0,Medium
2260500.000000001,-11249250.0,6.1,36.3,25.0,324.0,306.0,Medium
2260500.000000001,-11149250.0,6.2,34.0,25.0,313.0,304.0,Medium
2260500.000000001,-11049250.0,7.3,37.3,25.0,213.0,272.0,Medium
2260500.000000001,-10949250.0,5.9,36.4,25.0,473.0,235.0,Medium
2260500.000000001,-10849250.0,6.4,40.5,25.0,301.0,226.0,Medium
2260500.000000001,-10049250.0,7.3,44.9,25.0,393.0,307.0,Medium
2260500.000000001,-9949250.0,7.3,47.4,25.0,490.0,335.0,Medium
2260500.000000001,-9849250.0,7.3,44.8,25.0,739.0,315.0,Medium
2260500.000000001,-8649250.0,7.2,41.8,25.0,324.0,384.0,Medium
2260500.000000001,-8549250.0,5.7,39.3,25.0,546.0,288.0,Medium
2260500.000000001,-1449250.0,8.2,28.2,25.0,40.0,128.0,Low
2260500.000000001,-1349250.0,8.1,28.2,25.0,28.0,151.0,Low
2260500.000000001,-1249250.0,8.1,29.7,25.0,36.0,150.0,Low
2260500.000000001,-1149250.0,8.0,29.9,25.0,48.0,255.0,Low
2260500.000000001,-1049250.0,8.1,29.6,25.0,36.0,260.0,Low
2260500.000000001,-949250.0,7.9,28.8,25.0,32.0,250.0,Low
2260500.000000001,-849250.0,7.8,28.9,25.0,50.0,202.0,Low
2260500.000000001,-749250.0,7.8,26.8,25.0,54.0,223.0,Low
2260500.000000001,-649250.0,7.8,26.2,25.0,58.0,192.0,Low
2260500.000000001,-549250.0,7.8,25.2,25.0,61.0,154.0,Low
2260500.000000001,-449250.0,7.8,25.3,25.0,95.0,167.0,Low
2260500.000000001,-349250.0,7.8,26.2,25.0,102.0,162.0,Low
2260500.000000001,-249250.0,7.8,27.1,25.0,134.0,145.0,Low
2260500.000000001,-149250.0,7.8,27.9,25.0,92.0,161.0,Low
2260500.000000001,-49250.0,7.7,28.2,25.0,60.0,171.0,Low
2260500.000000001,50750.0,7.8,27.7,25.0,37.0,170.0,Low
2260500.000000001,150750.0,8.1,28.3,25.0,36.0,206.0,Low
2260500.000000001,250750.0,8.2,28.8,25.0,36.0,256.0,Low
2260500.000000001,350750.0,8.2,29.2,25.0,38.0,239.0,Low
2260500.000000001,450750.0,8.2,28.6,25.0,42.0,283.0,Low
2260500.000000001,550750.0,8.2,29.1,25.0,39.0,263.0,Low
2260500.000000001,650750.0,8.2,29.5,25.0,38.0,240.0,Low
2260500.000000001,750750.0,8.3,29.4,25.0,83.0,252.0,Low
2260500.000000001,850750.0,8.3,29.5,25.0,94.0,274.0,Low
2260500.000000001,950750.0,8.3,27.2,25.0,95.0,249.0,Low
2260500.000000001,1050750.0,8.3,29.5,25.0,68.0,250.0,Low
2260500.000000001,1150750.0,8.4,28.9,25.0,106.0,215.0,Low
2260500.000000001,1250750.0,8.3,30.3,25.0,131.0,326.0,Low
2260500.000000001,1350750.0,8.2,28.3,25.0,98.0,259.0,Low
2260500.000000001,1450750.0,8.2,30.1,25.0,140.0,191.0,Low
2260500.000000001,1550750.0,8.3,29.4,25.0,99.0,177.0,Low
2260500.000000001,1650750.0,8.4,29.5,25.0,65.0,156.0,Low
2260500.000000001,1750750.0,8.3,30.4,25.0,57.0,175.0,Low
2260500.000000001,1850750.0,8.3,30.9,25.0,52.0,155.0,Low
2260500.000000001,1950750.0,8.4,30.9,25.0,90.0,181.0,Low
2260500.000000001,2050750.0,8.3,30.2,25.0,57.0,182.0,Low
2260500.000000001,2150750.0,8.1,29.5,25.0,114.0,170.0,Low
2260500.000000001,2250750.0,8.2,29.8,25.0,72.0,182.0,Low
2260500.000000001,2350750.0,8.1,28.9,25.0,103.0,185.0,Low
2260500.000000001,2450750.0,8.0,27.7,25.0,123.0,179.0,Low
2260500.000000001,2550750.0,8.0,30.4,25.0,104.0,172.0,Low
2260500.000000001,2650750.0,8.2,30.1,25.0,64.0,184.0,Low
2260500.000000001,2750750.0,8.1,29.7,25.0,94.0,160.0,Low
2260500.000000001,2850750.0,8.3,29.6,25.0,63.0,205.0,Low
2260500.000000001,2950750.0,8.3,29.7,25.0,129.0,205.0,Low
2260500.000000001,3050750.0,8.3,28.2,25.0,134.0,207.0,Low
2260500.000000001,3150750.0,8.3,28.3,25.0,65.0,210.0,Low
2260500.000000001,3250750.0,8.1,28.8,25.0,94.0,207.0,Low
2260500.000000001,3350750.0,8.1,28.2,25.0,93.0,205.0,Low
2260500.000000001,3450750.0,8.0,28.0,25.0,126.0,175.0,Low
2260500.000000001,3550750.0,8.0,28.1,25.0,92.0,200.0,Low
2260500.000000001,3650750.0,8.0,27.8,25.0,92.0,191.0,Low
2260500.000000001,3750750.0,8.1,29.4,25.0,99.0,216.0,Low
2260500.000000001,3850750.0,8.2,29.6,25.0,63.0,281.0,Low
2260500.000000001,3950750.0,8.1,30.2,25.0,60.0,159.0,Low
2260500.000000001,4050750.0,8.1,30.2,25.0,136.0,119.0,Low
2260500.000000001,4450750.0,8.0,30.3,25.0,115.0,200.0,Low
2260500.000000001,4550750.0,7.9,31.3,25.0,72.0,236.0,Low
2260500.000000001,4650750.0,8.2,30.3,25.0,63.0,231.0,Low
2260500.000000001,4750750.0,8.2,31.5,25.0,77.0,209.0,Low
2260500.000000001,4850750.0,8.2,30.3,25.0,124.0,206.0,Low
2260500.000000001,4950750.0,8.2,31.0,25.0,84.0,199.0,Low
2260500.000000001,5050750.0,8.2,31.5,25.0,127.0,200.0,Low
2260500.000000001,5150750.0,8.3,31.2,25.0,81.0,192.0,Low
2260500.000000001,5250750.0,8.1,30.0,25.0,70.0,160.0,Low
2260500.000000001,5350750.0,8.0,30.4,25.0,71.0,191.0,Low
2260500.000000001,5450750.0,8.0,30.5,25.0,104.0,153.0,Low
2260500.000000001,5550750.0,8.1,27.7,25.0,89.0,123.0,Low
2260500.000000001,5650750.0,8.1,28.1,25.0,45.0,115.0,Low
2260500.000000001,5750750.0,8.1,28.7,25.0,86.0,113.0,Low
2260500.000000001,5850750.0,8.1,29.5,25.0,83.0,123.0,Low
2260500.000000001,5950750.0,8.1,30.3,25.0,53.0,125.0,Low
2260500.000000001,6050750.0,8.3,29.8,25.0,94.0,137.0,Low
2260500.000000001,6150750.0,8.0,28.8,25.0,56.0,133.0,Low
2260500.000000001,6250750.0,8.1,28.8,25.0,148.0,194.0,Low
2260500.000000001,7850750.0,6.5,39.5,25.0,227.0,284.0,Medium
2260500.000000001,7950750.0,7.0,36.6,25.0,140.0,389.0,Medium
2260500.000000001,8050750.0,6.9,34.5,25.0,145.0,376.0,Medium
2260500.000000001,8150750.0,7.1,33.8,25.0,120.0,413.0,Medium
2260500.000000001,8250750.0,7.3,33.4,25.0,131.0,443.0,Medium
2260500.000000001,8350750.0,7.0,35.6,25.0,137.0,376.0,Medium
2260500.000000001,8450750.0,7.3,33.9,25.0,111.0,371.0,Medium
2260500.000000001,8550750.0,7.2,35.8,25.0,173.0,324.0,Medium
2260500.000000001,8650750.0,6.5,39.8,25.0,201.0,220.0,Medium
2260500.000000001,8750750.0,6.5,37.4,25.0,147.0,346.0,Medium
2260500.000000001,8850750.0,6.8,40.5,25.0,152.0,249.0,Medium
2260500.000000001,8950750.0,5.7,38.6,25.0,207.0,280.0,Medium
2260500.000000001,9050750.0,5.7,41.2,25.0,346.0,236.0,Medium
2260500.000000001,9150750.0,6.2,38.3,25.0,174.0,228.0,Medium
2260500.000000001,9250750.0,6.7,37.6,25.0,196.0,193.0,Medium
2260500.000000001,9950750.0,6.0,36.5,25.0,244.0,270.0,Medium
2260500.000000001,10050750.0,5.7,40.2,25.0,279.0,196.0,Medium
2260500.000000001,10250750.0,6.4,37.5,25.0,147.0,191.0,Medium
2260500.000000001,10350750.0,6.1,38.9,25.0,203.0,131.0,Medium
2260500.000000001,10450750.0,5.7,39.9,25.0,204.0,152.0,Medium
2260500.000000001,10550750.0,5.5,38.2,25.0,207.0,199.0,Low
2260500.000000001,10650750.0,5.6,37.1,25.0,181.0,166.0,Low
2260500.000000001,10750750.0,5.3,38.1,25.0,386.0,226.0,Medium
2260500.000000001,10850750.0,5.2,38.4,25.0,258.0,175.0,Low
2260500.000000001,10950750.0,5.3,40.3,25.0,286.0,198.0,Low
2260500.000000001,11050750.0,5.2,40.0,25.0,245.0,224.0,Low
2260500.000000001,11150750.0,5.4,40.1,25.0,317.0,181.0,Medium
2160500.000000001,-16949250.0,5.5,41.9,25.0,469.0,257.0,Medium
2160500.000000001,-11649250.0,6.5,37.4,25.0,224.0,235.0,Medium
2160500.000000001,-11549250.0,6.2,36.2,25.0,521.0,246.0,Medium
2160500.000000001,-11449250.0,6.2,36.2,25.0,312.0,234.0,Medium
2160500.000000001,-11249250.0,5.8,37.6,25.0,327.0,286.0,Medium
2160500.000000001,-11149250.0,6.1,38.5,25.0,319.0,242.0,Medium
2160500.000000001,-10949250.0,6.5,36.5,25.0,271.0,241.0,Medium
2160500.000000001,-10849250.0,7.3,36.5,25.0,220.0,224.0,Medium
2160500.000000001,-10149250.0,7.5,40.3,25.0,386.0,296.0,Medium
2160500.000000001,-10049250.0,7.1,37.3,25.0,285.0,250.0,Medium
2160500.000000001,-9949250.0,7.1,39.4,25.0,482.0,312.0,Medium
2160500.000000001,-9849250.0,7.0,39.1,25.0,990.0,288.0,Medium
2160500.000000001,-8249250.0,6.7,38.7,25.0,218.0,254.0,Medium
2160500.000000001,-8149250.0,6.0,38.0,25.0,390.0,326.0,Medium
2160500.000000001,-8049250.0,5.9,41.1,25.0,340.0,259.0,Medium
2160500.000000001,-1449250.0,7.9,26.5,25.0,36.0,118.0,Low
2160500.000000001,-1349250.0,8.0,28.6,25.0,32.0,136.0,Low
2160500.000000001,-1249250.0,8.1,29.1,25.0,28.0,203.0,Low
2160500.000000001,-1149250.0,8.1,28.3,25.0,35.0,203.0,Low
2160500.000000001,-1049250.0,8.1,30.1,25.0,26.0,212.0,Low
2160500.000000001,-949250.0,8.1,29.7,25.0,28.0,200.0,Low
2160500.000000001,-849250.0,7.8,28.1,25.0,31.0,202.0,Low
2160500.000000001,-749250.0,7.8,27.2,25.0,39.0,143.0,Low
2160500.000000001,-649250.0,7.8,26.5,25.0,38.0,151.0,Low
2160500.000000001,-549250.0,7.8,25.6,25.0,35.0,136.0,Low
2160500.000000001,-449250.0,7.7,26.2,25.0,36.0,133.0,Low
2160500.000000001,-349250.0,7.7,28.9,25.0,38.0,139.0,Low
2160500.000000001,-249250.0,7.8,28.4,25.0,46.0,121.0,Low
2160500.000000001,-149250.0,7.7,27.6,25.0,52.0,152.0,Low
2160500.000000001,-49250.0,7.8,27.9,25.0,40.0,169.0,Low
2160500.000000001,50750.0,7.9,29.1,25.0,35.0,172.0,Low
2160500.000000001,150750.0,8.3,30.4,25.0,31.0,175.0,Low
2160500.000000001,250750.0,8.1,31.1,25.0,35.0,178.0,Low
2160500.000000001,350750.0,8.2,29.5,25.0,33.0,229.0,Low
2160500.000000001,450750.0,8.3,30.1,25.0,45.0,192.0,Low
2160500.000000001,550750.0,8.2,30.7,25.0,48.0,180.0,Low
2160500.000000001,650750.0,8.3,29.7,25.0,43.0,195.0,Low
2160500.000000001,750750.0,8.3,28.2,25.0,38.0,170.0,Low
2160500.000000001,850750.0,8.2,28.5,25.0,70.0,205.0,Low
2160500.000000001,950750.0,8.1,28.7,25.0,53.0,199.0,Low
2160500.000000001,1050750.0,8.2,28.4,25.0,72.0,213.0,Low
2160500.000000001,1150750.0,8.4,29.2,25.0,62.0,200.0,Low
2160500.000000001,1250750.0,8.3,30.0,25.0,104.0,202.0,Low
2160500.000000001,1350750.0,8.3,28.6,25.0,101.0,185.0,Low
2160500.000000001,1450750.0,8.2,28.8,25.0,98.0,171.0,Low
2160500.000000001,1550750.0,8.3,29.9,25.0,67.0,184.0,Low
2160500.000000001,1650750.0,8.2,29.4,25.0,86.0,157.0,Low
2160500.000000001,1750750.0,8.3,30.2,25.0,45.0,153.0,Low
2160500.000000001,1850750.0,8.3,30.3,25.0,42.0,176.0,Low
2160500.000000001,1950750.0,8.3,30.3,25.0,49.0,155.0,Low
2160500.000000001,2050750.0,8.3,30.6,25.0,65.0,160.0,Low
2160500.000000001,2150750.0,8.2,29.2,25.0,94.0,182.0,Low
2160500.000000001,2250750.0,8.2,28.5,25.0,62.0,169.0,Low
2160500.000000001,2350750.0,8.2,29.6,25.0,139.0,191.0,Low
2160500.000000001,2450750.0,8.1,30.0,25.0,105.0,189.0,Low
2160500.000000001,2550750.0,8.2,28.2,25.0,61.0,169.0,Low
2160500.000000001,2650750.0,8.2,28.1,25.0,98.0,152.0,Low
2160500.000000001,2750750.0,8.2,28.7,25.0,95.0,213.0,Low
2160500.000000001,2850750.0,8.3,29.7,25.0,92.0,258.0,Low
2160500.000000001,2950750.0,8.3,28.4,25.0,124.0,223.0,Low
2160500.000000001,3050750.0,8.3,28.4,25.0,63.0,202.0,Low
2160500.000000001,3150750.0,8.2,29.2,25.0,107.0,216.0,Low
2160500.000000001,3250750.0,8.1,27.6,25.0,95.0,229.0,Low
2160500.000000001,3350750.0,8.1,27.8,25.0,92.0,227.0,Low
2160500.000000001,3450750.0,8.0,27.3,25.0,126.0,198.0,Low
2160500.000000001,3550750.0,8.0,27.5,25.0,92.0,163.0,Low
2160500.000000001,3650750.0,8.0,28.4,25.0,95.0,230.0,Low
2160500.000000001,3750750.0,7.9,28.0,25.0,89.0,207.0,Low
2160500.000000001,3850750.0,8.2,30.9,25.0,46.0,293.0,Low
2160500.000000001,3950750.0,8.2,30.2,25.0,60.0,261.0,Low
2160500.000000001,4050750.0,8.1,29.4,25.0,80.0,134.0,Low
2160500.000000001,4550750.0,8.0,33.0,25.0,139.0,231.0,Low
2160500.000000001,4650750.0,8.1,31.8,25.0,100.0,228.0,Low
2160500.000000001,4750750.0,8.2,32.4,25.0,80.0,241.0,Low
2160500.000000001,4850750.0,8.2,31.0,25.0,128.0,207.0,Low
2160500.000000001,4950750.0,8.1,32.3,25.0,93.0,220.0,Low
2160500.000000001,5050750.0,8.2,30.1,25.0,109.0,228.0,Low
2160500.000000001,5150750.0,8.2,30.5,25.0,132.0,224.0,Low
2160500.000000001,5250750.0,8.2,29.5,25.0,80.0,204.0,Low
2160500.000000001,5350750.0,8.1,30.5,25.0,95.0,126.0,Low
2160500.000000001,5450750.0,8.1,29.7,25.0,61.0,155.0,Low
2160500.000000001,5550750.0,8.1,26.9,25.0,89.0,120.0,Low
2160500.000000001,5650750.0,8.1,28.8,25.0,60.0,141.0,Low
2160500.000000001,5750750.0,8.1,29.7,25.0,88.0,173.0,Low
2160500.000000001,5850750.0,8.2,29.2,25.0,47.0,136.0,Low
2160500.000000001,5950750.0,8.2,30.7,25.0,45.0,127.0,Low
2160500.000000001,6050750.0,8.1,30.1,25.0,69.0,166.0,Low
2160500.000000001,6150750.0,8.0,29.2,25.0,50.0,186.0,Low
2160500.000000001,6250750.0,8.1,30.0,25.0,164.0,176.0,Low
2160500.000000001,7850750.0,5.8,37.5,25.0,327.0,300.0,Medium
2160500.000000001,7950750.0,6.6,38.0,25.0,175.0,423.0,Medium
2160500.000000001,8050750.0,7.2,33.8,25.0,127.0,339.0,Medium
2160500.000000001,8150750.0,7.5,34.2,25.0,143.0,454.0,Medium
2160500.000000001,8250750.0,7.2,37.3,25.0,133.0,355.0,Medium
2160500.000000001,8350750.0,7.3,35.3,25.0,116.0,354.0,Medium
2160500.000000001,8450750.0,7.0,37.7,25.0,148.0,304.0,Medium
2160500.000000001,8550750.0,7.2,33.8,25.0,134.0,300.0,Medium
2160500.000000001,8650750.0,6.5,38.3,25.0,174.0,191.0,Medium
2160500.000000001,8750750.0,5.8,39.6,25.0,160.0,287.0,Medium
2160500.000000001,8850750.0,6.5,39.8,25.0,162.0,283.0,Medium
2160500.000000001,8950750.0,5.9,39.4,25.0,214.0,160.0,Medium
2160500.000000001,9050750.0,5.8,41.2,25.0,255.0,203.0,Medium
2160500.000000001,10050750.0,5.7,38.0,25.0,271.0,261.0,Medium
2160500.000000001,10150750.0,6.3,37.7,25.0,271.0,204.0,Medium
2160500.000000001,10250750.0,5.9,37.4,25.0,300.0,171.0,Medium
2160500.000000001,10350750.0,5.7,37.8,25.0,442.0,222.0,Medium
2160500.000000001,10450750.0,5.7,36.5,25.0,218.0,139.0,Low
2160500.000000001,10550750.0,5.6,35.3,25.0,225.0,156.0,Low
2160500.000000001,10650750.0,5.9,34.5,25.0,206.0,171.0,Medium
2160500.000000001,10750750.0,5.4,36.3,25.0,306.0,196.0,Low
2160500.000000001,10850750.0,5.4,37.2,25.0,430.0,214.0,Medium
2160500.000000001,10950750.0,5.5,38.4,25.0,199.0,175.0,Low
2160500.000000001,11050750.0,5.5,40.1,25.0,248.0,159.0,Medium
2160500.000000001,11150750.0,5.5,40.3,25.0,413.0,184.0,Medium
2160500.000000001,11250750.0,5.9,42.0,25.0,233.0,177.0,Medium
2160500.000000001,11650750.0,5.6,43.3,25.0,171.0,140.0,Medium
2160500.000000001,11750750.0,4.8,46.1,25.0,195.0,127.0,Low
2060500.000000001,-11449250.0,5.7,39.0,25.0,500.0,239.0,Medium
2060500.000000001,-11349250.0,6.6,36.8,25.0,201.0,198.0,Medium
2060500.000000001,-11249250.0,7.0,38.2,25.0,180.0,211.0,Medium
2060500.000000001,-11149250.0,6.5,38.4,25.0,262.0,248.0,Medium
2060500.000000001,-11049250.0,6.7,39.1,25.0,332.0,223.0,Medium
2060500.000000001,-10949250.0,7.1,38.1,25.0,174.0,217.0,Medium
2060500.000000001,-10849250.0,5.7,36.4,25.0,353.0,193.0,Medium
2060500.000000001,-10749250.0,6.2,37.5,25.0,174.0,253.0,Medium
2060500.000000001,-10649250.0,6.1,38.5,25.0,236.0,192.0,Medium
2060500.000000001,-10349250.0,6.9,39.0,25.0,838.0,364.0,Medium
2060500.000000001,-10149250.0,7.4,40.4,25.0,339.0,283.0,Medium
2060500.000000001,-10049250.0,7.4,37.6,25.0,520.0,310.0,Medium
2060500.000000001,-9949250.0,7.1,36.1,25.0,458.0,259.0,Medium
2060500.000000001,-9849250.0,7.0,39.2,25.0,724.0,308.0,Medium
2060500.000000001,-8049250.0,7.1,37.8,25.0,304.0,273.0,Medium
2060500.000000001,-7849250.0,6.6,36.8,25.0,518.0,257.0,Medium
2060500.000000001,-1449250.0,7.8,26.2,25.0,53.0,114.0,Low
2060500.000000001,-1349250.0,8.0,28.6,25.0,30.0,148.0,Low
2060500.000000001,-1249250.0,8.0,28.6,25.0,31.0,149.0,Low
2060500.000000001,-1149250.0,8.0,29.8,25.0,38.0,134.0,Low
2060500.000000001,-1049250.0,8.1,28.3,25.0,43.0,283.0,Low
2060500.000000001,-949250.0,8.1,29.5,25.0,33.0,271.0,Low
2060500.000000001,-849250.0,8.1,30.3,25.0,41.0,148.0,Low
2060500.000000001,-749250.0,8.1,30.5,25.0,44.0,153.0,Low
2060500.000000001,-649250.0,7.8,27.3,25.0,42.0,140.0,Low
2060500.000000001,-549250.0,7.8,26.8,25.0,52.0,116.0,Low
2060500.000000001,-449250.0,7.8,29.7,25.0,43.0,118.0,Low
2060500.000000001,-349250.0,7.8,29.6,25.0,46.0,118.0,Low
2060500.000000001,-249250.0,7.8,28.8,25.0,47.0,120.0,Low
2060500.000000001,-149250.0,7.7,28.8,25.0,69.0,125.0,Low
2060500.000000001,-49250.0,7.7,28.5,25.0,33.0,126.0,Low
2060500.000000001,50750.0,7.8,29.6,25.0,30.0,124.0,Low
2060500.000000001,150750.0,8.1,30.6,25.0,29.0,127.0,Low
2060500.000000001,250750.0,8.0,30.1,25.0,30.0,150.0,Low
2060500.000000001,350750.0,8.2,29.6,25.0,31.0,115.0,Low
2060500.000000001,450750.0,8.2,30.0,25.0,29.0,128.0,Low
2060500.000000001,550750.0,8.2,30.0,25.0,35.0,124.0,Low
2060500.000000001,650750.0,8.1,29.3,25.0,32.0,116.0,Low
2060500.000000001,750750.0,8.2,28.5,25.0,34.0,143.0,Low
2060500.000000001,850750.0,8.2,28.8,25.0,30.0,157.0,Low
2060500.000000001,950750.0,8.4,29.0,25.0,33.0,162.0,Low
2060500.000000001,1050750.0,8.2,29.7,25.0,44.0,196.0,Low
2060500.000000001,1150750.0,8.4,27.7,25.0,40.0,204.0,Low
2060500.000000001,1250750.0,8.2,29.6,25.0,132.0,169.0,Low
2060500.000000001,1350750.0,8.1,29.0,25.0,99.0,168.0,Low
2060500.000000001,1450750.0,8.2,29.4,25.0,104.0,182.0,Low
2060500.000000001,1550750.0,8.2,28.1,25.0,61.0,153.0,Low
2060500.000000001,1650750.0,8.1,30.4,25.0,105.0,169.0,Low
2060500.000000001,1750750.0,8.1,31.2,25.0,64.0,172.0,Low
2060500.000000001,1850750.0,8.3,31.2,25.0,60.0,170.0,Low
2060500.000000001,1950750.0,8.2,30.5,25.0,55.0,161.0,Low
2060500.000000001,2050750.0,8.2,27.6,25.0,56.0,177.0,Low
2060500.000000001,2150750.0,8.1,29.3,25.0,91.0,158.0,Low
2060500.000000001,2250750.0,8.2,28.7,25.0,67.0,153.0,Low
2060500.000000001,2350750.0,8.2,26.7,25.0,60.0,179.0,Low
2060500.000000001,2450750.0,8.1,28.3,25.0,125.0,164.0,Low
2060500.000000001,2550750.0,8.2,27.5,25.0,58.0,174.0,Low
2060500.000000001,2650750.0,8.3,28.7,25.0,87.0,163.0,Low
2060500.000000001,2750750.0,8.2,28.3,25.0,126.0,206.0,Low
2060500.000000001,2850750.0,8.1,28.3,25.0,91.0,238.0,Low
2060500.000000001,2950750.0,8.2,28.6,25.0,50.0,182.0,Low
2060500.000000001,3050750.0,8.4,28.5,25.0,49.0,227.0,Low
2060500.000000001,3150750.0,8.4,28.7,25.0,62.0,227.0,Low
2060500.000000001,3250750.0,8.2,27.7,25.0,50.0,222.0,Low
2060500.000000001,3350750.0,8.2,27.7,25.0,90.0,210.0,Low
2060500.000000001,3450750.0,8.0,26.6,25.0,87.0,191.0,Low
2060500.000000001,3550750.0,8.0,27.5,25.0,84.0,195.0,Low
2060500.000000001,3650750.0,8.0,27.8,25.0,41.0,226.0,Low
2060500.000000001,3750750.0,7.9,29.7,25.0,39.0,215.0,Low
2060500.000000001,3850750.0,8.0,29.8,25.0,46.0,307.0,Low
2060500.000000001,3950750.0,8.1,30.3,25.0,56.0,352.0,Low
2060500.000000001,4050750.0,8.3,30.5,25.0,53.0,139.0,Low
2060500.000000001,4150750.0,8.2,30.6,25.0,66.0,127.0,Low
2060500.000000001,4550750.0,7.9,31.6,25.0,85.0,247.0,Low
2060500.000000001,4650750.0,7.9,33.4,25.0,173.0,217.0,Low
2060500.000000001,4750750.0,8.3,31.7,25.0,100.0,244.0,Low
2060500.000000001,4850750.0,8.2,30.8,25.0,92.0,250.0,Low
2060500.000000001,4950750.0,8.2,30.4,25.0,122.0,205.0,Low
2060500.000000001,5050750.0,8.2,30.2,25.0,95.0,231.0,Low
2060500.000000001,5150750.0,8.2,29.3,25.0,95.0,190.0,Low
2060500.000000001,5250750.0,8.2,30.1,25.0,132.0,236.0,Low
2060500.000000001,5350750.0,8.2,28.3,25.0,65.0,132.0,Low
2060500.000000001,5450750.0,8.2,28.2,25.0,91.0,130.0,Low
2060500.000000001,5550750.0,8.2,28.3,25.0,59.0,154.0,Low
2060500.000000001,5650750.0,8.2,28.7,25.0,60.0,163.0,Low
2060500.000000001,5750750.0,8.2,29.2,25.0,67.0,177.0,Low
2060500.000000001,5850750.0,8.2,30.2,25.0,59.0,157.0,Low
2060500.000000001,5950750.0,8.1,29.7,25.0,63.0,179.0,Low
2060500.000000001,6050750.0,8.3,31.1,25.0,96.0,207.0,Low
2060500.000000001,8050750.0,7.3,36.5,25.0,178.0,369.0,Medium
2060500.000000001,8150750.0,7.3,34.5,25.0,122.0,451.0,Medium
2060500.000000001,8250750.0,7.2,34.2,25.0,132.0,337.0,Medium
2060500.000000001,8350750.0,7.1,36.9,25.0,128.0,304.0,Medium
2060500.000000001,8450750.0,7.1,37.6,25.0,111.0,391.0,Medium
2060500.000000001,8550750.0,7.1,37.0,25.0,149.0,307.0,Medium
2060500.000000001,8650750.0,6.7,34.0,25.0,178.0,223.0,Medium
2060500.000000001,8750750.0,5.9,38.9,25.0,266.0,294.0,Medium
2060500.000000001,8850750.0,6.4,39.1,25.0,174.0,174.0,Medium
2060500.000000001,8950750.0,6.3,39.7,25.0,158.0,187.0,Medium
2060500.000000001,9050750.0,6.5,36.9,25.0,160.0,197.0,Medium
2060500.000000001,10150750.0,5.7,36.6,25.0,288.0,285.0,Medium
2060500.000000001,10250750.0,6.4,37.0,25.0,219.0,208.0,Medium
2060500.000000001,10350750.0,5.5,36.8,25.0,171.0,178.0,Low
2060500.000000001,10450750.0,5.7,39.8,25.0,255.0,186.0,Medium
2060500.000000001,10550750.0,5.7,37.4,25.0,414.0,172.0,Medium
2060500.000000001,10650750.0,6.0,37.1,25.0,255.0,174.0,Medium
2060500.000000001,10750750.0,6.1,34.7,25.0,178.0,183.0,Medium
2060500.000000001,10850750.0,5.5,36.7,25.0,305.0,192.0,Medium
2060500.000000001,10950750.0,5.3,37.6,25.0,354.0,188.0,Low
2060500.000000001,11050750.0,5.2,38.0,25.0,233.0,184.0,Low
2060500.000000001,11150750.0,5.3,37.1,25.0,229.0,196.0,Low
2060500.000000001,11250750.0,5.3,39.6,25.0,304.0,188.0,Low
2060500.000000001,11750750.0,5.1,46.7,25.0,389.0,214.0,Medium
2060500.000000001,12950750.0,5.4,43.7,25.0,517.0,216.0,Medium
1960500.000000001,-11249250.0,5.5,39.5,25.0,548.0,281.0,Medium
1960500.000000001,-11149250.0,5.5,39.3,25.0,437.0,260.0,Medium
1960500.000000001,-11049250.0,6.8,38.9,25.0,234.0,242.0,Medium
1960500.000000001,-10949250.0,7.1,37.6,25.0,206.0,201.0,Medium
1960500.000000001,-10849250.0,6.8,36.7,25.0,335.0,219.0,Medium
1960500.000000001,-10749250.0,5.3,43.0,25.0,497.0,193.0,Medium
1960500.000000001,-10649250.0,5.8,37.3,25.0,212.0,198.0,Medium
1960500.000000001,-10549250.0,5.4,37.7,25.0,335.0,192.0,Medium
1960500.000000001,-10449250.0,5.1,38.2,25.0,489.0,176.0,Low
1960500.000000001,-10349250.0,5.9,38.0,25.0,598.0,221.0,Medium
1960500.000000001,-10249250.0,5.6,34.1,25.0,354.0,196.0,Medium
1960500.000000001,-10149250.0,6.6,38.5,25.0,423.0,286.0,Medium
1960500.000000001,-10049250.0,6.7,40.4,25.0,504.0,312.0,Medium
1960500.000000001,-9949250.0,6.4,41.2,25.0,512.0,275.0,Medium
1960500.000000001,-1449250.0,8.2,31.3,25.0,37.0,57.0,Low
1960500.000000001,-1349250.0,7.7,26.3,25.0,41.0,127.0,Low
1960500.000000001,-1249250.0,7.7,31.5,25.0,43.0,173.0,Low
1960500.000000001,-1149250.0,7.8,29.1,25.0,77.0,224.0,Low
1960500.000000001,-1049250.0,7.9,31.3,25.0,57.0,213.0,Low
1960500.000000001,-949250.0,7.8,28.5,25.0,33.0,195.0,Low
1960500.000000001,-849250.0,7.6,28.4,25.0,37.0,138.0,Low
1960500.000000001,-749250.0,7.8,28.5,25.0,36.0,149.0,Low
1960500.000000001,-649250.0,8.1,30.0,25.0,28.0,98.0,Low
1960500.000000001,-549250.0,7.8,27.6,25.0,47.0,114.0,Low
1960500.000000001,-449250.0,7.8,28.6,25.0,40.0,115.0,Low
1960500.000000001,-349250.0,7.7,28.7,25.0,43.0,113.0,Low
1960500.000000001,-249250.0,7.7,30.4,25.0,50.0,120.0,Low
1960500.000000001,-149250.0,7.7,30.7,25.0,37.0,116.0,Low
1960500.000000001,-49250.0,7.7,29.9,25.0,54.0,157.0,Low
1960500.000000001,50750.0,7.7,28.5,25.0,40.0,121.0,Low
1960500.000000001,150750.0,7.9,28.0,25.0,31.0,128.0,Low
1960500.000000001,250750.0,8.0,30.5,25.0,32.0,114.0,Low
1960500.000000001,350750.0,8.1,30.0,25.0,36.0,96.0,Low
1960500.000000001,450750.0,8.0,30.5,25.0,35.0,108.0,Low
1960500.000000001,550750.0,8.0,29.8,25.0,35.0,99.0,Low
1960500.000000001,650750.0,7.9,29.9,25.0,37.0,135.0,Low
1960500.000000001,750750.0,8.0,29.8,25.0,35.0,120.0,Low
1960500.000000001,850750.0,8.1,32.0,25.0,42.0,167.0,Low
1960500.000000001,950750.0,8.1,30.1,25.0,41.0,184.0,Low
1960500.000000001,1050750.0,8.2,29.4,25.0,67.0,183.0,Low
1960500.000000001,1150750.0,8.2,29.0,25.0,31.0,174.0,Low
1960500.000000001,1250750.0,8.2,28.9,25.0,47.0,146.0,Low
1960500.000000001,1350750.0,8.2,28.8,25.0,95.0,170.0,Low
1960500.000000001,1450750.0,8.2,28.5,25.0,104.0,174.0,Low
1960500.000000001,1550750.0,8.1,29.0,25.0,64.0,159.0,Low
1960500.000000001,1650750.0,8.1,29.8,25.0,52.0,149.0,Low
1960500.000000001,1750750.0,8.1,30.4,25.0,42.0,129.0,Low
1960500.000000001,1850750.0,8.0,30.0,25.0,37.0,133.0,Low
1960500.000000001,1950750.0,8.1,27.9,25.0,40.0,165.0,Low
1960500.000000001,2050750.0,8.3,28.9,25.0,46.0,130.0,Low
1960500.000000001,2150750.0,8.3,29.2,25.0,103.0,164.0,Low
1960500.000000001,2250750.0,8.2,27.8,25.0,96.0,171.0,Low
1960500.000000001,2350750.0,8.3,28.4,25.0,64.0,167.0,Low
1960500.000000001,2450750.0,8.2,28.2,25.0,64.0,143.0,Low
1960500.000000001,2550750.0,8.2,28.5,25.0,83.0,176.0,Low
1960500.000000001,2650750.0,8.3,28.3,25.0,48.0,196.0,Low
1960500.000000001,2750750.0,8.3,29.7,25.0,42.0,180.0,Low
1960500.000000001,2850750.0,8.4,28.1,25.0,46.0,194.0,Low
1960500.000000001,2950750.0,8.3,28.1,25.0,84.0,183.0,Low
1960500.000000001,3050750.0,8.2,28.0,25.0,50.0,234.0,Low
1960500.000000001,3150750.0,8.3,28.5,25.0,42.0,215.0,Low
1960500.000000001,3250750.0,8.3,27.7,25.0,42.0,197.0,Low
1960500.000000001,3350750.0,8.2,28.5,25.0,48.0,203.0,Low
1960500.000000001,3450750.0,8.3,28.9,25.0,42.0,191.0,Low
1960500.000000001,3550750.0,8.1,26.6,25.0,37.0,183.0,Low
1960500.000000001,3650750.0,8.0,28.2,25.0,38.0,267.0,Low
1960500.000000001,3750750.0,7.9,28.3,25.0,38.0,203.0,Low
1960500.000000001,3850750.0,8.0,30.9,25.0,42.0,241.0,Low
1960500.000000001,3950750.0,8.1,31.3,25.0,67.0,428.0,Low
1960500.000000001,4050750.0,8.0,30.5,25.0,107.0,281.0,Low
1960500.000000001,4150750.0,8.2,30.2,25.0,78.0,192.0,Low
1960500.000000001,4250750.0,7.7,30.5,25.0,72.0,210.0,Low
1960500.000000001,4650750.0,8.1,30.6,25.0,67.0,247.0,Low
1960500.000000001,4750750.0,8.1,33.8,25.0,125.0,237.0,Low
1960500.000000001,4850750.0,8.3,31.6,25.0,87.0,207.0,Low
1960500.000000001,4950750.0,8.1,30.7,25.0,110.0,200.0,Low
1960500.000000001,5050750.0,8.1,30.5,25.0,133.0,235.0,Low
1960500.000000001,5150750.0,8.2,28.8,25.0,104.0,141.0,Low
1960500.000000001,5250750.0,8.2,27.9,25.0,56.0,139.0,Low
1960500.000000001,5350750.0,8.2,28.5,25.0,89.0,139.0,Low
1960500.000000001,5450750.0,8.2,29.0,25.0,55.0,166.0,Low
1960500.000000001,5550750.0,8.2,28.0,25.0,61.0,178.0,Low
1960500.000000001,5650750.0,8.2,28.0,25.0,58.0,191.0,Low
1960500.000000001,5750750.0,8.2,29.1,25.0,103.0,196.0,Low
1960500.000000001,5850750.0,8.2,28.7,25.0,135.0,196.0,Low
1960500.000000001,5950750.0,8.0,29.5,25.0,114.0,239.0,Low
1960500.000000001,7950750.0,6.2,38.9,25.0,303.0,227.0,Medium
1960500.000000001,8050750.0,7.2,37.4,25.0,142.0,372.0,Medium
1960500.000000001,8150750.0,7.1,33.1,25.0,132.0,283.0,Medium
1960500.000000001,8250750.0,7.1,34.5,25.0,161.0,389.0,Medium
1960500.000000001,8350750.0,6.9,33.7,25.0,143.0,330.0,Medium
1960500.000000001,8450750.0,7.4,37.5,25.0,159.0,347.0,Medium
1960500.000000001,8550750.0,7.0,33.4,25.0,144.0,213.0,Medium
1960500.000000001,8650750.0,6.7,39.1,25.0,169.0,203.0,Medium
1960500.000000001,8750750.0,6.6,37.4,25.0,162.0,183.0,Medium
1960500.000000001,8850750.0,5.9,38.9,25.0,237.0,236.0,Medium
1960500.000000001,8950750.0,6.3,36.6,25.0,199.0,208.0,Medium
1960500.000000001,10250750.0,6.3,36.6,25.0,168.0,237.0,Medium
1960500.000000001,10350750.0,5.7,35.4,25.0,295.0,257.0,Medium
1960500.000000001,10450750.0,5.6,35.1,25.0,316.0,246.0,Medium
1960500.000000001,10550750.0,5.7,38.3,25.0,305.0,210.0,Medium
1960500.000000001,10650750.0,5.6,38.0,25.0,243.0,188.0,Medium
1960500.000000001,10750750.0,5.6,34.1,25.0,212.0,216.0,Medium
1960500.000000001,10850750.0,5.6,36.7,25.0,652.0,201.0,Medium
1960500.000000001,10950750.0,5.7,36.9,25.0,234.0,161.0,Medium
1960500.000000001,11050750.0,5.7,34.9,25.0,121.0,150.0,Low
1960500.000000001,11150750.0,5.5,36.4,25.0,131.0,153.0,Low
1960500.000000001,11250750.0,5.5,36.4,25.0,193.0,127.0,Low
1960500.000000001,11350750.0,5.4,39.8,25.0,345.0,167.0,Medium
1960500.000000001,11450750.0,5.4,39.8,25.0,458.0,215.0,Medium
1960500.000000001,12950750.0,6.3,40.1,25.0,178.0,240.0,Medium
1960500.000000001,13050750.0,5.9,40.6,25.0,332.0,166.0,Medium
1860500.000000001,-11049250.0,6.1,40.3,25.0,334.0,247.0,Medium
1860500.000000001,-10949250.0,5.8,39.5,25.0,402.0,195.0,Medium
1860500.000000001,-10849250.0,5.6,38.6,25.0,519.0,261.0,Medium
1860500.000000001,-10749250.0,7.0,37.7,25.0,182.0,188.0,Medium
1860500.000000001,-10649250.0,5.7,37.4,25.0,364.0,222.0,Medium
1860500.000000001,-10549250.0,5.7,37.5,25.0,488.0,217.0,Medium
1860500.000000001,-10449250.0,5.7,36.9,25.0,269.0,199.0,Medium
1860500.000000001,-10349250.0,5.7,36.1,25.0,272.0,230.0,Medium
1860500.000000001,-10249250.0,5.9,41.8,25.0,431.0,231.0,Medium
1860500.000000001,-10149250.0,6.6,40.7,25.0,494.0,227.0,Medium
1860500.000000001,-10049250.0,5.8,39.3,25.0,474.0,171.0,Medium
1860500.000000001,-9949250.0,6.4,41.7,25.0,584.0,205.0,Medium
1860500.000000001,-1549250.0,7.5,28.7,25.0,54.0,87.0,Low
1860500.000000001,-1449250.0,7.2,25.9,25.0,42.0,91.0,Low
1860500.000000001,-1349250.0,7.2,28.2,25.0,49.0,112.0,Low
1860500.000000001,-1249250.0,7.6,31.5,25.0,59.0,149.0,Low
1860500.000000001,-1149250.0,7.6,33.2,25.0,57.0,205.0,Low
1860500.000000001,-1049250.0,7.3,29.4,25.0,53.0,97.0,Low
1860500.000000001,-949250.0,7.5,32.1,25.0,43.0,145.0,Low
1860500.000000001,-849250.0,7.4,31.2,25.0,58.0,167.0,Low
1860500.000000001,-749250.0,7.4,29.2,25.0,47.0,96.0,Low
1860500.000000001,-649250.0,8.0,32.1,25.0,50.0,115.0,Low
1860500.000000001,-549250.0,7.6,25.9,25.0,53.0,101.0,Low
1860500.000000001,-449250.0,7.8,29.5,25.0,50.0,124.0,Low
1860500.000000001,-349250.0,7.8,28.3,25.0,58.0,136.0,Low
1860500.000000001,-249250.0,7.7,30.7,25.0,50.0,129.0,Low
1860500.000000001,-149250.0,7.4,30.3,25.0,60.0,119.0,Low
1860500.000000001,-49250.0,7.6,28.9,25.0,52.0,151.0,Low
1860500.000000001,50750.0,7.6,27.5,25.0,45.0,102.0,Low
1860500.000000001,150750.0,7.6,28.3,25.0,45.0,101.0,Low
1860500.000000001,250750.0,7.9,29.7,25.0,49.0,108.0,Low
1860500.000000001,350750.0,7.9,31.7,25.0,45.0,111.0,Low
1860500.000000001,450750.0,7.9,30.9,25.0,47.0,99.0,Low
1860500.000000001,550750.0,7.5,31.2,25.0,54.0,109.0,Low
1860500.000000001,650750.0,7.7,29.4,25.0,45.0,116.0,Low
1860500.000000001,750750.0,7.9,29.9,25.0,45.0,113.0,Low
1860500.000000001,850750.0,7.6,30.5,25.0,79.0,129.0,Low
1860500.000000001,950750.0,8.1,30.4,25.0,52.0,151.0,Low
1860500.000000001,1050750.0,8.1,29.4,25.0,39.0,161.0,Low
1860500.000000001,1150750.0,8.3,30.0,25.0,30.0,129.0,Low
1860500.000000001,1250750.0,8.2,28.9,25.0,35.0,151.0,Low
1860500.000000001,1350750.0,8.1,26.9,25.0,47.0,140.0,Low
1860500.000000001,1450750.0,8.2,28.4,25.0,44.0,141.0,Low
1860500.000000001,1550750.0,8.1,26.9,25.0,35.0,113.0,Low
1860500.000000001,1650750.0,8.0,28.1,25.0,30.0,146.0,Low
1860500.000000001,1750750.0,8.1,29.1,25.0,36.0,128.0,Low
1860500.000000001,1850750.0,8.1,28.9,25.0,46.0,171.0,Low
1860500.000000001,1950750.0,8.1,30.7,25.0,111.0,223.0,Low
1860500.000000001,2050750.0,8.2,27.1,25.0,63.0,172.0,Low
1860500.000000001,2150750.0,8.1,28.2,25.0,63.0,162.0,Low
1860500.000000001,2250750.0,8.1,29.3,25.0,43.0,172.0,Low
1860500.000000001,2350750.0,8.3,30.9,25.0,48.0,142.0,Low
1860500.000000001,2450750.0,8.2,30.2,25.0,48.0,195.0,Low
1860500.000000001,2550750.0,8.1,30.7,25.0,56.0,151.0,Low
1860500.000000001,2650750.0,8.2,29.8,25.0,45.0,203.0,Low
1860500.000000001,2750750.0,8.3,29.0,25.0,51.0,212.0,Low
1860500.000000001,2850750.0,8.3,30.0,25.0,47.0,202.0,Low
1860500.000000001,2950750.0,8.3,29.2,25.0,53.0,193.0,Low
1860500.000000001,3050750.0,8.3,29.3,25.0,51.0,202.0,Low
1860500.000000001,3150750.0,8.2,29.3,25.0,46.0,221.0,Low
1860500.000000001,3250750.0,8.3,29.7,25.0,41.0,216.0,Low
1860500.000000001,3350750.0,8.3,29.8,25.0,45.0,220.0,Low
1860500.000000001,3450750.0,8.4,29.3,25.0,42.0,259.0,Low
1860500.000000001,3550750.0,8.2,28.4,25.0,49.0,255.0,Low
1860500.000000001,3650750.0,8.3,29.6,25.0,32.0,314.0,Low
1860500.000000001,3750750.0,8.0,30.4,25.0,32.0,298.0,Low
1860500.000000001,3850750.0,8.0,31.6,25.0,39.0,238.0,Low
1860500.000000001,3950750.0,8.0,37.6,25.0,61.0,375.0,Low
1860500.000000001,4050750.0,8.1,30.9,25.0,62.0,252.0,Low
1860500.000000001,4150750.0,7.9,31.4,25.0,105.0,276.0,Low
1860500.000000001,4250750.0,7.5,33.3,25.0,162.0,246.0,Medium
1860500.000000001,4750750.0,8.0,31.2,25.0,159.0,199.0,Low
1860500.000000001,4850750.0,8.1,32.2,25.0,186.0,232.0,Low
1860500.000000001,4950750.0,8.2,31.7,25.0,84.0,132.0,Low
1860500.000000001,5050750.0,8.2,30.7,25.0,63.0,130.0,Low
1860500.000000001,5150750.0,8.2,30.4,25.0,89.0,132.0,Low
1860500.000000001,5250750.0,8.2,30.3,25.0,66.0,149.0,Low
1860500.000000001,5350750.0,8.2,30.3,25.0,81.0,210.0,Low
1860500.000000001,5450750.0,8.2,30.2,25.0,62.0,181.0,Low
1860500.000000001,5550750.0,8.1,29.1,25.0,69.0,189.0,Low
1860500.000000001,5650750.0,8.1,30.0,25.0,150.0,169.0,Low
1860500.000000001,5750750.0,7.9,32.2,25.0,179.0,234.0,Low
1860500.000000001,8050750.0,6.6,39.9,25.0,190.0,302.0,Medium
1860500.000000001,8150750.0,7.3,34.4,25.0,118.0,336.0,Medium
1860500.000000001,8250750.0,7.4,33.2,25.0,119.0,354.0,Medium
1860500.000000001,8350750.0,6.9,33.1,25.0,134.0,215.0,Medium
1860500.000000001,8450750.0,6.6,31.6,25.0,193.0,226.0,Medium
1860500.000000001,8550750.0,7.0,33.3,25.0,138.0,258.0,Medium
1860500.000000001,8650750.0,6.8,34.5,25.0,161.0,236.0,Medium
1860500.000000001,8750750.0,6.6,36.8,25.0,179.0,200.0,Medium
1860500.000000001,8850750.0,6.7,37.4,25.0,183.0,273.0,Medium
1860500.000000001,10250750.0,6.3,35.1,25.0,214.0,254.0,Medium
1860500.000000001,10350750.0,6.5,36.2,25.0,202.0,277.0,Medium
1860500.000000001,10450750.0,6.0,35.5,25.0,345.0,278.0,Medium
1860500.000000001,10550750.0,5.9,34.7,25.0,247.0,299.0,Medium
1860500.000000001,10750750.0,5.8,36.5,25.0,180.0,182.0,Medium
1860500.000000001,10850750.0,6.1,37.1,25.0,161.0,204.0,Medium
1860500.000000001,10950750.0,5.9,36.9,25.0,228.0,206.0,Medium
1860500.000000001,11050750.0,6.0,36.2,25.0,157.0,144.0,Medium
1860500.000000001,11150750.0,5.7,34.9,25.0,172.0,146.0,Low
1860500.000000001,11250750.0,5.8,37.0,25.0,155.0,112.0,Low
1860500.000000001,11350750.0,5.5,38.2,25.0,182.0,127.0,Low
1860500.000000001,11450750.0,5.5,39.2,25.0,267.0,161.0,Medium
1860500.000000001,11550750.0,5.8,39.8,25.0,459.0,191.0,Medium
1860500.000000001,13050750.0,5.3,44.1,25.0,510.0,234.0,Medium
1860500.000000001,13150750.0,5.4,43.5,25.0,447.0,212.0,Medium
1760500.000000001,-10749250.0,6.1,38.4,25.0,268.0,207.0,Medium
1760500.000000001,-10349250.0,5.8,42.1,25.0,281.0,216.0,Medium
1760500.000000001,-10249250.0,6.3,40.9,25.0,284.0,224.0,Medium
1760500.000000001,-10149250.0,5.8,41.0,25.0,572.0,199.0,Medium
1760500.000000001,-10049250.0,5.9,40.7,25.0,528.0,181.0,Medium
1760500.000000001,-9949250.0,5.6,40.3,25.0,594.0,201.0,Medium
1760500.000000001,-9649250.0,5.9,38.6,25.0,553.0,263.0,Medium
1760500.000000001,-9549250.0,5.6,38.6,25.0,590.0,227.0,Medium
1760500.000000001,-1549250.0,7.0,24.5,25.0,47.0,72.0,Low
1760500.000000001,-1449250.0,7.0,23.1,25.0,49.0,68.0,Low
1760500.000000001,-1349250.0,6.8,26.1,25.0,43.0,56.0,Low
1760500.000000001,-1249250.0,6.7,27.6,25.0,35.0,56.0,Medium
1760500.000000001,-1149250.0,7.2,35.2,25.0,101.0,103.0,Medium
1760500.000000001,-1049250.0,6.7,29.4,25.0,59.0,85.0,Medium
1760500.000000001,-949250.0,6.8,29.3,25.0,50.0,83.0,Medium
1760500.000000001,-849250.0,7.1,29.5,25.0,48.0,77.0,Low
1760500.000000001,-749250.0,7.0,27.1,25.0,66.0,85.0,Low
1760500.000000001,-649250.0,7.2,28.4,25.0,61.0,91.0,Low
1760500.000000001,-549250.0,7.2,26.1,25.0,78.0,112.0,Low
1760500.000000001,-449250.0,7.2,28.2,25.0,52.0,91.0,Low
1760500.000000001,-349250.0,7.1,28.2,25.0,47.0,91.0,Low
1760500.000000001,-249250.0,6.8,30.3,25.0,65.0,137.0,Medium
1760500.000000001,-149250.0,7.0,27.1,25.0,59.0,95.0,Low
1760500.000000001,-49250.0,7.2,25.7,25.0,56.0,114.0,Low
1760500.000000001,50750.0,7.4,30.1,25.0,47.0,89.0,Low
1760500.000000001,150750.0,7.4,29.7,25.0,50.0,102.0,Low
1760500.000000001,250750.0,7.2,27.7,25.0,48.0,113.0,Low
1760500.000000001,350750.0,7.0,27.0,25.0,48.0,105.0,Low
1760500.000000001,450750.0,6.7,27.3,25.0,44.0,95.0,Medium
1760500.000000001,550750.0,6.7,33.0,25.0,45.0,94.0,Medium
1760500.000000001,650750.0,6.9,31.1,25.0,52.0,107.0,Medium
1760500.000000001,750750.0,7.1,31.9,25.0,47.0,120.0,Medium
1760500.000000001,850750.0,7.5,28.5,25.0,50.0,105.0,Low
1760500.000000001,950750.0,7.7,27.4,25.0,64.0,113.0,Low
1760500.000000001,1050750.0,7.9,27.4,25.0,59.0,153.0,Low
1760500.000000001,1150750.0,8.0,27.5,25.0,54.0,138.0,Low
1760500.000000001,1250750.0,8.1,28.0,25.0,51.0,142.0,Low
1760500.000000001,1350750.0,8.2,29.5,25.0,72.0,147.0,Low
1760500.000000001,1450750.0,8.0,27.8,25.0,50.0,130.0,Low
1760500.000000001,1550750.0,8.0,27.7,25.0,46.0,114.0,Low
1760500.000000001,1650750.0,8.0,28.3,25.0,48.0,139.0,Low
1760500.000000001,1750750.0,7.9,28.4,25.0,50.0,139.0,Low
1760500.000000001,1850750.0,7.9,30.4,25.0,60.0,144.0,Low
1760500.000000001,1950750.0,7.9,30.2,25.0,106.0,161.0,Low
1760500.000000001,2050750.0,7.9,29.6,25.0,68.0,137.0,Low
1760500.000000001,2150750.0,8.0,31.5,25.0,81.0,138.0,Low
1760500.000000001,2250750.0,8.1,31.9,25.0,50.0,160.0,Low
1760500.000000001,2350750.0,8.0,30.8,25.0,53.0,146.0,Low
1760500.000000001,2450750.0,8.1,31.7,25.0,65.0,257.0,Low
1760500.000000001,2550750.0,8.2,31.2,25.0,48.0,132.0,Low
1760500.000000001,2650750.0,8.1,30.2,25.0,48.0,185.0,Low
1760500.000000001,2750750.0,8.3,29.9,25.0,50.0,186.0,Low
1760500.000000001,2850750.0,8.3,31.4,25.0,51.0,205.0,Low
1760500.000000001,2950750.0,8.3,30.2,25.0,39.0,218.0,Low
1760500.000000001,3050750.0,8.3,29.6,25.0,46.0,192.0,Low
1760500.000000001,3150750.0,8.2,30.2,25.0,44.0,216.0,Low
1760500.000000001,3250750.0,8.2,30.6,25.0,55.0,205.0,Low
1760500.000000001,3350750.0,8.2,29.5,25.0,38.0,202.0,Low
1760500.000000001,3450750.0,8.3,30.1,25.0,81.0,245.0,Low
1760500.000000001,3550750.0,8.3,28.9,25.0,44.0,274.0,Low
1760500.000000001,3650750.0,8.5,30.5,25.0,34.0,333.0,Low
1760500.000000001,3750750.0,8.4,32.1,25.0,45.0,432.0,Low
1760500.000000001,3850750.0,8.0,34.3,25.0,59.0,447.0,Low
1760500.000000001,3950750.0,8.0,34.7,25.0,58.0,433.0,Low
1760500.000000001,4050750.0,7.5,31.2,25.0,86.0,341.0,Medium
1760500.000000001,4150750.0,7.5,32.8,25.0,113.0,356.0,Medium
1760500.000000001,4250750.0,7.8,35.3,25.0,179.0,324.0,Medium
1760500.000000001,4450750.0,7.7,36.3,25.0,249.0,298.0,Medium
1760500.000000001,4750750.0,8.0,29.8,25.0,128.0,205.0,Low
1760500.000000001,4850750.0,8.0,34.9,25.0,208.0,250.0,Low
1760500.000000001,4950750.0,8.2,29.6,25.0,58.0,151.0,Low
1760500.000000001,5050750.0,8.3,31.2,25.0,53.0,126.0,Low
1760500.000000001,5150750.0,8.2,30.7,25.0,64.0,163.0,Low
1760500.000000001,5250750.0,8.1,29.5,25.0,63.0,193.0,Low
1760500.000000001,5350750.0,8.1,29.6,25.0,80.0,197.0,Low
1760500.000000001,5450750.0,8.0,30.1,25.0,115.0,192.0,Low
1760500.000000001,5550750.0,8.0,30.6,25.0,129.0,246.0,Low
1760500.000000001,5650750.0,8.0,29.9,25.0,171.0,232.0,Low
1760500.000000001,8050750.0,5.7,39.8,25.0,370.0,242.0,Medium
1760500.000000001,8150750.0,7.0,36.8,25.0,127.0,381.0,Medium
1760500.000000001,8250750.0,7.1,38.7,25.0,144.0,258.0,Medium
1760500.000000001,8350750.0,7.0,32.1,25.0,180.0,236.0,Medium
1760500.000000001,8450750.0,7.2,30.6,25.0,122.0,271.0,Medium
1760500.000000001,8550750.0,6.9,37.7,25.0,188.0,201.0,Medium
1760500.000000001,8650750.0,7.3,36.6,25.0,152.0,319.0,Medium
1760500.000000001,10350750.0,6.2,35.9,25.0,310.0,297.0,Medium
1760500.000000001,10650750.0,5.8,36.3,25.0,255.0,221.0,Medium
1760500.000000001,10750750.0,5.6,40.8,25.0,300.0,175.0,Medium
1760500.000000001,10850750.0,6.1,34.0,25.0,158.0,235.0,Medium
1760500.000000001,10950750.0,5.9,36.4,25.0,134.0,250.0,Medium
1760500.000000001,11050750.0,6.2,34.3,25.0,139.0,166.0,Medium
1760500.000000001,11150750.0,5.8,34.5,25.0,140.0,202.0,Medium
1760500.000000001,11250750.0,5.8,37.8,25.0,137.0,162.0,Medium
1760500.000000001,11350750.0,5.7,37.6,25.0,166.0,178.0,Medium
1760500.000000001,11450750.0,5.7,38.2,25.0,164.0,160.0,Medium
1760500.000000001,11550750.0,5.5,39.8,25.0,279.0,176.0,Medium
1760500.000000001,11650750.0,5.8,44.4,25.0,504.0,246.0,Medium
1760500.000000001,13050750.0,6.4,39.2,25.0,151.0,317.0,Medium
1660500.000000001,-10249250.0,5.9,42.5,25.0,641.0,256.0,Medium
1660500.000000001,-10149250.0,5.6,42.2,25.0,544.0,229.0,Medium
1660500.000000001,-10049250.0,7.0,38.5,25.0,205.0,267.0,Medium
1660500.000000001,-9949250.0,6.1,41.3,25.0,469.0,244.0,Medium
1660500.000000001,-9849250.0,6.2,41.6,25.0,511.0,254.0,Medium
1660500.000000001,-9749250.0,6.3,40.6,25.0,515.0,267.0,Medium
1660500.000000001,-9649250.0,6.8,38.2,25.0,384.0,294.0,Medium
1660500.000000001,-9549250.0,5.9,39.8,25.0,546.0,223.0,Medium
1660500.000000001,-9449250.0,5.5,40.1,25.0,549.0,178.0,Medium
1660500.000000001,-9349250.0,5.6,40.8,25.0,707.0,284.0,Medium
1660500.000000001,-1649250.0,6.2,22.3,25.0,55.0,73.0,Low
1660500.000000001,-1549250.0,6.4,18.9,25.0,57.0,61.0,Low
1660500.000000001,-1449250.0,6.5,22.1,25.0,64.0,107.0,Low
1660500.000000001,-1349250.0,6.5,27.3,25.0,57.0,99.0,Medium
1660500.000000001,-1249250.0,6.7,31.4,25.0,49.0,77.0,Medium
1660500.000000001,-1149250.0,6.4,30.0,25.0,44.0,82.0,Medium
1660500.000000001,-1049250.0,6.9,35.6,25.0,59.0,142.0,Medium
1660500.000000001,-949250.0,6.4,31.4,25.0,58.0,80.0,Medium
1660500.000000001,-849250.0,6.5,28.3,25.0,40.0,64.0,Medium
1660500.000000001,-749250.0,6.4,30.7,25.0,44.0,78.0,Medium
1660500.000000001,-649250.0,6.7,29.7,25.0,51.0,71.0,Medium
1660500.000000001,-549250.0,6.7,28.0,25.0,55.0,69.0,Medium
1660500.000000001,-449250.0,6.8,33.8,25.0,65.0,86.0,Medium
1660500.000000001,-349250.0,6.5,33.7,25.0,60.0,81.0,Medium
1660500.000000001,-249250.0,6.8,35.5,25.0,140.0,133.0,Medium
1660500.000000001,-149250.0,6.7,31.9,25.0,73.0,189.0,Medium
1660500.000000001,-49250.0,6.4,31.7,25.0,52.0,103.0,Medium
1660500.000000001,50750.0,6.4,28.0,25.0,50.0,78.0,Medium
1660500.000000001,150750.0,6.6,28.3,25.0,43.0,89.0,Medium
1660500.000000001,250750.0,6.5,26.3,25.0,53.0,111.0,Medium
1660500.000000001,350750.0,6.2,27.1,25.0,41.0,66.0,Low
1660500.000000001,450750.0,6.2,26.7,25.0,50.0,64.0,Low
1660500.000000001,550750.0,6.7,32.2,25.0,37.0,99.0,Medium
1660500.000000001,650750.0,6.9,31.4,25.0,41.0,93.0,Medium
1660500.000000001,750750.0,6.9,32.5,25.0,61.0,144.0,Medium
1660500.000000001,850750.0,7.2,27.4,25.0,56.0,105.0,Low
1660500.000000001,950750.0,7.3,28.9,25.0,68.0,95.0,Low
1660500.000000001,1050750.0,7.3,30.2,25.0,67.0,130.0,Low
1660500.000000001,1150750.0,7.6,26.8,25.0,67.0,120.0,Low
1660500.000000001,1250750.0,7.8,25.8,25.0,108.0,109.0,Low
1660500.000000001,1350750.0,7.7,26.3,25.0,130.0,128.0,Low
1660500.000000001,1450750.0,7.8,27.1,25.0,95.0,120.0,Low
1660500.000000001,1550750.0,7.7,29.3,25.0,90.0,132.0,Low
1660500.000000001,1650750.0,7.6,27.3,25.0,129.0,124.0,Low
1660500.000000001,1750750.0,7.7,25.1,25.0,128.0,124.0,Low
1660500.000000001,1850750.0,7.7,30.2,25.0,109.0,174.0,Low
1660500.000000001,1950750.0,7.8,30.5,25.0,118.0,170.0,Low
1660500.000000001,2050750.0,7.7,31.3,25.0,93.0,144.0,Low
1660500.000000001,2150750.0,7.9,33.7,25.0,75.0,153.0,Low
1660500.000000001,2250750.0,8.0,32.9,25.0,66.0,173.0,Low
1660500.000000001,2350750.0,7.7,35.1,25.0,80.0,137.0,Low
1660500.000000001,2450750.0,7.7,33.4,25.0,80.0,118.0,Low
1660500.000000001,2550750.0,7.7,31.2,25.0,64.0,119.0,Low
1660500.000000001,2650750.0,7.9,30.6,25.0,59.0,154.0,Low
1660500.000000001,2750750.0,7.9,31.4,25.0,54.0,244.0,Low
1660500.000000001,2850750.0,8.0,32.2,25.0,61.0,242.0,Low
1660500.000000001,2950750.0,8.0,31.8,25.0,63.0,348.0,Low
1660500.000000001,3050750.0,8.0,31.0,25.0,81.0,232.0,Low
1660500.000000001,3150750.0,8.1,31.6,25.0,71.0,161.0,Low
1660500.000000001,3250750.0,8.1,30.7,25.0,62.0,216.0,Low
1660500.000000001,3350750.0,8.0,29.1,25.0,60.0,216.0,Low
1660500.000000001,3450750.0,8.0,29.4,25.0,53.0,237.0,Low
1660500.000000001,3550750.0,8.0,29.8,25.0,57.0,350.0,Low
1660500.000000001,3650750.0,8.1,31.7,25.0,76.0,330.0,Low
1660500.000000001,3750750.0,7.7,35.3,25.0,50.0,424.0,Medium
1660500.000000001,3850750.0,7.5,34.1,25.0,51.0,350.0,Medium
1660500.000000001,3950750.0,7.7,36.9,25.0,64.0,459.0,Medium
1660500.000000001,4050750.0,7.5,39.4,25.0,88.0,533.0,Medium
1660500.000000001,4150750.0,7.9,32.3,25.0,200.0,408.0,Low
1660500.000000001,4250750.0,7.8,37.1,25.0,168.0,372.0,Medium
1660500.000000001,4350750.0,7.3,36.9,25.0,246.0,266.0,Medium
1660500.000000001,4750750.0,8.2,30.1,25.0,178.0,212.0,Low
1660500.000000001,4850750.0,8.0,34.9,25.0,204.0,290.0,Low
1660500.000000001,4950750.0,8.1,35.1,25.0,153.0,209.0,Low
1660500.000000001,5050750.0,8.1,30.8,25.0,44.0,177.0,Low
1660500.000000001,5150750.0,8.2,30.4,25.0,53.0,142.0,Low
1660500.000000001,5250750.0,7.9,29.9,25.0,148.0,181.0,Low
1660500.000000001,5350750.0,8.1,30.8,25.0,108.0,240.0,Low
1660500.000000001,5450750.0,8.1,28.4,25.0,173.0,204.0,Low
1660500.000000001,8150750.0,5.8,38.2,25.0,262.0,288.0,Medium
1660500.000000001,8250750.0,7.5,36.7,25.0,125.0,266.0,Medium
1660500.000000001,8350750.0,7.2,39.6,25.0,181.0,297.0,Medium
1660500.000000001,8450750.0,7.2,38.5,25.0,142.0,290.0,Medium
1660500.000000001,8550750.0,7.3,34.5,25.0,133.0,319.0,Medium
1660500.000000001,8650750.0,7.1,34.5,25.0,160.0,302.0,Medium
1660500.000000001,10650750.0,5.5,37.4,25.0,283.0,236.0,Medium
1660500.000000001,10750750.0,5.5,40.0,25.0,258.0,200.0,Medium
1660500.000000001,10850750.0,6.1,32.8,25.0,230.0,241.0,Medium
1660500.000000001,10950750.0,6.1,37.9,25.0,220.0,224.0,Medium
1660500.000000001,11050750.0,6.2,36.1,25.0,154.0,148.0,Medium
1660500.000000001,11150750.0,5.8,34.2,25.0,147.0,193.0,Medium
1660500.000000001,11250750.0,5.7,39.2,25.0,130.0,147.0,Low
1660500.000000001,11550750.0,5.6,38.7,25.0,244.0,178.0,Medium
1660500.000000001,11650750.0,5.7,40.3,25.0,385.0,200.0,Medium
1660500.000000001,11750750.0,5.3,45.4,25.0,538.0,209.0,Medium
1660500.000000001,13050750.0,5.5,38.4,25.0,283.0,217.0,Medium
1660500.000000001,13150750.0,5.4,40.9,25.0,423.0,194.0,Medium
1560500.000000001,-10149250.0,6.2,40.5,25.0,255.0,221.0,Medium
1560500.000000001,-10049250.0,6.0,41.4,25.0,255.0,236.0,Medium
1560500.000000001,-9949250.0,6.1,40.4,25.0,399.0,276.0,Medium
1560500.000000001,-9849250.0,6.2,41.1,25.0,421.0,317.0,Medium
1560500.000000001,-9749250.0,6.5,39.3,25.0,233.0,266.0,Medium
1560500.000000001,-9649250.0,6.6,39.4,25.0,435.0,309.0,Medium
1560500.000000001,-9549250.0,6.1,40.1,25.0,559.0,241.0,Medium
1560500.000000001,-9449250.0,5.7,40.0,25.0,552.0,172.0,Medium
1560500.000000001,-9349250.0,5.9,39.6,25.0,595.0,266.0,Medium
1560500.000000001,-1649250.0,6.0,21.9,25.0,100.0,78.0,Low
1560500.000000001,-1549250.0,6.4,20.2,25.0,71.0,88.0,Low
1560500.000000001,-1449250.0,6.5,21.5,25.0,72.0,81.0,Low
1560500.000000001,-1349250.0,6.2,26.4,25.0,77.0,84.0,Low
1560500.000000001,-1249250.0,6.1,30.2,25.0,70.0,77.0,Low
1560500.000000001,-1149250.0,6.0,32.0,25.0,90.0,72.0,Low
1560500.000000001,-1049250.0,6.2,32.5,25.0,146.0,88.0,Medium
1560500.000000001,-949250.0,6.3,31.3,25.0,63.0,80.0,Medium
1560500.000000001,-849250.0,6.4,33.2,25.0,78.0,83.0,Medium
1560500.000000001,-749250.0,6.5,30.8,25.0,74.0,72.0,Medium
1560500.000000001,-649250.0,6.3,25.7,25.0,58.0,64.0,Low
1560500.000000001,-549250.0,6.1,30.6,25.0,74.0,70.0,Low
1560500.000000001,-449250.0,6.7,32.7,25.0,64.0,125.0,Medium
1560500.000000001,-349250.0,6.4,31.1,25.0,58.0,105.0,Medium
1560500.000000001,-249250.0,6.4,28.7,25.0,60.0,82.0,Medium
1560500.000000001,-149250.0,6.2,26.5,25.0,67.0,97.0,Low
1560500.000000001,-49250.0,6.4,24.9,25.0,55.0,60.0,Low
1560500.000000001,50750.0,6.6,26.5,25.0,59.0,123.0,Medium
1560500.000000001,150750.0,6.4,25.7,25.0,55.0,64.0,Low
1560500.000000001,250750.0,6.3,28.3,25.0,49.0,56.0,Low
1560500.000000001,350750.0,5.9,29.0,25.0,51.0,55.0,Low
1560500.000000001,450750.0,6.2,28.8,25.0,46.0,58.0,Low
1560500.000000001,550750.0,6.0,28.4,25.0,40.0,72.0,Low
1560500.000000001,650750.0,6.3,30.8,25.0,37.0,72.0,Low
1560500.000000001,750750.0,6.9,31.2,25.0,73.0,145.0,Medium
1560500.000000001,850750.0,7.0,26.8,25.0,55.0,103.0,Low
1560500.000000001,950750.0,6.9,27.5,25.0,57.0,80.0,Low
1560500.000000001,1050750.0,6.9,26.3,25.0,71.0,74.0,Low
1560500.000000001,1150750.0,7.4,27.4,25.0,48.0,117.0,Low
1560500.000000001,1250750.0,7.6,25.5,25.0,68.0,111.0,Low
1560500.000000001,1350750.0,7.6,26.3,25.0,78.0,116.0,Low
1560500.000000001,1450750.0,7.6,29.0,25.0,67.0,94.0,Low
1560500.000000001,1550750.0,7.1,31.1,25.0,222.0,200.0,Medium
1560500.000000001,1650750.0,7.6,30.1,25.0,104.0,94.0,Low
1560500.000000001,1750750.0,7.5,28.4,25.0,67.0,97.0,Low
1560500.000000001,1850750.0,7.4,31.9,25.0,79.0,154.0,Low
1560500.000000001,1950750.0,7.3,32.5,25.0,67.0,138.0,Low
1560500.000000001,2050750.0,7.4,32.8,25.0,66.0,143.0,Low
1560500.000000001,2150750.0,7.6,35.4,25.0,61.0,140.0,Low
1560500.000000001,2250750.0,7.6,37.2,25.0,76.0,189.0,Low
1560500.000000001,2350750.0,7.5,36.2,25.0,127.0,156.0,Low
1560500.000000001,2450750.0,7.5,37.6,25.0,124.0,194.0,Medium
1560500.000000001,2550750.0,7.3,32.6,25.0,104.0,158.0,Low
1560500.000000001,2650750.0,7.8,33.2,25.0,104.0,191.0,Low
1560500.000000001,2750750.0,7.6,34.1,25.0,122.0,144.0,Low
1560500.000000001,2850750.0,7.8,32.5,25.0,61.0,186.0,Low
1560500.000000001,2950750.0,7.9,31.4,25.0,65.0,124.0,Low
1560500.000000001,3050750.0,7.8,31.1,25.0,76.0,136.0,Low
1560500.000000001,3150750.0,7.8,31.2,25.0,55.0,137.0,Low
1560500.000000001,3250750.0,7.7,32.5,25.0,59.0,143.0,Low
1560500.000000001,3350750.0,7.6,33.6,25.0,84.0,161.0,Low
1560500.000000001,3450750.0,7.8,33.0,25.0,70.0,190.0,Low
1560500.000000001,3550750.0,7.8,32.0,25.0,83.0,182.0,Low
1560500.000000001,3650750.0,7.5,37.8,25.0,128.0,189.0,Medium
1560500.000000001,3750750.0,7.8,41.6,25.0,53.0,649.0,Medium
1560500.000000001,3850750.0,7.3,36.6,25.0,96.0,517.0,Medium
1560500.000000001,3950750.0,7.8,41.5,25.0,123.0,617.0,Medium
1560500.000000001,4050750.0,8.0,36.7,25.0,137.0,698.0,Medium
1560500.000000001,4150750.0,7.1,37.4,25.0,181.0,377.0,Medium
1560500.000000001,4250750.0,7.2,39.4,25.0,314.0,412.0,Medium
1560500.000000001,4350750.0,7.4,35.4,25.0,264.0,248.0,Medium
1560500.000000001,4450750.0,7.6,32.5,25.0,95.0,276.0,Low
1560500.000000001,4550750.0,7.6,32.6,25.0,164.0,223.0,Low
1560500.000000001,4850750.0,7.4,38.0,25.0,273.0,288.0,Medium
1560500.000000001,4950750.0,7.7,38.5,25.0,260.0,329.0,Medium
1560500.000000001,5050750.0,8.0,34.2,25.0,144.0,270.0,Low
1560500.000000001,5150750.0,7.9,29.9,25.0,218.0,198.0,Low
1560500.000000001,5250750.0,8.1,27.8,25.0,244.0,157.0,Low
1560500.000000001,8150750.0,6.0,38.2,25.0,235.0,220.0,Medium
1560500.000000001,8250750.0,6.5,35.7,25.0,164.0,285.0,Medium
1560500.000000001,8350750.0,7.1,38.2,25.0,140.0,322.0,Medium
1560500.000000001,8450750.0,7.1,35.4,25.0,147.0,357.0,Medium
1560500.000000001,8550750.0,6.8,35.3,25.0,161.0,209.0,Medium
1560500.000000001,8650750.0,6.6,37.6,25.0,219.0,302.0,Medium
1560500.000000001,8750750.0,6.7,38.3,25.0,241.0,266.0,Medium
1560500.000000001,10750750.0,5.3,37.1,25.0,342.0,217.0,Low
1560500.000000001,10950750.0,5.8,34.6,25.0,196.0,276.0,Medium
1560500.000000001,11050750.0,5.3,41.0,25.0,292.0,202.0,Medium
1560500.000000001,11150750.0,5.4,37.2,25.0,253.0,168.0,Low
1560500.000000001,11250750.0,5.8,36.3,25.0,148.0,226.0,Medium
1560500.000000001,11350750.0,5.9,38.7,25.0,248.0,208.0,Medium
1560500.000000001,11450750.0,5.8,39.1,25.0,235.0,198.0,Medium
1560500.000000001,11550750.0,5.7,39.0,25.0,177.0,201.0,Medium
1560500.000000001,11650750.0,5.8,39.6,25.0,244.0,209.0,Medium
1560500.000000001,11750750.0,5.7,39.7,25.0,179.0,181.0,Medium
1560500.000000001,11850750.0,6.0,42.3,25.0,347.0,202.0,Medium
1560500.000000001,13150750.0,5.7,40.1,25.0,375.0,224.0,Medium
1560500.000000001,13250750.0,5.5,43.9,25.0,485.0,227.0,Medium
1560500.000000001,13350750.0,5.4,46.4,25.0,510.0,246.0,Medium
1460500.000000001,-9749250.0,6.6,38.9,25.0,430.0,397.0,Medium
1460500.000000001,-9649250.0,6.6,40.6,25.0,258.0,422.0,Medium
1460500.000000001,-9549250.0,6.1,40.2,25.0,501.0,258.0,Medium
1460500.000000001,-9449250.0,5.8,39.9,25.0,610.0,202.0,Medium
1460500.000000001,-6749250.0,6.6,39.2,25.0,507.0,233.0,Medium
1460500.000000001,-1649250.0,5.3,25.4,25.0,158.0,112.0,Low
1460500.000000001,-1549250.0,5.8,30.3,25.0,294.0,103.0,Low
1460500.000000001,-1449250.0,6.2,35.3,25.0,109.0,86.0,Medium
1460500.000000001,-1349250.0,5.9,34.6,25.0,107.0,67.0,Low
1460500.000000001,-1249250.0,6.0,36.7,25.0,105.0,93.0,Medium
1460500.000000001,-1149250.0,6.1,36.9,25.0,123.0,118.0,Medium
1460500.000000001,-1049250.0,6.1,35.3,25.0,131.0,102.0,Medium
1460500.000000001,-949250.0,6.1,31.8,25.0,94.0,83.0,Low
1460500.000000001,-849250.0,6.3,34.2,25.0,98.0,82.0,Medium
1460500.000000001,-749250.0,6.0,29.2,25.0,115.0,98.0,Low
1460500.000000001,-649250.0,6.1,27.2,25.0,89.0,81.0,Low
1460500.000000001,-549250.0,5.9,28.2,25.0,60.0,54.0,Low
1460500.000000001,-449250.0,6.2,30.1,25.0,61.0,76.0,Low
1460500.000000001,-349250.0,6.1,29.2,25.0,68.0,84.0,Low
1460500.000000001,-249250.0,6.3,31.6,25.0,67.0,109.0,Medium
1460500.000000001,-149250.0,6.3,29.3,25.0,57.0,73.0,Low
1460500.000000001,-49250.0,6.4,30.0,25.0,73.0,115.0,Medium
1460500.000000001,50750.0,6.7,29.2,25.0,56.0,74.0,Medium
1460500.000000001,150750.0,6.3,27.1,25.0,54.0,70.0,Low
1460500.000000001,250750.0,5.4,27.9,25.0,59.0,89.0,Low
1460500.000000001,350750.0,5.6,25.2,25.0,48.0,36.0,Low
1460500.000000001,450750.0,5.8,23.0,25.0,50.0,54.0,Low
1460500.000000001,550750.0,6.3,29.6,25.0,79.0,91.0,Medium
1460500.000000001,650750.0,6.4,28.1,25.0,106.0,91.0,Medium
1460500.000000001,750750.0,6.2,29.5,25.0,99.0,117.0,Medium
1460500.000000001,850750.0,6.4,30.8,25.0,88.0,54.0,Medium
1460500.000000001,950750.0,6.1,26.9,25.0,91.0,73.0,Low
1460500.000000001,1050750.0,6.7,27.0,25.0,61.0,71.0,Medium
1460500.000000001,1150750.0,6.9,33.1,25.0,74.0,125.0,Medium
1460500.000000001,1250750.0,7.4,32.3,25.0,58.0,137.0,Low
1460500.000000001,1350750.0,7.3,29.4,25.0,54.0,113.0,Low
1460500.000000001,1450750.0,7.9,30.2,25.0,135.0,111.0,Low
1460500.000000001,1550750.0,7.4,30.5,25.0,70.0,111.0,Low
1460500.000000001,1750750.0,7.3,33.1,25.0,84.0,134.0,Low
1460500.000000001,1850750.0,7.4,36.4,25.0,102.0,156.0,Low
1460500.000000001,1950750.0,7.5,38.7,25.0,77.0,167.0,Low
1460500.000000001,2050750.0,6.9,34.0,25.0,65.0,169.0,Medium
1460500.000000001,2150750.0,7.1,36.3,25.0,75.0,149.0,Medium
1460500.000000001,2250750.0,7.0,36.7,25.0,80.0,153.0,Medium
1460500.000000001,2350750.0,6.8,34.8,25.0,102.0,176.0,Medium
1460500.000000001,2450750.0,6.9,36.2,25.0,119.0,155.0,Medium
1460500.000000001,2550750.0,6.8,34.2,25.0,93.0,134.0,Medium
1460500.000000001,2650750.0,7.0,37.9,25.0,129.0,168.0,Medium
1460500.000000001,2750750.0,7.0,34.2,25.0,116.0,149.0,Medium
1460500.000000001,2850750.0,7.9,38.7,25.0,62.0,184.0,Low
1460500.000000001,2950750.0,7.7,31.1,25.0,55.0,104.0,Low
1460500.000000001,3050750.0,7.6,33.2,25.0,65.0,93.0,Low
1460500.000000001,3150750.0,7.4,31.3,25.0,78.0,103.0,Low
1460500.000000001,3250750.0,7.1,28.3,25.0,72.0,137.0,Low
1460500.000000001,3350750.0,7.1,34.2,25.0,85.0,132.0,Medium
1460500.000000001,3450750.0,7.6,37.8,25.0,106.0,209.0,Low
1460500.000000001,3550750.0,7.5,36.5,25.0,100.0,159.0,Low
1460500.000000001,3650750.0,7.3,37.5,25.0,137.0,150.0,Medium
1460500.000000001,3750750.0,7.4,42.7,25.0,65.0,548.0,Medium
1460500.000000001,3850750.0,7.6,41.0,25.0,84.0,547.0,Medium
1460500.000000001,3950750.0,7.0,39.2,25.0,140.0,631.0,Medium
1460500.000000001,4050750.0,6.7,32.7,25.0,134.0,518.0,Medium
1460500.000000001,4150750.0,6.6,38.3,25.0,218.0,454.0,Medium
1460500.000000001,4250750.0,6.8,38.6,25.0,387.0,441.0,Medium
1460500.000000001,4350750.0,7.6,36.7,25.0,206.0,327.0,Medium
1460500.000000001,4450750.0,7.4,31.2,25.0,115.0,274.0,Medium
1460500.000000001,4550750.0,7.7,31.7,25.0,216.0,252.0,Low
1460500.000000001,4650750.0,7.8,30.9,25.0,193.0,234.0,Low
1460500.000000001,4850750.0,7.7,37.0,25.0,416.0,303.0,Medium
1460500.000000001,4950750.0,8.0,30.0,25.0,93.0,180.0,Low
1460500.000000001,8250750.0,5.8,42.4,25.0,416.0,311.0,Medium
1460500.000000001,8350750.0,7.1,37.8,25.0,154.0,264.0,Medium
1460500.000000001,8450750.0,6.6,38.9,25.0,166.0,112.0,Medium
1460500.000000001,8550750.0,6.5,37.0,25.0,144.0,181.0,Medium
1460500.000000001,8650750.0,6.7,37.5,25.0,221.0,252.0,Medium
1460500.000000001,8750750.0,7.0,38.0,25.0,207.0,225.0,Medium
1460500.000000001,10850750.0,5.4,41.0,25.0,333.0,221.0,Medium
1460500.000000001,11050750.0,5.8,37.5,25.0,245.0,164.0,Medium
1460500.000000001,11150750.0,5.4,39.7,25.0,266.0,192.0,Medium
1460500.000000001,11250750.0,6.0,40.6,25.0,160.0,156.0,Medium
1460500.000000001,11450750.0,5.8,38.0,25.0,199.0,186.0,Medium
1460500.000000001,11550750.0,5.7,38.6,25.0,236.0,206.0,Medium
1460500.000000001,11650750.0,5.8,39.3,25.0,192.0,174.0,Medium
1460500.000000001,11750750.0,6.0,40.6,25.0,192.0,202.0,Medium
1460500.000000001,11850750.0,5.6,44.4,25.0,343.0,230.0,Medium
1460500.000000001,13250750.0,5.4,43.0,25.0,389.0,208.0,Medium
1360500.000000001,-9649250.0,6.5,42.6,25.0,229.0,270.0,Medium
1360500.000000001,-9549250.0,6.4,42.3,25.0,346.0,318.0,Medium
1360500.000000001,-9449250.0,5.5,40.9,25.0,572.0,157.0,Medium
1360500.000000001,-8049250.0,7.3,34.9,25.0,153.0,240.0,Medium
1360500.000000001,-1649250.0,5.4,32.4,25.0,238.0,126.0,Low
1360500.000000001,-1549250.0,5.5,32.1,25.0,220.0,125.0,Low
1360500.000000001,-1449250.0,5.6,38.3,25.0,240.0,101.0,Low
1360500.000000001,-1349250.0,5.7,38.8,25.0,261.0,150.0,Medium
1360500.000000001,-1249250.0,6.0,36.6,25.0,161.0,138.0,Medium
1360500.000000001,-1149250.0,6.0,36.7,25.0,210.0,120.0,Medium
1360500.000000001,-1049250.0,5.9,36.4,25.0,171.0,118.0,Medium
1360500.000000001,-949250.0,5.9,34.9,25.0,145.0,109.0,Low
1360500.000000001,-849250.0,5.9,36.3,25.0,162.0,94.0,Low
1360500.000000001,-749250.0,6.0,30.1,25.0,88.0,86.0,Low
1360500.000000001,-649250.0,5.9,30.8,25.0,110.0,89.0,Low
1360500.000000001,-549250.0,6.0,29.1,25.0,85.0,42.0,Low
1360500.000000001,-449250.0,6.1,29.2,25.0,90.0,63.0,Low
1360500.000000001,-349250.0,6.1,30.1,25.0,67.0,72.0,Low
1360500.000000001,-249250.0,6.4,33.0,25.0,119.0,143.0,Medium
1360500.000000001,-149250.0,6.2,31.5,25.0,64.0,56.0,Low
1360500.000000001,-49250.0,6.3,33.2,25.0,57.0,86.0,Medium
1360500.000000001,50750.0,6.2,31.4,25.0,75.0,64.0,Low
1360500.000000001,150750.0,6.3,30.5,25.0,64.0,69.0,Low
1360500.000000001,250750.0,6.2,28.2,25.0,69.0,92.0,Low
1360500.000000001,350750.0,6.4,32.0,25.0,88.0,111.0,Medium
1360500.000000001,450750.0,5.7,26.8,25.0,83.0,96.0,Low
1360500.000000001,550750.0,6.3,29.0,25.0,124.0,129.0,Medium
1360500.000000001,650750.0,6.4,29.1,25.0,100.0,103.0,Medium
1360500.000000001,750750.0,6.6,30.5,25.0,100.0,69.0,Medium
1360500.000000001,850750.0,6.6,29.9,25.0,96.0,78.0,Medium
1360500.000000001,950750.0,6.4,31.8,25.0,123.0,86.0,Medium
1360500.000000001,1050750.0,6.5,32.6,25.0,110.0,85.0,Medium
1360500.000000001,1150750.0,6.7,29.9,25.0,112.0,83.0,Medium
1360500.000000001,1250750.0,6.4,29.8,25.0,86.0,66.0,Medium
1360500.000000001,1350750.0,6.6,30.5,25.0,80.0,56.0,Medium
1360500.000000001,1450750.0,6.5,31.6,25.0,72.0,101.0,Medium
1360500.000000001,1550750.0,6.7,33.8,25.0,71.0,170.0,Medium
1360500.000000001,1650750.0,6.6,42.5,25.0,123.0,137.0,Medium
1360500.000000001,1750750.0,6.8,36.6,25.0,80.0,159.0,Medium
1360500.000000001,1850750.0,6.9,37.9,25.0,95.0,201.0,Medium
1360500.000000001,1950750.0,6.7,38.4,25.0,119.0,195.0,Medium
1360500.000000001,2050750.0,6.9,39.7,25.0,126.0,227.0,Medium
1360500.000000001,2150750.0,6.8,37.7,25.0,125.0,213.0,Medium
1360500.000000001,2250750.0,7.1,38.3,25.0,133.0,251.0,Medium
1360500.000000001,2350750.0,7.1,37.9,25.0,160.0,226.0,Medium
1360500.000000001,2450750.0,6.9,37.9,25.0,115.0,172.0,Medium
1360500.000000001,2550750.0,6.7,33.7,25.0,110.0,148.0,Medium
1360500.000000001,2650750.0,6.8,37.7,25.0,232.0,166.0,Medium
1360500.000000001,2750750.0,6.9,36.6,25.0,99.0,146.0,Medium
1360500.000000001,2850750.0,7.5,38.0,25.0,103.0,141.0,Low
1360500.000000001,2950750.0,7.6,35.9,25.0,97.0,125.0,Low
1360500.000000001,3050750.0,7.5,36.6,25.0,79.0,149.0,Low
1360500.000000001,3150750.0,7.0,32.7,25.0,93.0,106.0,Medium
1360500.000000001,3250750.0,6.8,34.3,25.0,99.0,129.0,Medium
1360500.000000001,3350750.0,6.5,32.1,25.0,81.0,92.0,Medium
1360500.000000001,3450750.0,6.6,36.6,25.0,107.0,127.0,Medium
1360500.000000001,3550750.0,7.1,34.2,25.0,102.0,159.0,Medium
1360500.000000001,3650750.0,7.2,39.8,25.0,117.0,142.0,Medium
1360500.000000001,3750750.0,7.3,34.5,25.0,99.0,199.0,Medium
1360500.000000001,3850750.0,6.6,38.3,25.0,103.0,435.0,Medium
1360500.000000001,3950750.0,6.5,33.7,25.0,156.0,355.0,Medium
1360500.000000001,4050750.0,6.2,40.5,25.0,256.0,437.0,Medium
1360500.000000001,4250750.0,6.8,39.4,25.0,266.0,407.0,Medium
1360500.000000001,4350750.0,6.8,39.7,25.0,306.0,381.0,Medium
1360500.000000001,4450750.0,7.4,31.8,25.0,100.0,334.0,Medium
1360500.000000001,4550750.0,7.8,31.3,25.0,93.0,229.0,Low
1360500.000000001,4650750.0,7.8,32.4,25.0,277.0,277.0,Low
1360500.000000001,4750750.0,7.9,30.1,25.0,123.0,211.0,Low
1360500.000000001,8250750.0,5.8,37.9,25.0,355.0,175.0,Medium
1360500.000000001,8350750.0,5.8,39.3,25.0,250.0,230.0,Medium
1360500.000000001,8550750.0,6.5,36.5,25.0,227.0,290.0,Medium
1360500.000000001,8650750.0,6.9,38.4,25.0,216.0,293.0,Medium
1360500.000000001,8750750.0,6.6,35.9,25.0,171.0,260.0,Medium
1360500.000000001,10750750.0,5.4,36.5,25.0,440.0,208.0,Medium
1360500.000000001,10850750.0,5.5,36.4,25.0,279.0,179.0,Low
1360500.000000001,10950750.0,6.1,37.7,25.0,382.0,185.0,Medium
1360500.000000001,11250750.0,5.1,40.4,25.0,342.0,160.0,Low
1360500.000000001,11350750.0,5.4,40.6,25.0,288.0,184.0,Medium
1360500.000000001,11450750.0,5.9,39.0,25.0,280.0,224.0,Medium
1360500.000000001,11550750.0,5.5,39.0,25.0,184.0,195.0,Low
1360500.000000001,11650750.0,5.6,41.3,25.0,227.0,196.0,Medium
1360500.000000001,11750750.0,5.2,41.8,25.0,324.0,186.0,Low
1360500.000000001,11850750.0,5.4,43.4,25.0,365.0,213.0,Medium
1360500.000000001,11950750.0,6.0,42.4,25.0,415.0,196.0,Medium
1360500.000000001,13250750.0,6.1,40.7,25.0,364.0,195.0,Medium
1360500.000000001,13650750.0,5.3,41.9,25.0,457.0,214.0,Medium
1260500.000000001,-9449250.0,5.7,40.0,25.0,475.0,140.0,Medium
1260500.000000001,-8149250.0,6.4,36.3,25.0,239.0,189.0,Medium
1260500.000000001,-7849250.0,7.0,34.3,25.0,125.0,235.0,Medium
1260500.000000001,-7749250.0,6.2,35.6,25.0,449.0,279.0,Medium
1260500.000000001,-1649250.0,5.4,33.9,25.0,229.0,182.0,Low
1260500.000000001,-1549250.0,5.5,39.0,25.0,170.0,130.0,Low
1260500.000000001,-1449250.0,5.5,40.1,25.0,258.0,141.0,Low
1260500.000000001,-1349250.0,5.4,39.5,25.0,304.0,189.0,Medium
1260500.000000001,-1249250.0,5.8,39.3,25.0,179.0,171.0,Medium
1260500.000000001,-1149250.0,6.0,38.3,25.0,151.0,155.0,Medium
1260500.000000001,-1049250.0,5.9,36.5,25.0,166.0,123.0,Medium
1260500.000000001,-949250.0,5.9,34.2,25.0,143.0,98.0,Low
1260500.000000001,-749250.0,5.7,28.0,25.0,109.0,67.0,Low
1260500.000000001,-649250.0,5.7,31.3,25.0,97.0,79.0,Low
1260500.000000001,-549250.0,5.6,33.8,25.0,138.0,81.0,Low
1260500.000000001,-449250.0,6.0,29.4,25.0,102.0,82.0,Low
1260500.000000001,-349250.0,6.2,30.5,25.0,102.0,106.0,Medium
1260500.000000001,-249250.0,6.1,30.7,25.0,108.0,75.0,Low
1260500.000000001,-149250.0,6.1,28.0,25.0,85.0,64.0,Low
1260500.000000001,-49250.0,6.5,28.8,25.0,115.0,101.0,Medium
1260500.000000001,50750.0,6.5,27.7,25.0,92.0,106.0,Medium
1260500.000000001,150750.0,6.6,29.8,25.0,82.0,108.0,Medium
1260500.000000001,250750.0,6.5,31.7,25.0,143.0,91.0,Medium
1260500.000000001,350750.0,6.4,27.8,25.0,148.0,114.0,Medium
1260500.000000001,450750.0,6.3,28.7,25.0,137.0,113.0,Medium
1260500.000000001,550750.0,6.5,25.4,25.0,101.0,88.0,Medium
1260500.000000001,650750.0,6.2,28.8,25.0,107.0,72.0,Low
1260500.000000001,750750.0,6.2,32.4,25.0,86.0,66.0,Low
1260500.000000001,850750.0,6.3,32.7,25.0,89.0,70.0,Medium
1260500.000000001,950750.0,6.1,33.6,25.0,95.0,97.0,Medium
1260500.000000001,1050750.0,6.5,30.3,25.0,89.0,101.0,Medium
1260500.000000001,1150750.0,6.6,31.3,25.0,100.0,110.0,Medium
1260500.000000001,1250750.0,6.5,31.4,25.0,97.0,101.0,Medium
1260500.000000001,1350750.0,6.6,33.8,25.0,90.0,171.0,Medium
1260500.000000001,1450750.0,6.5,35.2,25.0,113.0,131.0,Medium
1260500.000000001,1550750.0,6.7,38.0,25.0,124.0,98.0,Medium
1260500.000000001,1650750.0,7.0,34.0,25.0,124.0,134.0,Medium
1260500.000000001,1750750.0,6.6,36.1,25.0,145.0,166.0,Medium
1260500.000000001,1850750.0,6.8,34.5,25.0,134.0,208.0,Medium
1260500.000000001,1950750.0,6.6,36.1,25.0,121.0,183.0,Medium
1260500.000000001,2050750.0,6.4,36.2,25.0,208.0,188.0,Medium
1260500.000000001,2150750.0,6.5,34.3,25.0,96.0,174.0,Medium
1260500.000000001,2250750.0,6.4,34.1,25.0,94.0,189.0,Medium
1260500.000000001,2350750.0,6.6,33.1,25.0,145.0,187.0,Medium
1260500.000000001,2450750.0,6.6,36.0,25.0,122.0,171.0,Medium
1260500.000000001,2550750.0,6.7,34.7,25.0,111.0,180.0,Medium
1260500.000000001,2650750.0,6.6,34.4,25.0,111.0,182.0,Medium
1260500.000000001,2750750.0,6.5,32.2,25.0,125.0,124.0,Medium
1260500.000000001,2850750.0,7.0,39.0,25.0,112.0,193.0,Medium
1260500.000000001,2950750.0,6.9,38.2,25.0,106.0,126.0,Medium
1260500.000000001,3050750.0,6.6,33.8,25.0,92.0,113.0,Medium
1260500.000000001,3150750.0,6.6,32.9,25.0,84.0,136.0,Medium
1260500.000000001,3250750.0,6.6,39.3,25.0,123.0,233.0,Medium
1260500.000000001,3350750.0,6.6,38.4,25.0,109.0,162.0,Medium
1260500.000000001,3450750.0,6.7,34.8,25.0,124.0,144.0,Medium
1260500.000000001,3550750.0,6.5,34.1,25.0,102.0,131.0,Medium
1260500.000000001,3650750.0,6.9,35.8,25.0,122.0,138.0,Medium
1260500.000000001,3750750.0,6.9,33.4,25.0,112.0,387.0,Medium
1260500.000000001,3850750.0,6.7,38.0,25.0,132.0,341.0,Medium
1260500.000000001,3950750.0,6.0,38.4,25.0,237.0,300.0,Medium
1260500.000000001,4050750.0,5.9,41.4,25.0,217.0,310.0,Medium
1260500.000000001,4150750.0,5.8,42.2,25.0,292.0,358.0,Medium
1260500.000000001,4250750.0,6.3,39.9,25.0,230.0,378.0,Medium
1260500.000000001,4350750.0,6.6,42.0,25.0,351.0,439.0,Medium
1260500.000000001,4450750.0,7.4,33.2,25.0,127.0,359.0,Medium
1260500.000000001,4550750.0,7.5,34.3,25.0,188.0,265.0,Medium
1260500.000000001,4650750.0,7.9,33.0,25.0,142.0,206.0,Low
1260500.000000001,4750750.0,8.0,29.2,25.0,102.0,220.0,Low
1260500.000000001,5450750.0,8.1,27.5,25.0,486.0,233.0,Low
1260500.000000001,5550750.0,7.9,29.8,25.0,133.0,262.0,Low
1260500.000000001,8350750.0,5.5,39.1,25.0,645.0,176.0,Medium
1260500.000000001,8450750.0,5.8,39.1,25.0,404.0,206.0,Medium
1260500.000000001,8650750.0,6.1,37.1,25.0,385.0,287.0,Medium
1260500.000000001,8750750.0,6.7,39.2,25.0,196.0,262.0,Medium
1260500.000000001,10850750.0,5.3,36.0,25.0,322.0,214.0,Low
1260500.000000001,11350750.0,5.2,38.8,25.0,280.0,208.0,Low
1260500.000000001,11450750.0,5.7,40.4,25.0,223.0,200.0,Medium
1260500.000000001,11550750.0,5.5,36.2,25.0,314.0,233.0,Medium
1260500.000000001,11650750.0,5.5,37.6,25.0,287.0,209.0,Medium
1260500.000000001,11750750.0,5.3,40.6,25.0,225.0,207.0,Low
1260500.000000001,11850750.0,5.2,41.9,25.0,427.0,188.0,Medium
1260500.000000001,13450750.0,5.8,39.0,25.0,375.0,182.0,Medium
1260500.000000001,13650750.0,5.3,43.3,25.0,425.0,148.0,Medium
1260500.000000001,13750750.0,5.1,45.6,25.0,518.0,205.0,Medium
1160500.000000001,-9549250.0,6.0,38.7,25.0,356.0,238.0,Medium
1160500.000000001,-9449250.0,5.4,40.6,25.0,647.0,127.0,Medium
1160500.000000001,-9349250.0,5.5,38.9,25.0,631.0,125.0,Medium
1160500.000000001,-8349250.0,6.0,37.4,25.0,363.0,288.0,Medium
1160500.000000001,-8249250.0,5.3,43.1,25.0,638.0,220.0,Medium
1160500.000000001,-8149250.0,5.4,43.5,25.0,564.0,222.0,Medium
1160500.000000001,-7949250.0,5.9,37.6,25.0,243.0,233.0,Medium
1160500.000000001,-7849250.0,6.5,36.2,25.0,271.0,205.0,Medium
1160500.000000001,-7749250.0,5.8,37.3,25.0,315.0,193.0,Medium
1160500.000000001,-7649250.0,5.9,35.5,25.0,358.0,194.0,Medium
1160500.000000001,-7549250.0,5.4,38.5,25.0,440.0,184.0,Medium
1160500.000000001,-7449250.0,6.0,36.5,25.0,378.0,171.0,Medium
1160500.000000001,-7149250.0,6.1,36.7,25.0,484.0,226.0,Medium
1160500.000000001,-1449250.0,5.4,38.1,25.0,261.0,216.0,Low
1160500.000000001,-1349250.0,5.5,40.9,25.0,318.0,156.0,Medium
1160500.000000001,-1249250.0,4.9,40.3,25.0,280.0,189.0,Low
1160500.000000001,-1149250.0,5.1,38.8,25.0,261.0,161.0,Low
1160500.000000001,-1049250.0,5.4,36.1,25.0,248.0,200.0,Low
1160500.000000001,-949250.0,5.6,34.4,25.0,151.0,121.0,Low
1160500.000000001,-849250.0,6.0,30.2,25.0,180.0,107.0,Low
1160500.000000001,-749250.0,6.1,30.5,25.0,137.0,99.0,Low
1160500.000000001,-649250.0,6.1,27.4,25.0,115.0,98.0,Low
1160500.000000001,-549250.0,6.3,31.3,25.0,124.0,94.0,Medium
1160500.000000001,-449250.0,6.3,28.6,25.0,102.0,74.0,Low
1160500.000000001,-349250.0,6.4,31.6,25.0,86.0,93.0,Medium
1160500.000000001,-249250.0,6.4,28.8,25.0,97.0,165.0,Medium
1160500.000000001,-149250.0,6.5,30.9,25.0,143.0,116.0,Medium
1160500.000000001,-49250.0,6.5,28.6,25.0,191.0,103.0,Medium
1160500.000000001,50750.0,6.2,32.2,25.0,236.0,129.0,Medium
1160500.000000001,150750.0,6.0,30.8,25.0,201.0,79.0,Low
1160500.000000001,250750.0,6.1,31.5,25.0,133.0,113.0,Medium
1160500.000000001,350750.0,6.2,29.3,25.0,106.0,68.0,Low
1160500.000000001,450750.0,6.0,30.5,25.0,119.0,82.0,Low
1160500.000000001,650750.0,6.2,30.9,25.0,133.0,66.0,Low
1160500.000000001,750750.0,6.1,30.2,25.0,104.0,71.0,Low
1160500.000000001,850750.0,5.7,28.4,25.0,84.0,57.0,Low
1160500.000000001,950750.0,5.8,30.1,25.0,88.0,56.0,Low
1160500.000000001,1050750.0,6.1,33.7,25.0,270.0,93.0,Medium
1160500.000000001,1150750.0,6.5,28.8,25.0,121.0,110.0,Medium
1160500.000000001,1250750.0,7.0,29.0,25.0,105.0,114.0,Medium
1160500.000000001,1350750.0,6.4,32.6,25.0,227.0,98.0,Medium
1160500.000000001,1450750.0,6.6,31.0,25.0,113.0,118.0,Medium
1160500.000000001,1550750.0,6.6,37.9,25.0,232.0,266.0,Medium
1160500.000000001,1650750.0,6.7,31.0,25.0,117.0,144.0,Medium
1160500.000000001,1750750.0,6.6,31.3,25.0,145.0,173.0,Medium
1160500.000000001,1850750.0,6.2,34.1,25.0,97.0,168.0,Medium
1160500.000000001,1950750.0,6.2,28.8,25.0,91.0,121.0,Low
1160500.000000001,2050750.0,6.1,33.4,25.0,123.0,137.0,Medium
1160500.000000001,2150750.0,6.3,33.1,25.0,104.0,223.0,Medium
1160500.000000001,2250750.0,6.4,35.6,25.0,93.0,167.0,Medium
1160500.000000001,2350750.0,6.2,33.6,25.0,153.0,193.0,Medium
1160500.000000001,2450750.0,6.1,31.1,25.0,134.0,145.0,Medium
1160500.000000001,2550750.0,6.3,30.5,25.0,85.0,86.0,Medium
1160500.000000001,2650750.0,6.5,27.3,25.0,133.0,116.0,Medium
1160500.000000001,2750750.0,6.5,22.0,25.0,114.0,183.0,Medium
1160500.000000001,2850750.0,6.5,24.1,25.0,127.0,126.0,Medium
1160500.000000001,2950750.0,6.5,27.8,25.0,154.0,129.0,Medium
1160500.000000001,3050750.0,6.7,30.6,25.0,107.0,140.0,Medium
1160500.000000001,3150750.0,6.7,29.6,25.0,142.0,291.0,Medium
1160500.000000001,3250750.0,6.7,32.5,25.0,108.0,296.0,Medium
1160500.000000001,3350750.0,6.6,33.2,25.0,172.0,245.0,Medium
1160500.000000001,3450750.0,6.7,32.7,25.0,157.0,241.0,Medium
1160500.000000001,3550750.0,6.7,31.0,25.0,184.0,274.0,Medium
1160500.000000001,3650750.0,6.8,32.6,25.0,153.0,283.0,Medium
1160500.000000001,3750750.0,6.8,31.6,25.0,147.0,285.0,Medium
1160500.000000001,3850750.0,6.2,37.2,25.0,310.0,272.0,Medium
1160500.000000001,3950750.0,5.9,40.3,25.0,331.0,272.0,Medium
1160500.000000001,4050750.0,5.9,39.0,25.0,343.0,274.0,Medium
1160500.000000001,4150750.0,5.7,42.4,25.0,354.0,325.0,Medium
1160500.000000001,4250750.0,6.2,41.1,25.0,341.0,401.0,Medium
1160500.000000001,4350750.0,6.7,41.3,25.0,233.0,451.0,Medium
1160500.000000001,4450750.0,7.3,37.0,25.0,179.0,370.0,Medium
1160500.000000001,4550750.0,7.5,33.1,25.0,84.0,259.0,Low
1160500.000000001,4650750.0,7.8,34.2,25.0,85.0,234.0,Low
1160500.000000001,4750750.0,7.9,35.7,25.0,143.0,202.0,Low
1160500.000000001,4850750.0,8.1,29.8,25.0,82.0,164.0,Low
1160500.000000001,5050750.0,8.2,29.1,25.0,111.0,231.0,Low
1160500.000000001,5150750.0,8.1,31.4,25.0,233.0,210.0,Low
1160500.000000001,5250750.0,7.9,32.1,25.0,101.0,222.0,Low
1160500.000000001,5350750.0,8.1,30.4,25.0,133.0,199.0,Low
1160500.000000001,5450750.0,8.0,31.0,25.0,169.0,216.0,Low
1160500.000000001,5550750.0,8.0,30.8,25.0,175.0,189.0,Low
1160500.000000001,8450750.0,5.2,40.9,25.0,413.0,183.0,Medium
1160500.000000001,8550750.0,7.0,37.2,25.0,199.0,280.0,Medium
1160500.000000001,8650750.0,7.3,35.7,25.0,223.0,269.0,Medium
1160500.000000001,8750750.0,6.3,38.1,25.0,346.0,211.0,Medium
1160500.000000001,10850750.0,5.2,37.3,25.0,380.0,210.0,Low
1160500.000000001,11550750.0,5.5,38.1,25.0,325.0,208.0,Medium
1160500.000000001,11650750.0,6.2,39.9,25.0,290.0,245.0,Medium
1160500.000000001,11750750.0,6.3,37.7,25.0,339.0,252.0,Medium
1160500.000000001,13550750.0,5.8,36.0,25.0,418.0,175.0,Medium
1160500.000000001,13750750.0,5.3,44.1,25.0,570.0,240.0,Medium
1060500.000000001,-9349250.0,4.7,45.2,25.0,673.0,203.0,Medium
1060500.000000001,-9249250.0,5.2,40.7,25.0,601.0,150.0,Medium
1060500.000000001,-8849250.0,5.5,39.9,25.0,504.0,196.0,Medium
1060500.000000001,-8449250.0,5.7,44.2,25.0,437.0,220.0,Medium
1060500.000000001,-8349250.0,6.0,38.0,25.0,210.0,171.0,Medium
1060500.000000001,-8249250.0,5.5,39.7,25.0,392.0,195.0,Medium
1060500.000000001,-8149250.0,5.5,42.2,25.0,387.0,213.0,Medium
1060500.000000001,-7949250.0,6.0,39.9,25.0,534.0,208.0,Medium
1060500.000000001,-7849250.0,6.0,39.2,25.0,449.0,236.0,Medium
1060500.000000001,-7649250.0,5.8,38.4,25.0,180.0,132.0,Medium
1060500.000000001,-7549250.0,6.0,36.0,25.0,152.0,168.0,Medium
1060500.000000001,-7449250.0,6.2,35.9,25.0,176.0,205.0,Medium
1060500.000000001,-7349250.0,5.9,33.6,25.0,190.0,183.0,Medium
1060500.000000001,-7249250.0,6.0,33.5,25.0,156.0,167.0,Medium
1060500.000000001,-7149250.0,5.9,32.3,25.0,166.0,140.0,Low
1060500.000000001,-7049250.0,6.0,40.3,25.0,496.0,205.0,Medium
1060500.000000001,-6949250.0,5.2,38.7,25.0,525.0,322.0,Medium
1060500.000000001,-1349250.0,5.6,37.3,25.0,280.0,160.0,Medium
1060500.000000001,-1249250.0,5.2,36.4,25.0,302.0,166.0,Low
1060500.000000001,-1149250.0,5.3,37.4,25.0,297.0,185.0,Low
1060500.000000001,-1049250.0,5.5,37.1,25.0,212.0,174.0,Low
1060500.000000001,-949250.0,5.8,36.0,25.0,192.0,158.0,Medium
1060500.000000001,-849250.0,5.8,35.9,25.0,177.0,144.0,Medium
1060500.000000001,-749250.0,5.9,35.8,25.0,234.0,134.0,Medium
1060500.000000001,-649250.0,5.4,32.2,25.0,151.0,114.0,Low
1060500.000000001,-549250.0,5.9,33.0,25.0,199.0,121.0,Low
1060500.000000001,-449250.0,6.1,31.0,25.0,166.0,100.0,Medium
1060500.000000001,-349250.0,6.2,31.8,25.0,124.0,112.0,Medium
1060500.000000001,-249250.0,6.2,31.2,25.0,123.0,129.0,Medium
1060500.000000001,-149250.0,6.1,32.9,25.0,140.0,120.0,Medium
1060500.000000001,-49250.0,6.0,30.1,25.0,128.0,108.0,Low
1060500.000000001,50750.0,6.0,29.8,25.0,162.0,140.0,Low
1060500.000000001,150750.0,6.0,33.1,25.0,122.0,129.0,Medium
1060500.000000001,250750.0,6.0,31.1,25.0,115.0,89.0,Low
1060500.000000001,350750.0,6.1,27.7,25.0,103.0,102.0,Low
1060500.000000001,450750.0,6.1,28.8,25.0,77.0,76.0,Low
1060500.000000001,550750.0,6.1,28.6,25.0,97.0,62.0,Low
1060500.000000001,650750.0,6.0,25.2,25.0,90.0,70.0,Low
1060500.000000001,750750.0,6.3,28.6,25.0,97.0,72.0,Low
1060500.000000001,850750.0,5.6,31.4,25.0,85.0,72.0,Low
1060500.000000001,950750.0,5.6,34.0,25.0,119.0,94.0,Low
1060500.000000001,1050750.0,5.9,31.7,25.0,119.0,79.0,Low
1060500.000000001,1150750.0,6.0,30.8,25.0,138.0,85.0,Low
1060500.000000001,1250750.0,6.4,30.4,25.0,192.0,109.0,Medium
1060500.000000001,1350750.0,6.4,31.0,25.0,197.0,202.0,Medium
1060500.000000001,1450750.0,6.5,30.7,25.0,231.0,202.0,Medium
1060500.000000001,1550750.0,7.3,36.5,25.0,466.0,166.0,Medium
1060500.000000001,1650750.0,6.4,31.2,25.0,159.0,154.0,Medium
1060500.000000001,1750750.0,5.8,32.4,25.0,173.0,126.0,Low
1060500.000000001,1850750.0,6.3,31.9,25.0,94.0,174.0,Medium
1060500.000000001,1950750.0,6.1,29.0,25.0,138.0,122.0,Low
1060500.000000001,2050750.0,6.4,31.6,25.0,193.0,162.0,Medium
1060500.000000001,2150750.0,6.5,31.0,25.0,157.0,176.0,Medium
1060500.000000001,2250750.0,6.8,28.0,25.0,151.0,147.0,Medium
1060500.000000001,2350750.0,5.9,32.4,25.0,110.0,157.0,Low
1060500.000000001,2450750.0,6.2,30.4,25.0,126.0,134.0,Medium
1060500.000000001,2550750.0,6.2,35.2,25.0,228.0,115.0,Medium
1060500.000000001,2650750.0,6.3,33.2,25.0,161.0,92.0,Medium
1060500.000000001,2750750.0,6.2,30.1,25.0,130.0,119.0,Medium
1060500.000000001,2850750.0,6.4,37.0,25.0,149.0,125.0,Medium
1060500.000000001,2950750.0,6.4,27.7,25.0,110.0,115.0,Medium
1060500.000000001,3050750.0,6.4,27.3,25.0,156.0,128.0,Medium
1060500.000000001,3150750.0,6.5,28.4,25.0,182.0,129.0,Medium
1060500.000000001,3250750.0,6.4,28.5,25.0,183.0,154.0,Medium
1060500.000000001,3350750.0,6.6,31.4,25.0,268.0,235.0,Medium
1060500.000000001,3450750.0,6.6,30.4,25.0,207.0,240.0,Medium
1060500.000000001,3550750.0,6.5,30.7,25.0,204.0,237.0,Medium
1060500.000000001,3650750.0,6.6,32.3,25.0,202.0,282.0,Medium
1060500.000000001,3750750.0,6.7,34.7,25.0,178.0,279.0,Medium
1060500.000000001,3850750.0,6.0,37.8,25.0,326.0,257.0,Medium
1060500.000000001,3950750.0,5.5,38.6,25.0,309.0,283.0,Medium
1060500.000000001,4050750.0,5.7,39.7,25.0,345.0,263.0,Medium
1060500.000000001,4150750.0,5.7,41.0,25.0,333.0,366.0,Medium
1060500.000000001,4250750.0,6.4,42.9,25.0,303.0,420.0,Medium
1060500.000000001,4350750.0,6.3,41.9,25.0,285.0,436.0,Medium
1060500.000000001,4450750.0,8.1,32.9,25.0,105.0,356.0,Low
1060500.000000001,4550750.0,7.9,33.6,25.0,113.0,291.0,Low
1060500.000000001,4650750.0,7.8,38.1,25.0,187.0,303.0,Medium
1060500.000000001,4750750.0,8.0,40.4,25.0,245.0,341.0,Medium
1060500.000000001,4850750.0,8.1,37.4,25.0,177.0,187.0,Low
1060500.000000001,4950750.0,8.2,33.6,25.0,109.0,209.0,Low
1060500.000000001,5050750.0,8.0,35.1,25.0,105.0,197.0,Low
1060500.000000001,5150750.0,7.9,30.6,25.0,96.0,205.0,Low
1060500.000000001,5250750.0,7.9,32.1,25.0,68.0,226.0,Low
1060500.000000001,5350750.0,8.1,32.6,25.0,103.0,215.0,Low
1060500.000000001,5450750.0,8.1,32.5,25.0,100.0,208.0,Low
1060500.000000001,5550750.0,8.2,30.1,25.0,89.0,175.0,Low
1060500.000000001,8450750.0,5.4,39.8,25.0,307.0,158.0,Low
1060500.000000001,8550750.0,5.9,37.4,25.0,495.0,230.0,Medium
1060500.000000001,8650750.0,7.4,35.1,25.0,253.0,298.0,Medium
1060500.000000001,8850750.0,6.5,38.3,25.0,484.0,286.0,Medium
1060500.000000001,11650750.0,5.8,39.8,25.0,278.0,239.0,Medium
1060500.000000001,13050750.0,5.6,39.9,25.0,401.0,210.0,Medium
1060500.000000001,13550750.0,5.6,36.5,25.0,432.0,133.0,Medium
1060500.000000001,13850750.0,4.8,42.8,25.0,602.0,136.0,Low
960500.0000000008,-9249250.0,5.5,40.5,25.0,499.0,178.0,Medium
960500.0000000008,-9149250.0,5.2,42.4,25.0,697.0,217.0,Medium
960500.0000000008,-9049250.0,5.4,43.4,25.0,676.0,162.0,Medium
960500.0000000008,-8949250.0,5.2,40.9,25.0,560.0,179.0,Medium
960500.0000000008,-8749250.0,5.2,40.0,25.0,482.0,165.0,Medium
960500.0000000008,-8649250.0,5.3,39.0,25.0,441.0,249.0,Medium
960500.0000000008,-8549250.0,5.3,41.7,25.0,488.0,166.0,Medium
960500.0000000008,-8449250.0,5.8,41.2,25.0,318.0,161.0,Medium
960500.0000000008,-8349250.0,5.3,38.5,25.0,419.0,192.0,Medium
960500.0000000008,-8249250.0,5.5,41.6,25.0,362.0,194.0,Medium
960500.0000000008,-8149250.0,5.0,43.9,25.0,395.0,151.0,Low
960500.0000000008,-8049250.0,5.5,42.0,25.0,565.0,264.0,Medium
960500.0000000008,-7949250.0,5.7,42.1,25.0,494.0,212.0,Medium
960500.0000000008,-7849250.0,5.7,39.7,25.0,243.0,171.0,Medium
960500.0000000008,-7749250.0,6.0,37.3,25.0,191.0,171.0,Medium
960500.0000000008,-7649250.0,6.2,36.6,25.0,180.0,192.0,Medium
960500.0000000008,-7549250.0,5.8,36.7,25.0,223.0,194.0,Medium
960500.0000000008,-7449250.0,5.8,36.7,25.0,199.0,156.0,Medium
960500.0000000008,-7349250.0,6.1,36.0,25.0,166.0,135.0,Medium
960500.0000000008,-7249250.0,5.7,32.2,25.0,192.0,150.0,Low
960500.0000000008,-7149250.0,5.8,31.1,25.0,202.0,145.0,Low
960500.0000000008,-7049250.0,6.0,33.0,25.0,227.0,164.0,Medium
960500.0000000008,-6849250.0,4.7,39.0,25.0,492.0,313.0,Low
960500.0000000008,-1349250.0,5.4,35.6,25.0,283.0,212.0,Low
960500.0000000008,-1249250.0,5.3,34.6,25.0,362.0,191.0,Low
960500.0000000008,-1149250.0,5.2,34.2,25.0,347.0,174.0,Low
960500.0000000008,-1049250.0,5.3,35.5,25.0,389.0,190.0,Low
960500.0000000008,-949250.0,5.6,36.2,25.0,265.0,205.0,Medium
960500.0000000008,-849250.0,5.9,34.9,25.0,148.0,119.0,Low
960500.0000000008,-749250.0,5.9,34.9,25.0,188.0,164.0,Medium
960500.0000000008,-649250.0,6.0,31.9,25.0,188.0,142.0,Medium
960500.0000000008,-549250.0,6.1,33.4,25.0,178.0,150.0,Medium
960500.0000000008,-449250.0,6.3,33.7,25.0,155.0,153.0,Medium
960500.0000000008,-349250.0,6.4,33.2,25.0,188.0,119.0,Medium
960500.0000000008,-249250.0,6.3,29.5,25.0,138.0,137.0,Medium
960500.0000000008,-149250.0,6.3,35.1,25.0,152.0,144.0,Medium
960500.0000000008,-49250.0,6.0,30.6,25.0,139.0,130.0,Low
960500.0000000008,50750.0,6.0,31.8,25.0,121.0,122.0,Low
960500.0000000008,150750.0,6.1,31.7,25.0,123.0,105.0,Medium
960500.0000000008,250750.0,6.2,28.9,25.0,161.0,154.0,Medium
960500.0000000008,350750.0,6.1,27.8,25.0,164.0,112.0,Low
960500.0000000008,450750.0,6.2,34.0,25.0,106.0,132.0,Medium
960500.0000000008,550750.0,6.2,29.9,25.0,148.0,93.0,Medium
960500.0000000008,650750.0,6.2,25.9,25.0,219.0,83.0,Low
960500.0000000008,750750.0,6.1,30.6,25.0,156.0,67.0,Low
960500.0000000008,850750.0,5.8,35.1,25.0,240.0,83.0,Low
960500.0000000008,950750.0,5.7,30.1,25.0,111.0,103.0,Low
960500.0000000008,1050750.0,5.9,32.4,25.0,123.0,57.0,Low
960500.0000000008,1150750.0,6.0,30.3,25.0,166.0,95.0,Low
960500.0000000008,1250750.0,6.2,31.8,25.0,137.0,98.0,Medium
960500.0000000008,1350750.0,5.9,33.1,25.0,173.0,112.0,Low
960500.0000000008,1450750.0,6.1,32.4,25.0,191.0,173.0,Medium
960500.0000000008,1550750.0,6.2,34.4,25.0,246.0,131.0,Medium
960500.0000000008,1650750.0,6.4,33.4,25.0,343.0,153.0,Medium
960500.0000000008,1750750.0,6.0,33.7,25.0,149.0,100.0,Medium
960500.0000000008,1850750.0,6.1,34.2,25.0,200.0,124.0,Medium
960500.0000000008,1950750.0,6.2,31.6,25.0,282.0,123.0,Medium
960500.0000000008,2050750.0,6.3,30.7,25.0,173.0,101.0,Medium
960500.0000000008,2150750.0,6.5,30.4,25.0,190.0,159.0,Medium
960500.0000000008,2250750.0,6.3,37.7,25.0,179.0,173.0,Medium
960500.0000000008,2350750.0,6.4,33.9,25.0,153.0,156.0,Medium
960500.0000000008,2450750.0,6.1,35.8,25.0,161.0,119.0,Medium
960500.0000000008,2550750.0,6.1,36.0,25.0,124.0,144.0,Medium
960500.0000000008,2650750.0,6.1,31.1,25.0,129.0,120.0,Medium
960500.0000000008,2750750.0,6.2,31.4,25.0,153.0,111.0,Medium
960500.0000000008,2850750.0,6.1,31.5,25.0,138.0,110.0,Medium
960500.0000000008,2950750.0,6.3,29.8,25.0,153.0,87.0,Medium
960500.0000000008,3050750.0,6.2,28.5,25.0,182.0,112.0,Medium
960500.0000000008,3150750.0,5.9,24.0,25.0,90.0,82.0,Low
960500.0000000008,3250750.0,6.3,27.0,25.0,162.0,155.0,Medium
960500.0000000008,3350750.0,6.5,28.9,25.0,239.0,160.0,Medium
960500.0000000008,3450750.0,6.4,28.6,25.0,188.0,191.0,Medium
960500.0000000008,3550750.0,6.6,31.0,25.0,175.0,206.0,Medium
960500.0000000008,3650750.0,6.6,32.0,25.0,173.0,194.0,Medium
960500.0000000008,3750750.0,6.5,33.6,25.0,186.0,225.0,Medium
960500.0000000008,3850750.0,6.0,37.7,25.0,348.0,215.0,Medium
960500.0000000008,3950750.0,5.7,40.8,25.0,355.0,246.0,Medium
960500.0000000008,4050750.0,5.9,39.6,25.0,471.0,298.0,Medium
960500.0000000008,4150750.0,5.8,41.2,25.0,408.0,332.0,Medium
960500.0000000008,4250750.0,6.8,39.1,25.0,209.0,401.0,Medium
960500.0000000008,4350750.0,7.0,40.2,25.0,205.0,441.0,Medium
960500.0000000008,4450750.0,7.1,37.2,25.0,265.0,381.0,Medium
960500.0000000008,4550750.0,7.1,38.7,25.0,219.0,351.0,Medium
960500.0000000008,4650750.0,7.1,37.4,25.0,214.0,336.0,Medium
960500.0000000008,4750750.0,7.9,36.0,25.0,170.0,378.0,Medium
960500.0000000008,4850750.0,8.1,36.6,25.0,131.0,258.0,Low
960500.0000000008,4950750.0,8.1,36.2,25.0,123.0,214.0,Low
960500.0000000008,5050750.0,8.1,35.0,25.0,151.0,207.0,Low
960500.0000000008,5150750.0,7.8,34.9,25.0,114.0,225.0,Low
960500.0000000008,5250750.0,8.0,30.1,25.0,88.0,204.0,Low
960500.0000000008,5350750.0,7.9,32.8,25.0,209.0,230.0,Low
960500.0000000008,5450750.0,8.0,31.2,25.0,129.0,155.0,Low
960500.0000000008,5550750.0,7.9,31.4,25.0,128.0,162.0,Low
960500.0000000008,8550750.0,5.4,35.4,25.0,401.0,161.0,Low
960500.0000000008,8850750.0,5.8,34.9,25.0,494.0,190.0,Medium
960500.0000000008,8950750.0,6.0,39.1,25.0,491.0,214.0,Medium
960500.0000000008,10950750.0,5.5,39.4,25.0,395.0,195.0,Medium
960500.0000000008,12950750.0,5.4,39.7,25.0,369.0,180.0,Medium
960500.0000000008,13850750.0,5.1,43.4,25.0,430.0,211.0,Medium
860500.0000000009,-9049250.0,5.2,41.4,25.0,508.0,198.0,Medium
860500.0000000009,-8949250.0,6.2,42.2,25.0,293.0,289.0,Medium
860500.0000000009,-8649250.0,5.0,41.8,25.0,390.0,156.0,Low
860500.0000000009,-8549250.0,5.5,41.3,25.0,370.0,187.0,Medium
860500.0000000009,-8449250.0,5.2,41.4,25.0,308.0,163.0,Low
860500.0000000009,-8349250.0,5.4,41.5,25.0,365.0,191.0,Medium
860500.0000000009,-8249250.0,5.2,42.6,25.0,340.0,179.0,Low
860500.0000000009,-8149250.0,5.4,42.4,25.0,495.0,277.0,Medium
860500.0000000009,-8049250.0,5.2,43.9,25.0,379.0,160.0,Medium
860500.0000000009,-7949250.0,5.5,42.0,25.0,289.0,176.0,Medium
860500.0000000009,-7849250.0,5.1,39.5,25.0,250.0,166.0,Low
860500.0000000009,-7749250.0,5.2,37.1,25.0,201.0,142.0,Low
860500.0000000009,-7649250.0,5.4,35.9,25.0,189.0,174.0,Low
860500.0000000009,-7549250.0,5.7,36.7,25.0,210.0,153.0,Medium
860500.0000000009,-7449250.0,5.7,39.1,25.0,210.0,137.0,Medium
860500.0000000009,-7349250.0,5.8,35.5,25.0,169.0,115.0,Low
860500.0000000009,-7249250.0,5.7,35.1,25.0,220.0,174.0,Medium
860500.0000000009,-7149250.0,5.7,37.3,25.0,208.0,133.0,Low
860500.0000000009,-6949250.0,6.0,38.5,25.0,225.0,179.0,Medium
860500.0000000009,-6849250.0,5.2,37.8,25.0,282.0,189.0,Low
860500.0000000009,-6749250.0,4.7,38.2,25.0,348.0,202.0,Low
860500.0000000009,-6649250.0,4.6,40.2,25.0,391.0,334.0,Low
860500.0000000009,-1249250.0,5.2,32.9,25.0,270.0,170.0,Low
860500.0000000009,-1149250.0,5.0,33.2,25.0,365.0,165.0,Low
860500.0000000009,-1049250.0,5.0,35.2,25.0,333.0,213.0,Low
860500.0000000009,-949250.0,5.1,31.8,25.0,251.0,214.0,Low
860500.0000000009,-849250.0,5.4,34.8,25.0,322.0,154.0,Low
860500.0000000009,-749250.0,5.9,32.5,25.0,197.0,126.0,Low
860500.0000000009,-649250.0,6.1,34.6,25.0,248.0,155.0,Medium
860500.0000000009,-549250.0,6.3,34.0,25.0,206.0,163.0,Medium
860500.0000000009,-449250.0,6.3,34.4,25.0,176.0,177.0,Medium
860500.0000000009,-349250.0,6.2,34.7,25.0,232.0,191.0,Medium
860500.0000000009,-249250.0,6.3,30.7,25.0,250.0,179.0,Medium
860500.0000000009,-149250.0,6.2,32.7,25.0,314.0,197.0,Medium
860500.0000000009,-49250.0,5.9,34.9,25.0,166.0,233.0,Medium
860500.0000000009,150750.0,6.1,34.4,25.0,229.0,150.0,Medium
860500.0000000009,250750.0,6.7,33.5,25.0,115.0,119.0,Medium
860500.0000000009,350750.0,6.4,28.1,25.0,156.0,148.0,Medium
860500.0000000009,450750.0,6.1,30.2,25.0,163.0,113.0,Medium
860500.0000000009,550750.0,6.0,30.2,25.0,263.0,174.0,Medium
860500.0000000009,650750.0,5.7,32.6,25.0,263.0,108.0,Low
860500.0000000009,750750.0,6.1,32.5,25.0,131.0,118.0,Medium
860500.0000000009,850750.0,5.7,32.4,25.0,185.0,98.0,Low
860500.0000000009,950750.0,5.7,31.1,25.0,166.0,106.0,Low
860500.0000000009,1050750.0,6.0,31.5,25.0,127.0,105.0,Low
860500.0000000009,1150750.0,5.5,30.2,25.0,133.0,71.0,Low
860500.0000000009,1250750.0,5.8,35.1,25.0,189.0,117.0,Low
860500.0000000009,1350750.0,5.8,35.3,25.0,153.0,116.0,Low
860500.0000000009,1450750.0,5.9,35.1,25.0,193.0,123.0,Medium
860500.0000000009,1550750.0,5.9,34.8,25.0,217.0,131.0,Medium
860500.0000000009,1650750.0,6.1,36.1,25.0,312.0,158.0,Medium
860500.0000000009,1750750.0,6.2,34.7,25.0,258.0,121.0,Medium
860500.0000000009,1850750.0,6.3,36.0,25.0,244.0,118.0,Medium
860500.0000000009,1950750.0,6.2,35.4,25.0,211.0,112.0,Medium
860500.0000000009,2050750.0,6.0,36.6,25.0,181.0,128.0,Medium
860500.0000000009,2150750.0,6.0,37.4,25.0,126.0,115.0,Medium
860500.0000000009,2250750.0,6.1,37.6,25.0,161.0,142.0,Medium
860500.0000000009,2350750.0,6.0,37.3,25.0,161.0,132.0,Medium
860500.0000000009,2450750.0,5.9,36.6,25.0,179.0,125.0,Medium
860500.0000000009,2550750.0,5.9,37.6,25.0,224.0,169.0,Medium
860500.0000000009,2650750.0,6.1,33.4,25.0,250.0,142.0,Medium
860500.0000000009,2750750.0,5.9,32.2,25.0,171.0,166.0,Medium
860500.0000000009,2850750.0,5.8,31.9,25.0,154.0,125.0,Low
860500.0000000009,2950750.0,6.0,32.0,25.0,110.0,94.0,Low
860500.0000000009,3050750.0,6.0,27.7,25.0,147.0,74.0,Low
860500.0000000009,3150750.0,6.2,28.0,25.0,91.0,63.0,Low
860500.0000000009,3250750.0,6.2,29.3,25.0,168.0,95.0,Medium
860500.0000000009,3350750.0,6.2,26.7,25.0,206.0,97.0,Medium
860500.0000000009,3450750.0,6.4,31.0,25.0,301.0,198.0,Medium
860500.0000000009,3550750.0,6.4,33.3,25.0,183.0,206.0,Medium
860500.0000000009,3650750.0,6.6,37.3,25.0,192.0,200.0,Medium
860500.0000000009,3750750.0,6.2,36.8,25.0,247.0,216.0,Medium
860500.0000000009,3850750.0,6.0,35.3,25.0,252.0,195.0,Medium
860500.0000000009,3950750.0,5.5,39.4,25.0,477.0,286.0,Medium
860500.0000000009,4050750.0,5.8,41.6,25.0,435.0,268.0,Medium
860500.0000000009,4150750.0,6.1,40.9,25.0,346.0,297.0,Medium
860500.0000000009,4250750.0,6.7,40.9,25.0,242.0,408.0,Medium
860500.0000000009,4350750.0,6.6,41.5,25.0,323.0,376.0,Medium
860500.0000000009,4550750.0,7.5,39.6,25.0,241.0,407.0,Medium
860500.0000000009,4650750.0,7.7,37.8,25.0,169.0,321.0,Medium
860500.0000000009,4750750.0,7.7,35.1,25.0,142.0,268.0,Low
860500.0000000009,4850750.0,8.1,38.6,25.0,123.0,292.0,Low
860500.0000000009,4950750.0,7.9,35.3,25.0,167.0,221.0,Low
860500.0000000009,5050750.0,8.0,34.9,25.0,177.0,261.0,Low
860500.0000000009,5150750.0,7.8,36.4,25.0,142.0,307.0,Low
860500.0000000009,5250750.0,7.8,34.3,25.0,155.0,312.0,Low
860500.0000000009,5350750.0,7.9,33.2,25.0,125.0,200.0,Low
860500.0000000009,5450750.0,7.9,31.6,25.0,131.0,158.0,Low
860500.0000000009,8850750.0,5.6,40.5,25.0,545.0,234.0,Medium
860500.0000000009,8950750.0,5.5,37.6,25.0,626.0,196.0,Medium
860500.0000000009,11050750.0,5.0,39.0,25.0,512.0,147.0,Low
860500.0000000009,13650750.0,5.2,43.0,25.0,298.0,180.0,Low
860500.0000000009,13750750.0,5.1,42.7,25.0,400.0,227.0,Medium
860500.0000000009,13850750.0,5.1,43.7,25.0,570.0,244.0,Medium
860500.0000000009,13950750.0,4.9,43.3,25.0,515.0,189.0,Low
760500.0000000009,-8649250.0,5.0,41.0,25.0,434.0,165.0,Low
760500.0000000009,-8549250.0,4.9,42.3,25.0,609.0,217.0,Medium
760500.0000000009,-8449250.0,5.0,48.9,25.0,572.0,224.0,Medium
760500.0000000009,-8349250.0,5.1,45.1,25.0,478.0,238.0,Medium
760500.0000000009,-8249250.0,4.9,40.0,25.0,294.0,195.0,Low
760500.0000000009,-8149250.0,5.5,44.0,25.0,331.0,221.0,Medium
760500.0000000009,-8049250.0,4.9,47.4,25.0,499.0,228.0,Medium
760500.0000000009,-7949250.0,5.0,39.2,25.0,237.0,195.0,Low
760500.0000000009,-7849250.0,5.2,38.6,25.0,199.0,130.0,Low
760500.0000000009,-7749250.0,5.1,36.3,25.0,206.0,111.0,Low
760500.0000000009,-7649250.0,5.3,36.2,25.0,258.0,149.0,Low
760500.0000000009,-7549250.0,5.3,35.5,25.0,207.0,140.0,Low
760500.0000000009,-7449250.0,5.5,37.2,25.0,236.0,170.0,Low
760500.0000000009,-7349250.0,4.9,41.8,25.0,321.0,121.0,Low
760500.0000000009,-7249250.0,4.8,37.7,25.0,211.0,114.0,Low
760500.0000000009,-7149250.0,5.2,38.4,25.0,209.0,167.0,Low
760500.0000000009,-7049250.0,5.9,40.8,25.0,265.0,156.0,Medium
760500.0000000009,-6949250.0,5.4,37.4,25.0,250.0,194.0,Low
760500.0000000009,-6849250.0,4.8,38.6,25.0,236.0,180.0,Low
760500.0000000009,-6749250.0,5.0,39.1,25.0,239.0,148.0,Low
760500.0000000009,-6649250.0,4.8,37.2,25.0,258.0,123.0,Low
760500.0000000009,-1149250.0,5.0,33.3,25.0,369.0,140.0,Low
760500.0000000009,-1049250.0,5.0,33.7,25.0,382.0,168.0,Low
760500.0000000009,-949250.0,5.1,36.5,25.0,319.0,140.0,Low
760500.0000000009,-849250.0,5.4,30.3,25.0,226.0,110.0,Low
760500.0000000009,-749250.0,5.7,33.4,25.0,353.0,198.0,Medium
760500.0000000009,-649250.0,6.0,32.3,25.0,295.0,197.0,Medium
760500.0000000009,-549250.0,6.1,34.2,25.0,252.0,185.0,Medium
760500.0000000009,-449250.0,6.0,32.6,25.0,279.0,231.0,Medium
760500.0000000009,-349250.0,5.9,33.4,25.0,367.0,203.0,Medium
760500.0000000009,-249250.0,5.7,34.0,25.0,590.0,403.0,Medium
760500.0000000009,-149250.0,5.7,33.3,25.0,454.0,409.0,Medium
760500.0000000009,50750.0,5.6,33.8,25.0,635.0,332.0,Medium
760500.0000000009,150750.0,6.0,34.4,25.0,282.0,160.0,Medium
760500.0000000009,250750.0,6.2,34.6,25.0,245.0,257.0,Medium
760500.0000000009,350750.0,5.7,33.9,25.0,216.0,128.0,Low
760500.0000000009,450750.0,5.5,31.9,25.0,242.0,122.0,Low
760500.0000000009,550750.0,5.3,29.9,25.0,232.0,107.0,Low
760500.0000000009,650750.0,5.3,29.5,25.0,300.0,140.0,Low
760500.0000000009,750750.0,5.5,34.9,25.0,125.0,116.0,Low
760500.0000000009,850750.0,5.4,29.2,25.0,178.0,86.0,Low
760500.0000000009,950750.0,5.6,26.5,25.0,144.0,77.0,Low
760500.0000000009,1050750.0,5.7,33.2,25.0,160.0,86.0,Low
760500.0000000009,1150750.0,5.4,36.9,25.0,281.0,186.0,Low
760500.0000000009,1250750.0,5.4,36.6,25.0,264.0,141.0,Low
760500.0000000009,1350750.0,5.6,36.2,25.0,229.0,130.0,Low
760500.0000000009,1450750.0,5.5,35.8,25.0,166.0,113.0,Low
760500.0000000009,1550750.0,5.6,36.0,25.0,180.0,103.0,Low
760500.0000000009,1650750.0,5.6,37.1,25.0,193.0,128.0,Low
760500.0000000009,1750750.0,5.7,35.6,25.0,193.0,139.0,Low
760500.0000000009,1850750.0,6.1,38.5,25.0,138.0,114.0,Medium
760500.0000000009,1950750.0,6.2,39.8,25.0,196.0,132.0,Medium
760500.0000000009,2050750.0,6.1,38.8,25.0,158.0,136.0,Medium
760500.0000000009,2150750.0,6.1,39.4,25.0,165.0,101.0,Medium
760500.0000000009,2250750.0,6.1,39.0,25.0,171.0,142.0,Medium
760500.0000000009,2350750.0,5.8,38.9,25.0,162.0,141.0,Medium
760500.0000000009,2450750.0,5.5,37.0,25.0,199.0,186.0,Low
760500.0000000009,2550750.0,5.7,37.4,25.0,317.0,178.0,Medium
760500.0000000009,2650750.0,5.6,34.3,25.0,206.0,155.0,Low
760500.0000000009,2750750.0,5.8,34.8,25.0,176.0,158.0,Medium
760500.0000000009,2850750.0,5.8,33.7,25.0,228.0,112.0,Low
760500.0000000009,2950750.0,5.9,32.8,25.0,164.0,135.0,Low
760500.0000000009,3050750.0,6.0,32.7,25.0,143.0,111.0,Low
760500.0000000009,3150750.0,6.2,31.0,25.0,145.0,78.0,Medium
760500.0000000009,3250750.0,6.0,31.0,25.0,106.0,85.0,Low
760500.0000000009,3350750.0,6.3,34.9,25.0,230.0,152.0,Medium
760500.0000000009,3450750.0,6.3,38.4,25.0,215.0,208.0,Medium
760500.0000000009,3550750.0,6.3,34.9,25.0,212.0,213.0,Medium
760500.0000000009,3650750.0,6.3,34.6,25.0,200.0,181.0,Medium
760500.0000000009,3750750.0,6.2,36.1,25.0,249.0,219.0,Medium
760500.0000000009,3850750.0,6.2,36.1,25.0,326.0,228.0,Medium
760500.0000000009,3950750.0,5.7,39.8,25.0,448.0,189.0,Medium
760500.0000000009,4050750.0,5.9,39.5,25.0,519.0,239.0,Medium
760500.0000000009,4150750.0,6.4,39.6,25.0,358.0,316.0,Medium
760500.0000000009,4250750.0,6.6,38.9,25.0,385.0,358.0,Medium
760500.0000000009,4350750.0,5.9,40.3,25.0,580.0,274.0,Medium
760500.0000000009,4450750.0,6.5,41.2,25.0,381.0,274.0,Medium
760500.0000000009,4550750.0,7.7,39.5,25.0,194.0,318.0,Medium
760500.0000000009,4650750.0,8.0,36.1,25.0,135.0,301.0,Low
760500.0000000009,4750750.0,8.0,38.4,25.0,122.0,291.0,Low
760500.0000000009,4850750.0,7.9,37.9,25.0,167.0,322.0,Medium
760500.0000000009,4950750.0,8.2,35.7,25.0,162.0,249.0,Low
760500.0000000009,5050750.0,8.0,34.1,25.0,203.0,298.0,Low
760500.0000000009,5150750.0,7.9,34.7,25.0,173.0,285.0,Low
760500.0000000009,5250750.0,7.8,35.2,25.0,139.0,157.0,Low
760500.0000000009,5350750.0,7.8,34.8,25.0,130.0,185.0,Low
760500.0000000009,5450750.0,7.8,35.0,25.0,151.0,200.0,Low
760500.0000000009,8950750.0,5.2,41.9,25.0,567.0,245.0,Medium
760500.0000000009,9050750.0,5.6,38.2,25.0,361.0,174.0,Medium
760500.0000000009,11150750.0,5.2,39.5,25.0,334.0,130.0,Low
760500.0000000009,13750750.0,5.4,45.2,25.0,349.0,179.0,Medium
760500.0000000009,13850750.0,5.2,40.8,25.0,370.0,164.0,Low
660500.0000000009,-8549250.0,4.6,40.6,25.0,728.0,226.0,Low
660500.0000000009,-8449250.0,4.9,44.8,25.0,530.0,237.0,Medium
660500.0000000009,-8349250.0,5.0,44.7,25.0,407.0,229.0,Medium
660500.0000000009,-8249250.0,5.1,45.5,25.0,491.0,267.0,Medium
660500.0000000009,-8149250.0,6.1,39.8,25.0,565.0,235.0,Medium
660500.0000000009,-8049250.0,5.3,42.3,25.0,448.0,264.0,Medium
660500.0000000009,-7949250.0,5.2,38.4,25.0,286.0,121.0,Low
660500.0000000009,-7849250.0,5.0,37.1,25.0,230.0,122.0,Low
660500.0000000009,-7749250.0,5.1,35.1,25.0,237.0,103.0,Low
660500.0000000009,-7649250.0,5.2,35.6,25.0,253.0,131.0,Low
660500.0000000009,-7549250.0,5.3,37.5,25.0,297.0,162.0,Low
660500.0000000009,-7449250.0,4.9,41.1,25.0,310.0,162.0,Low
660500.0000000009,-7349250.0,4.8,42.9,25.0,282.0,173.0,Low
660500.0000000009,-7249250.0,4.7,41.7,25.0,301.0,125.0,Low
660500.0000000009,-7149250.0,4.7,41.2,25.0,234.0,184.0,Low
660500.0000000009,-7049250.0,4.8,41.8,25.0,310.0,175.0,Low
660500.0000000009,-6949250.0,4.8,41.4,25.0,323.0,161.0,Low
660500.0000000009,-6849250.0,5.1,44.3,25.0,440.0,219.0,Medium
660500.0000000009,-6749250.0,4.8,40.3,25.0,264.0,141.0,Low
660500.0000000009,-6649250.0,4.7,42.2,25.0,283.0,128.0,Low
660500.0000000009,-6549250.0,4.9,39.8,25.0,283.0,160.0,Low
660500.0000000009,-6449250.0,5.1,38.3,25.0,433.0,329.0,Medium
660500.0000000009,-6349250.0,5.0,39.7,25.0,426.0,334.0,Medium
660500.0000000009,-6249250.0,5.3,38.0,25.0,538.0,244.0,Medium
660500.0000000009,-6149250.0,5.1,42.1,25.0,465.0,258.0,Medium
660500.0000000009,-1049250.0,5.0,31.3,25.0,366.0,170.0,Low
660500.0000000009,-949250.0,5.0,33.9,25.0,378.0,157.0,Low
660500.0000000009,-849250.0,4.9,32.9,25.0,279.0,127.0,Low
660500.0000000009,-749250.0,5.1,35.9,25.0,291.0,241.0,Low
660500.0000000009,-649250.0,5.5,33.0,25.0,305.0,188.0,Low
660500.0000000009,-549250.0,5.8,32.4,25.0,293.0,188.0,Medium
660500.0000000009,-349250.0,5.1,34.3,25.0,325.0,169.0,Low
660500.0000000009,-249250.0,5.4,35.3,25.0,325.0,250.0,Medium
660500.0000000009,-149250.0,5.9,37.9,25.0,423.0,370.0,Medium
660500.0000000009,-49250.0,6.4,39.9,25.0,610.0,420.0,Medium
660500.0000000009,50750.0,6.2,37.0,25.0,528.0,244.0,Medium
660500.0000000009,650750.0,5.3,31.8,25.0,258.0,107.0,Low
660500.0000000009,750750.0,5.4,30.0,25.0,282.0,95.0,Low
660500.0000000009,850750.0,5.5,27.9,25.0,213.0,91.0,Low
660500.0000000009,950750.0,5.6,33.4,25.0,257.0,113.0,Low
660500.0000000009,1050750.0,5.3,35.6,25.0,252.0,107.0,Low
660500.0000000009,1150750.0,5.0,39.3,25.0,524.0,337.0,Medium
660500.0000000009,1250750.0,5.3,37.3,25.0,297.0,115.0,Low
660500.0000000009,1350750.0,5.3,37.3,25.0,218.0,104.0,Low
660500.0000000009,1450750.0,5.3,36.9,25.0,291.0,156.0,Low
660500.0000000009,1550750.0,5.6,32.3,25.0,308.0,133.0,Low
660500.0000000009,1650750.0,5.5,36.4,25.0,176.0,116.0,Low
660500.0000000009,1750750.0,5.6,39.2,25.0,176.0,141.0,Low
660500.0000000009,1850750.0,5.7,38.6,25.0,186.0,142.0,Medium
660500.0000000009,1950750.0,5.8,40.2,25.0,210.0,143.0,Medium
660500.0000000009,2050750.0,5.7,40.3,25.0,208.0,138.0,Medium
660500.0000000009,2150750.0,6.0,40.6,25.0,187.0,122.0,Medium
660500.0000000009,2250750.0,5.8,40.2,25.0,185.0,151.0,Medium
660500.0000000009,2350750.0,6.0,37.3,25.0,227.0,177.0,Medium
660500.0000000009,2450750.0,5.9,36.8,25.0,255.0,203.0,Medium
660500.0000000009,2550750.0,5.6,40.4,25.0,191.0,158.0,Medium
660500.0000000009,2650750.0,5.7,36.2,25.0,266.0,159.0,Medium
660500.0000000009,2750750.0,5.7,34.4,25.0,227.0,128.0,Low
660500.0000000009,2850750.0,5.7,34.1,25.0,216.0,118.0,Low
660500.0000000009,2950750.0,5.6,35.0,25.0,241.0,130.0,Low
660500.0000000009,3050750.0,5.8,35.7,25.0,176.0,130.0,Low
660500.0000000009,3150750.0,5.9,34.0,25.0,208.0,141.0,Medium
660500.0000000009,3250750.0,6.1,33.3,25.0,155.0,146.0,Medium
660500.0000000009,3350750.0,6.3,33.0,25.0,162.0,146.0,Medium
660500.0000000009,3450750.0,6.2,32.4,25.0,182.0,160.0,Medium
660500.0000000009,3550750.0,6.3,31.5,25.0,186.0,182.0,Medium
660500.0000000009,3650750.0,6.4,33.6,25.0,179.0,185.0,Medium
660500.0000000009,3750750.0,6.4,37.8,25.0,232.0,209.0,Medium
660500.0000000009,3850750.0,6.3,38.9,25.0,319.0,214.0,Medium
660500.0000000009,3950750.0,5.8,40.0,25.0,337.0,250.0,Medium
660500.0000000009,4050750.0,6.4,39.4,25.0,337.0,351.0,Medium
660500.0000000009,4150750.0,5.7,41.9,25.0,490.0,247.0,Medium
660500.0000000009,4250750.0,5.6,42.7,25.0,500.0,273.0,Medium
660500.0000000009,4350750.0,6.3,41.1,25.0,359.0,278.0,Medium
660500.0000000009,4450750.0,6.8,38.9,25.0,194.0,320.0,Medium
660500.0000000009,4550750.0,7.5,36.4,25.0,180.0,308.0,Medium
660500.0000000009,4650750.0,7.4,36.8,25.0,163.0,273.0,Medium
660500.0000000009,4750750.0,7.9,38.3,25.0,152.0,264.0,Low
660500.0000000009,4850750.0,7.9,38.1,25.0,174.0,178.0,Low
660500.0000000009,4950750.0,7.8,35.3,25.0,237.0,248.0,Low
660500.0000000009,5050750.0,7.9,35.9,25.0,201.0,271.0,Low
660500.0000000009,5150750.0,8.0,33.5,25.0,231.0,178.0,Low
660500.0000000009,5250750.0,8.0,33.4,25.0,154.0,162.0,Low
660500.0000000009,5350750.0,7.9,32.0,25.0,122.0,185.0,Low
660500.0000000009,11150750.0,5.4,40.8,25.0,304.0,218.0,Medium
660500.0000000009,11250750.0,5.1,44.2,25.0,611.0,223.0,Medium
660500.0000000009,11350750.0,5.5,41.0,25.0,617.0,221.0,Medium
660500.0000000009,12950750.0,5.2,42.6,25.0,408.0,218.0,Medium
660500.0000000009,13450750.0,5.3,39.7,25.0,275.0,180.0,Low
660500.0000000009,13850750.0,5.2,45.2,25.0,499.0,241.0,Medium
560500.0000000009,-8549250.0,4.9,42.3,25.0,769.0,211.0,Medium
560500.0000000009,-8449250.0,5.2,44.8,25.0,389.0,241.0,Medium
560500.0000000009,-8349250.0,5.1,45.5,25.0,327.0,174.0,Low
560500.0000000009,-8249250.0,5.4,43.8,25.0,506.0,242.0,Medium
560500.0000000009,-8149250.0,5.3,47.0,25.0,358.0,248.0,Medium
560500.0000000009,-8049250.0,5.2,37.9,25.0,300.0,107.0,Low
560500.0000000009,-7949250.0,5.2,37.1,25.0,297.0,100.0,Low
560500.0000000009,-7849250.0,5.2,36.0,25.0,220.0,135.0,Low
560500.0000000009,-7749250.0,5.1,35.8,25.0,215.0,105.0,Low
560500.0000000009,-7649250.0,5.1,37.5,25.0,256.0,113.0,Low
560500.0000000009,-7549250.0,4.9,39.1,25.0,287.0,125.0,Low
560500.0000000009,-7449250.0,4.8,42.9,25.0,514.0,173.0,Low
560500.0000000009,-7349250.0,4.6,36.0,25.0,198.0,154.0,Low
560500.0000000009,-7249250.0,4.5,42.1,25.0,325.0,170.0,Low
560500.0000000009,-7149250.0,4.6,40.0,25.0,254.0,147.0,Low
560500.0000000009,-7049250.0,4.3,40.4,25.0,305.0,160.0,Low
560500.0000000009,-6949250.0,4.7,42.4,25.0,441.0,219.0,Low
560500.0000000009,-6849250.0,5.1,44.1,25.0,464.0,206.0,Medium
560500.0000000009,-6749250.0,4.9,43.9,25.0,406.0,206.0,Low
560500.0000000009,-6649250.0,4.7,41.3,25.0,249.0,158.0,Low
560500.0000000009,-6549250.0,4.7,40.7,25.0,263.0,133.0,Low
560500.0000000009,-6449250.0,4.5,38.9,25.0,235.0,146.0,Low
560500.0000000009,-6349250.0,4.5,38.7,25.0,243.0,153.0,Low
560500.0000000009,-6249250.0,4.3,38.9,25.0,158.0,125.0,Low
560500.0000000009,-6149250.0,4.4,40.4,25.0,230.0,181.0,Low
560500.0000000009,-6049250.0,4.2,39.3,25.0,242.0,134.0,Low
560500.0000000009,-5949250.0,4.4,40.6,25.0,360.0,146.0,Low
560500.0000000009,-949250.0,5.0,33.6,25.0,427.0,153.0,Low
560500.0000000009,-849250.0,4.8,34.1,25.0,338.0,146.0,Low
560500.0000000009,-749250.0,5.2,33.4,25.0,234.0,138.0,Low
560500.0000000009,-649250.0,5.5,31.7,25.0,245.0,161.0,Low
560500.0000000009,-249250.0,4.9,27.0,25.0,201.0,149.0,Low
560500.0000000009,650750.0,5.2,30.1,25.0,414.0,143.0,Low
560500.0000000009,750750.0,5.2,32.7,25.0,330.0,164.0,Low
560500.0000000009,850750.0,5.2,28.8,25.0,219.0,110.0,Low
560500.0000000009,950750.0,5.1,33.9,25.0,295.0,150.0,Low
560500.0000000009,1050750.0,4.7,37.6,25.0,297.0,192.0,Low
560500.0000000009,1150750.0,5.2,37.1,25.0,298.0,222.0,Low
560500.0000000009,1250750.0,5.4,37.6,25.0,207.0,140.0,Low
560500.0000000009,1350750.0,5.6,36.4,25.0,227.0,113.0,Low
560500.0000000009,1450750.0,5.2,35.7,25.0,324.0,174.0,Low
560500.0000000009,1550750.0,5.5,34.0,25.0,495.0,136.0,Medium
560500.0000000009,1650750.0,5.7,34.8,25.0,281.0,134.0,Low
560500.0000000009,1750750.0,5.6,39.9,25.0,279.0,133.0,Medium
560500.0000000009,1850750.0,5.4,38.0,25.0,224.0,163.0,Low
560500.0000000009,1950750.0,5.5,39.2,25.0,302.0,170.0,Medium
560500.0000000009,2050750.0,5.6,40.7,25.0,216.0,145.0,Medium
560500.0000000009,2150750.0,5.8,37.8,25.0,332.0,143.0,Medium
560500.0000000009,2250750.0,5.6,41.7,25.0,240.0,155.0,Medium
560500.0000000009,2350750.0,5.5,42.1,25.0,252.0,132.0,Medium
560500.0000000009,2450750.0,5.7,38.6,25.0,284.0,158.0,Medium
560500.0000000009,2550750.0,5.4,41.8,25.0,218.0,134.0,Low
560500.0000000009,2650750.0,5.4,39.0,25.0,280.0,115.0,Low
560500.0000000009,2750750.0,5.5,39.4,25.0,275.0,124.0,Low
560500.0000000009,2850750.0,5.5,38.3,25.0,261.0,144.0,Low
560500.0000000009,2950750.0,5.5,38.7,25.0,239.0,115.0,Low
560500.0000000009,3050750.0,5.6,38.0,25.0,259.0,155.0,Medium
560500.0000000009,3150750.0,5.8,36.6,25.0,189.0,132.0,Medium
560500.0000000009,3250750.0,5.9,37.2,25.0,269.0,147.0,Medium
560500.0000000009,3350750.0,5.9,34.7,25.0,259.0,164.0,Medium
560500.0000000009,3450750.0,6.2,34.6,25.0,155.0,156.0,Medium
560500.0000000009,3550750.0,6.4,36.3,25.0,205.0,192.0,Medium
560500.0000000009,3650750.0,6.5,36.0,25.0,207.0,208.0,Medium
560500.0000000009,3750750.0,6.6,36.4,25.0,176.0,247.0,Medium
560500.0000000009,3850750.0,7.2,37.3,25.0,247.0,416.0,Medium
560500.0000000009,3950750.0,7.3,38.1,25.0,263.0,358.0,Medium
560500.0000000009,4050750.0,7.1,38.2,25.0,264.0,379.0,Medium
560500.0000000009,4150750.0,6.9,35.1,25.0,244.0,477.0,Medium
560500.0000000009,4250750.0,6.2,38.2,25.0,301.0,200.0,Medium
560500.0000000009,4350750.0,7.1,36.4,25.0,136.0,257.0,Medium
560500.0000000009,4450750.0,6.5,38.7,25.0,155.0,264.0,Medium
560500.0000000009,4550750.0,7.6,34.8,25.0,182.0,276.0,Medium
560500.0000000009,4650750.0,6.9,37.8,25.0,190.0,257.0,Medium
560500.0000000009,4750750.0,7.7,38.9,25.0,141.0,160.0,Low
560500.0000000009,4850750.0,7.9,35.5,25.0,153.0,155.0,Low
560500.0000000009,4950750.0,7.8,37.4,25.0,145.0,230.0,Low
560500.0000000009,5050750.0,7.8,36.3,25.0,164.0,255.0,Low
560500.0000000009,5150750.0,8.0,34.2,25.0,139.0,232.0,Low
560500.0000000009,5250750.0,7.9,34.7,25.0,132.0,186.0,Low
560500.0000000009,5350750.0,7.5,35.6,25.0,199.0,213.0,Medium
560500.0000000009,10650750.0,5.0,42.4,25.0,442.0,228.0,Medium
560500.0000000009,10750750.0,5.0,42.7,25.0,327.0,123.0,Low
560500.0000000009,11150750.0,5.1,40.3,25.0,377.0,221.0,Medium
560500.0000000009,11250750.0,4.9,43.6,25.0,475.0,229.0,Medium
560500.0000000009,11350750.0,5.2,43.0,25.0,449.0,168.0,Medium
560500.0000000009,11450750.0,5.1,41.2,25.0,411.0,178.0,Low
560500.0000000009,12850750.0,5.0,43.4,25.0,415.0,189.0,Medium
560500.0000000009,12950750.0,5.2,42.3,25.0,420.0,208.0,Medium
560500.0000000009,13050750.0,5.2,42.8,25.0,452.0,218.0,Medium
560500.0000000009,13150750.0,5.4,37.4,25.0,291.0,197.0,Low
460500.0000000009,-8549250.0,4.7,43.9,25.0,512.0,164.0,Low
460500.0000000009,-8449250.0,5.3,45.1,25.0,494.0,288.0,Medium
460500.0000000009,-8349250.0,5.5,42.0,25.0,286.0,189.0,Medium
460500.0000000009,-8249250.0,5.3,44.5,25.0,540.0,335.0,Medium
460500.0000000009,-8149250.0,5.2,35.4,25.0,277.0,137.0,Low
460500.0000000009,-8049250.0,5.1,35.8,25.0,243.0,141.0,Low
460500.0000000009,-7949250.0,5.0,36.0,25.0,202.0,127.0,Low
460500.0000000009,-7849250.0,5.2,35.0,25.0,230.0,86.0,Low
460500.0000000009,-7749250.0,4.6,38.1,25.0,277.0,137.0,Low
460500.0000000009,-7649250.0,4.5,37.2,25.0,262.0,108.0,Low
460500.0000000009,-7449250.0,5.2,38.4,25.0,339.0,162.0,Low
460500.0000000009,-7349250.0,4.3,42.2,25.0,300.0,154.0,Low
460500.0000000009,-7249250.0,4.5,43.4,25.0,352.0,187.0,Low
460500.0000000009,-7149250.0,4.1,41.3,25.0,315.0,170.0,Low
460500.0000000009,-7049250.0,4.2,42.9,25.0,354.0,169.0,Low
460500.0000000009,-6949250.0,4.5,43.4,25.0,307.0,161.0,Low
460500.0000000009,-6849250.0,5.2,39.2,25.0,171.0,217.0,Low
460500.0000000009,-6749250.0,5.6,36.8,25.0,199.0,191.0,Medium
460500.0000000009,-6649250.0,4.9,41.1,25.0,253.0,133.0,Low
460500.0000000009,-6549250.0,4.8,41.2,25.0,242.0,164.0,Low
460500.0000000009,-6449250.0,4.7,39.4,25.0,254.0,171.0,Low
460500.0000000009,-6349250.0,4.6,39.0,25.0,236.0,143.0,Low
460500.0000000009,-6249250.0,4.5,40.2,25.0,242.0,145.0,Low
460500.0000000009,-6149250.0,4.5,40.0,25.0,353.0,146.0,Low
460500.0000000009,-6049250.0,4.4,39.2,25.0,322.0,142.0,Low
460500.0000000009,-5949250.0,4.6,39.7,25.0,318.0,182.0,Low
460500.0000000009,-5849250.0,4.4,39.5,25.0,336.0,179.0,Low
460500.0000000009,-5749250.0,4.8,39.9,25.0,471.0,283.0,Low
460500.0000000009,1050750.0,5.1,36.4,25.0,311.0,140.0,Low
460500.0000000009,1150750.0,4.9,35.5,25.0,296.0,130.0,Low
460500.0000000009,1250750.0,5.2,35.9,25.0,281.0,144.0,Low
460500.0000000009,1350750.0,5.1,35.0,25.0,291.0,124.0,Low
460500.0000000009,1450750.0,5.1,32.7,25.0,244.0,118.0,Low
460500.0000000009,1550750.0,5.1,35.1,25.0,405.0,172.0,Low
460500.0000000009,1650750.0,5.5,32.9,25.0,319.0,113.0,Low
460500.0000000009,1750750.0,5.6,39.5,25.0,386.0,186.0,Medium
460500.0000000009,1850750.0,5.4,40.9,25.0,330.0,133.0,Low
460500.0000000009,1950750.0,5.5,38.1,25.0,216.0,122.0,Low
460500.0000000009,2050750.0,5.8,36.7,25.0,246.0,133.0,Medium
460500.0000000009,2150750.0,5.8,38.4,25.0,250.0,150.0,Medium
460500.0000000009,2250750.0,5.8,39.2,25.0,262.0,117.0,Medium
460500.0000000009,2350750.0,5.4,43.0,25.0,302.0,131.0,Medium
460500.0000000009,2450750.0,5.6,39.2,25.0,227.0,118.0,Low
460500.0000000009,2550750.0,5.3,37.9,25.0,262.0,107.0,Low
460500.0000000009,2650750.0,5.4,40.1,25.0,272.0,98.0,Low
460500.0000000009,2750750.0,5.4,39.1,25.0,228.0,103.0,Low
460500.0000000009,2850750.0,5.4,38.6,25.0,255.0,129.0,Low
460500.0000000009,2950750.0,5.5,40.1,25.0,245.0,115.0,Low
460500.0000000009,3050750.0,5.5,39.2,25.0,266.0,124.0,Low
460500.0000000009,3150750.0,5.4,37.3,25.0,258.0,137.0,Low
460500.0000000009,3250750.0,5.6,36.9,25.0,291.0,133.0,Low
460500.0000000009,3350750.0,5.7,36.7,25.0,242.0,164.0,Medium
460500.0000000009,3450750.0,6.1,34.6,25.0,176.0,168.0,Medium
460500.0000000009,3550750.0,6.3,35.4,25.0,263.0,241.0,Medium
460500.0000000009,3650750.0,5.9,37.7,25.0,403.0,177.0,Medium
460500.0000000009,3750750.0,6.5,35.6,25.0,245.0,246.0,Medium
460500.0000000009,3850750.0,7.4,39.2,25.0,188.0,376.0,Medium
460500.0000000009,3950750.0,8.0,33.5,25.0,107.0,247.0,Low
460500.0000000009,4050750.0,8.2,27.8,25.0,85.0,255.0,Low
460500.0000000009,4150750.0,8.1,35.3,25.0,95.0,280.0,Low
460500.0000000009,4250750.0,7.0,34.8,25.0,204.0,337.0,Medium
460500.0000000009,4350750.0,6.7,32.8,25.0,116.0,230.0,Medium
460500.0000000009,4450750.0,7.3,34.9,25.0,142.0,191.0,Medium
460500.0000000009,4550750.0,7.5,34.4,25.0,166.0,162.0,Low
460500.0000000009,4650750.0,7.9,35.3,25.0,125.0,180.0,Low
460500.0000000009,4750750.0,7.8,38.4,25.0,161.0,243.0,Low
460500.0000000009,4850750.0,8.1,38.2,25.0,133.0,128.0,Low
460500.0000000009,4950750.0,7.9,36.0,25.0,150.0,147.0,Low
460500.0000000009,5050750.0,7.8,34.5,25.0,135.0,176.0,Low
460500.0000000009,5150750.0,7.7,33.4,25.0,143.0,168.0,Low
460500.0000000009,5250750.0,7.7,35.5,25.0,145.0,225.0,Low
460500.0000000009,10750750.0,4.8,45.7,25.0,511.0,194.0,Low
460500.0000000009,10850750.0,5.1,43.2,25.0,368.0,151.0,Low
460500.0000000009,11250750.0,5.3,40.2,25.0,431.0,223.0,Medium
460500.0000000009,11350750.0,5.0,42.2,25.0,402.0,132.0,Low
460500.0000000009,11450750.0,5.0,43.0,25.0,424.0,166.0,Low
460500.0000000009,12650750.0,4.9,41.0,25.0,352.0,192.0,Low
460500.0000000009,12750750.0,4.9,41.2,25.0,526.0,244.0,Low
460500.0000000009,12850750.0,4.9,45.4,25.0,552.0,239.0,Medium
460500.0000000009,12950750.0,5.0,43.2,25.0,422.0,198.0,Low
460500.0000000009,13050750.0,5.0,41.8,25.0,305.0,229.0,Low
360500.0000000009,-8549250.0,5.2,46.2,25.0,625.0,264.0,Medium
360500.0000000009,-8449250.0,5.3,48.4,25.0,608.0,327.0,Medium
360500.0000000009,-8349250.0,5.6,42.3,25.0,346.0,252.0,Medium
360500.0000000009,-8249250.0,4.6,40.7,25.0,343.0,217.0,Low
360500.0000000009,-8149250.0,4.9,36.0,25.0,271.0,113.0,Low
360500.0000000009,-8049250.0,5.1,35.8,25.0,308.0,178.0,Low
360500.0000000009,-7949250.0,4.9,35.6,25.0,288.0,141.0,Low
360500.0000000009,-7849250.0,4.8,36.0,25.0,269.0,118.0,Low
360500.0000000009,-7749250.0,4.5,32.1,25.0,293.0,140.0,Low
360500.0000000009,-7649250.0,4.5,35.4,25.0,282.0,140.0,Low
360500.0000000009,-7549250.0,4.5,32.3,25.0,296.0,107.0,Low
360500.0000000009,-7449250.0,4.1,36.6,25.0,315.0,156.0,Low
360500.0000000009,-7349250.0,4.2,37.4,25.0,294.0,159.0,Low
360500.0000000009,-7249250.0,4.1,40.9,25.0,280.0,149.0,Low
360500.0000000009,-7149250.0,4.2,43.4,25.0,477.0,221.0,Low
360500.0000000009,-7049250.0,4.3,40.6,25.0,246.0,133.0,Low
360500.0000000009,-6949250.0,4.5,39.1,25.0,204.0,133.0,Low
360500.0000000009,-6849250.0,4.9,39.5,25.0,203.0,122.0,Low
360500.0000000009,-6749250.0,5.2,36.2,25.0,162.0,124.0,Low
360500.0000000009,-6649250.0,5.0,41.1,25.0,339.0,139.0,Low
360500.0000000009,-6549250.0,4.6,38.9,25.0,208.0,123.0,Low
360500.0000000009,-6449250.0,4.5,39.4,25.0,229.0,150.0,Low
360500.0000000009,-6349250.0,4.5,39.9,25.0,266.0,164.0,Low
360500.0000000009,-6249250.0,4.7,41.7,25.0,357.0,137.0,Low
360500.0000000009,-6149250.0,4.5,39.5,25.0,339.0,141.0,Low
360500.0000000009,-6049250.0,4.6,39.3,25.0,263.0,147.0,Low
360500.0000000009,-5949250.0,4.7,39.0,25.0,304.0,148.0,Low
360500.0000000009,-5849250.0,4.6,40.0,25.0,403.0,173.0,Low
360500.0000000009,-5749250.0,4.6,38.6,25.0,313.0,205.0,Low
360500.0000000009,1150750.0,5.2,32.6,25.0,295.0,111.0,Low
360500.0000000009,1250750.0,4.8,37.1,25.0,402.0,176.0,Low
360500.0000000009,1350750.0,5.0,36.4,25.0,364.0,163.0,Low
360500.0000000009,1450750.0,4.9,34.4,25.0,358.0,160.0,Low
360500.0000000009,1550750.0,5.0,34.6,25.0,265.0,109.0,Low
360500.0000000009,1650750.0,6.3,36.1,25.0,374.0,192.0,Medium
360500.0000000009,1750750.0,5.7,36.4,25.0,339.0,123.0,Medium
360500.0000000009,1850750.0,5.8,38.1,25.0,283.0,99.0,Medium
360500.0000000009,1950750.0,5.4,39.6,25.0,250.0,132.0,Low
360500.0000000009,2050750.0,5.2,33.3,25.0,249.0,127.0,Low
360500.0000000009,2150750.0,5.4,35.2,25.0,234.0,139.0,Low
360500.0000000009,2250750.0,5.6,35.7,25.0,235.0,102.0,Low
360500.0000000009,2350750.0,5.5,38.0,25.0,242.0,110.0,Low
360500.0000000009,2450750.0,5.4,37.8,25.0,321.0,115.0,Low
360500.0000000009,2550750.0,5.4,39.5,25.0,303.0,107.0,Low
360500.0000000009,2650750.0,5.4,37.5,25.0,239.0,115.0,Low
360500.0000000009,2750750.0,5.4,38.6,25.0,251.0,107.0,Low
360500.0000000009,2850750.0,5.4,38.7,25.0,262.0,110.0,Low
360500.0000000009,2950750.0,5.3,35.6,25.0,246.0,105.0,Low
360500.0000000009,3050750.0,5.3,37.7,25.0,253.0,114.0,Low
360500.0000000009,3150750.0,5.3,38.8,25.0,290.0,127.0,Low
360500.0000000009,3250750.0,5.5,38.6,25.0,301.0,107.0,Low
360500.0000000009,3350750.0,5.6,37.1,25.0,342.0,102.0,Low
360500.0000000009,3450750.0,6.0,38.8,25.0,283.0,161.0,Medium
360500.0000000009,3550750.0,6.2,36.0,25.0,261.0,225.0,Medium
360500.0000000009,3650750.0,6.3,36.6,25.0,264.0,248.0,Medium
360500.0000000009,3750750.0,6.4,38.6,25.0,245.0,247.0,Medium
360500.0000000009,3850750.0,7.0,36.8,25.0,181.0,358.0,Medium
360500.0000000009,3950750.0,8.2,31.6,25.0,102.0,186.0,Low
360500.0000000009,4050750.0,8.0,31.1,25.0,95.0,196.0,Low
360500.0000000009,4150750.0,8.4,31.3,25.0,115.0,197.0,Low
360500.0000000009,4250750.0,7.6,34.6,25.0,142.0,250.0,Low
360500.0000000009,4350750.0,7.0,35.9,25.0,124.0,223.0,Medium
360500.0000000009,4450750.0,7.4,36.4,25.0,136.0,172.0,Medium
360500.0000000009,4550750.0,7.6,35.0,25.0,163.0,176.0,Low
360500.0000000009,4650750.0,7.4,30.3,25.0,163.0,178.0,Low
360500.0000000009,4750750.0,7.6,36.8,25.0,141.0,167.0,Low
360500.0000000009,4850750.0,7.7,34.7,25.0,149.0,227.0,Low
360500.0000000009,4950750.0,7.7,31.6,25.0,151.0,215.0,Low
360500.0000000009,5050750.0,7.8,34.2,25.0,138.0,199.0,Low
360500.0000000009,5150750.0,7.7,30.1,25.0,142.0,233.0,Low
360500.0000000009,10850750.0,4.9,44.6,25.0,467.0,207.0,Low
360500.0000000009,10950750.0,4.8,44.8,25.0,439.0,214.0,Low
360500.0000000009,11050750.0,5.2,40.5,25.0,283.0,202.0,Low
360500.0000000009,11350750.0,4.7,42.4,25.0,386.0,154.0,Low
360500.0000000009,11450750.0,4.7,41.2,25.0,407.0,160.0,Low
360500.0000000009,12650750.0,4.7,42.5,25.0,504.0,232.0,Low
360500.0000000009,12750750.0,4.8,42.1,25.0,531.0,209.0,Low
360500.0000000009,12850750.0,5.0,44.4,25.0,537.0,254.0,Medium
360500.0000000009,12950750.0,5.0,42.4,25.0,456.0,216.0,Medium
260500.00000000093,-8749250.0,4.8,37.1,25.0,504.0,286.0,Low
260500.00000000093,-8649250.0,4.8,37.2,25.0,544.0,183.0,Low
260500.00000000093,-8549250.0,4.9,46.1,25.0,408.0,218.0,Low
260500.00000000093,-8449250.0,5.4,44.1,25.0,445.0,223.0,Medium
260500.00000000093,-8349250.0,5.2,42.8,25.0,558.0,237.0,Medium
260500.00000000093,-8249250.0,4.7,38.2,25.0,280.0,203.0,Low
260500.00000000093,-8149250.0,5.1,36.0,25.0,237.0,160.0,Low
260500.00000000093,-8049250.0,4.8,34.8,25.0,267.0,115.0,Low
260500.00000000093,-7949250.0,4.7,33.6,25.0,247.0,129.0,Low
260500.00000000093,-7849250.0,4.4,32.5,25.0,312.0,120.0,Low
260500.00000000093,-7749250.0,4.4,32.1,25.0,349.0,156.0,Low
260500.00000000093,-7649250.0,4.4,33.4,25.0,351.0,168.0,Low
260500.00000000093,-7549250.0,4.5,33.2,25.0,440.0,159.0,Low
260500.00000000093,-7449250.0,4.1,32.2,25.0,429.0,140.0,Low
260500.00000000093,-7349250.0,4.0,36.3,25.0,304.0,162.0,Low
260500.00000000093,-7249250.0,4.0,40.3,25.0,315.0,117.0,Low
260500.00000000093,-7149250.0,4.0,41.3,25.0,263.0,144.0,Low
260500.00000000093,-7049250.0,4.3,41.5,25.0,266.0,149.0,Low
260500.00000000093,-6949250.0,4.7,39.5,25.0,265.0,153.0,Low
260500.00000000093,-6849250.0,5.1,39.7,25.0,239.0,166.0,Low
260500.00000000093,-6749250.0,5.1,38.1,25.0,236.0,136.0,Low
260500.00000000093,-6649250.0,5.4,37.5,25.0,180.0,182.0,Low
260500.00000000093,-6549250.0,4.7,39.8,25.0,187.0,134.0,Low
260500.00000000093,-6449250.0,4.5,39.6,25.0,219.0,144.0,Low
260500.00000000093,-6349250.0,4.5,39.1,25.0,268.0,136.0,Low
260500.00000000093,-6249250.0,4.4,40.8,25.0,294.0,165.0,Low
260500.00000000093,-6149250.0,4.5,38.6,25.0,270.0,134.0,Low
260500.00000000093,-6049250.0,4.7,40.4,25.0,316.0,153.0,Low
260500.00000000093,-5949250.0,4.6,40.6,25.0,349.0,151.0,Low
260500.00000000093,-5849250.0,4.6,39.1,25.0,298.0,155.0,Low
260500.00000000093,-5749250.0,4.7,39.7,25.0,379.0,152.0,Low
260500.00000000093,1150750.0,4.5,37.0,25.0,307.0,189.0,Low
260500.00000000093,1250750.0,4.7,38.5,25.0,432.0,186.0,Low
260500.00000000093,1350750.0,4.9,39.7,25.0,485.0,166.0,Low
260500.00000000093,1450750.0,4.8,37.6,25.0,390.0,171.0,Low
260500.00000000093,1550750.0,4.8,34.4,25.0,237.0,149.0,Low
260500.00000000093,1650750.0,5.1,34.8,25.0,333.0,153.0,Low
260500.00000000093,1750750.0,5.3,34.1,25.0,241.0,121.0,Low
260500.00000000093,1850750.0,5.4,34.6,25.0,237.0,101.0,Low
260500.00000000093,1950750.0,5.0,31.7,25.0,222.0,126.0,Low
260500.00000000093,2050750.0,5.0,33.6,25.0,241.0,117.0,Low
260500.00000000093,2150750.0,5.1,34.3,25.0,229.0,99.0,Low
260500.00000000093,2250750.0,5.0,32.3,25.0,235.0,95.0,Low
260500.00000000093,2350750.0,4.8,37.4,25.0,241.0,107.0,Low
260500.00000000093,2450750.0,5.2,36.6,25.0,272.0,135.0,Low
260500.00000000093,2550750.0,5.1,38.0,25.0,230.0,120.0,Low
260500.00000000093,2650750.0,4.9,37.5,25.0,218.0,131.0,Low
260500.00000000093,2750750.0,5.1,36.5,25.0,292.0,127.0,Low
260500.00000000093,2850750.0,5.0,35.5,25.0,249.0,117.0,Low
260500.00000000093,2950750.0,5.0,33.5,25.0,256.0,119.0,Low
260500.00000000093,3050750.0,5.2,35.7,25.0,281.0,139.0,Low
260500.00000000093,3150750.0,5.0,36.8,25.0,283.0,120.0,Low
260500.00000000093,3250750.0,5.2,37.0,25.0,311.0,140.0,Low
260500.00000000093,3350750.0,5.2,39.3,25.0,317.0,146.0,Low
260500.00000000093,3450750.0,5.7,38.5,25.0,319.0,154.0,Medium
260500.00000000093,3550750.0,6.3,36.9,25.0,276.0,235.0,Medium
260500.00000000093,3650750.0,6.2,36.1,25.0,250.0,208.0,Medium
260500.00000000093,3750750.0,6.2,37.8,25.0,319.0,254.0,Medium
260500.00000000093,3850750.0,7.0,38.5,25.0,199.0,259.0,Medium
260500.00000000093,3950750.0,7.7,35.5,25.0,141.0,239.0,Low
260500.00000000093,4050750.0,7.5,36.6,25.0,154.0,323.0,Medium
260500.00000000093,4150750.0,8.0,26.1,25.0,72.0,160.0,Low
260500.00000000093,4250750.0,7.7,39.0,25.0,126.0,179.0,Low
260500.00000000093,4350750.0,7.8,33.4,25.0,130.0,160.0,Low
260500.00000000093,4450750.0,7.7,37.6,25.0,154.0,194.0,Low
260500.00000000093,4550750.0,7.5,34.4,25.0,124.0,207.0,Low
260500.00000000093,4650750.0,7.2,34.9,25.0,142.0,265.0,Medium
260500.00000000093,4750750.0,7.3,33.8,25.0,122.0,230.0,Medium
260500.00000000093,4850750.0,7.6,34.1,25.0,138.0,236.0,Low
260500.00000000093,4950750.0,7.9,37.4,25.0,134.0,312.0,Low
260500.00000000093,5050750.0,7.7,38.2,25.0,140.0,288.0,Medium
260500.00000000093,10950750.0,5.2,42.8,25.0,370.0,165.0,Low
260500.00000000093,11050750.0,5.0,51.6,25.0,391.0,217.0,Medium
260500.00000000093,11150750.0,5.2,42.0,25.0,429.0,302.0,Medium
260500.00000000093,11450750.0,5.0,40.9,25.0,365.0,196.0,Low
260500.00000000093,11550750.0,4.8,41.0,25.0,429.0,154.0,Low
260500.00000000093,12450750.0,4.6,39.6,25.0,487.0,236.0,Low
260500.00000000093,12550750.0,4.9,40.4,25.0,466.0,176.0,Low
260500.00000000093,12650750.0,4.9,43.8,25.0,578.0,191.0,Medium
260500.00000000093,12750750.0,4.9,43.9,25.0,491.0,204.0,Low
260500.00000000093,12850750.0,4.9,46.2,25.0,522.0,268.0,Medium
260500.00000000093,12950750.0,4.7,42.9,25.0,463.0,225.0,Low
260500.00000000093,13050750.0,5.0,40.3,25.0,424.0,214.0,Low
260500.00000000093,13950750.0,5.1,42.7,25.0,384.0,209.0,Medium
160500.00000000093,-8749250.0,4.9,34.4,25.0,508.0,213.0,Low
160500.00000000093,-8649250.0,5.2,41.9,25.0,466.0,209.0,Medium
160500.00000000093,-8549250.0,5.4,45.0,25.0,648.0,351.0,Medium
160500.00000000093,-8449250.0,4.7,39.5,25.0,356.0,211.0,Low
160500.00000000093,-8349250.0,4.7,33.9,25.0,350.0,170.0,Low
160500.00000000093,-8249250.0,4.8,33.8,25.0,251.0,184.0,Low
160500.00000000093,-8149250.0,4.6,36.2,25.0,295.0,164.0,Low
160500.00000000093,-8049250.0,4.6,34.6,25.0,256.0,141.0,Low
160500.00000000093,-7949250.0,4.5,33.0,25.0,291.0,155.0,Low
160500.00000000093,-7849250.0,4.4,32.2,25.0,340.0,147.0,Low
160500.00000000093,-7749250.0,4.5,32.4,25.0,419.0,181.0,Low
160500.00000000093,-7649250.0,4.3,31.5,25.0,420.0,180.0,Low
160500.00000000093,-7549250.0,4.8,30.9,25.0,407.0,193.0,Low
160500.00000000093,-7349250.0,4.2,35.1,25.0,377.0,134.0,Low
160500.00000000093,-7249250.0,4.2,37.9,25.0,276.0,172.0,Low
160500.00000000093,-7149250.0,4.2,40.6,25.0,343.0,171.0,Low
160500.00000000093,-7049250.0,4.4,36.7,25.0,228.0,131.0,Low
160500.00000000093,-6949250.0,4.7,39.9,25.0,356.0,182.0,Low
160500.00000000093,-6849250.0,4.8,38.8,25.0,210.0,155.0,Low
160500.00000000093,-6749250.0,5.0,39.4,25.0,225.0,114.0,Low
160500.00000000093,-6649250.0,4.8,40.5,25.0,195.0,112.0,Low
160500.00000000093,-6549250.0,4.4,39.7,25.0,225.0,144.0,Low
160500.00000000093,-6449250.0,4.3,40.5,25.0,228.0,140.0,Low
160500.00000000093,-6349250.0,4.3,41.3,25.0,283.0,139.0,Low
160500.00000000093,-6249250.0,4.5,40.3,25.0,241.0,138.0,Low
160500.00000000093,-6149250.0,4.5,39.2,25.0,264.0,134.0,Low
160500.00000000093,-6049250.0,4.4,39.8,25.0,285.0,147.0,Low
160500.00000000093,-5949250.0,4.3,40.8,25.0,311.0,137.0,Low
160500.00000000093,-5849250.0,4.4,38.7,25.0,278.0,131.0,Low
160500.00000000093,-5749250.0,4.6,39.2,25.0,304.0,151.0,Low
160500.00000000093,-5649250.0,4.7,38.6,25.0,289.0,169.0,Low
160500.00000000093,1150750.0,4.7,40.5,25.0,367.0,173.0,Low
160500.00000000093,1250750.0,4.4,38.5,25.0,371.0,177.0,Low
160500.00000000093,1350750.0,4.5,39.5,25.0,403.0,175.0,Low
160500.00000000093,1450750.0,4.7,38.8,25.0,404.0,176.0,Low
160500.00000000093,1550750.0,4.7,39.0,25.0,387.0,199.0,Low
160500.00000000093,1650750.0,4.7,35.7,25.0,289.0,168.0,Low
160500.00000000093,1750750.0,4.6,33.2,25.0,205.0,129.0,Low
160500.00000000093,1850750.0,4.6,33.0,25.0,205.0,91.0,Low
160500.00000000093,1950750.0,4.6,34.8,25.0,293.0,102.0,Low
160500.00000000093,2050750.0,4.9,34.6,25.0,215.0,111.0,Low
160500.00000000093,2150750.0,4.7,33.5,25.0,200.0,96.0,Low
160500.00000000093,2250750.0,4.6,33.1,25.0,190.0,96.0,Low
160500.00000000093,2350750.0,4.6,34.9,25.0,177.0,85.0,Low
160500.00000000093,2450750.0,4.7,37.2,25.0,253.0,102.0,Low
160500.00000000093,2550750.0,4.6,36.4,25.0,221.0,85.0,Low
160500.00000000093,2650750.0,4.9,36.9,25.0,216.0,119.0,Low
160500.00000000093,2750750.0,4.7,34.5,25.0,253.0,105.0,Low
160500.00000000093,2850750.0,4.6,33.5,25.0,221.0,116.0,Low
160500.00000000093,2950750.0,4.8,34.8,25.0,223.0,146.0,Low
160500.00000000093,3050750.0,5.0,36.5,25.0,281.0,157.0,Low
160500.00000000093,3150750.0,5.0,37.5,25.0,365.0,143.0,Low
160500.00000000093,3250750.0,5.1,36.3,25.0,300.0,173.0,Low
160500.00000000093,3350750.0,5.8,37.0,25.0,280.0,207.0,Medium
160500.00000000093,3450750.0,6.1,38.7,25.0,233.0,196.0,Medium
160500.00000000093,3550750.0,6.2,34.8,25.0,263.0,198.0,Medium
160500.00000000093,3750750.0,6.1,34.9,25.0,288.0,222.0,Medium
160500.00000000093,3850750.0,6.2,40.1,25.0,421.0,236.0,Medium
160500.00000000093,3950750.0,6.8,34.1,25.0,262.0,319.0,Medium
160500.00000000093,4050750.0,7.4,37.4,25.0,188.0,280.0,Medium
160500.00000000093,4150750.0,6.5,35.3,25.0,247.0,192.0,Medium
160500.00000000093,4250750.0,7.5,30.5,25.0,133.0,211.0,Low
160500.00000000093,4350750.0,8.1,35.9,25.0,90.0,188.0,Low
160500.00000000093,4450750.0,7.7,35.7,25.0,131.0,235.0,Low
160500.00000000093,4550750.0,7.6,33.7,25.0,149.0,202.0,Low
160500.00000000093,4650750.0,7.4,35.1,25.0,178.0,251.0,Medium
160500.00000000093,4750750.0,7.4,38.5,25.0,146.0,266.0,Medium
160500.00000000093,4850750.0,7.5,37.6,25.0,170.0,302.0,Medium
160500.00000000093,11050750.0,4.7,44.8,25.0,364.0,187.0,Low
160500.00000000093,11150750.0,5.0,43.7,25.0,333.0,177.0,Low
160500.00000000093,11250750.0,4.9,38.1,25.0,336.0,207.0,Low
160500.00000000093,11350750.0,4.9,43.1,25.0,366.0,216.0,Low
160500.00000000093,12150750.0,4.7,39.2,25.0,470.0,198.0,Low
160500.00000000093,12250750.0,4.6,39.6,25.0,414.0,194.0,Low
160500.00000000093,12350750.0,4.9,36.1,25.0,427.0,270.0,Low
160500.00000000093,12450750.0,4.7,41.1,25.0,469.0,169.0,Low
160500.00000000093,12550750.0,4.8,43.9,25.0,505.0,196.0,Low
160500.00000000093,12650750.0,4.9,44.3,25.0,503.0,191.0,Low
160500.00000000093,12750750.0,4.9,48.1,25.0,604.0,290.0,Medium
160500.00000000093,12850750.0,4.8,40.6,25.0,484.0,198.0,Low
160500.00000000093,12950750.0,4.9,42.8,25.0,429.0,212.0,Low
160500.00000000093,13050750.0,5.0,40.7,25.0,341.0,184.0,Low
160500.00000000093,13150750.0,5.2,37.5,25.0,315.0,196.0,Low
60500.00000000093,-8849250.0,5.2,41.5,25.0,487.0,220.0,Medium
60500.00000000093,-8749250.0,5.0,43.1,25.0,360.0,204.0,Low
60500.00000000093,-8649250.0,5.4,45.1,25.0,941.0,412.0,Medium
60500.00000000093,-8549250.0,4.7,38.4,25.0,445.0,231.0,Low
60500.00000000093,-8449250.0,4.5,35.3,25.0,431.0,227.0,Low
60500.00000000093,-8349250.0,4.7,32.8,25.0,318.0,189.0,Low
60500.00000000093,-8249250.0,4.6,33.3,25.0,313.0,175.0,Low
60500.00000000093,-8149250.0,4.8,35.4,25.0,266.0,171.0,Low
60500.00000000093,-8049250.0,5.0,33.0,25.0,299.0,155.0,Low
60500.00000000093,-7949250.0,4.8,34.3,25.0,299.0,199.0,Low
60500.00000000093,-7849250.0,4.3,32.8,25.0,402.0,203.0,Low
60500.00000000093,-7749250.0,4.5,33.9,25.0,399.0,209.0,Low
60500.00000000093,-7649250.0,4.8,32.4,25.0,432.0,223.0,Low
60500.00000000093,-7549250.0,4.7,33.1,25.0,413.0,193.0,Low
60500.00000000093,-7449250.0,4.4,35.2,25.0,395.0,207.0,Low
60500.00000000093,-7349250.0,4.1,40.5,25.0,293.0,194.0,Low
60500.00000000093,-7249250.0,4.1,38.4,25.0,258.0,169.0,Low
60500.00000000093,-7149250.0,4.1,37.3,25.0,221.0,171.0,Low
60500.00000000093,-7049250.0,5.2,37.9,25.0,253.0,187.0,Low
60500.00000000093,-6949250.0,4.7,37.5,25.0,208.0,154.0,Low
60500.00000000093,-6849250.0,4.8,38.5,25.0,212.0,162.0,Low
60500.00000000093,-6749250.0,4.7,39.9,25.0,239.0,144.0,Low
60500.00000000093,-6649250.0,4.5,39.8,25.0,211.0,145.0,Low
60500.00000000093,-6549250.0,4.3,39.4,25.0,207.0,147.0,Low
60500.00000000093,-6449250.0,4.3,39.2,25.0,227.0,143.0,Low
60500.00000000093,-6349250.0,4.3,41.2,25.0,262.0,137.0,Low
60500.00000000093,-6249250.0,4.4,41.0,25.0,252.0,136.0,Low
60500.00000000093,-6149250.0,4.6,40.6,25.0,267.0,148.0,Low
60500.00000000093,-6049250.0,4.5,39.3,25.0,240.0,142.0,Low
60500.00000000093,-5949250.0,4.4,40.8,25.0,299.0,147.0,Low
60500.00000000093,-5849250.0,4.4,40.5,25.0,261.0,148.0,Low
60500.00000000093,-5749250.0,4.5,39.1,25.0,226.0,113.0,Low
60500.00000000093,-5649250.0,5.4,39.2,25.0,176.0,185.0,Low
60500.00000000093,1050750.0,5.2,34.9,25.0,402.0,214.0,Low
60500.00000000093,1150750.0,4.7,40.9,25.0,335.0,170.0,Low
60500.00000000093,1250750.0,4.5,38.3,25.0,270.0,144.0,Low
60500.00000000093,1350750.0,4.5,39.5,25.0,298.0,172.0,Low
60500.00000000093,1450750.0,4.4,38.9,25.0,329.0,160.0,Low
60500.00000000093,1550750.0,4.8,38.0,25.0,402.0,160.0,Low
60500.00000000093,1650750.0,5.2,34.9,25.0,288.0,182.0,Low
60500.00000000093,1750750.0,4.7,34.5,25.0,263.0,114.0,Low
60500.00000000093,1850750.0,4.7,34.4,25.0,251.0,109.0,Low
60500.00000000093,1950750.0,4.8,34.4,25.0,254.0,115.0,Low
60500.00000000093,2050750.0,4.6,33.4,25.0,241.0,94.0,Low
60500.00000000093,2150750.0,4.7,33.7,25.0,197.0,86.0,Low
60500.00000000093,2250750.0,4.6,33.5,25.0,204.0,82.0,Low
60500.00000000093,2350750.0,4.5,37.0,25.0,201.0,79.0,Low
60500.00000000093,2450750.0,4.5,37.0,25.0,196.0,80.0,Low
60500.00000000093,2550750.0,4.6,37.1,25.0,245.0,89.0,Low
60500.00000000093,2650750.0,4.5,33.7,25.0,227.0,129.0,Low
60500.00000000093,2750750.0,4.6,34.6,25.0,248.0,101.0,Low
60500.00000000093,2850750.0,4.7,35.9,25.0,214.0,126.0,Low
60500.00000000093,2950750.0,4.9,37.1,25.0,328.0,151.0,Low
60500.00000000093,3050750.0,5.0,36.3,25.0,311.0,162.0,Low
60500.00000000093,3150750.0,5.0,37.6,25.0,312.0,164.0,Low
60500.00000000093,3250750.0,5.3,36.6,25.0,350.0,189.0,Low
60500.00000000093,3350750.0,5.4,41.9,25.0,600.0,287.0,Medium
60500.00000000093,3450750.0,5.6,38.2,25.0,417.0,242.0,Medium
60500.00000000093,3550750.0,5.7,37.6,25.0,352.0,233.0,Medium
60500.00000000093,3650750.0,5.4,35.6,25.0,272.0,180.0,Low
60500.00000000093,3750750.0,5.7,36.3,25.0,265.0,189.0,Medium
60500.00000000093,3850750.0,5.6,38.6,25.0,336.0,174.0,Medium
60500.00000000093,3950750.0,5.5,38.2,25.0,493.0,244.0,Medium
60500.00000000093,4050750.0,6.0,37.6,25.0,237.0,216.0,Medium
60500.00000000093,4150750.0,6.5,34.2,25.0,153.0,187.0,Medium
60500.00000000093,4250750.0,7.6,34.0,25.0,120.0,171.0,Low
60500.00000000093,4350750.0,7.9,27.5,25.0,85.0,116.0,Low
60500.00000000093,4450750.0,7.6,33.6,25.0,90.0,138.0,Low
60500.00000000093,4550750.0,7.6,35.9,25.0,121.0,252.0,Medium
60500.00000000093,4650750.0,7.3,34.4,25.0,144.0,240.0,Medium
60500.00000000093,4750750.0,7.6,38.8,25.0,123.0,286.0,Medium
60500.00000000093,11050750.0,4.8,42.4,25.0,435.0,194.0,Low
60500.00000000093,11150750.0,4.7,44.1,25.0,493.0,182.0,Low
60500.00000000093,11250750.0,4.9,39.6,25.0,340.0,219.0,Low
60500.00000000093,11350750.0,4.6,35.6,25.0,250.0,143.0,Low
60500.00000000093,11450750.0,4.7,37.2,25.0,264.0,209.0,Low
60500.00000000093,12150750.0,4.7,41.9,25.0,340.0,168.0,Low
60500.00000000093,12250750.0,4.6,43.7,25.0,370.0,188.0,Low
60500.00000000093,12350750.0,4.7,39.7,25.0,353.0,197.0,Low
60500.00000000093,12450750.0,5.2,40.4,25.0,497.0,194.0,Medium
60500.00000000093,12550750.0,4.6,40.9,25.0,513.0,192.0,Low
60500.00000000093,12650750.0,5.0,45.3,25.0,488.0,236.0,Medium
60500.00000000093,12750750.0,5.0,46.6,25.0,514.0,235.0,Medium
60500.00000000093,12850750.0,4.8,44.0,25.0,481.0,174.0,Low
60500.00000000093,12950750.0,4.5,42.4,25.0,322.0,153.0,Low
60500.00000000093,13050750.0,4.8,35.6,25.0,267.0,154.0,Low
60500.00000000093,13450750.0,5.1,42.6,25.0,326.0,235.0,Low
60500.00000000093,13550750.0,5.4,42.7,25.0,346.0,199.0,Medium
60500.00000000093,13650750.0,5.2,40.3,25.0,394.0,205.0,Medium
60500.00000000093,13750750.0,5.1,39.4,25.0,375.0,206.0,Low
60500.00000000093,13850750.0,4.7,42.8,25.0,350.0,214.0,Low
60500.00000000093,14250750.0,4.7,40.6,25.0,330.0,159.0,Low
-39499.99999999907,-10149250.0,6.9,34.1,25.0,155.0,135.0,Medium
-39499.99999999907,-8949250.0,6.4,38.0,25.0,405.0,275.0,Medium
-39499.99999999907,-8849250.0,5.5,45.1,25.0,416.0,162.0,Medium
-39499.99999999907,-8749250.0,5.7,39.6,25.0,542.0,268.0,Medium
-39499.99999999907,-8649250.0,4.9,45.1,25.0,916.0,386.0,Medium
-39499.99999999907,-8549250.0,5.1,37.6,25.0,508.0,265.0,Medium
-39499.99999999907,-8449250.0,4.6,35.0,25.0,417.0,261.0,Low
-39499.99999999907,-8349250.0,4.7,32.5,25.0,397.0,193.0,Low
-39499.99999999907,-8249250.0,4.7,34.0,25.0,436.0,221.0,Low
-39499.99999999907,-8149250.0,4.5,34.1,25.0,410.0,193.0,Low
-39499.99999999907,-8049250.0,4.2,34.9,25.0,325.0,257.0,Low
-39499.99999999907,-7949250.0,4.3,32.9,25.0,389.0,234.0,Low
-39499.99999999907,-7849250.0,4.3,36.1,25.0,474.0,274.0,Low
-39499.99999999907,-7749250.0,4.5,35.1,25.0,453.0,216.0,Low
-39499.99999999907,-7649250.0,4.4,32.5,25.0,454.0,223.0,Low
-39499.99999999907,-7549250.0,4.4,33.8,25.0,478.0,204.0,Low
-39499.99999999907,-7449250.0,4.2,36.6,25.0,310.0,205.0,Low
-39499.99999999907,-7349250.0,4.4,36.0,25.0,241.0,164.0,Low
-39499.99999999907,-7249250.0,4.1,34.6,25.0,231.0,171.0,Low
-39499.99999999907,-7149250.0,4.2,38.6,25.0,223.0,158.0,Low
-39499.99999999907,-7049250.0,4.3,38.7,25.0,275.0,205.0,Low
-39499.99999999907,-6949250.0,3.9,38.2,25.0,329.0,161.0,Low
-39499.99999999907,-6849250.0,4.0,38.0,25.0,232.0,170.0,Low
-39499.99999999907,-6749250.0,4.0,35.1,25.0,242.0,150.0,Low
-39499.99999999907,-6649250.0,4.1,40.1,25.0,264.0,155.0,Low
-39499.99999999907,-6549250.0,4.1,39.3,25.0,271.0,134.0,Low
-39499.99999999907,-6449250.0,4.2,41.2,25.0,318.0,147.0,Low
-39499.99999999907,-6349250.0,4.1,41.6,25.0,305.0,126.0,Low
-39499.99999999907,-6249250.0,4.1,41.7,25.0,332.0,143.0,Low
-39499.99999999907,-6149250.0,4.5,41.0,25.0,300.0,161.0,Low
-39499.99999999907,-6049250.0,4.4,41.4,25.0,398.0,154.0,Low
-39499.99999999907,-5949250.0,4.5,40.4,25.0,297.0,151.0,Low
-39499.99999999907,-5849250.0,4.6,40.5,25.0,301.0,139.0,Low
-39499.99999999907,-5749250.0,4.6,38.7,25.0,334.0,182.0,Low
-39499.99999999907,-5549250.0,4.9,38.9,25.0,439.0,180.0,Low
-39499.99999999907,-5449250.0,5.1,39.2,25.0,549.0,171.0,Medium
-39499.99999999907,1050750.0,5.0,36.4,25.0,318.0,136.0,Low
-39499.99999999907,1150750.0,5.0,39.8,25.0,253.0,147.0,Low
-39499.99999999907,1250750.0,4.7,40.0,25.0,271.0,131.0,Low
-39499.99999999907,1350750.0,5.1,38.9,25.0,257.0,145.0,Low
-39499.99999999907,1450750.0,4.6,38.7,25.0,260.0,151.0,Low
-39499.99999999907,1550750.0,4.8,37.5,25.0,418.0,153.0,Low
-39499.99999999907,1650750.0,5.2,35.9,25.0,343.0,142.0,Low
-39499.99999999907,1750750.0,4.9,33.7,25.0,240.0,149.0,Low
-39499.99999999907,1850750.0,4.8,36.5,25.0,231.0,127.0,Low
-39499.99999999907,1950750.0,4.7,36.0,25.0,239.0,113.0,Low
-39499.99999999907,2050750.0,4.6,35.3,25.0,222.0,93.0,Low
-39499.99999999907,2150750.0,4.7,34.1,25.0,238.0,76.0,Low
-39499.99999999907,2250750.0,4.6,35.2,25.0,230.0,100.0,Low
-39499.99999999907,2350750.0,4.6,34.6,25.0,219.0,103.0,Low
-39499.99999999907,2450750.0,4.4,36.2,25.0,272.0,90.0,Low
-39499.99999999907,2550750.0,4.5,34.4,25.0,183.0,83.0,Low
-39499.99999999907,2650750.0,4.5,35.2,25.0,260.0,118.0,Low
-39499.99999999907,2750750.0,4.7,35.9,25.0,250.0,127.0,Low
-39499.99999999907,2850750.0,4.7,36.7,25.0,265.0,152.0,Low
-39499.99999999907,2950750.0,4.8,36.8,25.0,254.0,136.0,Low
-39499.99999999907,3050750.0,5.0,37.4,25.0,293.0,166.0,Low
-39499.99999999907,3150750.0,5.2,38.3,25.0,343.0,163.0,Low
-39499.99999999907,3250750.0,5.3,39.8,25.0,505.0,281.0,Medium
-39499.99999999907,3350750.0,5.7,40.4,25.0,447.0,212.0,Medium
-39499.99999999907,3450750.0,6.3,37.0,25.0,278.0,219.0,Medium
-39499.99999999907,3850750.0,5.9,37.6,25.0,252.0,235.0,Medium
-39499.99999999907,3950750.0,5.5,39.5,25.0,393.0,235.0,Medium
-39499.99999999907,4050750.0,6.3,38.8,25.0,276.0,258.0,Medium
-39499.99999999907,4150750.0,4.9,41.6,25.0,581.0,314.0,Medium
-39499.99999999907,4250750.0,7.0,31.5,25.0,104.0,147.0,Medium
-39499.99999999907,4350750.0,7.9,30.1,25.0,79.0,137.0,Low
-39499.99999999907,4450750.0,7.6,33.7,25.0,80.0,153.0,Low
-39499.99999999907,4550750.0,7.3,33.1,25.0,101.0,243.0,Medium
-39499.99999999907,4650750.0,7.5,33.1,25.0,150.0,260.0,Medium
-39499.99999999907,11150750.0,5.0,43.7,25.0,456.0,193.0,Medium
-39499.99999999907,11250750.0,4.5,42.4,25.0,302.0,128.0,Low
-39499.99999999907,11350750.0,4.5,40.6,25.0,273.0,154.0,Low
-39499.99999999907,11450750.0,4.7,38.5,25.0,294.0,219.0,Low
-39499.99999999907,12150750.0,4.8,42.8,25.0,400.0,267.0,Low
-39499.99999999907,12250750.0,4.6,39.7,25.0,384.0,224.0,Low
-39499.99999999907,12350750.0,4.8,44.3,25.0,439.0,234.0,Low
-39499.99999999907,12450750.0,4.9,39.3,25.0,396.0,205.0,Low
-39499.99999999907,12550750.0,4.6,42.0,25.0,490.0,168.0,Low
-39499.99999999907,12650750.0,5.0,46.1,25.0,470.0,201.0,Medium
-39499.99999999907,12750750.0,4.8,44.9,25.0,450.0,190.0,Low
-39499.99999999907,12850750.0,4.6,39.3,25.0,328.0,148.0,Low
-39499.99999999907,12950750.0,4.7,37.5,25.0,304.0,249.0,Low
-39499.99999999907,13050750.0,5.0,37.0,25.0,313.0,178.0,Low
-39499.99999999907,13350750.0,5.3,39.2,25.0,435.0,192.0,Medium
-39499.99999999907,14250750.0,5.1,36.4,25.0,343.0,224.0,Low
-39499.99999999907,14550750.0,4.7,39.4,25.0,310.0,124.0,Low
-139499.99999999907,-8949250.0,6.5,39.4,25.0,373.0,286.0,Medium
-139499.99999999907,-8749250.0,6.8,39.8,25.0,390.0,317.0,Medium
-139499.99999999907,-8649250.0,4.8,40.3,25.0,484.0,252.0,Low
-139499.99999999907,-8549250.0,4.6,34.9,25.0,444.0,232.0,Low
-139499.99999999907,-8449250.0,4.5,33.7,25.0,437.0,258.0,Low
-139499.99999999907,-8349250.0,4.4,33.5,25.0,434.0,261.0,Low
-139499.99999999907,-8249250.0,4.4,32.3,25.0,379.0,239.0,Low
-139499.99999999907,-8149250.0,4.3,34.8,25.0,351.0,234.0,Low
-139499.99999999907,-8049250.0,4.2,34.9,25.0,431.0,263.0,Low
-139499.99999999907,-7949250.0,4.3,34.4,25.0,437.0,238.0,Low
-139499.99999999907,-7849250.0,4.4,33.4,25.0,462.0,230.0,Low
-139499.99999999907,-7749250.0,4.4,33.5,25.0,497.0,223.0,Low
-139499.99999999907,-7649250.0,4.3,32.7,25.0,589.0,258.0,Low
-139499.99999999907,-7549250.0,4.3,35.2,25.0,481.0,251.0,Low
-139499.99999999907,-7449250.0,4.1,36.5,25.0,354.0,222.0,Low
-139499.99999999907,-7349250.0,4.2,37.0,25.0,237.0,217.0,Low
-139499.99999999907,-7249250.0,4.1,35.3,25.0,186.0,186.0,Low
-139499.99999999907,-7149250.0,4.1,38.5,25.0,234.0,213.0,Low
-139499.99999999907,-7049250.0,4.0,38.4,25.0,324.0,155.0,Low
-139499.99999999907,-6949250.0,4.0,37.6,25.0,232.0,191.0,Low
-139499.99999999907,-6849250.0,4.0,36.7,25.0,253.0,157.0,Low
-139499.99999999907,-6749250.0,4.1,36.4,25.0,246.0,132.0,Low
-139499.99999999907,-6649250.0,4.3,39.5,25.0,276.0,148.0,Low
-139499.99999999907,-6549250.0,4.3,39.9,25.0,260.0,132.0,Low
-139499.99999999907,-6449250.0,4.4,41.9,25.0,287.0,154.0,Low
-139499.99999999907,-6349250.0,4.1,39.0,25.0,263.0,147.0,Low
-139499.99999999907,-6249250.0,4.0,38.4,25.0,262.0,192.0,Low
-139499.99999999907,-6149250.0,4.5,41.7,25.0,332.0,151.0,Low
-139499.99999999907,-6049250.0,4.7,40.1,25.0,258.0,141.0,Low
-139499.99999999907,-5949250.0,4.7,40.9,25.0,234.0,123.0,Low
-139499.99999999907,-5849250.0,4.7,40.6,25.0,251.0,147.0,Low
-139499.99999999907,-5749250.0,4.5,39.1,25.0,414.0,178.0,Low
-139499.99999999907,-5649250.0,4.6,38.9,25.0,474.0,190.0,Low
-139499.99999999907,-5549250.0,4.5,38.6,25.0,495.0,135.0,Low
-139499.99999999907,-5449250.0,4.8,40.1,25.0,608.0,190.0,Low
-139499.99999999907,-5349250.0,5.0,38.3,25.0,330.0,141.0,Low
-139499.99999999907,-5249250.0,4.7,38.5,25.0,290.0,107.0,Low
-139499.99999999907,-5149250.0,4.9,39.6,25.0,268.0,133.0,Low
-139499.99999999907,1050750.0,4.9,37.4,25.0,243.0,146.0,Low
-139499.99999999907,1150750.0,4.9,37.5,25.0,293.0,149.0,Low
-139499.99999999907,1250750.0,4.8,40.6,25.0,253.0,151.0,Low
-139499.99999999907,1350750.0,4.8,40.1,25.0,238.0,148.0,Low
-139499.99999999907,1450750.0,4.7,39.0,25.0,280.0,145.0,Low
-139499.99999999907,1550750.0,5.0,38.9,25.0,298.0,151.0,Low
-139499.99999999907,1650750.0,5.3,37.9,25.0,226.0,173.0,Low
-139499.99999999907,1750750.0,5.0,40.0,25.0,256.0,137.0,Low
-139499.99999999907,1850750.0,5.3,39.0,25.0,233.0,125.0,Low
-139499.99999999907,1950750.0,4.8,36.9,25.0,264.0,110.0,Low
-139499.99999999907,2050750.0,4.8,37.5,25.0,275.0,123.0,Low
-139499.99999999907,2150750.0,4.6,37.0,25.0,299.0,131.0,Low
-139499.99999999907,2250750.0,4.6,36.3,25.0,322.0,119.0,Low
-139499.99999999907,2350750.0,4.5,36.5,25.0,247.0,128.0,Low
-139499.99999999907,2450750.0,4.6,36.4,25.0,224.0,96.0,Low
-139499.99999999907,2550750.0,4.5,37.6,25.0,258.0,128.0,Low
-139499.99999999907,2650750.0,4.5,35.4,25.0,243.0,132.0,Low
-139499.99999999907,2750750.0,4.7,38.1,25.0,262.0,150.0,Low
-139499.99999999907,2850750.0,4.8,37.4,25.0,271.0,140.0,Low
-139499.99999999907,2950750.0,4.8,36.3,25.0,265.0,128.0,Low
-139499.99999999907,3050750.0,4.8,36.9,25.0,280.0,141.0,Low
-139499.99999999907,3150750.0,5.0,41.3,25.0,497.0,232.0,Medium
-139499.99999999907,3250750.0,5.4,44.3,25.0,489.0,262.0,Medium
-139499.99999999907,3350750.0,5.8,37.0,25.0,405.0,204.0,Medium
-139499.99999999907,3450750.0,5.8,39.1,25.0,241.0,212.0,Medium
-139499.99999999907,3850750.0,5.6,40.4,25.0,370.0,205.0,Medium
-139499.99999999907,3950750.0,6.9,36.8,25.0,250.0,254.0,Medium
-139499.99999999907,4050750.0,6.9,38.6,25.0,188.0,257.0,Medium
-139499.99999999907,4150750.0,6.7,34.8,25.0,169.0,252.0,Medium
-139499.99999999907,4250750.0,6.2,32.7,25.0,144.0,139.0,Medium
-139499.99999999907,4350750.0,7.1,32.6,25.0,104.0,158.0,Medium
-139499.99999999907,4450750.0,7.4,33.2,25.0,101.0,250.0,Medium
-139499.99999999907,4550750.0,7.2,35.9,25.0,136.0,201.0,Medium
-139499.99999999907,4650750.0,7.2,32.1,25.0,249.0,251.0,Medium
-139499.99999999907,11250750.0,4.8,40.2,25.0,331.0,138.0,Low
-139499.99999999907,11350750.0,4.3,40.4,25.0,261.0,147.0,Low
-139499.99999999907,11450750.0,4.5,41.3,25.0,289.0,156.0,Low
-139499.99999999907,11550750.0,4.8,36.9,25.0,349.0,263.0,Low
-139499.99999999907,12250750.0,4.9,42.3,25.0,432.0,226.0,Low
-139499.99999999907,12350750.0,4.6,42.0,25.0,421.0,193.0,Low
-139499.99999999907,12450750.0,4.6,41.4,25.0,318.0,159.0,Low
-139499.99999999907,12550750.0,4.6,41.6,25.0,339.0,186.0,Low
-139499.99999999907,12650750.0,4.7,41.9,25.0,369.0,183.0,Low
-139499.99999999907,12750750.0,4.7,38.0,25.0,286.0,168.0,Low
-139499.99999999907,12850750.0,4.7,43.7,25.0,421.0,191.0,Low
-139499.99999999907,12950750.0,4.5,39.6,25.0,306.0,212.0,Low
-139499.99999999907,13350750.0,5.4,41.3,25.0,342.0,216.0,Medium
-139499.99999999907,13550750.0,5.2,41.2,25.0,452.0,187.0,Medium
-139499.99999999907,14650750.0,4.8,37.0,25.0,340.0,212.0,Low
-139499.99999999907,14750750.0,4.8,41.4,25.0,374.0,173.0,Low
-139499.99999999907,14850750.0,4.9,44.3,25.0,599.0,231.0,Medium
-239499.99999999907,-8949250.0,6.5,35.4,25.0,177.0,237.0,Medium
-239499.99999999907,-8749250.0,5.9,42.7,25.0,839.0,356.0,Medium
-239499.99999999907,-8649250.0,4.9,39.9,25.0,523.0,267.0,Medium
-239499.99999999907,-8549250.0,4.6,36.6,25.0,463.0,243.0,Low
-239499.99999999907,-8449250.0,4.1,34.1,25.0,475.0,234.0,Low
-239499.99999999907,-8349250.0,4.3,32.8,25.0,463.0,255.0,Low
-239499.99999999907,-8249250.0,4.3,33.0,25.0,462.0,251.0,Low
-239499.99999999907,-8149250.0,4.3,34.2,25.0,461.0,231.0,Low
-239499.99999999907,-8049250.0,4.3,33.9,25.0,413.0,245.0,Low
-239499.99999999907,-7949250.0,4.4,34.0,25.0,425.0,232.0,Low
-239499.99999999907,-7849250.0,4.5,33.1,25.0,452.0,216.0,Low
-239499.99999999907,-7749250.0,4.4,32.4,25.0,522.0,226.0,Low
-239499.99999999907,-7649250.0,4.1,33.6,25.0,713.0,239.0,Low
-239499.99999999907,-7549250.0,4.3,35.3,25.0,509.0,249.0,Low
-239499.99999999907,-7449250.0,4.1,36.5,25.0,443.0,241.0,Low
-239499.99999999907,-7349250.0,4.1,37.3,25.0,332.0,213.0,Low
-239499.99999999907,-7149250.0,4.2,38.5,25.0,373.0,215.0,Low
-239499.99999999907,-7049250.0,4.2,37.3,25.0,248.0,205.0,Low
-239499.99999999907,-6949250.0,4.1,35.9,25.0,239.0,159.0,Low
-239499.99999999907,-6849250.0,4.3,35.9,25.0,293.0,150.0,Low
-239499.99999999907,-6749250.0,4.2,38.5,25.0,284.0,168.0,Low
-239499.99999999907,-6649250.0,4.1,37.6,25.0,237.0,170.0,Low
-239499.99999999907,-6549250.0,4.1,39.7,25.0,330.0,125.0,Low
-239499.99999999907,-6449250.0,4.1,38.9,25.0,291.0,126.0,Low
-239499.99999999907,-6349250.0,4.2,38.6,25.0,261.0,162.0,Low
-239499.99999999907,-6049250.0,4.8,38.2,25.0,210.0,161.0,Low
-239499.99999999907,-5949250.0,5.0,38.5,25.0,233.0,180.0,Low
-239499.99999999907,-5849250.0,4.4,38.5,25.0,330.0,142.0,Low
-239499.99999999907,-5749250.0,4.4,38.7,25.0,310.0,136.0,Low
-239499.99999999907,-5649250.0,4.3,38.3,25.0,279.0,172.0,Low
-239499.99999999907,-5549250.0,4.7,39.1,25.0,369.0,191.0,Low
-239499.99999999907,-5449250.0,4.6,39.7,25.0,404.0,215.0,Low
-239499.99999999907,-5349250.0,4.7,39.1,25.0,266.0,125.0,Low
-239499.99999999907,-5249250.0,4.8,38.1,25.0,212.0,117.0,Low
-239499.99999999907,-5149250.0,5.0,38.6,25.0,187.0,136.0,Low
-239499.99999999907,-5049250.0,5.0,37.5,25.0,200.0,111.0,Low
-239499.99999999907,1150750.0,4.9,41.3,25.0,224.0,152.0,Low
-239499.99999999907,1250750.0,5.2,44.2,25.0,276.0,226.0,Medium
-239499.99999999907,1350750.0,4.9,39.0,25.0,279.0,168.0,Low
-239499.99999999907,1450750.0,5.0,39.1,25.0,261.0,151.0,Low
-239499.99999999907,1550750.0,5.1,40.1,25.0,244.0,119.0,Low
-239499.99999999907,1650750.0,5.2,41.9,25.0,201.0,141.0,Low
-239499.99999999907,1750750.0,5.3,41.6,25.0,226.0,183.0,Low
-239499.99999999907,1850750.0,5.1,38.1,25.0,203.0,98.0,Low
-239499.99999999907,1950750.0,4.9,38.4,25.0,213.0,146.0,Low
-239499.99999999907,2050750.0,4.8,38.3,25.0,302.0,131.0,Low
-239499.99999999907,2150750.0,4.8,36.9,25.0,331.0,130.0,Low
-239499.99999999907,2250750.0,4.6,38.4,25.0,319.0,133.0,Low
-239499.99999999907,2350750.0,4.6,36.8,25.0,262.0,122.0,Low
-239499.99999999907,2450750.0,4.5,37.0,25.0,297.0,149.0,Low
-239499.99999999907,2550750.0,4.7,35.5,25.0,301.0,143.0,Low
-239499.99999999907,2650750.0,4.8,36.7,25.0,248.0,135.0,Low
-239499.99999999907,2750750.0,4.9,38.3,25.0,262.0,114.0,Low
-239499.99999999907,2850750.0,4.9,36.8,25.0,258.0,143.0,Low
-239499.99999999907,2950750.0,4.9,38.0,25.0,266.0,142.0,Low
-239499.99999999907,3050750.0,4.9,38.7,25.0,482.0,157.0,Low
-239499.99999999907,3150750.0,4.8,39.6,25.0,455.0,168.0,Low
-239499.99999999907,3350750.0,5.9,39.5,25.0,223.0,172.0,Medium
-239499.99999999907,3450750.0,5.9,33.2,25.0,203.0,164.0,Medium
-239499.99999999907,3850750.0,7.3,36.3,25.0,209.0,267.0,Medium
-239499.99999999907,3950750.0,7.0,38.1,25.0,198.0,191.0,Medium
-239499.99999999907,4050750.0,7.2,39.3,25.0,160.0,243.0,Medium
-239499.99999999907,4150750.0,6.9,40.0,25.0,144.0,238.0,Medium
-239499.99999999907,4250750.0,6.6,39.2,25.0,132.0,199.0,Medium
-239499.99999999907,4350750.0,7.0,35.7,25.0,120.0,186.0,Medium
-239499.99999999907,4450750.0,7.0,33.9,25.0,198.0,234.0,Medium
-239499.99999999907,4550750.0,5.8,36.7,25.0,219.0,201.0,Medium
-239499.99999999907,11250750.0,4.8,42.9,25.0,457.0,261.0,Low
-239499.99999999907,11350750.0,4.7,43.6,25.0,347.0,144.0,Low
-239499.99999999907,11450750.0,4.6,37.2,25.0,271.0,203.0,Low
-239499.99999999907,11550750.0,4.6,37.1,25.0,287.0,212.0,Low
-239499.99999999907,11650750.0,4.9,37.7,25.0,430.0,268.0,Low
-239499.99999999907,12350750.0,4.7,41.9,25.0,355.0,194.0,Low
-239499.99999999907,12450750.0,4.6,39.8,25.0,309.0,152.0,Low
-239499.99999999907,12550750.0,4.9,43.3,25.0,323.0,240.0,Low
-239499.99999999907,12650750.0,4.7,40.5,25.0,282.0,186.0,Low
-239499.99999999907,12750750.0,4.7,40.9,25.0,314.0,245.0,Low
-239499.99999999907,12850750.0,4.9,43.4,25.0,327.0,187.0,Low
-239499.99999999907,13350750.0,5.0,43.3,25.0,422.0,222.0,Medium
-239499.99999999907,13450750.0,4.9,41.3,25.0,360.0,171.0,Low
-239499.99999999907,14750750.0,4.8,35.8,25.0,413.0,235.0,Low
-239499.99999999907,14850750.0,4.9,38.5,25.0,328.0,204.0,Low
-239499.99999999907,15250750.0,5.1,39.4,25.0,490.0,247.0,Medium
-239499.99999999907,15450750.0,5.0,41.5,25.0,381.0,201.0,Low
-239499.99999999907,16350750.0,5.0,39.6,25.0,537.0,212.0,Low
-339499.99999999907,-8849250.0,5.8,38.4,25.0,393.0,258.0,Medium
-339499.99999999907,-8749250.0,5.2,42.1,25.0,737.0,362.0,Medium
-339499.99999999907,-8649250.0,4.6,37.3,25.0,377.0,226.0,Low
-339499.99999999907,-8549250.0,4.5,36.4,25.0,517.0,259.0,Low
-339499.99999999907,-8449250.0,4.3,35.4,25.0,569.0,242.0,Low
-339499.99999999907,-8349250.0,4.2,33.8,25.0,594.0,279.0,Low
-339499.99999999907,-8249250.0,4.4,33.6,25.0,540.0,248.0,Low
-339499.99999999907,-8149250.0,4.4,34.0,25.0,379.0,223.0,Low
-339499.99999999907,-8049250.0,4.6,35.4,25.0,388.0,201.0,Low
-339499.99999999907,-7949250.0,4.6,35.1,25.0,397.0,210.0,Low
-339499.99999999907,-7849250.0,4.5,35.2,25.0,415.0,219.0,Low
-339499.99999999907,-7749250.0,4.3,35.5,25.0,401.0,221.0,Low
-339499.99999999907,-7649250.0,4.3,32.8,25.0,557.0,230.0,Low
-339499.99999999907,-7549250.0,4.1,37.3,25.0,334.0,226.0,Low
-339499.99999999907,-7449250.0,4.1,37.7,25.0,366.0,233.0,Low
-339499.99999999907,-7349250.0,4.2,39.3,25.0,304.0,232.0,Low
-339499.99999999907,-7249250.0,4.1,39.2,25.0,317.0,214.0,Low
-339499.99999999907,-7149250.0,4.1,38.5,25.0,245.0,167.0,Low
-339499.99999999907,-7049250.0,4.1,36.5,25.0,204.0,168.0,Low
-339499.99999999907,-6949250.0,4.2,36.4,25.0,301.0,156.0,Low
-339499.99999999907,-6749250.0,4.1,36.3,25.0,262.0,119.0,Low
-339499.99999999907,-6649250.0,4.1,38.4,25.0,239.0,152.0,Low
-339499.99999999907,-6549250.0,4.0,37.3,25.0,213.0,153.0,Low
-339499.99999999907,-6449250.0,4.6,38.7,25.0,238.0,181.0,Low
-339499.99999999907,-6349250.0,4.0,37.8,25.0,247.0,166.0,Low
-339499.99999999907,-6249250.0,4.0,37.9,25.0,213.0,119.0,Low
-339499.99999999907,-6149250.0,4.4,38.7,25.0,227.0,166.0,Low
-339499.99999999907,-6049250.0,4.4,39.7,25.0,264.0,178.0,Low
-339499.99999999907,-5949250.0,4.4,39.0,25.0,226.0,126.0,Low
-339499.99999999907,-5849250.0,4.7,39.7,25.0,277.0,155.0,Low
-339499.99999999907,-5749250.0,4.8,41.0,25.0,250.0,150.0,Low
-339499.99999999907,-5649250.0,4.4,39.3,25.0,234.0,128.0,Low
-339499.99999999907,-5549250.0,4.4,38.7,25.0,207.0,133.0,Low
-339499.99999999907,-5449250.0,4.9,39.0,25.0,338.0,98.0,Low
-339499.99999999907,-5349250.0,4.8,38.1,25.0,194.0,94.0,Low
-339499.99999999907,-5249250.0,4.7,38.0,25.0,245.0,108.0,Low
-339499.99999999907,-5149250.0,4.7,37.4,25.0,205.0,110.0,Low
-339499.99999999907,-5049250.0,5.0,37.6,25.0,228.0,109.0,Low
-339499.99999999907,-4949250.0,5.5,38.5,25.0,294.0,209.0,Medium
-339499.99999999907,-4849250.0,5.1,37.5,25.0,226.0,133.0,Low
-339499.99999999907,-4749250.0,5.3,38.3,25.0,185.0,152.0,Low
-339499.99999999907,-4649250.0,5.5,39.2,25.0,159.0,130.0,Low
-339499.99999999907,-4549250.0,5.6,40.0,25.0,206.0,140.0,Medium
-339499.99999999907,-4449250.0,5.6,39.3,25.0,220.0,170.0,Medium
-339499.99999999907,1250750.0,4.8,40.8,25.0,257.0,137.0,Low
-339499.99999999907,1350750.0,4.9,36.6,25.0,227.0,117.0,Low
-339499.99999999907,1450750.0,4.9,39.2,25.0,246.0,120.0,Low
-339499.99999999907,1550750.0,4.7,38.4,25.0,254.0,147.0,Low
-339499.99999999907,1650750.0,5.1,40.3,25.0,209.0,174.0,Low
-339499.99999999907,1750750.0,5.3,39.2,25.0,213.0,141.0,Low
-339499.99999999907,1850750.0,5.2,37.0,25.0,179.0,122.0,Low
-339499.99999999907,1950750.0,5.1,35.9,25.0,240.0,135.0,Low
-339499.99999999907,2050750.0,5.2,38.1,25.0,211.0,116.0,Low
-339499.99999999907,2150750.0,4.9,37.6,25.0,322.0,129.0,Low
-339499.99999999907,2250750.0,4.7,36.8,25.0,356.0,134.0,Low
-339499.99999999907,2350750.0,4.7,36.9,25.0,273.0,136.0,Low
-339499.99999999907,2450750.0,4.9,35.5,25.0,288.0,171.0,Low
-339499.99999999907,2550750.0,4.5,30.4,25.0,250.0,127.0,Low
-339499.99999999907,2650750.0,4.5,34.2,25.0,235.0,125.0,Low
-339499.99999999907,2750750.0,5.0,35.8,25.0,244.0,142.0,Low
-339499.99999999907,2850750.0,5.5,33.7,25.0,234.0,151.0,Low
-339499.99999999907,2950750.0,4.9,35.8,25.0,243.0,137.0,Low
-339499.99999999907,3050750.0,5.0,40.6,25.0,316.0,136.0,Low
-339499.99999999907,3150750.0,5.2,41.5,25.0,306.0,154.0,Low
-339499.99999999907,3250750.0,6.7,34.1,25.0,218.0,199.0,Medium
-339499.99999999907,3350750.0,5.6,34.3,25.0,276.0,112.0,Low
-339499.99999999907,3450750.0,5.5,30.8,25.0,247.0,119.0,Low
-339499.99999999907,3550750.0,6.0,24.2,25.0,145.0,115.0,Low
-339499.99999999907,3650750.0,6.4,28.3,25.0,130.0,182.0,Medium
-339499.99999999907,3750750.0,6.6,32.3,25.0,88.0,216.0,Medium
-339499.99999999907,3850750.0,7.6,39.4,25.0,147.0,255.0,Medium
-339499.99999999907,3950750.0,6.9,36.7,25.0,153.0,226.0,Medium
-339499.99999999907,4050750.0,7.8,39.3,25.0,163.0,260.0,Medium
-339499.99999999907,4150750.0,5.6,41.2,25.0,572.0,318.0,Medium
-339499.99999999907,4250750.0,6.2,35.6,25.0,302.0,177.0,Medium
-339499.99999999907,4350750.0,7.1,35.6,25.0,152.0,173.0,Medium
-339499.99999999907,4450750.0,6.3,34.5,25.0,193.0,179.0,Medium
-339499.99999999907,11350750.0,4.7,43.9,25.0,385.0,202.0,Low
-339499.99999999907,11450750.0,4.7,42.7,25.0,387.0,195.0,Low
-339499.99999999907,11550750.0,4.6,42.3,25.0,413.0,210.0,Low
-339499.99999999907,11650750.0,5.4,40.7,25.0,400.0,291.0,Medium
-339499.99999999907,11750750.0,4.9,40.0,25.0,383.0,247.0,Low
-339499.99999999907,12050750.0,5.3,43.7,25.0,502.0,265.0,Medium
-339499.99999999907,12550750.0,4.9,44.7,25.0,361.0,272.0,Medium
-339499.99999999907,12650750.0,4.7,40.2,25.0,341.0,236.0,Low
-339499.99999999907,12750750.0,5.1,43.8,25.0,497.0,291.0,Medium
-339499.99999999907,12850750.0,4.9,38.9,25.0,393.0,225.0,Low
-339499.99999999907,13250750.0,4.8,46.4,25.0,386.0,163.0,Low
-339499.99999999907,13350750.0,5.1,46.5,25.0,447.0,253.0,Medium
-339499.99999999907,13550750.0,4.8,41.6,25.0,332.0,159.0,Low
-339499.99999999907,14350750.0,4.8,39.7,25.0,327.0,134.0,Low
-339499.99999999907,14450750.0,5.0,38.0,25.0,298.0,114.0,Low
-339499.99999999907,14750750.0,5.0,40.8,25.0,370.0,225.0,Low
-339499.99999999907,14850750.0,4.8,35.4,25.0,277.0,157.0,Low
-339499.99999999907,14950750.0,5.0,42.4,25.0,324.0,172.0,Low
-339499.99999999907,15150750.0,4.9,39.4,25.0,511.0,280.0,Medium
-339499.99999999907,15250750.0,5.0,40.4,25.0,429.0,251.0,Low
-339499.99999999907,15350750.0,4.9,40.3,25.0,469.0,246.0,Low
-339499.99999999907,15450750.0,5.0,40.2,25.0,336.0,198.0,Low
-339499.99999999907,15550750.0,5.1,42.4,25.0,317.0,214.0,Low
-339499.99999999907,15650750.0,4.9,42.7,25.0,261.0,180.0,Low
-339499.99999999907,15750750.0,5.1,41.6,25.0,284.0,192.0,Low
-439499.9999999991,-8949250.0,6.5,39.0,25.0,273.0,168.0,Medium
-439499.9999999991,-8849250.0,6.0,38.0,25.0,272.0,195.0,Medium
-439499.9999999991,-8749250.0,5.3,42.9,25.0,730.0,263.0,Medium
-439499.9999999991,-8649250.0,4.7,38.5,25.0,356.0,260.0,Low
-439499.9999999991,-8549250.0,4.7,34.1,25.0,474.0,239.0,Low
-439499.9999999991,-8449250.0,4.6,34.4,25.0,465.0,237.0,Low
-439499.9999999991,-8349250.0,4.4,35.8,25.0,567.0,277.0,Low
-439499.9999999991,-8249250.0,4.5,38.6,25.0,407.0,244.0,Low
-439499.9999999991,-8049250.0,4.5,39.2,25.0,304.0,173.0,Low
-439499.9999999991,-7949250.0,4.3,37.6,25.0,349.0,192.0,Low
-439499.9999999991,-7849250.0,4.4,35.6,25.0,378.0,190.0,Low
-439499.9999999991,-7749250.0,4.1,35.7,25.0,360.0,190.0,Low
-439499.9999999991,-7649250.0,4.3,37.4,25.0,344.0,190.0,Low
-439499.9999999991,-7549250.0,4.0,38.8,25.0,318.0,202.0,Low
-439499.9999999991,-7449250.0,4.0,39.1,25.0,315.0,175.0,Low
-439499.9999999991,-7349250.0,4.1,38.1,25.0,320.0,186.0,Low
-439499.9999999991,-7249250.0,3.9,38.8,25.0,279.0,178.0,Low
-439499.9999999991,-7149250.0,3.9,36.6,25.0,211.0,159.0,Low
-439499.9999999991,-7049250.0,4.2,36.3,25.0,257.0,160.0,Low
-439499.9999999991,-6949250.0,4.0,36.7,25.0,280.0,165.0,Low
-439499.9999999991,-6849250.0,4.0,36.4,25.0,279.0,183.0,Low
-439499.9999999991,-6749250.0,4.0,36.2,25.0,248.0,150.0,Low
-439499.9999999991,-6549250.0,4.3,37.5,25.0,250.0,203.0,Low
-439499.9999999991,-6449250.0,4.0,36.6,25.0,226.0,171.0,Low
-439499.9999999991,-6349250.0,4.1,40.1,25.0,283.0,152.0,Low
-439499.9999999991,-6249250.0,4.2,39.4,25.0,281.0,148.0,Low
-439499.9999999991,-6149250.0,4.0,40.6,25.0,253.0,167.0,Low
-439499.9999999991,-6049250.0,4.6,41.4,25.0,238.0,142.0,Low
-439499.9999999991,-5949250.0,4.4,39.5,25.0,234.0,129.0,Low
-439499.9999999991,-5849250.0,4.3,41.0,25.0,270.0,127.0,Low
-439499.9999999991,-5749250.0,4.4,40.3,25.0,236.0,129.0,Low
-439499.9999999991,-5649250.0,4.6,40.5,25.0,234.0,134.0,Low
-439499.9999999991,-5449250.0,4.6,38.2,25.0,258.0,100.0,Low
-439499.9999999991,-5349250.0,4.9,39.1,25.0,254.0,95.0,Low
-439499.9999999991,-5249250.0,4.7,38.1,25.0,234.0,99.0,Low
-439499.9999999991,-5149250.0,4.9,40.4,25.0,224.0,108.0,Low
-439499.9999999991,-5049250.0,5.3,38.5,25.0,234.0,100.0,Low
-439499.9999999991,-4949250.0,5.3,37.4,25.0,184.0,118.0,Low
-439499.9999999991,-4849250.0,5.4,36.9,25.0,203.0,118.0,Low
-439499.9999999991,-4749250.0,5.6,36.4,25.0,193.0,121.0,Low
-439499.9999999991,-4649250.0,5.5,37.7,25.0,136.0,137.0,Low
-439499.9999999991,-4549250.0,5.7,42.1,25.0,205.0,133.0,Medium
-439499.9999999991,-4449250.0,6.0,34.1,25.0,186.0,176.0,Medium
-439499.9999999991,-4349250.0,6.0,37.1,25.0,113.0,153.0,Medium
-439499.9999999991,1250750.0,5.2,37.7,25.0,179.0,107.0,Low
-439499.9999999991,1350750.0,4.9,37.4,25.0,262.0,152.0,Low
-439499.9999999991,1450750.0,5.6,37.8,25.0,243.0,137.0,Low
-439499.9999999991,1550750.0,5.2,40.6,25.0,234.0,126.0,Low
-439499.9999999991,1650750.0,5.0,37.9,25.0,294.0,168.0,Low
-439499.9999999991,1750750.0,5.1,38.6,25.0,159.0,150.0,Low
-439499.9999999991,1850750.0,5.0,38.4,25.0,178.0,86.0,Low
-439499.9999999991,1950750.0,5.1,37.2,25.0,179.0,67.0,Low
-439499.9999999991,2050750.0,5.1,30.9,25.0,165.0,83.0,Low
-439499.9999999991,2150750.0,5.0,34.4,25.0,268.0,134.0,Low
-439499.9999999991,2250750.0,5.0,37.8,25.0,271.0,130.0,Low
-439499.9999999991,2350750.0,5.0,37.0,25.0,237.0,137.0,Low
-439499.9999999991,2450750.0,4.9,39.4,25.0,248.0,123.0,Low
-439499.9999999991,2550750.0,4.8,34.3,25.0,224.0,127.0,Low
-439499.9999999991,2650750.0,5.0,31.8,25.0,246.0,119.0,Low
-439499.9999999991,2750750.0,5.1,34.5,25.0,235.0,140.0,Low
-439499.9999999991,2850750.0,5.4,34.4,25.0,227.0,122.0,Low
-439499.9999999991,2950750.0,5.1,30.4,25.0,203.0,104.0,Low
-439499.9999999991,3050750.0,5.2,35.2,25.0,208.0,114.0,Low
-439499.9999999991,3150750.0,5.2,34.9,25.0,304.0,144.0,Low
-439499.9999999991,3350750.0,5.6,36.7,25.0,250.0,125.0,Low
-439499.9999999991,3450750.0,5.7,28.2,25.0,200.0,124.0,Low
-439499.9999999991,3550750.0,5.8,25.8,25.0,210.0,96.0,Low
-439499.9999999991,3650750.0,5.8,28.3,25.0,83.0,142.0,Low
-439499.9999999991,3750750.0,7.3,32.9,25.0,128.0,252.0,Medium
-439499.9999999991,3850750.0,8.6,33.0,25.0,101.0,244.0,Low
-439499.9999999991,3950750.0,5.7,38.3,25.0,358.0,244.0,Medium
-439499.9999999991,4050750.0,7.4,37.7,25.0,157.0,269.0,Medium
-439499.9999999991,4150750.0,7.3,37.1,25.0,115.0,240.0,Medium
-439499.9999999991,4250750.0,6.9,37.1,25.0,125.0,199.0,Medium
-439499.9999999991,4350750.0,6.6,34.3,25.0,212.0,188.0,Medium
-439499.9999999991,11450750.0,4.8,45.2,25.0,514.0,236.0,Medium
-439499.9999999991,11550750.0,5.2,45.1,25.0,467.0,287.0,Medium
-439499.9999999991,11650750.0,5.1,43.1,25.0,481.0,238.0,Medium
-439499.9999999991,11750750.0,4.9,45.3,25.0,492.0,283.0,Medium
-439499.9999999991,13350750.0,5.3,39.9,25.0,346.0,277.0,Medium
-439499.9999999991,13550750.0,5.1,41.0,25.0,509.0,236.0,Medium
-439499.9999999991,13650750.0,5.1,39.9,25.0,340.0,167.0,Low
-439499.9999999991,15050750.0,4.9,39.2,25.0,411.0,236.0,Low
-439499.9999999991,15150750.0,5.3,43.0,25.0,535.0,294.0,Medium
-439499.9999999991,15250750.0,5.0,44.3,25.0,855.0,389.0,Medium
-439499.9999999991,15350750.0,5.0,45.7,25.0,754.0,339.0,Medium
-439499.9999999991,15450750.0,5.4,44.9,25.0,468.0,231.0,Medium
-439499.9999999991,15550750.0,5.1,42.4,25.0,313.0,217.0,Low
-439499.9999999991,15650750.0,5.1,43.3,25.0,320.0,250.0,Medium
-439499.9999999991,15750750.0,5.2,42.0,25.0,291.0,245.0,Low
-439499.9999999991,15850750.0,5.0,37.0,25.0,294.0,232.0,Low
-439499.9999999991,15950750.0,5.0,39.4,25.0,263.0,168.0,Low
-439499.9999999991,16050750.0,5.2,39.7,25.0,341.0,240.0,Medium
-539499.9999999991,-8949250.0,7.6,36.9,25.0,144.0,187.0,Low
-539499.9999999991,-8849250.0,6.4,37.4,25.0,365.0,203.0,Medium
-539499.9999999991,-8749250.0,5.1,41.6,25.0,365.0,254.0,Medium
-539499.9999999991,-8649250.0,4.9,42.5,25.0,469.0,268.0,Medium
-539499.9999999991,-8449250.0,4.5,36.8,25.0,340.0,200.0,Low
-539499.9999999991,-8249250.0,4.4,38.9,25.0,324.0,233.0,Low
-539499.9999999991,-8149250.0,4.1,37.6,25.0,329.0,173.0,Low
-539499.9999999991,-8049250.0,4.2,38.4,25.0,298.0,166.0,Low
-539499.9999999991,-7949250.0,4.3,36.3,25.0,329.0,193.0,Low
-539499.9999999991,-7849250.0,4.3,36.6,25.0,338.0,181.0,Low
-539499.9999999991,-7749250.0,4.2,37.1,25.0,325.0,167.0,Low
-539499.9999999991,-7649250.0,4.3,36.6,25.0,304.0,170.0,Low
-539499.9999999991,-7549250.0,4.2,39.5,25.0,306.0,161.0,Low
-539499.9999999991,-7449250.0,3.9,40.0,25.0,326.0,228.0,Low
-539499.9999999991,-7349250.0,4.1,39.9,25.0,295.0,233.0,Low
-539499.9999999991,-7249250.0,4.0,38.0,25.0,279.0,180.0,Low
-539499.9999999991,-7149250.0,4.1,37.8,25.0,290.0,171.0,Low
-539499.9999999991,-7049250.0,3.8,37.1,25.0,267.0,167.0,Low
-539499.9999999991,-6849250.0,3.9,36.7,25.0,253.0,168.0,Low
-539499.9999999991,-6749250.0,4.0,37.9,25.0,267.0,168.0,Low
-539499.9999999991,-6649250.0,3.9,35.9,25.0,244.0,168.0,Low
-539499.9999999991,-6549250.0,4.1,37.6,25.0,231.0,161.0,Low
-539499.9999999991,-6449250.0,4.1,40.1,25.0,228.0,162.0,Low
-539499.9999999991,-6349250.0,4.2,41.1,25.0,356.0,151.0,Low
-539499.9999999991,-6249250.0,4.2,40.0,25.0,243.0,170.0,Low
-539499.9999999991,-6149250.0,4.2,39.8,25.0,297.0,143.0,Low
-539499.9999999991,-6049250.0,4.3,41.3,25.0,234.0,122.0,Low
-539499.9999999991,-5949250.0,4.3,39.5,25.0,233.0,120.0,Low
-539499.9999999991,-5849250.0,4.5,41.2,25.0,244.0,109.0,Low
-539499.9999999991,-5749250.0,4.4,38.8,25.0,438.0,130.0,Low
-539499.9999999991,-5649250.0,4.5,40.4,25.0,238.0,102.0,Low
-539499.9999999991,-5549250.0,4.6,40.2,25.0,261.0,125.0,Low
-539499.9999999991,-5449250.0,4.6,39.8,25.0,229.0,107.0,Low
-539499.9999999991,-5349250.0,4.9,35.1,25.0,278.0,109.0,Low
-539499.9999999991,-5249250.0,4.9,36.2,25.0,278.0,99.0,Low
-539499.9999999991,-5149250.0,5.1,37.3,25.0,382.0,110.0,Low
-539499.9999999991,-5049250.0,5.3,38.1,25.0,246.0,92.0,Low
-539499.9999999991,-4949250.0,5.5,38.4,25.0,250.0,112.0,Low
-539499.9999999991,-4849250.0,5.5,37.8,25.0,148.0,111.0,Low
-539499.9999999991,-4749250.0,5.6,38.5,25.0,174.0,123.0,Low
-539499.9999999991,-4649250.0,5.3,33.6,25.0,137.0,136.0,Low
-539499.9999999991,-4549250.0,6.0,33.3,25.0,111.0,159.0,Medium
-539499.9999999991,-4449250.0,5.9,37.6,25.0,188.0,182.0,Medium
-539499.9999999991,-4349250.0,6.1,38.4,25.0,148.0,162.0,Medium
-539499.9999999991,-4249250.0,6.1,38.0,25.0,113.0,172.0,Medium
-539499.9999999991,1350750.0,5.2,36.9,25.0,178.0,122.0,Low
-539499.9999999991,1450750.0,4.9,37.8,25.0,257.0,111.0,Low
-539499.9999999991,1550750.0,5.2,36.0,25.0,217.0,135.0,Low
-539499.9999999991,1650750.0,5.4,39.7,25.0,232.0,125.0,Low
-539499.9999999991,1750750.0,5.2,40.5,25.0,170.0,128.0,Low
-539499.9999999991,1850750.0,5.1,40.1,25.0,155.0,109.0,Low
-539499.9999999991,1950750.0,5.1,36.2,25.0,174.0,92.0,Low
-539499.9999999991,2050750.0,5.0,31.8,25.0,190.0,101.0,Low
-539499.9999999991,2150750.0,5.1,32.8,25.0,211.0,83.0,Low
-539499.9999999991,2250750.0,4.9,36.1,25.0,253.0,126.0,Low
-539499.9999999991,2350750.0,5.3,35.9,25.0,334.0,143.0,Low
-539499.9999999991,2450750.0,5.2,33.4,25.0,213.0,140.0,Low
-539499.9999999991,2550750.0,5.0,29.7,25.0,223.0,99.0,Low
-539499.9999999991,2650750.0,5.4,35.0,25.0,280.0,127.0,Low
-539499.9999999991,2750750.0,5.4,29.8,25.0,168.0,138.0,Low
-539499.9999999991,2850750.0,5.4,28.9,25.0,231.0,106.0,Low
-539499.9999999991,2950750.0,5.3,33.5,25.0,169.0,103.0,Low
-539499.9999999991,3050750.0,5.6,35.9,25.0,237.0,112.0,Low
-539499.9999999991,3150750.0,5.6,34.3,25.0,182.0,104.0,Low
-539499.9999999991,3350750.0,5.6,29.4,25.0,170.0,125.0,Low
-539499.9999999991,3450750.0,5.7,26.0,25.0,200.0,101.0,Low
-539499.9999999991,3550750.0,5.5,26.6,25.0,191.0,91.0,Low
-539499.9999999991,3650750.0,5.3,25.2,25.0,108.0,163.0,Low
-539499.9999999991,3750750.0,5.5,29.2,25.0,115.0,190.0,Low
-539499.9999999991,3850750.0,5.7,32.4,25.0,105.0,170.0,Low
-539499.9999999991,3950750.0,6.5,36.3,25.0,152.0,211.0,Medium
-539499.9999999991,4050750.0,6.3,36.5,25.0,142.0,162.0,Medium
-539499.9999999991,4150750.0,6.7,38.2,25.0,143.0,172.0,Medium
-539499.9999999991,4250750.0,6.9,39.3,25.0,319.0,232.0,Medium
-539499.9999999991,4350750.0,6.3,35.9,25.0,298.0,217.0,Medium
-539499.9999999991,11550750.0,5.1,44.8,25.0,429.0,229.0,Medium
-539499.9999999991,11650750.0,5.2,43.6,25.0,314.0,219.0,Medium
-539499.9999999991,11750750.0,5.3,41.8,25.0,260.0,185.0,Low
-539499.9999999991,13350750.0,5.4,43.2,25.0,489.0,238.0,Medium
-539499.9999999991,13650750.0,5.4,38.0,25.0,237.0,195.0,Low
-539499.9999999991,15250750.0,5.1,38.9,25.0,171.0,231.0,Low
-539499.9999999991,15350750.0,5.0,36.8,25.0,395.0,247.0,Low
-539499.9999999991,15450750.0,5.1,37.3,25.0,484.0,273.0,Medium
-539499.9999999991,15550750.0,5.0,39.8,25.0,455.0,233.0,Low
-539499.9999999991,15650750.0,5.3,50.3,25.0,838.0,330.0,Medium
-539499.9999999991,15750750.0,5.4,47.2,25.0,590.0,288.0,Medium
-539499.9999999991,15850750.0,5.3,43.3,25.0,513.0,216.0,Medium
-539499.9999999991,15950750.0,5.4,43.3,25.0,527.0,223.0,Medium
-539499.9999999991,16050750.0,5.6,43.3,25.0,583.0,294.0,Medium
-539499.9999999991,16150750.0,5.5,41.2,25.0,469.0,308.0,Medium
-539499.9999999991,16950750.0,5.2,40.1,25.0,353.0,227.0,Medium
-639499.9999999991,-8949250.0,7.7,36.2,25.0,98.0,180.0,Low
-639499.9999999991,-8849250.0,6.2,37.1,25.0,382.0,220.0,Medium
-639499.9999999991,-8749250.0,6.7,40.4,25.0,302.0,258.0,Medium
-639499.9999999991,-8649250.0,5.4,42.1,25.0,880.0,402.0,Medium
-639499.9999999991,-8549250.0,5.1,43.0,25.0,582.0,304.0,Medium
-639499.9999999991,-8449250.0,4.6,35.9,25.0,319.0,184.0,Low
-639499.9999999991,-8349250.0,4.5,36.0,25.0,292.0,165.0,Low
-639499.9999999991,-8249250.0,4.4,35.5,25.0,305.0,204.0,Low
-639499.9999999991,-8149250.0,4.1,36.0,25.0,281.0,184.0,Low
-639499.9999999991,-8049250.0,4.1,39.4,25.0,370.0,211.0,Low
-639499.9999999991,-7949250.0,4.1,39.5,25.0,295.0,163.0,Low
-639499.9999999991,-7849250.0,4.1,37.9,25.0,275.0,179.0,Low
-639499.9999999991,-7749250.0,4.1,37.5,25.0,259.0,178.0,Low
-639499.9999999991,-7649250.0,4.0,38.8,25.0,277.0,216.0,Low
-639499.9999999991,-7549250.0,4.0,37.5,25.0,297.0,181.0,Low
-639499.9999999991,-7449250.0,3.9,38.6,25.0,314.0,214.0,Low
-639499.9999999991,-7349250.0,4.0,38.0,25.0,310.0,201.0,Low
-639499.9999999991,-7249250.0,4.1,37.4,25.0,353.0,233.0,Low
-639499.9999999991,-7149250.0,4.2,37.5,25.0,312.0,180.0,Low
-639499.9999999991,-7049250.0,4.3,39.2,25.0,265.0,180.0,Low
-639499.9999999991,-6949250.0,3.9,37.6,25.0,287.0,164.0,Low
-639499.9999999991,-6849250.0,3.9,37.5,25.0,265.0,156.0,Low
-639499.9999999991,-6749250.0,3.9,38.7,25.0,277.0,171.0,Low
-639499.9999999991,-6649250.0,4.1,39.1,25.0,256.0,176.0,Low
-639499.9999999991,-6549250.0,4.1,38.7,25.0,240.0,145.0,Low
-639499.9999999991,-6449250.0,4.0,39.9,25.0,259.0,183.0,Low
-639499.9999999991,-6349250.0,4.2,42.3,25.0,273.0,140.0,Low
-639499.9999999991,-6249250.0,4.0,41.8,25.0,405.0,171.0,Low
-639499.9999999991,-6149250.0,4.0,39.9,25.0,302.0,153.0,Low
-639499.9999999991,-6049250.0,4.3,38.2,25.0,344.0,148.0,Low
-639499.9999999991,-5949250.0,4.4,39.6,25.0,290.0,135.0,Low
-639499.9999999991,-5849250.0,4.5,40.4,25.0,272.0,130.0,Low
-639499.9999999991,-5749250.0,4.7,40.6,25.0,274.0,132.0,Low
-639499.9999999991,-5649250.0,4.5,40.9,25.0,272.0,124.0,Low
-639499.9999999991,-5549250.0,4.7,40.2,25.0,244.0,122.0,Low
-639499.9999999991,-5449250.0,4.8,36.0,25.0,269.0,123.0,Low
-639499.9999999991,-5349250.0,5.1,35.4,25.0,255.0,128.0,Low
-639499.9999999991,-5249250.0,5.4,34.4,25.0,216.0,107.0,Low
-639499.9999999991,-5149250.0,5.4,33.2,25.0,145.0,116.0,Low
-639499.9999999991,-5049250.0,5.2,31.9,25.0,169.0,103.0,Low
-639499.9999999991,-4949250.0,5.3,31.2,25.0,175.0,106.0,Low
-639499.9999999991,-4849250.0,5.5,33.9,25.0,198.0,103.0,Low
-639499.9999999991,-4749250.0,5.3,36.7,25.0,267.0,96.0,Low
-639499.9999999991,-4649250.0,5.4,29.3,25.0,98.0,174.0,Low
-639499.9999999991,-4549250.0,6.0,33.1,25.0,109.0,157.0,Medium
-639499.9999999991,-4449250.0,6.1,34.2,25.0,166.0,163.0,Medium
-639499.9999999991,-4349250.0,6.0,38.8,25.0,104.0,177.0,Medium
-639499.9999999991,-4249250.0,6.3,35.9,25.0,110.0,187.0,Medium
-639499.9999999991,-4149250.0,6.4,34.0,25.0,106.0,193.0,Medium
-639499.9999999991,-4049250.0,6.7,36.0,25.0,123.0,200.0,Medium
-639499.9999999991,-3949250.0,5.5,34.4,25.0,151.0,115.0,Low
-639499.9999999991,1450750.0,5.6,35.6,25.0,169.0,123.0,Low
-639499.9999999991,1550750.0,5.5,35.0,25.0,163.0,123.0,Low
-639499.9999999991,1650750.0,5.1,39.5,25.0,241.0,190.0,Low
-639499.9999999991,1750750.0,5.3,43.2,25.0,175.0,121.0,Low
-639499.9999999991,1850750.0,5.1,37.4,25.0,177.0,125.0,Low
-639499.9999999991,1950750.0,5.0,33.0,25.0,223.0,111.0,Low
-639499.9999999991,2050750.0,5.0,34.1,25.0,243.0,112.0,Low
-639499.9999999991,2150750.0,5.3,34.5,25.0,163.0,107.0,Low
-639499.9999999991,2250750.0,5.4,33.2,25.0,150.0,100.0,Low
-639499.9999999991,2350750.0,5.4,28.2,25.0,167.0,79.0,Low
-639499.9999999991,2450750.0,5.1,31.3,25.0,248.0,107.0,Low
-639499.9999999991,2550750.0,5.5,32.8,25.0,196.0,91.0,Low
-639499.9999999991,2650750.0,5.5,29.7,25.0,200.0,81.0,Low
-639499.9999999991,2750750.0,5.4,30.8,25.0,177.0,98.0,Low
-639499.9999999991,2850750.0,5.7,33.3,25.0,142.0,102.0,Low
-639499.9999999991,2950750.0,5.4,34.5,25.0,198.0,123.0,Low
-639499.9999999991,3050750.0,5.4,35.7,25.0,229.0,109.0,Low
-639499.9999999991,3150750.0,5.4,33.8,25.0,163.0,121.0,Low
-639499.9999999991,3250750.0,5.5,31.8,25.0,170.0,111.0,Low
-639499.9999999991,3350750.0,5.4,30.0,25.0,172.0,134.0,Low
-639499.9999999991,3450750.0,5.5,28.8,25.0,167.0,116.0,Low
-639499.9999999991,3550750.0,5.4,26.2,25.0,130.0,124.0,Low
-639499.9999999991,3650750.0,5.3,30.3,25.0,87.0,121.0,Low
-639499.9999999991,3750750.0,5.5,28.0,25.0,112.0,117.0,Low
-639499.9999999991,3850750.0,5.2,28.7,25.0,96.0,134.0,Low
-639499.9999999991,3950750.0,6.4,32.7,25.0,100.0,248.0,Medium
-639499.9999999991,4050750.0,6.4,38.0,25.0,144.0,273.0,Medium
-639499.9999999991,4150750.0,6.3,37.0,25.0,180.0,171.0,Medium
-639499.9999999991,4250750.0,6.3,37.4,25.0,219.0,159.0,Medium
-639499.9999999991,11650750.0,5.1,43.8,25.0,410.0,232.0,Medium
-639499.9999999991,14950750.0,5.1,38.4,25.0,393.0,244.0,Low
-639499.9999999991,15450750.0,5.1,37.1,25.0,489.0,280.0,Medium
-639499.9999999991,15550750.0,5.3,36.4,25.0,526.0,284.0,Medium
-639499.9999999991,15650750.0,5.2,39.7,25.0,589.0,264.0,Medium
-639499.9999999991,15750750.0,5.3,40.4,25.0,571.0,270.0,Medium
-639499.9999999991,15850750.0,5.2,46.7,25.0,703.0,273.0,Medium
-639499.9999999991,15950750.0,5.4,48.3,25.0,628.0,278.0,Medium
-639499.9999999991,16050750.0,5.2,44.3,25.0,475.0,269.0,Medium
-639499.9999999991,16150750.0,5.1,44.2,25.0,569.0,268.0,Medium
-639499.9999999991,16250750.0,4.7,43.6,25.0,598.0,250.0,Medium
-639499.9999999991,16550750.0,5.1,42.9,25.0,369.0,228.0,Medium
-639499.9999999991,16650750.0,5.2,42.3,25.0,512.0,231.0,Medium
-639499.9999999991,16750750.0,5.2,42.4,25.0,475.0,218.0,Medium
-639499.9999999991,17250750.0,5.3,40.9,25.0,500.0,271.0,Medium
-739499.9999999991,-8849250.0,7.9,32.3,25.0,180.0,109.0,Low
-739499.9999999991,-8749250.0,5.9,39.9,25.0,499.0,222.0,Medium
-739499.9999999991,-8649250.0,6.0,39.9,25.0,519.0,292.0,Medium
-739499.9999999991,-8549250.0,5.9,40.5,25.0,433.0,227.0,Medium
-739499.9999999991,-8449250.0,4.9,40.5,25.0,319.0,191.0,Low
-739499.9999999991,-8349250.0,4.7,37.3,25.0,301.0,184.0,Low
-739499.9999999991,-8249250.0,4.5,37.6,25.0,285.0,155.0,Low
-739499.9999999991,-8149250.0,4.2,36.0,25.0,282.0,203.0,Low
-739499.9999999991,-8049250.0,4.1,39.5,25.0,343.0,166.0,Low
-739499.9999999991,-7949250.0,4.3,36.7,25.0,326.0,189.0,Low
-739499.9999999991,-7849250.0,4.2,36.7,25.0,252.0,158.0,Low
-739499.9999999991,-7749250.0,4.1,35.7,25.0,298.0,199.0,Low
-739499.9999999991,-7649250.0,4.1,37.4,25.0,275.0,189.0,Low
-739499.9999999991,-7549250.0,4.1,38.1,25.0,274.0,202.0,Low
-739499.9999999991,-7449250.0,4.0,38.7,25.0,270.0,189.0,Low
-739499.9999999991,-7349250.0,3.9,37.5,25.0,308.0,212.0,Low
-739499.9999999991,-7249250.0,3.9,37.8,25.0,349.0,197.0,Low
-739499.9999999991,-7149250.0,4.0,38.5,25.0,312.0,169.0,Low
-739499.9999999991,-7049250.0,4.1,37.4,25.0,255.0,152.0,Low
-739499.9999999991,-6949250.0,4.0,38.5,25.0,250.0,158.0,Low
-739499.9999999991,-6849250.0,4.0,38.1,25.0,296.0,160.0,Low
-739499.9999999991,-6749250.0,4.0,39.3,25.0,243.0,176.0,Low
-739499.9999999991,-6649250.0,4.0,40.1,25.0,274.0,162.0,Low
-739499.9999999991,-6549250.0,4.0,39.9,25.0,224.0,147.0,Low
-739499.9999999991,-6449250.0,4.0,41.2,25.0,320.0,172.0,Low
-739499.9999999991,-6349250.0,4.0,42.3,25.0,256.0,165.0,Low
-739499.9999999991,-6249250.0,4.2,41.5,25.0,257.0,151.0,Low
-739499.9999999991,-6149250.0,4.1,40.1,25.0,279.0,168.0,Low
-739499.9999999991,-6049250.0,4.7,40.8,25.0,440.0,145.0,Low
-739499.9999999991,-5949250.0,4.7,41.1,25.0,342.0,139.0,Low
-739499.9999999991,-5849250.0,4.6,41.0,25.0,402.0,140.0,Low
-739499.9999999991,-5749250.0,4.8,38.3,25.0,276.0,135.0,Low
-739499.9999999991,-5649250.0,4.8,41.1,25.0,335.0,145.0,Low
-739499.9999999991,-5549250.0,4.8,40.8,25.0,245.0,128.0,Low
-739499.9999999991,-5449250.0,4.9,36.0,25.0,245.0,100.0,Low
-739499.9999999991,-5349250.0,5.1,36.4,25.0,239.0,109.0,Low
-739499.9999999991,-5249250.0,5.4,35.2,25.0,226.0,109.0,Low
-739499.9999999991,-5149250.0,5.3,33.1,25.0,160.0,116.0,Low
-739499.9999999991,-5049250.0,5.5,30.9,25.0,131.0,108.0,Low
-739499.9999999991,-4949250.0,5.4,32.4,25.0,193.0,108.0,Low
-739499.9999999991,-4849250.0,5.3,34.2,25.0,202.0,99.0,Low
-739499.9999999991,-4749250.0,5.7,32.1,25.0,135.0,132.0,Low
-739499.9999999991,-4649250.0,5.6,29.2,25.0,79.0,110.0,Low
-739499.9999999991,-4549250.0,5.7,32.7,25.0,96.0,163.0,Low
-739499.9999999991,-4449250.0,5.9,32.9,25.0,136.0,165.0,Medium
-739499.9999999991,-4349250.0,6.1,34.8,25.0,113.0,159.0,Medium
-739499.9999999991,-4249250.0,6.2,38.5,25.0,145.0,163.0,Medium
-739499.9999999991,-4149250.0,6.0,34.8,25.0,108.0,241.0,Medium
-739499.9999999991,-4049250.0,6.6,36.9,25.0,121.0,180.0,Medium
-739499.9999999991,-3949250.0,6.0,36.3,25.0,172.0,201.0,Medium
-739499.9999999991,1450750.0,6.4,37.5,25.0,147.0,147.0,Medium
-739499.9999999991,1650750.0,5.3,37.3,25.0,244.0,213.0,Low
-739499.9999999991,1750750.0,5.2,33.9,25.0,219.0,130.0,Low
-739499.9999999991,1850750.0,5.3,36.0,25.0,220.0,122.0,Low
-739499.9999999991,1950750.0,5.0,34.7,25.0,223.0,159.0,Low
-739499.9999999991,2050750.0,5.1,32.0,25.0,195.0,101.0,Low
-739499.9999999991,2150750.0,5.2,32.5,25.0,143.0,65.0,Low
-739499.9999999991,2250750.0,5.4,29.7,25.0,154.0,78.0,Low
-739499.9999999991,2350750.0,5.5,31.1,25.0,182.0,136.0,Low
-739499.9999999991,2450750.0,5.5,31.0,25.0,171.0,95.0,Low
-739499.9999999991,2550750.0,5.5,31.1,25.0,127.0,59.0,Low
-739499.9999999991,2650750.0,5.2,28.4,25.0,151.0,59.0,Low
-739499.9999999991,2750750.0,5.5,34.9,25.0,157.0,114.0,Low
-739499.9999999991,2850750.0,5.3,32.3,25.0,149.0,91.0,Low
-739499.9999999991,2950750.0,5.5,33.1,25.0,229.0,125.0,Low
-739499.9999999991,3050750.0,5.5,33.1,25.0,238.0,102.0,Low
-739499.9999999991,3150750.0,5.5,30.5,25.0,160.0,108.0,Low
-739499.9999999991,3250750.0,5.3,35.5,25.0,166.0,121.0,Low
-739499.9999999991,3450750.0,5.8,33.0,25.0,147.0,140.0,Low
-739499.9999999991,3550750.0,5.6,27.2,25.0,93.0,75.0,Low
-739499.9999999991,3650750.0,5.6,31.1,25.0,134.0,150.0,Low
-739499.9999999991,3750750.0,6.0,30.2,25.0,80.0,117.0,Low
-739499.9999999991,3850750.0,6.2,31.5,25.0,80.0,153.0,Medium
-739499.9999999991,3950750.0,6.4,29.6,25.0,87.0,183.0,Medium
-739499.9999999991,4050750.0,6.6,35.3,25.0,106.0,228.0,Medium
-739499.9999999991,4150750.0,6.5,33.4,25.0,132.0,168.0,Medium
-739499.9999999991,4250750.0,6.8,36.5,25.0,136.0,152.0,Medium
-739499.9999999991,11850750.0,5.3,44.0,25.0,493.0,222.0,Medium
-739499.9999999991,11950750.0,5.3,43.6,25.0,393.0,205.0,Medium
-739499.9999999991,12050750.0,5.5,44.0,25.0,295.0,235.0,Medium
-739499.9999999991,12350750.0,5.4,38.1,25.0,447.0,166.0,Medium
-739499.9999999991,15450750.0,5.0,39.5,25.0,489.0,278.0,Medium
-739499.9999999991,15550750.0,5.2,39.9,25.0,418.0,270.0,Medium
-739499.9999999991,15650750.0,5.0,39.2,25.0,492.0,229.0,Low
-739499.9999999991,15750750.0,5.3,37.7,25.0,423.0,273.0,Medium
-739499.9999999991,15850750.0,5.2,39.5,25.0,436.0,252.0,Medium
-739499.9999999991,15950750.0,5.1,41.3,25.0,664.0,232.0,Medium
-739499.9999999991,16050750.0,5.2,43.0,25.0,609.0,255.0,Medium
-739499.9999999991,16150750.0,5.4,44.7,25.0,620.0,270.0,Medium
-739499.9999999991,16250750.0,5.3,45.5,25.0,503.0,264.0,Medium
-739499.9999999991,16350750.0,5.2,43.7,25.0,475.0,255.0,Medium
-739499.9999999991,16450750.0,5.3,42.3,25.0,374.0,247.0,Medium
-839499.9999999991,-8749250.0,7.5,34.5,25.0,195.0,159.0,Low
-839499.9999999991,-8649250.0,6.5,38.1,25.0,326.0,202.0,Medium
-839499.9999999991,-8549250.0,5.3,40.5,25.0,393.0,258.0,Medium
-839499.9999999991,-8449250.0,5.2,42.5,25.0,337.0,169.0,Low
-839499.9999999991,-8349250.0,4.7,37.0,25.0,314.0,170.0,Low
-839499.9999999991,-8249250.0,4.6,36.9,25.0,312.0,161.0,Low
-839499.9999999991,-8149250.0,4.6,36.5,25.0,325.0,166.0,Low
-839499.9999999991,-8049250.0,4.4,34.3,25.0,327.0,149.0,Low
-839499.9999999991,-7949250.0,4.6,36.8,25.0,292.0,158.0,Low
-839499.9999999991,-7849250.0,4.3,36.2,25.0,270.0,162.0,Low
-839499.9999999991,-7749250.0,4.5,36.5,25.0,301.0,182.0,Low
-839499.9999999991,-7649250.0,4.1,36.5,25.0,283.0,155.0,Low
-839499.9999999991,-7549250.0,4.1,38.2,25.0,303.0,165.0,Low
-839499.9999999991,-7449250.0,4.0,37.4,25.0,273.0,179.0,Low
-839499.9999999991,-7349250.0,4.0,38.2,25.0,274.0,184.0,Low
-839499.9999999991,-7249250.0,4.0,38.2,25.0,277.0,175.0,Low
-839499.9999999991,-7149250.0,4.1,38.0,25.0,312.0,163.0,Low
-839499.9999999991,-7049250.0,4.0,39.3,25.0,260.0,146.0,Low
-839499.9999999991,-6949250.0,3.9,39.0,25.0,246.0,157.0,Low
-839499.9999999991,-6849250.0,3.9,41.2,25.0,238.0,227.0,Low
-839499.9999999991,-6749250.0,3.9,40.2,25.0,323.0,176.0,Low
-839499.9999999991,-6649250.0,4.1,39.7,25.0,220.0,142.0,Low
-839499.9999999991,-6549250.0,4.0,39.1,25.0,233.0,156.0,Low
-839499.9999999991,-6449250.0,4.1,40.4,25.0,259.0,155.0,Low
-839499.9999999991,-6349250.0,4.1,41.2,25.0,235.0,164.0,Low
-839499.9999999991,-6249250.0,4.2,40.8,25.0,255.0,170.0,Low
-839499.9999999991,-6149250.0,4.2,40.3,25.0,225.0,158.0,Low
-839499.9999999991,-6049250.0,4.6,38.0,25.0,283.0,136.0,Low
-839499.9999999991,-5949250.0,4.7,36.1,25.0,331.0,143.0,Low
-839499.9999999991,-5849250.0,4.8,38.2,25.0,280.0,143.0,Low
-839499.9999999991,-5749250.0,4.8,37.1,25.0,325.0,138.0,Low
-839499.9999999991,-5649250.0,4.6,38.5,25.0,287.0,144.0,Low
-839499.9999999991,-5549250.0,4.8,35.0,25.0,241.0,108.0,Low
-839499.9999999991,-5449250.0,5.0,32.5,25.0,213.0,107.0,Low
-839499.9999999991,-5349250.0,5.1,35.1,25.0,191.0,113.0,Low
-839499.9999999991,-5249250.0,5.2,34.7,25.0,227.0,111.0,Low
-839499.9999999991,-5149250.0,5.2,33.1,25.0,195.0,140.0,Low
-839499.9999999991,-5049250.0,5.6,34.2,25.0,170.0,105.0,Low
-839499.9999999991,-4949250.0,5.3,29.5,25.0,119.0,95.0,Low
-839499.9999999991,-4849250.0,5.5,29.8,25.0,117.0,102.0,Low
-839499.9999999991,-4749250.0,5.7,32.1,25.0,109.0,176.0,Low
-839499.9999999991,-4649250.0,5.6,28.9,25.0,91.0,138.0,Low
-839499.9999999991,-4549250.0,6.5,34.4,25.0,97.0,199.0,Medium
-839499.9999999991,-4449250.0,6.2,36.0,25.0,160.0,185.0,Medium
-839499.9999999991,-4349250.0,5.9,35.0,25.0,108.0,162.0,Medium
-839499.9999999991,-4249250.0,6.1,34.4,25.0,148.0,165.0,Medium
-839499.9999999991,-4149250.0,6.2,36.6,25.0,139.0,179.0,Medium
-839499.9999999991,-4049250.0,7.0,36.1,25.0,125.0,157.0,Medium
-839499.9999999991,-3949250.0,5.8,38.2,25.0,225.0,175.0,Medium
-839499.9999999991,1550750.0,6.2,36.8,25.0,123.0,223.0,Medium
-839499.9999999991,1650750.0,5.2,35.6,25.0,209.0,187.0,Low
-839499.9999999991,1750750.0,5.1,31.6,25.0,142.0,126.0,Low
-839499.9999999991,1850750.0,5.4,33.8,25.0,160.0,122.0,Low
-839499.9999999991,1950750.0,5.3,33.0,25.0,190.0,99.0,Low
-839499.9999999991,2050750.0,5.3,33.8,25.0,162.0,101.0,Low
-839499.9999999991,2150750.0,5.3,32.8,25.0,163.0,63.0,Low
-839499.9999999991,2250750.0,5.4,31.6,25.0,179.0,106.0,Low
-839499.9999999991,2350750.0,5.4,32.7,25.0,143.0,83.0,Low
-839499.9999999991,2450750.0,5.3,32.9,25.0,171.0,92.0,Low
-839499.9999999991,2550750.0,5.3,35.2,25.0,161.0,97.0,Low
-839499.9999999991,2650750.0,5.4,35.9,25.0,184.0,104.0,Low
-839499.9999999991,2750750.0,5.4,34.0,25.0,145.0,99.0,Low
-839499.9999999991,2850750.0,5.3,33.3,25.0,133.0,86.0,Low
-839499.9999999991,2950750.0,5.6,32.5,25.0,155.0,116.0,Low
-839499.9999999991,3050750.0,5.5,29.7,25.0,264.0,116.0,Low
-839499.9999999991,3150750.0,5.5,30.9,25.0,197.0,100.0,Low
-839499.9999999991,3250750.0,5.6,34.0,25.0,193.0,125.0,Low
-839499.9999999991,3350750.0,5.4,35.8,25.0,177.0,105.0,Low
-839499.9999999991,3450750.0,5.5,31.2,25.0,114.0,141.0,Low
-839499.9999999991,3550750.0,5.9,29.6,25.0,96.0,113.0,Low
-839499.9999999991,3650750.0,5.6,32.6,25.0,107.0,97.0,Low
-839499.9999999991,3750750.0,5.7,33.4,25.0,130.0,100.0,Low
-839499.9999999991,3850750.0,6.0,29.2,25.0,81.0,185.0,Low
-839499.9999999991,3950750.0,5.8,29.5,25.0,91.0,134.0,Low
-839499.9999999991,4050750.0,6.1,33.3,25.0,124.0,129.0,Medium
-839499.9999999991,4150750.0,6.1,36.3,25.0,182.0,153.0,Medium
-839499.9999999991,4250750.0,6.5,36.6,25.0,129.0,182.0,Medium
-839499.9999999991,4350750.0,6.0,36.3,25.0,220.0,169.0,Medium
-839499.9999999991,12050750.0,5.5,46.7,25.0,389.0,250.0,Medium
-839499.9999999991,12150750.0,5.3,41.3,25.0,377.0,333.0,Medium
-839499.9999999991,12250750.0,5.4,46.2,25.0,429.0,273.0,Medium
-839499.9999999991,12450750.0,5.8,40.5,25.0,215.0,196.0,Medium
-839499.9999999991,14650750.0,5.2,40.0,25.0,242.0,224.0,Low
-839499.9999999991,15450750.0,5.0,43.2,25.0,322.0,246.0,Low
-839499.9999999991,15550750.0,4.9,38.6,25.0,354.0,222.0,Low
-839499.9999999991,15650750.0,5.1,39.4,25.0,307.0,222.0,Low
-839499.9999999991,15750750.0,5.2,35.4,25.0,278.0,269.0,Low
-839499.9999999991,15850750.0,5.3,39.6,25.0,283.0,243.0,Medium
-839499.9999999991,15950750.0,5.1,38.8,25.0,414.0,242.0,Low
-839499.9999999991,16050750.0,5.1,35.6,25.0,394.0,264.0,Low
-839499.9999999991,16150750.0,4.9,35.9,25.0,385.0,259.0,Low
-839499.9999999991,16250750.0,5.7,44.1,25.0,507.0,256.0,Medium
-839499.9999999991,16350750.0,5.4,46.2,25.0,520.0,300.0,Medium
-939499.9999999992,-8749250.0,7.7,32.3,25.0,327.0,170.0,Low
-939499.9999999992,-8649250.0,6.3,43.1,25.0,541.0,290.0,Medium
-939499.9999999992,-8549250.0,5.5,45.7,25.0,645.0,270.0,Medium
-939499.9999999992,-8449250.0,5.2,38.8,25.0,595.0,266.0,Medium
-939499.9999999992,-8349250.0,4.8,38.1,25.0,285.0,170.0,Low
-939499.9999999992,-8249250.0,5.5,39.1,25.0,303.0,179.0,Medium
-939499.9999999992,-8149250.0,4.7,38.1,25.0,332.0,185.0,Low
-939499.9999999992,-8049250.0,4.6,35.9,25.0,317.0,178.0,Low
-939499.9999999992,-7949250.0,5.0,37.3,25.0,323.0,146.0,Low
-939499.9999999992,-7849250.0,4.8,35.0,25.0,307.0,152.0,Low
-939499.9999999992,-7749250.0,4.5,36.1,25.0,336.0,163.0,Low
-939499.9999999992,-7649250.0,4.3,36.8,25.0,350.0,148.0,Low
-939499.9999999992,-7549250.0,4.1,39.8,25.0,238.0,156.0,Low
-939499.9999999992,-7449250.0,3.9,37.9,25.0,298.0,154.0,Low
-939499.9999999992,-7349250.0,3.9,37.2,25.0,302.0,143.0,Low
-939499.9999999992,-7249250.0,3.9,39.3,25.0,286.0,132.0,Low
-939499.9999999992,-7149250.0,4.0,38.3,25.0,236.0,156.0,Low
-939499.9999999992,-7049250.0,4.0,39.1,25.0,270.0,157.0,Low
-939499.9999999992,-6949250.0,3.9,39.6,25.0,276.0,180.0,Low
-939499.9999999992,-6849250.0,4.3,38.8,25.0,276.0,172.0,Low
-939499.9999999992,-6749250.0,3.9,38.3,25.0,269.0,176.0,Low
-939499.9999999992,-6649250.0,4.0,39.4,25.0,202.0,165.0,Low
-939499.9999999992,-6549250.0,4.1,39.9,25.0,235.0,161.0,Low
-939499.9999999992,-6449250.0,4.0,40.0,25.0,238.0,162.0,Low
-939499.9999999992,-6349250.0,4.2,41.4,25.0,234.0,153.0,Low
-939499.9999999992,-6249250.0,4.4,40.9,25.0,267.0,171.0,Low
-939499.9999999992,-6149250.0,4.7,38.3,25.0,210.0,150.0,Low
-939499.9999999992,-6049250.0,4.7,36.4,25.0,242.0,129.0,Low
-939499.9999999992,-5949250.0,4.8,34.5,25.0,238.0,138.0,Low
-939499.9999999992,-5849250.0,5.0,37.4,25.0,364.0,161.0,Low
-939499.9999999992,-5749250.0,5.2,37.8,25.0,247.0,132.0,Low
-939499.9999999992,-5649250.0,4.9,32.8,25.0,229.0,122.0,Low
-939499.9999999992,-5549250.0,4.8,33.2,25.0,227.0,125.0,Low
-939499.9999999992,-5449250.0,5.0,35.5,25.0,251.0,138.0,Low
-939499.9999999992,-5349250.0,5.2,32.4,25.0,165.0,88.0,Low
-939499.9999999992,-5249250.0,5.2,36.2,25.0,214.0,99.0,Low
-939499.9999999992,-5149250.0,5.3,30.1,25.0,193.0,113.0,Low
-939499.9999999992,-5049250.0,5.5,35.1,25.0,143.0,173.0,Low
-939499.9999999992,-4949250.0,5.6,29.1,25.0,112.0,116.0,Low
-939499.9999999992,-4849250.0,5.3,27.7,25.0,153.0,118.0,Low
-939499.9999999992,-4749250.0,5.6,32.0,25.0,103.0,142.0,Low
-939499.9999999992,-4649250.0,6.1,32.3,25.0,101.0,170.0,Medium
-939499.9999999992,-4549250.0,6.5,36.6,25.0,108.0,259.0,Medium
-939499.9999999992,-4449250.0,6.4,35.8,25.0,108.0,203.0,Medium
-939499.9999999992,-4349250.0,6.4,34.6,25.0,107.0,205.0,Medium
-939499.9999999992,-4249250.0,6.6,40.4,25.0,98.0,213.0,Medium
-939499.9999999992,-4149250.0,6.0,37.8,25.0,268.0,184.0,Medium
-939499.9999999992,-4049250.0,6.5,37.4,25.0,232.0,204.0,Medium
-939499.9999999992,-3949250.0,5.1,40.2,25.0,225.0,139.0,Low
-939499.9999999992,1550750.0,6.1,37.1,25.0,213.0,194.0,Medium
-939499.9999999992,1650750.0,5.3,37.0,25.0,198.0,169.0,Low
-939499.9999999992,1750750.0,5.4,29.3,25.0,148.0,112.0,Low
-939499.9999999992,1850750.0,6.0,30.2,25.0,109.0,95.0,Low
-939499.9999999992,1950750.0,5.8,33.1,25.0,124.0,96.0,Low
-939499.9999999992,2050750.0,5.4,34.2,25.0,166.0,95.0,Low
-939499.9999999992,2150750.0,5.5,33.0,25.0,153.0,77.0,Low
-939499.9999999992,2250750.0,5.3,31.9,25.0,116.0,77.0,Low
-939499.9999999992,2350750.0,5.2,34.3,25.0,142.0,104.0,Low
-939499.9999999992,2450750.0,5.3,31.9,25.0,178.0,104.0,Low
-939499.9999999992,2550750.0,5.2,36.2,25.0,160.0,119.0,Low
-939499.9999999992,2650750.0,5.3,35.1,25.0,133.0,76.0,Low
-939499.9999999992,2750750.0,5.3,34.4,25.0,110.0,82.0,Low
-939499.9999999992,2850750.0,5.4,35.7,25.0,168.0,96.0,Low
-939499.9999999992,2950750.0,5.8,32.5,25.0,163.0,134.0,Low
-939499.9999999992,3050750.0,5.4,32.7,25.0,176.0,97.0,Low
-939499.9999999992,3150750.0,5.5,31.1,25.0,143.0,110.0,Low
-939499.9999999992,3250750.0,5.4,37.4,25.0,200.0,121.0,Low
-939499.9999999992,3350750.0,5.7,32.9,25.0,115.0,134.0,Low
-939499.9999999992,3550750.0,5.6,36.7,25.0,136.0,107.0,Low
-939499.9999999992,3750750.0,5.8,27.5,25.0,107.0,133.0,Low
-939499.9999999992,3850750.0,5.8,32.8,25.0,82.0,133.0,Low
-939499.9999999992,3950750.0,5.0,35.5,25.0,226.0,104.0,Low
-939499.9999999992,4050750.0,6.0,34.3,25.0,113.0,123.0,Medium
-939499.9999999992,4150750.0,6.0,34.8,25.0,133.0,93.0,Medium
-939499.9999999992,4250750.0,6.0,32.2,25.0,113.0,132.0,Low
-939499.9999999992,4350750.0,5.9,32.8,25.0,136.0,194.0,Medium
-939499.9999999992,12750750.0,5.5,35.8,25.0,247.0,229.0,Medium
-939499.9999999992,12850750.0,5.3,37.4,25.0,289.0,225.0,Low
-939499.9999999992,12950750.0,5.4,39.8,25.0,337.0,187.0,Medium
-939499.9999999992,13250750.0,5.9,36.9,25.0,213.0,163.0,Medium
-939499.9999999992,13450750.0,5.6,41.7,25.0,381.0,168.0,Medium
-939499.9999999992,13750750.0,6.3,38.0,25.0,229.0,182.0,Medium
-939499.9999999992,14150750.0,5.6,37.9,25.0,197.0,189.0,Medium
-939499.9999999992,15650750.0,5.8,41.7,25.0,286.0,244.0,Medium
-939499.9999999992,15750750.0,5.4,40.9,25.0,202.0,207.0,Low
-939499.9999999992,15850750.0,4.9,38.4,25.0,273.0,274.0,Low
-939499.9999999992,16350750.0,5.6,45.0,25.0,561.0,256.0,Medium
-939499.9999999992,16450750.0,5.3,40.4,25.0,504.0,253.0,Medium
-939499.9999999992,17550750.0,5.1,42.0,25.0,441.0,217.0,Medium
-1039499.9999999992,-8649250.0,7.1,39.7,25.0,408.0,264.0,Medium
-1039499.9999999992,-8549250.0,6.6,38.5,25.0,473.0,255.0,Medium
-1039499.9999999992,-8449250.0,5.4,41.1,25.0,442.0,198.0,Medium
-1039499.9999999992,-8349250.0,5.0,35.9,25.0,311.0,202.0,Low
-1039499.9999999992,-8249250.0,5.3,37.0,25.0,286.0,152.0,Low
-1039499.9999999992,-8149250.0,4.7,31.4,25.0,232.0,155.0,Low
-1039499.9999999992,-8049250.0,4.9,32.9,25.0,219.0,178.0,Low
-1039499.9999999992,-7949250.0,5.5,31.2,25.0,330.0,178.0,Low
-1039499.9999999992,-7849250.0,4.8,37.9,25.0,237.0,162.0,Low
-1039499.9999999992,-7749250.0,4.8,36.6,25.0,342.0,160.0,Low
-1039499.9999999992,-7649250.0,4.5,35.1,25.0,258.0,113.0,Low
-1039499.9999999992,-7549250.0,4.4,35.7,25.0,263.0,135.0,Low
-1039499.9999999992,-7449250.0,4.2,37.8,25.0,298.0,109.0,Low
-1039499.9999999992,-7349250.0,4.1,35.7,25.0,283.0,128.0,Low
-1039499.9999999992,-7249250.0,4.0,35.1,25.0,269.0,159.0,Low
-1039499.9999999992,-7149250.0,4.1,38.4,25.0,233.0,130.0,Low
-1039499.9999999992,-7049250.0,4.4,39.8,25.0,245.0,136.0,Low
-1039499.9999999992,-6949250.0,4.4,37.3,25.0,223.0,167.0,Low
-1039499.9999999992,-6849250.0,4.1,36.3,25.0,229.0,135.0,Low
-1039499.9999999992,-6749250.0,4.3,35.1,25.0,239.0,150.0,Low
-1039499.9999999992,-6649250.0,4.3,35.1,25.0,208.0,151.0,Low
-1039499.9999999992,-6549250.0,4.4,33.4,25.0,226.0,148.0,Low
-1039499.9999999992,-6449250.0,4.2,35.1,25.0,275.0,167.0,Low
-1039499.9999999992,-6349250.0,4.5,40.6,25.0,222.0,149.0,Low
-1039499.9999999992,-6249250.0,4.6,34.0,25.0,250.0,126.0,Low
-1039499.9999999992,-6149250.0,4.7,35.9,25.0,213.0,140.0,Low
-1039499.9999999992,-6049250.0,4.5,35.2,25.0,299.0,137.0,Low
-1039499.9999999992,-5949250.0,4.8,33.8,25.0,302.0,143.0,Low
-1039499.9999999992,-5849250.0,4.9,38.0,25.0,337.0,160.0,Low
-1039499.9999999992,-5749250.0,4.9,38.1,25.0,221.0,129.0,Low
-1039499.9999999992,-5649250.0,4.6,34.9,25.0,179.0,128.0,Low
-1039499.9999999992,-5549250.0,4.9,32.0,25.0,165.0,115.0,Low
-1039499.9999999992,-5449250.0,5.0,34.2,25.0,144.0,88.0,Low
-1039499.9999999992,-5349250.0,5.2,37.6,25.0,149.0,108.0,Low
-1039499.9999999992,-5249250.0,5.3,37.2,25.0,152.0,135.0,Low
-1039499.9999999992,-5149250.0,5.5,32.9,25.0,122.0,93.0,Low
-1039499.9999999992,-5049250.0,5.7,29.9,25.0,137.0,136.0,Low
-1039499.9999999992,-4949250.0,5.4,33.2,25.0,216.0,103.0,Low
-1039499.9999999992,-4849250.0,5.6,30.1,25.0,122.0,147.0,Low
-1039499.9999999992,-4749250.0,6.2,34.9,25.0,117.0,180.0,Medium
-1039499.9999999992,-4649250.0,6.3,32.7,25.0,112.0,147.0,Medium
-1039499.9999999992,-4549250.0,6.4,35.7,25.0,91.0,180.0,Medium
-1039499.9999999992,-4449250.0,7.0,38.9,25.0,103.0,243.0,Medium
-1039499.9999999992,-4349250.0,6.7,35.3,25.0,104.0,196.0,Medium
-1039499.9999999992,-4249250.0,6.7,38.0,25.0,241.0,243.0,Medium
-1039499.9999999992,-4149250.0,6.2,40.2,25.0,265.0,204.0,Medium
-1039499.9999999992,-4049250.0,5.5,39.3,25.0,257.0,197.0,Medium
-1039499.9999999992,1550750.0,6.6,37.9,25.0,189.0,260.0,Medium
-1039499.9999999992,1650750.0,5.3,37.3,25.0,266.0,139.0,Low
-1039499.9999999992,1750750.0,6.0,29.9,25.0,147.0,100.0,Low
-1039499.9999999992,1850750.0,5.7,29.5,25.0,111.0,89.0,Low
-1039499.9999999992,1950750.0,6.5,35.3,25.0,146.0,102.0,Medium
-1039499.9999999992,2050750.0,5.6,34.4,25.0,149.0,89.0,Low
-1039499.9999999992,2150750.0,5.4,34.9,25.0,178.0,91.0,Low
-1039499.9999999992,2250750.0,5.6,36.8,25.0,136.0,153.0,Low
-1039499.9999999992,2350750.0,5.3,33.7,25.0,131.0,79.0,Low
-1039499.9999999992,2450750.0,5.5,32.9,25.0,119.0,84.0,Low
-1039499.9999999992,2550750.0,5.5,38.4,25.0,112.0,91.0,Low
-1039499.9999999992,2650750.0,5.4,36.1,25.0,121.0,90.0,Low
-1039499.9999999992,2750750.0,5.4,35.3,25.0,119.0,85.0,Low
-1039499.9999999992,2850750.0,5.6,31.3,25.0,154.0,101.0,Low
-1039499.9999999992,2950750.0,5.5,37.1,25.0,164.0,92.0,Low
-1039499.9999999992,3050750.0,5.4,34.2,25.0,130.0,95.0,Low
-1039499.9999999992,3250750.0,5.3,32.7,25.0,106.0,85.0,Low
-1039499.9999999992,3350750.0,5.4,35.1,25.0,103.0,92.0,Low
-1039499.9999999992,3450750.0,5.5,32.3,25.0,119.0,87.0,Low
-1039499.9999999992,3550750.0,5.6,32.1,25.0,109.0,78.0,Low
-1039499.9999999992,3650750.0,5.7,32.4,25.0,133.0,103.0,Low
-1039499.9999999992,3750750.0,5.6,41.5,25.0,211.0,141.0,Medium
-1039499.9999999992,3850750.0,5.1,36.4,25.0,181.0,102.0,Low
-1039499.9999999992,3950750.0,5.5,38.2,25.0,194.0,94.0,Low
-1039499.9999999992,4050750.0,5.2,38.5,25.0,169.0,111.0,Low
-1039499.9999999992,4150750.0,5.3,34.1,25.0,121.0,89.0,Low
-1039499.9999999992,4250750.0,6.6,31.6,25.0,121.0,143.0,Medium
-1039499.9999999992,4350750.0,5.4,35.6,25.0,236.0,115.0,Low
-1039499.9999999992,13850750.0,6.2,36.9,25.0,265.0,162.0,Medium
-1039499.9999999992,13950750.0,5.9,39.6,25.0,306.0,215.0,Medium
-1039499.9999999992,16450750.0,5.2,45.7,25.0,569.0,286.0,Medium
-1039499.9999999992,16550750.0,5.1,40.4,25.0,409.0,264.0,Medium
-1039499.9999999992,17750750.0,5.4,42.3,25.0,437.0,221.0,Medium
-1139499.999999999,-8649250.0,7.9,29.6,25.0,179.0,122.0,Low
-1139499.999999999,-8549250.0,6.7,34.1,25.0,323.0,242.0,Medium
-1139499.999999999,-8449250.0,6.7,39.2,25.0,375.0,277.0,Medium
-1139499.999999999,-8349250.0,5.1,38.6,25.0,391.0,210.0,Low
-1139499.999999999,-8249250.0,5.1,39.7,25.0,370.0,203.0,Low
-1139499.999999999,-8149250.0,4.9,32.7,25.0,237.0,138.0,Low
-1139499.999999999,-8049250.0,5.0,35.3,25.0,217.0,167.0,Low
-1139499.999999999,-7949250.0,5.2,33.2,25.0,237.0,195.0,Low
-1139499.999999999,-7849250.0,4.9,33.3,25.0,230.0,153.0,Low
-1139499.999999999,-7749250.0,5.2,32.9,25.0,313.0,161.0,Low
-1139499.999999999,-7649250.0,5.0,32.4,25.0,212.0,116.0,Low
-1139499.999999999,-7549250.0,4.9,33.5,25.0,287.0,133.0,Low
-1139499.999999999,-7449250.0,4.6,34.1,25.0,270.0,124.0,Low
-1139499.999999999,-7349250.0,4.3,35.4,25.0,251.0,135.0,Low
-1139499.999999999,-7249250.0,4.3,36.3,25.0,277.0,133.0,Low
-1139499.999999999,-7149250.0,4.3,39.2,25.0,249.0,140.0,Low
-1139499.999999999,-7049250.0,4.5,42.7,25.0,239.0,151.0,Low
-1139499.999999999,-6949250.0,4.6,35.3,25.0,223.0,164.0,Low
-1139499.999999999,-6849250.0,4.4,34.8,25.0,188.0,132.0,Low
-1139499.999999999,-6749250.0,4.5,36.5,25.0,194.0,144.0,Low
-1139499.999999999,-6649250.0,4.3,37.2,25.0,247.0,133.0,Low
-1139499.999999999,-6549250.0,4.3,36.3,25.0,208.0,143.0,Low
-1139499.999999999,-6449250.0,4.5,34.4,25.0,206.0,150.0,Low
-1139499.999999999,-6349250.0,4.6,33.3,25.0,304.0,136.0,Low
-1139499.999999999,-6249250.0,4.7,34.4,25.0,274.0,142.0,Low
-1139499.999999999,-6149250.0,4.8,36.2,25.0,206.0,139.0,Low
-1139499.999999999,-6049250.0,4.9,34.5,25.0,250.0,127.0,Low
-1139499.999999999,-5949250.0,4.6,35.7,25.0,407.0,153.0,Low
-1139499.999999999,-5849250.0,5.0,33.2,25.0,149.0,103.0,Low
-1139499.999999999,-5749250.0,5.0,34.3,25.0,163.0,129.0,Low
-1139499.999999999,-5649250.0,4.9,34.5,25.0,155.0,110.0,Low
-1139499.999999999,-5549250.0,4.9,34.2,25.0,190.0,114.0,Low
-1139499.999999999,-5449250.0,5.0,36.7,25.0,193.0,110.0,Low
-1139499.999999999,-5349250.0,5.1,33.4,25.0,129.0,115.0,Low
-1139499.999999999,-5249250.0,5.4,35.1,25.0,131.0,129.0,Low
-1139499.999999999,-5149250.0,5.6,30.2,25.0,140.0,108.0,Low
-1139499.999999999,-5049250.0,5.7,31.4,25.0,155.0,88.0,Low
-1139499.999999999,-4949250.0,5.8,32.9,25.0,160.0,118.0,Low
-1139499.999999999,-4849250.0,5.7,27.9,25.0,109.0,139.0,Low
-1139499.999999999,-4749250.0,6.6,31.5,25.0,147.0,161.0,Medium
-1139499.999999999,-4649250.0,6.2,35.6,25.0,162.0,157.0,Medium
-1139499.999999999,-4549250.0,6.7,36.2,25.0,95.0,206.0,Medium
-1139499.999999999,-4449250.0,6.9,39.2,25.0,134.0,245.0,Medium
-1139499.999999999,-4349250.0,6.0,34.8,25.0,263.0,208.0,Medium
-1139499.999999999,-4249250.0,6.7,36.9,25.0,166.0,231.0,Medium
-1139499.999999999,-4149250.0,6.0,37.7,25.0,219.0,196.0,Medium
-1139499.999999999,1550750.0,6.9,39.0,25.0,128.0,277.0,Medium
-1139499.999999999,1650750.0,5.9,36.5,25.0,201.0,124.0,Medium
-1139499.999999999,1750750.0,5.8,34.1,25.0,128.0,86.0,Low
-1139499.999999999,1850750.0,5.7,31.7,25.0,90.0,87.0,Low
-1139499.999999999,1950750.0,5.5,34.0,25.0,104.0,82.0,Low
-1139499.999999999,2050750.0,5.6,32.0,25.0,96.0,88.0,Low
-1139499.999999999,2150750.0,5.7,33.4,25.0,121.0,83.0,Low
-1139499.999999999,2250750.0,5.5,33.3,25.0,101.0,86.0,Low
-1139499.999999999,2350750.0,5.5,35.4,25.0,104.0,80.0,Low
-1139499.999999999,2450750.0,5.5,34.9,25.0,127.0,103.0,Low
-1139499.999999999,2550750.0,5.4,34.4,25.0,115.0,98.0,Low
-1139499.999999999,2650750.0,5.3,35.4,25.0,121.0,81.0,Low
-1139499.999999999,2750750.0,5.3,36.2,25.0,123.0,81.0,Low
-1139499.999999999,2850750.0,5.6,31.8,25.0,137.0,92.0,Low
-1139499.999999999,2950750.0,5.6,29.6,25.0,132.0,100.0,Low
-1139499.999999999,3050750.0,5.8,32.1,25.0,160.0,120.0,Low
-1139499.999999999,3150750.0,5.6,30.2,25.0,146.0,120.0,Low
-1139499.999999999,3250750.0,5.5,33.8,25.0,136.0,113.0,Low
-1139499.999999999,3350750.0,5.5,33.0,25.0,131.0,96.0,Low
-1139499.999999999,3450750.0,5.6,30.8,25.0,108.0,74.0,Low
-1139499.999999999,3550750.0,6.0,35.3,25.0,177.0,96.0,Medium
-1139499.999999999,3650750.0,5.7,29.1,25.0,98.0,99.0,Low
-1139499.999999999,3750750.0,5.7,34.3,25.0,108.0,94.0,Low
-1139499.999999999,3850750.0,5.7,35.6,25.0,173.0,87.0,Low
-1139499.999999999,3950750.0,5.5,36.7,25.0,145.0,105.0,Low
-1139499.999999999,4050750.0,5.5,36.3,25.0,131.0,91.0,Low
-1139499.999999999,4150750.0,6.1,35.8,25.0,131.0,92.0,Medium
-1139499.999999999,4250750.0,6.2,32.4,25.0,104.0,101.0,Medium
-1139499.999999999,4350750.0,5.5,36.9,25.0,160.0,116.0,Low
-1139499.999999999,13450750.0,5.9,35.9,25.0,192.0,194.0,Medium
-1139499.999999999,16550750.0,5.3,38.3,25.0,341.0,255.0,Medium
-1139499.999999999,16650750.0,5.3,39.6,25.0,421.0,215.0,Medium
-1239499.999999999,-8549250.0,7.6,31.9,25.0,214.0,166.0,Low
-1239499.999999999,-8449250.0,6.0,39.3,25.0,444.0,231.0,Medium
-1239499.999999999,-8349250.0,5.4,40.8,25.0,527.0,207.0,Medium
-1239499.999999999,-8249250.0,5.3,39.7,25.0,402.0,166.0,Medium
-1239499.999999999,-8149250.0,4.6,35.4,25.0,210.0,155.0,Low
-1239499.999999999,-8049250.0,4.8,34.9,25.0,260.0,158.0,Low
-1239499.999999999,-7949250.0,4.9,34.7,25.0,290.0,187.0,Low
-1239499.999999999,-7849250.0,4.9,33.4,25.0,270.0,191.0,Low
-1239499.999999999,-7749250.0,5.3,31.5,25.0,314.0,164.0,Low
-1239499.999999999,-7649250.0,4.5,33.9,25.0,264.0,157.0,Low
-1239499.999999999,-7549250.0,4.9,33.2,25.0,226.0,130.0,Low
-1239499.999999999,-7449250.0,5.0,35.9,25.0,311.0,137.0,Low
-1239499.999999999,-7249250.0,4.5,37.0,25.0,244.0,139.0,Low
-1239499.999999999,-7149250.0,4.8,35.3,25.0,221.0,122.0,Low
-1239499.999999999,-7049250.0,4.8,37.5,25.0,230.0,129.0,Low
-1239499.999999999,-6949250.0,4.7,35.1,25.0,213.0,117.0,Low
-1239499.999999999,-6849250.0,4.9,37.9,25.0,251.0,117.0,Low
-1239499.999999999,-6749250.0,4.4,36.4,25.0,301.0,145.0,Low
-1239499.999999999,-6649250.0,4.2,34.8,25.0,218.0,126.0,Low
-1239499.999999999,-6549250.0,4.4,34.2,25.0,210.0,124.0,Low
-1239499.999999999,-6449250.0,4.6,34.1,25.0,177.0,161.0,Low
-1239499.999999999,-6349250.0,4.7,33.9,25.0,160.0,112.0,Low
-1239499.999999999,-6249250.0,4.4,34.6,25.0,183.0,107.0,Low
-1239499.999999999,-6149250.0,4.4,37.5,25.0,200.0,110.0,Low
-1239499.999999999,-6049250.0,4.2,33.7,25.0,198.0,133.0,Low
-1239499.999999999,-5949250.0,4.3,35.4,25.0,231.0,144.0,Low
-1239499.999999999,-5849250.0,4.8,35.9,25.0,191.0,109.0,Low
-1239499.999999999,-5749250.0,4.9,34.9,25.0,209.0,130.0,Low
-1239499.999999999,-5649250.0,5.1,35.3,25.0,234.0,144.0,Low
-1239499.999999999,-5549250.0,5.3,35.3,25.0,230.0,121.0,Low
-1239499.999999999,-5449250.0,5.2,34.6,25.0,141.0,104.0,Low
-1239499.999999999,-5349250.0,5.4,37.3,25.0,144.0,112.0,Low
-1239499.999999999,-5249250.0,5.5,38.5,25.0,162.0,120.0,Low
-1239499.999999999,-5149250.0,5.8,28.4,25.0,115.0,108.0,Low
-1239499.999999999,-5049250.0,5.8,31.5,25.0,145.0,104.0,Low
-1239499.999999999,-4949250.0,5.7,31.1,25.0,183.0,124.0,Low
-1239499.999999999,-4849250.0,6.7,34.2,25.0,141.0,203.0,Medium
-1239499.999999999,-4749250.0,7.0,35.0,25.0,123.0,182.0,Medium
-1239499.999999999,-4649250.0,6.9,39.7,25.0,153.0,212.0,Medium
-1239499.999999999,-4549250.0,5.4,38.9,25.0,319.0,184.0,Medium
-1239499.999999999,-4449250.0,6.5,39.9,25.0,183.0,253.0,Medium
-1239499.999999999,-4349250.0,6.4,37.0,25.0,203.0,221.0,Medium
-1239499.999999999,-4249250.0,5.9,36.5,25.0,288.0,202.0,Medium
-1239499.999999999,1650750.0,6.0,36.0,25.0,103.0,138.0,Medium
-1239499.999999999,1750750.0,5.9,38.4,25.0,214.0,123.0,Medium
-1239499.999999999,1850750.0,5.8,34.5,25.0,136.0,102.0,Low
-1239499.999999999,1950750.0,5.6,33.3,25.0,95.0,92.0,Low
-1239499.999999999,2050750.0,5.5,33.7,25.0,125.0,92.0,Low
-1239499.999999999,2150750.0,5.5,34.6,25.0,98.0,90.0,Low
-1239499.999999999,2250750.0,5.4,33.8,25.0,100.0,89.0,Low
-1239499.999999999,2350750.0,5.6,33.7,25.0,127.0,87.0,Low
-1239499.999999999,2450750.0,5.6,34.5,25.0,122.0,111.0,Low
-1239499.999999999,2550750.0,5.4,36.2,25.0,105.0,91.0,Low
-1239499.999999999,2650750.0,5.3,36.5,25.0,147.0,90.0,Low
-1239499.999999999,2750750.0,5.4,34.4,25.0,151.0,89.0,Low
-1239499.999999999,2850750.0,5.4,35.2,25.0,156.0,82.0,Low
-1239499.999999999,2950750.0,5.5,32.3,25.0,128.0,87.0,Low
-1239499.999999999,3050750.0,5.6,35.3,25.0,134.0,110.0,Low
-1239499.999999999,3150750.0,5.6,28.0,25.0,213.0,96.0,Low
-1239499.999999999,3250750.0,5.6,27.2,25.0,169.0,100.0,Low
-1239499.999999999,3350750.0,6.2,32.9,25.0,240.0,130.0,Medium
-1239499.999999999,3450750.0,5.9,31.1,25.0,125.0,67.0,Low
-1239499.999999999,3550750.0,5.8,35.4,25.0,114.0,86.0,Low
-1239499.999999999,3650750.0,6.1,34.5,25.0,117.0,135.0,Medium
-1239499.999999999,3750750.0,5.9,34.6,25.0,168.0,93.0,Low
-1239499.999999999,3850750.0,5.3,37.1,25.0,191.0,106.0,Low
-1239499.999999999,3950750.0,5.4,33.4,25.0,111.0,105.0,Low
-1239499.999999999,4050750.0,5.8,33.4,25.0,116.0,105.0,Low
-1239499.999999999,4150750.0,5.9,32.9,25.0,137.0,112.0,Low
-1239499.999999999,4250750.0,6.4,32.4,25.0,110.0,95.0,Medium
-1239499.999999999,4350750.0,5.9,33.4,25.0,126.0,96.0,Low
-1239499.999999999,4450750.0,5.8,35.0,25.0,128.0,133.0,Low
-1239499.999999999,15850750.0,5.8,33.3,25.0,125.0,149.0,Low
-1339499.999999999,-8449250.0,6.8,35.7,25.0,280.0,231.0,Medium
-1339499.999999999,-8349250.0,6.6,33.8,25.0,268.0,174.0,Medium
-1339499.999999999,-8249250.0,5.6,38.5,25.0,531.0,277.0,Medium
-1339499.999999999,-8149250.0,5.2,40.4,25.0,559.0,250.0,Medium
-1339499.999999999,-8049250.0,5.3,39.0,25.0,467.0,285.0,Medium
-1339499.999999999,-7949250.0,5.3,40.0,25.0,269.0,180.0,Low
-1339499.999999999,-7849250.0,5.2,36.0,25.0,382.0,141.0,Low
-1339499.999999999,-7749250.0,4.8,37.8,25.0,277.0,192.0,Low
-1339499.999999999,-7649250.0,4.8,32.6,25.0,222.0,151.0,Low
-1339499.999999999,-7549250.0,4.9,34.1,25.0,271.0,155.0,Low
-1339499.999999999,-7449250.0,5.1,34.6,25.0,266.0,138.0,Low
-1339499.999999999,-7349250.0,5.2,36.2,25.0,312.0,155.0,Low
-1339499.999999999,-7249250.0,4.8,36.4,25.0,222.0,131.0,Low
-1339499.999999999,-7149250.0,4.6,36.1,25.0,213.0,146.0,Low
-1339499.999999999,-7049250.0,5.1,36.1,25.0,201.0,155.0,Low
-1339499.999999999,-6949250.0,5.0,37.4,25.0,185.0,163.0,Low
-1339499.999999999,-6849250.0,4.8,34.6,25.0,214.0,114.0,Low
-1339499.999999999,-6749250.0,4.6,36.3,25.0,189.0,106.0,Low
-1339499.999999999,-6649250.0,4.7,35.7,25.0,202.0,110.0,Low
-1339499.999999999,-6549250.0,4.3,36.4,25.0,179.0,124.0,Low
-1339499.999999999,-6449250.0,4.5,34.8,25.0,184.0,99.0,Low
-1339499.999999999,-6349250.0,4.3,35.9,25.0,196.0,121.0,Low
-1339499.999999999,-6249250.0,4.7,35.3,25.0,149.0,145.0,Low
-1339499.999999999,-6149250.0,5.0,35.4,25.0,160.0,122.0,Low
-1339499.999999999,-6049250.0,4.5,34.4,25.0,191.0,130.0,Low
-1339499.999999999,-5949250.0,4.9,34.0,25.0,195.0,109.0,Low
-1339499.999999999,-5849250.0,5.0,34.1,25.0,133.0,99.0,Low
-1339499.999999999,-5749250.0,4.9,38.1,25.0,166.0,114.0,Low
-1339499.999999999,-5649250.0,5.2,34.6,25.0,228.0,147.0,Low
-1339499.999999999,-5549250.0,5.2,34.4,25.0,140.0,108.0,Low
-1339499.999999999,-5449250.0,5.2,34.9,25.0,177.0,107.0,Low
-1339499.999999999,-5349250.0,5.7,36.3,25.0,175.0,104.0,Low
-1339499.999999999,-5249250.0,5.6,37.2,25.0,147.0,116.0,Low
-1339499.999999999,-5149250.0,5.8,32.6,25.0,157.0,105.0,Low
-1339499.999999999,-5049250.0,5.8,31.7,25.0,152.0,119.0,Low
-1339499.999999999,-4949250.0,5.8,33.2,25.0,136.0,125.0,Low
-1339499.999999999,-4849250.0,5.8,32.9,25.0,187.0,157.0,Low
-1339499.999999999,-4749250.0,5.9,32.8,25.0,151.0,128.0,Low
-1339499.999999999,-4649250.0,5.7,37.6,25.0,238.0,233.0,Medium
-1339499.999999999,-4549250.0,6.2,37.9,25.0,272.0,232.0,Medium
-1339499.999999999,-4449250.0,6.7,38.1,25.0,267.0,287.0,Medium
-1339499.999999999,-4349250.0,5.9,36.4,25.0,341.0,211.0,Medium
-1339499.999999999,-4249250.0,5.2,36.2,25.0,217.0,186.0,Low
-1339499.999999999,1550750.0,7.6,34.9,25.0,93.0,172.0,Low
-1339499.999999999,1650750.0,5.9,37.8,25.0,123.0,134.0,Medium
-1339499.999999999,1750750.0,6.0,37.1,25.0,112.0,123.0,Medium
-1339499.999999999,1850750.0,5.6,36.6,25.0,114.0,100.0,Low
-1339499.999999999,1950750.0,5.7,31.8,25.0,106.0,110.0,Low
-1339499.999999999,2050750.0,5.4,35.2,25.0,122.0,104.0,Low
-1339499.999999999,2150750.0,5.4,35.3,25.0,105.0,92.0,Low
-1339499.999999999,2250750.0,5.4,32.3,25.0,83.0,91.0,Low
-1339499.999999999,2350750.0,5.9,34.2,25.0,134.0,127.0,Low
-1339499.999999999,2450750.0,6.0,32.1,25.0,180.0,151.0,Medium
-1339499.999999999,2550750.0,5.3,36.5,25.0,121.0,106.0,Low
-1339499.999999999,2650750.0,5.3,35.5,25.0,190.0,99.0,Low
-1339499.999999999,2750750.0,5.4,36.0,25.0,158.0,88.0,Low
-1339499.999999999,2850750.0,5.5,35.6,25.0,188.0,79.0,Low
-1339499.999999999,2950750.0,5.4,33.2,25.0,156.0,81.0,Low
-1339499.999999999,3050750.0,5.5,32.7,25.0,126.0,88.0,Low
-1339499.999999999,3150750.0,5.7,28.6,25.0,249.0,106.0,Low
-1339499.999999999,3250750.0,5.6,27.3,25.0,161.0,86.0,Low
-1339499.999999999,3350750.0,6.2,33.6,25.0,290.0,132.0,Medium
-1339499.999999999,3450750.0,6.2,32.7,25.0,102.0,64.0,Medium
-1339499.999999999,3550750.0,6.2,30.1,25.0,116.0,85.0,Low
-1339499.999999999,3650750.0,6.0,29.9,25.0,110.0,79.0,Low
-1339499.999999999,3750750.0,5.5,37.5,25.0,164.0,112.0,Low
-1339499.999999999,3850750.0,6.0,32.9,25.0,129.0,108.0,Low
-1339499.999999999,3950750.0,5.6,35.9,25.0,134.0,98.0,Low
-1339499.999999999,4050750.0,5.7,33.1,25.0,136.0,107.0,Low
-1339499.999999999,4150750.0,5.6,38.6,25.0,202.0,112.0,Low
-1339499.999999999,4250750.0,5.9,33.1,25.0,116.0,96.0,Low
-1339499.999999999,4350750.0,6.1,33.8,25.0,112.0,86.0,Medium
-1339499.999999999,4450750.0,5.7,34.1,25.0,126.0,80.0,Low
-1339499.999999999,14850750.0,6.0,33.6,25.0,120.0,132.0,Medium
-1339499.999999999,14950750.0,5.8,35.0,25.0,113.0,175.0,Low
-1339499.999999999,15850750.0,5.6,32.7,25.0,75.0,75.0,Low
-1439499.999999999,-8449250.0,7.8,30.7,25.0,218.0,165.0,Low
-1439499.999999999,-8349250.0,6.6,37.4,25.0,277.0,251.0,Medium
-1439499.999999999,-8249250.0,6.3,36.2,25.0,396.0,206.0,Medium
-1439499.999999999,-8149250.0,5.4,42.4,25.0,381.0,203.0,Medium
-1439499.999999999,-8049250.0,5.2,40.3,25.0,516.0,175.0,Medium
-1439499.999999999,-7949250.0,5.2,39.2,25.0,718.0,271.0,Medium
-1439499.999999999,-7849250.0,4.9,35.7,25.0,565.0,205.0,Low
-1439499.999999999,-7749250.0,5.1,34.3,25.0,383.0,168.0,Low
-1439499.999999999,-7649250.0,4.9,34.6,25.0,289.0,164.0,Low
-1439499.999999999,-7549250.0,4.9,36.7,25.0,259.0,145.0,Low
-1439499.999999999,-7449250.0,5.1,35.7,25.0,271.0,105.0,Low
-1439499.999999999,-7349250.0,5.1,34.9,25.0,264.0,143.0,Low
-1439499.999999999,-7249250.0,5.3,37.1,25.0,229.0,145.0,Low
-1439499.999999999,-7149250.0,5.2,36.7,25.0,204.0,147.0,Low
-1439499.999999999,-7049250.0,5.2,35.6,25.0,302.0,98.0,Low
-1439499.999999999,-6949250.0,4.9,35.8,25.0,197.0,125.0,Low
-1439499.999999999,-6849250.0,4.7,34.5,25.0,189.0,102.0,Low
-1439499.999999999,-6749250.0,5.2,33.4,25.0,155.0,102.0,Low
-1439499.999999999,-6649250.0,4.8,35.2,25.0,170.0,139.0,Low
-1439499.999999999,-6549250.0,4.9,35.7,25.0,197.0,207.0,Low
-1439499.999999999,-6449250.0,4.4,35.2,25.0,179.0,118.0,Low
-1439499.999999999,-6349250.0,4.4,34.7,25.0,186.0,113.0,Low
-1439499.999999999,-6249250.0,5.2,36.1,25.0,200.0,154.0,Low
-1439499.999999999,-6149250.0,4.8,34.9,25.0,168.0,114.0,Low
-1439499.999999999,-6049250.0,4.9,35.8,25.0,173.0,110.0,Low
-1439499.999999999,-5949250.0,4.8,34.1,25.0,179.0,98.0,Low
-1439499.999999999,-5849250.0,5.0,34.9,25.0,222.0,101.0,Low
-1439499.999999999,-5749250.0,5.1,35.8,25.0,161.0,123.0,Low
-1439499.999999999,-5649250.0,5.3,35.0,25.0,195.0,103.0,Low
-1439499.999999999,-5549250.0,5.4,36.7,25.0,142.0,105.0,Low
-1439499.999999999,-5449250.0,5.4,37.3,25.0,151.0,103.0,Low
-1439499.999999999,-5349250.0,5.8,38.3,25.0,150.0,130.0,Medium
-1439499.999999999,-5249250.0,5.5,34.1,25.0,126.0,84.0,Low
-1439499.999999999,-5149250.0,5.7,32.5,25.0,114.0,97.0,Low
-1439499.999999999,-5049250.0,5.6,30.0,25.0,115.0,87.0,Low
-1439499.999999999,-4949250.0,5.8,31.8,25.0,153.0,110.0,Low
-1439499.999999999,-4849250.0,5.8,31.6,25.0,166.0,128.0,Low
-1439499.999999999,-4749250.0,5.6,35.7,25.0,203.0,131.0,Low
-1439499.999999999,-4649250.0,5.6,37.9,25.0,245.0,161.0,Medium
-1439499.999999999,-4549250.0,5.9,37.4,25.0,220.0,207.0,Medium
-1439499.999999999,-4449250.0,5.5,41.1,25.0,495.0,201.0,Medium
-1439499.999999999,1550750.0,6.5,33.7,25.0,90.0,171.0,Medium
-1439499.999999999,1650750.0,5.9,36.7,25.0,107.0,112.0,Low
-1439499.999999999,1750750.0,6.0,32.6,25.0,119.0,115.0,Low
-1439499.999999999,1850750.0,5.7,33.8,25.0,88.0,99.0,Low
-1439499.999999999,1950750.0,5.6,33.3,25.0,107.0,92.0,Low
-1439499.999999999,2050750.0,5.6,33.3,25.0,99.0,84.0,Low
-1439499.999999999,2150750.0,5.6,33.8,25.0,92.0,82.0,Low
-1439499.999999999,2250750.0,5.5,33.6,25.0,98.0,67.0,Low
-1439499.999999999,2350750.0,5.8,33.3,25.0,108.0,85.0,Low
-1439499.999999999,2450750.0,5.9,30.0,25.0,165.0,100.0,Low
-1439499.999999999,2550750.0,5.4,35.2,25.0,137.0,87.0,Low
-1439499.999999999,2650750.0,5.4,36.4,25.0,140.0,70.0,Low
-1439499.999999999,2750750.0,5.9,30.0,25.0,160.0,96.0,Low
-1439499.999999999,2850750.0,5.4,35.4,25.0,131.0,90.0,Low
-1439499.999999999,2950750.0,5.9,29.7,25.0,242.0,81.0,Low
-1439499.999999999,3050750.0,5.6,35.9,25.0,129.0,111.0,Low
-1439499.999999999,3150750.0,5.7,33.2,25.0,120.0,98.0,Low
-1439499.999999999,3250750.0,5.9,34.5,25.0,131.0,109.0,Low
-1439499.999999999,3350750.0,6.0,32.1,25.0,114.0,61.0,Low
-1439499.999999999,3450750.0,5.9,34.2,25.0,171.0,87.0,Low
-1439499.999999999,3550750.0,6.1,29.5,25.0,114.0,111.0,Low
-1439499.999999999,3650750.0,6.2,30.3,25.0,127.0,72.0,Low
-1439499.999999999,3750750.0,5.6,34.3,25.0,122.0,93.0,Low
-1439499.999999999,3850750.0,5.8,34.7,25.0,136.0,110.0,Low
-1439499.999999999,3950750.0,5.5,36.0,25.0,130.0,102.0,Low
-1439499.999999999,4050750.0,5.9,32.5,25.0,131.0,109.0,Low
-1439499.999999999,4150750.0,5.7,34.7,25.0,148.0,87.0,Low
-1439499.999999999,4250750.0,6.0,34.2,25.0,119.0,118.0,Medium
-1439499.999999999,4350750.0,5.9,34.2,25.0,124.0,96.0,Low
-1439499.999999999,4950750.0,5.9,38.0,25.0,218.0,223.0,Medium
-1439499.999999999,5450750.0,5.9,35.8,25.0,218.0,162.0,Medium
-1439499.999999999,14550750.0,5.7,34.0,25.0,263.0,168.0,Medium
-1439499.999999999,14650750.0,6.0,33.3,25.0,85.0,156.0,Medium
-1439499.999999999,14750750.0,6.1,32.9,25.0,95.0,103.0,Medium
-1439499.999999999,14850750.0,5.9,33.2,25.0,242.0,89.0,Low
-1439499.999999999,14950750.0,6.0,31.5,25.0,88.0,119.0,Low
-1439499.999999999,15050750.0,6.2,34.8,25.0,78.0,172.0,Medium
-1439499.999999999,15150750.0,5.8,32.6,25.0,97.0,130.0,Low
-1439499.999999999,15850750.0,5.9,32.5,25.0,75.0,93.0,Low
-1439499.999999999,15950750.0,5.5,37.8,25.0,151.0,178.0,Low
-1539499.999999999,-8349250.0,6.9,34.2,25.0,228.0,222.0,Medium
-1539499.999999999,-8249250.0,6.7,37.9,25.0,273.0,267.0,Medium
-1539499.999999999,-8149250.0,6.4,38.3,25.0,453.0,193.0,Medium
-1539499.999999999,-8049250.0,6.0,38.0,25.0,447.0,243.0,Medium
-1539499.999999999,-7949250.0,6.2,34.5,25.0,382.0,174.0,Medium
-1539499.999999999,-7849250.0,6.3,39.6,25.0,421.0,250.0,Medium
-1539499.999999999,-7749250.0,5.4,40.1,25.0,571.0,284.0,Medium
-1539499.999999999,-7649250.0,5.2,39.8,25.0,482.0,277.0,Medium
-1539499.999999999,-7549250.0,5.2,36.8,25.0,262.0,184.0,Low
-1539499.999999999,-7449250.0,5.7,35.8,25.0,272.0,126.0,Medium
-1539499.999999999,-7349250.0,5.2,36.6,25.0,255.0,173.0,Low
-1539499.999999999,-7249250.0,5.2,36.0,25.0,229.0,122.0,Low
-1539499.999999999,-7149250.0,5.2,36.4,25.0,199.0,125.0,Low
-1539499.999999999,-7049250.0,5.5,35.5,25.0,189.0,124.0,Low
-1539499.999999999,-6949250.0,5.3,34.5,25.0,304.0,95.0,Low
-1539499.999999999,-6849250.0,5.0,35.3,25.0,170.0,122.0,Low
-1539499.999999999,-6749250.0,5.2,37.5,25.0,229.0,125.0,Low
-1539499.999999999,-6649250.0,5.0,36.7,25.0,165.0,100.0,Low
-1539499.999999999,-6549250.0,5.1,35.8,25.0,166.0,174.0,Low
-1539499.999999999,-6449250.0,5.0,34.0,25.0,181.0,123.0,Low
-1539499.999999999,-6349250.0,5.0,35.1,25.0,145.0,180.0,Low
-1539499.999999999,-6249250.0,5.0,37.2,25.0,134.0,146.0,Low
-1539499.999999999,-6149250.0,5.1,34.7,25.0,145.0,99.0,Low
-1539499.999999999,-6049250.0,5.0,36.8,25.0,133.0,87.0,Low
-1539499.999999999,-5949250.0,5.2,36.5,25.0,170.0,91.0,Low
-1539499.999999999,-5849250.0,5.2,31.1,25.0,152.0,94.0,Low
-1539499.999999999,-5749250.0,5.4,35.2,25.0,148.0,102.0,Low
-1539499.999999999,-5649250.0,5.3,33.5,25.0,141.0,106.0,Low
-1539499.999999999,-5549250.0,5.5,36.8,25.0,147.0,105.0,Low
-1539499.999999999,-5449250.0,5.4,36.8,25.0,147.0,104.0,Low
-1539499.999999999,-5349250.0,5.4,39.4,25.0,182.0,122.0,Low
-1539499.999999999,-5249250.0,6.1,36.1,25.0,154.0,112.0,Medium
-1539499.999999999,-5149250.0,5.7,30.7,25.0,156.0,84.0,Low
-1539499.999999999,-5049250.0,6.0,29.0,25.0,151.0,97.0,Low
-1539499.999999999,-4949250.0,5.8,33.5,25.0,138.0,117.0,Low
-1539499.999999999,-4849250.0,5.9,33.0,25.0,154.0,142.0,Low
-1539499.999999999,-4749250.0,5.9,36.1,25.0,143.0,163.0,Medium
-1539499.999999999,-4649250.0,5.9,38.0,25.0,206.0,160.0,Medium
-1539499.999999999,-4549250.0,5.7,38.5,25.0,251.0,185.0,Medium
-1539499.999999999,-4449250.0,5.5,39.8,25.0,433.0,193.0,Medium
-1539499.999999999,1450750.0,7.5,33.9,25.0,87.0,172.0,Low
-1539499.999999999,1550750.0,6.3,32.6,25.0,72.0,147.0,Medium
-1539499.999999999,1650750.0,6.0,37.4,25.0,109.0,126.0,Medium
-1539499.999999999,1750750.0,5.9,31.8,25.0,87.0,99.0,Low
-1539499.999999999,1850750.0,5.7,32.9,25.0,74.0,87.0,Low
-1539499.999999999,1950750.0,5.6,33.1,25.0,104.0,71.0,Low
-1539499.999999999,2050750.0,5.5,32.2,25.0,98.0,86.0,Low
-1539499.999999999,2150750.0,5.5,33.6,25.0,103.0,81.0,Low
-1539499.999999999,2250750.0,5.7,31.6,25.0,100.0,77.0,Low
-1539499.999999999,2350750.0,5.6,31.3,25.0,105.0,73.0,Low
-1539499.999999999,2450750.0,5.8,28.8,25.0,129.0,106.0,Low
-1539499.999999999,2550750.0,5.8,26.5,25.0,104.0,79.0,Low
-1539499.999999999,2650750.0,5.9,30.3,25.0,139.0,95.0,Low
-1539499.999999999,2750750.0,6.0,28.8,25.0,203.0,61.0,Low
-1539499.999999999,2850750.0,6.1,35.5,25.0,125.0,81.0,Medium
-1539499.999999999,2950750.0,6.1,32.7,25.0,112.0,83.0,Low
-1539499.999999999,3050750.0,6.2,36.5,25.0,115.0,78.0,Medium
-1539499.999999999,3150750.0,6.2,32.0,25.0,108.0,66.0,Medium
-1539499.999999999,3250750.0,6.0,29.0,25.0,102.0,71.0,Low
-1539499.999999999,3350750.0,6.4,31.7,25.0,118.0,103.0,Medium
-1539499.999999999,3450750.0,6.3,33.6,25.0,117.0,122.0,Medium
-1539499.999999999,3550750.0,6.2,32.9,25.0,149.0,67.0,Medium
-1539499.999999999,3650750.0,6.0,32.5,25.0,139.0,67.0,Low
-1539499.999999999,3750750.0,6.2,35.9,25.0,160.0,95.0,Medium
-1539499.999999999,3950750.0,5.7,33.4,25.0,112.0,71.0,Low
-1539499.999999999,4050750.0,5.8,34.7,25.0,142.0,103.0,Low
-1539499.999999999,4150750.0,6.1,31.6,25.0,118.0,112.0,Medium
-1539499.999999999,4250750.0,6.2,32.9,25.0,120.0,92.0,Medium
-1539499.999999999,4350750.0,6.1,34.8,25.0,129.0,96.0,Medium
-1539499.999999999,4450750.0,6.3,32.3,25.0,142.0,196.0,Medium
-1539499.999999999,5250750.0,5.6,38.6,25.0,236.0,246.0,Medium
-1539499.999999999,5350750.0,5.8,38.9,25.0,363.0,227.0,Medium
-1539499.999999999,5450750.0,5.4,40.8,25.0,406.0,226.0,Medium
-1539499.999999999,14550750.0,6.4,36.1,25.0,175.0,176.0,Medium
-1539499.999999999,14650750.0,6.3,34.4,25.0,88.0,115.0,Medium
-1539499.999999999,14750750.0,6.0,33.5,25.0,118.0,123.0,Medium
-1539499.999999999,14850750.0,6.1,31.4,25.0,121.0,143.0,Medium
-1539499.999999999,14950750.0,6.2,30.7,25.0,75.0,151.0,Medium
-1539499.999999999,15050750.0,6.3,34.2,25.0,62.0,210.0,Medium
-1539499.999999999,15150750.0,6.1,34.8,25.0,102.0,175.0,Medium
-1539499.999999999,15850750.0,6.1,33.0,25.0,66.0,122.0,Medium
-1539499.999999999,15950750.0,5.2,39.6,25.0,219.0,116.0,Low
-1539499.999999999,18550750.0,5.3,44.1,25.0,460.0,323.0,Medium
-1639499.999999999,-8349250.0,8.1,27.7,25.0,232.0,199.0,Low
-1639499.999999999,-8249250.0,7.0,34.7,25.0,183.0,190.0,Medium
-1639499.999999999,-8149250.0,6.4,38.1,25.0,346.0,263.0,Medium
-1639499.999999999,-8049250.0,6.4,37.7,25.0,307.0,258.0,Medium
-1639499.999999999,-7949250.0,6.4,40.6,25.0,353.0,274.0,Medium
-1639499.999999999,-7849250.0,6.2,37.3,25.0,286.0,234.0,Medium
-1639499.999999999,-7749250.0,6.6,39.0,25.0,279.0,225.0,Medium
-1639499.999999999,-7649250.0,6.3,44.3,25.0,632.0,280.0,Medium
-1639499.999999999,-7549250.0,5.1,38.7,25.0,429.0,183.0,Low
-1639499.999999999,-7449250.0,5.4,38.9,25.0,288.0,151.0,Low
-1639499.999999999,-7349250.0,5.3,36.8,25.0,264.0,136.0,Low
-1639499.999999999,-7249250.0,5.1,37.0,25.0,215.0,147.0,Low
-1639499.999999999,-7149250.0,5.2,37.1,25.0,243.0,139.0,Low
-1639499.999999999,-7049250.0,5.3,33.7,25.0,272.0,89.0,Low
-1639499.999999999,-6949250.0,5.6,32.8,25.0,236.0,88.0,Low
-1639499.999999999,-6849250.0,5.3,34.0,25.0,306.0,62.0,Low
-1639499.999999999,-6749250.0,5.6,37.6,25.0,304.0,118.0,Low
-1639499.999999999,-6649250.0,5.0,36.1,25.0,170.0,107.0,Low
-1639499.999999999,-6549250.0,5.0,36.2,25.0,146.0,99.0,Low
-1639499.999999999,-6449250.0,5.5,37.4,25.0,209.0,95.0,Low
-1639499.999999999,-6349250.0,4.9,36.6,25.0,189.0,123.0,Low
-1639499.999999999,-6249250.0,5.4,37.8,25.0,176.0,122.0,Low
-1639499.999999999,-6149250.0,5.2,36.6,25.0,160.0,114.0,Low
-1639499.999999999,-6049250.0,5.0,33.5,25.0,330.0,165.0,Low
-1639499.999999999,-5949250.0,5.2,38.2,25.0,130.0,105.0,Low
-1639499.999999999,-5849250.0,5.3,35.3,25.0,129.0,94.0,Low
-1639499.999999999,-5749250.0,5.5,34.6,25.0,153.0,101.0,Low
-1639499.999999999,-5649250.0,5.6,36.5,25.0,155.0,114.0,Low
-1639499.999999999,-5549250.0,5.4,37.5,25.0,179.0,96.0,Low
-1639499.999999999,-5449250.0,5.6,35.3,25.0,164.0,106.0,Low
-1639499.999999999,-5349250.0,5.3,37.9,25.0,159.0,108.0,Low
-1639499.999999999,-5249250.0,5.8,34.8,25.0,151.0,110.0,Low
-1639499.999999999,-5149250.0,6.0,33.7,25.0,242.0,167.0,Medium
-1639499.999999999,-5049250.0,5.7,33.4,25.0,168.0,98.0,Low
-1639499.999999999,-4949250.0,6.2,31.1,25.0,148.0,112.0,Medium
-1639499.999999999,-4849250.0,6.0,32.1,25.0,147.0,119.0,Low
-1639499.999999999,-4749250.0,5.7,33.6,25.0,177.0,141.0,Low
-1639499.999999999,-4649250.0,6.2,37.7,25.0,182.0,200.0,Medium
-1639499.999999999,-4549250.0,5.8,40.8,25.0,354.0,198.0,Medium
-1639499.999999999,-4449250.0,5.6,38.9,25.0,375.0,197.0,Medium
-1639499.999999999,1450750.0,7.2,37.7,25.0,121.0,186.0,Medium
-1639499.999999999,1550750.0,5.9,33.2,25.0,140.0,132.0,Low
-1639499.999999999,1650750.0,6.2,36.4,25.0,111.0,258.0,Medium
-1639499.999999999,1750750.0,5.8,33.1,25.0,73.0,135.0,Low
-1639499.999999999,1850750.0,5.8,33.0,25.0,69.0,98.0,Low
-1639499.999999999,1950750.0,5.7,32.9,25.0,102.0,105.0,Low
-1639499.999999999,2050750.0,5.7,31.1,25.0,85.0,113.0,Low
-1639499.999999999,2150750.0,5.9,33.1,25.0,78.0,87.0,Low
-1639499.999999999,2250750.0,5.8,31.9,25.0,107.0,69.0,Low
-1639499.999999999,2350750.0,5.9,32.1,25.0,129.0,100.0,Low
-1639499.999999999,2450750.0,6.0,28.9,25.0,133.0,120.0,Low
-1639499.999999999,2550750.0,5.8,28.2,25.0,154.0,101.0,Low
-1639499.999999999,2650750.0,5.8,26.3,25.0,155.0,54.0,Low
-1639499.999999999,2750750.0,5.9,30.3,25.0,92.0,55.0,Low
-1639499.999999999,2850750.0,6.0,26.5,25.0,135.0,81.0,Low
-1639499.999999999,2950750.0,6.3,31.6,25.0,116.0,116.0,Medium
-1639499.999999999,3050750.0,6.1,30.2,25.0,125.0,78.0,Low
-1639499.999999999,3150750.0,6.2,26.7,25.0,113.0,98.0,Low
-1639499.999999999,3250750.0,6.4,30.0,25.0,142.0,122.0,Medium
-1639499.999999999,3350750.0,6.5,31.6,25.0,129.0,105.0,Medium
-1639499.999999999,3450750.0,6.3,31.6,25.0,123.0,161.0,Medium
-1639499.999999999,3550750.0,5.9,33.4,25.0,152.0,115.0,Low
-1639499.999999999,3650750.0,6.1,34.2,25.0,131.0,102.0,Medium
-1639499.999999999,3750750.0,6.0,33.7,25.0,124.0,83.0,Medium
-1639499.999999999,3850750.0,6.0,37.8,25.0,201.0,112.0,Medium
-1639499.999999999,3950750.0,5.7,34.7,25.0,107.0,98.0,Low
-1639499.999999999,4050750.0,6.1,34.3,25.0,121.0,121.0,Medium
-1639499.999999999,4150750.0,6.0,34.4,25.0,135.0,121.0,Medium
-1639499.999999999,4250750.0,5.9,32.2,25.0,101.0,87.0,Low
-1639499.999999999,4350750.0,6.2,32.2,25.0,115.0,107.0,Medium
-1639499.999999999,4450750.0,6.2,31.8,25.0,125.0,139.0,Medium
-1639499.999999999,5250750.0,5.9,35.3,25.0,272.0,212.0,Medium
-1639499.999999999,5350750.0,5.4,40.1,25.0,319.0,192.0,Medium
-1639499.999999999,5450750.0,5.4,41.1,25.0,387.0,227.0,Medium
-1639499.999999999,14050750.0,6.3,35.1,25.0,143.0,183.0,Medium
-1639499.999999999,14150750.0,6.3,34.9,25.0,134.0,171.0,Medium
-1639499.999999999,14250750.0,6.9,33.7,25.0,70.0,180.0,Medium
-1639499.999999999,14550750.0,6.4,32.8,25.0,353.0,137.0,Medium
-1639499.999999999,14650750.0,6.6,32.2,25.0,105.0,129.0,Medium
-1639499.999999999,14750750.0,6.2,30.8,25.0,71.0,138.0,Medium
-1639499.999999999,14850750.0,6.0,32.4,25.0,114.0,210.0,Medium
-1639499.999999999,14950750.0,6.7,35.7,25.0,60.0,242.0,Medium
-1639499.999999999,15050750.0,6.3,35.9,25.0,72.0,230.0,Medium
-1639499.999999999,15850750.0,6.2,32.9,25.0,62.0,141.0,Medium
-1639499.999999999,15950750.0,6.2,30.9,25.0,56.0,92.0,Low
-1639499.999999999,16050750.0,6.0,34.4,25.0,73.0,103.0,Low
-1639499.999999999,18450750.0,5.0,41.4,25.0,411.0,203.0,Low
-1739499.999999999,-8249250.0,7.9,28.9,25.0,203.0,123.0,Low
-1739499.999999999,-8149250.0,7.3,32.7,25.0,167.0,200.0,Medium
-1739499.999999999,-8049250.0,7.1,37.5,25.0,236.0,204.0,Medium
-1739499.999999999,-7949250.0,6.8,34.1,25.0,292.0,161.0,Medium
-1739499.999999999,-7849250.0,6.2,39.8,25.0,287.0,233.0,Medium
-1739499.999999999,-7749250.0,7.1,42.8,25.0,249.0,233.0,Medium
-1739499.999999999,-7649250.0,6.4,35.6,25.0,298.0,195.0,Medium
-1739499.999999999,-7549250.0,5.3,38.5,25.0,412.0,215.0,Medium
-1739499.999999999,-7449250.0,5.5,37.9,25.0,300.0,173.0,Medium
-1739499.999999999,-7349250.0,5.4,36.3,25.0,319.0,158.0,Low
-1739499.999999999,-7249250.0,5.2,35.6,25.0,409.0,169.0,Low
-1739499.999999999,-7149250.0,5.2,33.4,25.0,295.0,135.0,Low
-1739499.999999999,-7049250.0,5.4,34.2,25.0,244.0,121.0,Low
-1739499.999999999,-6949250.0,5.6,33.4,25.0,268.0,115.0,Low
-1739499.999999999,-6849250.0,5.3,32.8,25.0,190.0,92.0,Low
-1739499.999999999,-6749250.0,5.6,38.2,25.0,218.0,112.0,Low
-1739499.999999999,-6649250.0,5.4,37.2,25.0,198.0,100.0,Low
-1739499.999999999,-6549250.0,5.7,37.7,25.0,180.0,107.0,Low
-1739499.999999999,-6449250.0,5.3,35.9,25.0,198.0,114.0,Low
-1739499.999999999,-6349250.0,5.2,37.1,25.0,174.0,103.0,Low
-1739499.999999999,-6149250.0,5.3,37.9,25.0,224.0,118.0,Low
-1739499.999999999,-6049250.0,5.0,34.9,25.0,217.0,179.0,Low
-1739499.999999999,-5949250.0,5.2,35.4,25.0,120.0,102.0,Low
-1739499.999999999,-5849250.0,5.3,37.6,25.0,128.0,113.0,Low
-1739499.999999999,-5749250.0,5.6,35.9,25.0,171.0,108.0,Low
-1739499.999999999,-5649250.0,5.6,39.3,25.0,159.0,121.0,Low
-1739499.999999999,-5549250.0,5.5,35.6,25.0,173.0,110.0,Low
-1739499.999999999,-5449250.0,5.5,37.4,25.0,160.0,101.0,Low
-1739499.999999999,-5349250.0,5.2,38.2,25.0,164.0,95.0,Low
-1739499.999999999,-5249250.0,5.7,37.3,25.0,153.0,110.0,Low
-1739499.999999999,-5149250.0,5.8,34.0,25.0,186.0,124.0,Low
-1739499.999999999,-5049250.0,5.5,31.8,25.0,150.0,96.0,Low
-1739499.999999999,-4949250.0,5.8,32.5,25.0,126.0,105.0,Low
-1739499.999999999,-4849250.0,5.9,36.3,25.0,207.0,148.0,Medium
-1739499.999999999,-4749250.0,6.1,36.5,25.0,172.0,144.0,Medium
-1739499.999999999,-4649250.0,5.7,36.1,25.0,198.0,145.0,Low
-1739499.999999999,-4549250.0,5.9,39.7,25.0,335.0,204.0,Medium
-1739499.999999999,-4449250.0,5.2,39.0,25.0,300.0,211.0,Low
-1739499.999999999,1450750.0,8.1,34.2,25.0,47.0,146.0,Low
-1739499.999999999,1550750.0,6.4,29.7,25.0,105.0,169.0,Medium
-1739499.999999999,1650750.0,5.9,31.4,25.0,83.0,179.0,Low
-1739499.999999999,1750750.0,5.8,31.9,25.0,61.0,175.0,Low
-1739499.999999999,1850750.0,6.4,32.8,25.0,95.0,171.0,Medium
-1739499.999999999,1950750.0,5.8,31.3,25.0,104.0,141.0,Low
-1739499.999999999,2050750.0,5.9,27.7,25.0,82.0,133.0,Low
-1739499.999999999,2150750.0,6.1,27.8,25.0,76.0,132.0,Low
-1739499.999999999,2250750.0,6.1,27.3,25.0,93.0,120.0,Low
-1739499.999999999,2350750.0,6.0,28.6,25.0,87.0,98.0,Low
-1739499.999999999,2450750.0,6.1,26.9,25.0,98.0,96.0,Low
-1739499.999999999,2550750.0,5.8,27.0,25.0,135.0,131.0,Low
-1739499.999999999,2650750.0,6.0,26.7,25.0,102.0,72.0,Low
-1739499.999999999,2750750.0,6.0,26.5,25.0,104.0,47.0,Low
-1739499.999999999,2850750.0,6.1,31.1,25.0,134.0,77.0,Low
-1739499.999999999,2950750.0,6.3,32.4,25.0,323.0,145.0,Medium
-1739499.999999999,3050750.0,6.3,30.8,25.0,285.0,178.0,Medium
-1739499.999999999,3150750.0,6.2,31.3,25.0,122.0,75.0,Medium
-1739499.999999999,3250750.0,6.3,32.3,25.0,125.0,110.0,Medium
-1739499.999999999,3350750.0,6.6,31.9,25.0,149.0,146.0,Medium
-1739499.999999999,3450750.0,6.4,30.8,25.0,164.0,171.0,Medium
-1739499.999999999,3650750.0,6.3,32.5,25.0,92.0,102.0,Medium
-1739499.999999999,3750750.0,5.8,35.0,25.0,179.0,114.0,Low
-1739499.999999999,3850750.0,5.8,32.1,25.0,132.0,123.0,Low
-1739499.999999999,3950750.0,5.8,32.2,25.0,174.0,161.0,Low
-1739499.999999999,4050750.0,5.6,33.9,25.0,257.0,162.0,Low
-1739499.999999999,4150750.0,5.8,33.3,25.0,136.0,116.0,Low
-1739499.999999999,4250750.0,6.1,30.4,25.0,110.0,91.0,Low
-1739499.999999999,4350750.0,6.1,31.9,25.0,146.0,137.0,Medium
-1739499.999999999,5150750.0,6.2,34.6,25.0,217.0,144.0,Medium
-1739499.999999999,5250750.0,6.1,35.7,25.0,248.0,159.0,Medium
-1739499.999999999,5350750.0,5.8,35.0,25.0,228.0,152.0,Medium
-1739499.999999999,5450750.0,5.2,41.3,25.0,366.0,182.0,Low
-1739499.999999999,13950750.0,6.4,37.0,25.0,91.0,218.0,Medium
-1739499.999999999,14050750.0,6.4,33.0,25.0,56.0,157.0,Medium
-1739499.999999999,14150750.0,6.7,29.3,25.0,69.0,169.0,Medium
-1739499.999999999,14250750.0,6.5,30.8,25.0,293.0,194.0,Medium
-1739499.999999999,14350750.0,6.6,34.3,25.0,55.0,206.0,Medium
-1739499.999999999,14450750.0,6.6,33.0,25.0,128.0,162.0,Medium
-1739499.999999999,14550750.0,6.3,35.2,25.0,59.0,195.0,Medium
-1739499.999999999,14650750.0,6.5,32.6,25.0,68.0,194.0,Medium
-1739499.999999999,14750750.0,6.5,31.7,25.0,63.0,204.0,Medium
-1739499.999999999,14850750.0,6.3,29.6,25.0,67.0,192.0,Medium
-1739499.999999999,14950750.0,6.5,32.1,25.0,65.0,251.0,Medium
-1739499.999999999,15050750.0,6.4,31.1,25.0,55.0,167.0,Medium
-1739499.999999999,15150750.0,6.6,34.3,25.0,49.0,184.0,Medium
-1739499.999999999,15250750.0,6.1,34.4,25.0,109.0,170.0,Medium
-1739499.999999999,15750750.0,6.0,34.7,25.0,132.0,175.0,Medium
-1739499.999999999,15850750.0,6.4,33.8,25.0,60.0,142.0,Medium
-1739499.999999999,15950750.0,6.2,34.8,25.0,61.0,93.0,Medium
-1739499.999999999,16050750.0,6.1,33.0,25.0,55.0,75.0,Low
-1739499.999999999,16150750.0,5.4,37.5,25.0,196.0,173.0,Low
-1839499.999999999,-8049250.0,7.9,30.6,25.0,199.0,125.0,Low
-1839499.999999999,-7949250.0,8.4,27.6,25.0,109.0,127.0,Low
-1839499.999999999,-7849250.0,6.8,36.2,25.0,272.0,204.0,Medium
-1839499.999999999,-7749250.0,6.7,39.1,25.0,231.0,244.0,Medium
-1839499.999999999,-7649250.0,6.7,40.3,25.0,247.0,199.0,Medium
-1839499.999999999,-7449250.0,5.6,37.1,25.0,516.0,178.0,Medium
-1839499.999999999,-7349250.0,5.2,38.9,25.0,528.0,197.0,Medium
-1839499.999999999,-7249250.0,5.1,34.5,25.0,424.0,169.0,Low
-1839499.999999999,-7149250.0,5.1,36.2,25.0,400.0,179.0,Low
-1839499.999999999,-7049250.0,5.6,35.9,25.0,234.0,141.0,Low
-1839499.999999999,-6949250.0,5.7,39.8,25.0,255.0,119.0,Medium
-1839499.999999999,-6849250.0,5.8,34.9,25.0,178.0,107.0,Low
-1839499.999999999,-6749250.0,5.7,36.4,25.0,200.0,96.0,Low
-1839499.999999999,-6649250.0,5.5,35.5,25.0,210.0,117.0,Low
-1839499.999999999,-6549250.0,5.6,35.8,25.0,182.0,109.0,Low
-1839499.999999999,-6449250.0,5.7,34.4,25.0,213.0,118.0,Low
-1839499.999999999,-6349250.0,6.0,33.9,25.0,265.0,108.0,Medium
-1839499.999999999,-6249250.0,5.7,34.6,25.0,213.0,100.0,Low
-1839499.999999999,-6149250.0,5.4,34.0,25.0,177.0,80.0,Low
-1839499.999999999,-6049250.0,5.5,37.9,25.0,241.0,115.0,Low
-1839499.999999999,-5949250.0,5.4,38.3,25.0,149.0,115.0,Low
-1839499.999999999,-5849250.0,5.4,37.5,25.0,140.0,115.0,Low
-1839499.999999999,-5749250.0,5.5,39.9,25.0,188.0,115.0,Low
-1839499.999999999,-5649250.0,5.6,39.8,25.0,222.0,100.0,Low
-1839499.999999999,-5449250.0,5.3,37.2,25.0,193.0,103.0,Low
-1839499.999999999,-5349250.0,5.3,35.1,25.0,151.0,100.0,Low
-1839499.999999999,-5249250.0,5.7,36.5,25.0,166.0,101.0,Low
-1839499.999999999,-5149250.0,5.6,31.0,25.0,154.0,97.0,Low
-1839499.999999999,-5049250.0,5.8,35.0,25.0,151.0,122.0,Low
-1839499.999999999,-4949250.0,5.7,35.7,25.0,175.0,104.0,Low
-1839499.999999999,-4849250.0,5.7,37.1,25.0,188.0,119.0,Low
-1839499.999999999,-4749250.0,5.8,37.1,25.0,209.0,141.0,Medium
-1839499.999999999,-4649250.0,5.7,39.1,25.0,290.0,152.0,Medium
-1839499.999999999,-4549250.0,6.2,38.7,25.0,332.0,205.0,Medium
-1839499.999999999,-4449250.0,5.2,38.3,25.0,539.0,174.0,Medium
-1839499.999999999,1450750.0,8.1,32.9,25.0,58.0,138.0,Low
-1839499.999999999,1550750.0,7.2,38.7,25.0,97.0,172.0,Medium
-1839499.999999999,1650750.0,7.1,33.1,25.0,57.0,189.0,Medium
-1839499.999999999,1750750.0,6.7,30.1,25.0,69.0,176.0,Medium
-1839499.999999999,1850750.0,6.2,31.1,25.0,82.0,173.0,Medium
-1839499.999999999,1950750.0,6.4,27.8,25.0,82.0,153.0,Medium
-1839499.999999999,2050750.0,6.2,29.8,25.0,88.0,152.0,Medium
-1839499.999999999,2150750.0,6.9,27.8,25.0,80.0,163.0,Medium
-1839499.999999999,2250750.0,6.3,27.5,25.0,83.0,149.0,Medium
-1839499.999999999,2350750.0,6.4,25.3,25.0,87.0,127.0,Medium
-1839499.999999999,2450750.0,6.3,28.3,25.0,159.0,107.0,Medium
-1839499.999999999,2550750.0,6.3,26.7,25.0,137.0,88.0,Low
-1839499.999999999,2650750.0,6.5,24.3,25.0,85.0,72.0,Low
-1839499.999999999,2750750.0,6.2,24.8,25.0,74.0,87.0,Low
-1839499.999999999,2850750.0,6.3,25.4,25.0,106.0,114.0,Low
-1839499.999999999,2950750.0,6.1,24.2,25.0,112.0,107.0,Low
-1839499.999999999,3050750.0,6.1,26.5,25.0,95.0,68.0,Low
-1839499.999999999,3250750.0,6.1,27.3,25.0,128.0,92.0,Low
-1839499.999999999,3350750.0,6.1,27.7,25.0,115.0,101.0,Low
-1839499.999999999,3450750.0,6.1,30.8,25.0,134.0,92.0,Low
-1839499.999999999,3550750.0,6.3,26.4,25.0,99.0,145.0,Medium
-1839499.999999999,3650750.0,6.4,35.4,25.0,115.0,168.0,Medium
-1839499.999999999,3750750.0,6.0,35.7,25.0,135.0,111.0,Medium
-1839499.999999999,3850750.0,6.3,28.7,25.0,176.0,121.0,Medium
-1839499.999999999,3950750.0,5.8,35.7,25.0,193.0,162.0,Medium
-1839499.999999999,4050750.0,6.4,34.6,25.0,166.0,147.0,Medium
-1839499.999999999,4150750.0,6.0,35.1,25.0,139.0,123.0,Medium
-1839499.999999999,4250750.0,6.2,31.5,25.0,153.0,173.0,Medium
-1839499.999999999,4850750.0,6.2,33.5,25.0,125.0,174.0,Medium
-1839499.999999999,4950750.0,6.0,34.2,25.0,125.0,145.0,Medium
-1839499.999999999,5050750.0,6.1,35.2,25.0,170.0,128.0,Medium
-1839499.999999999,5150750.0,6.2,34.6,25.0,152.0,141.0,Medium
-1839499.999999999,5250750.0,6.3,33.7,25.0,173.0,207.0,Medium
-1839499.999999999,5350750.0,4.9,35.6,25.0,305.0,211.0,Low
-1839499.999999999,13850750.0,6.4,36.2,25.0,196.0,184.0,Medium
-1839499.999999999,13950750.0,6.4,36.0,25.0,142.0,169.0,Medium
-1839499.999999999,14050750.0,6.5,31.2,25.0,65.0,175.0,Medium
-1839499.999999999,14150750.0,6.8,32.6,25.0,67.0,169.0,Medium
-1839499.999999999,14250750.0,6.8,31.9,25.0,67.0,160.0,Medium
-1839499.999999999,14350750.0,6.8,35.7,25.0,69.0,193.0,Medium
-1839499.999999999,14450750.0,6.9,34.9,25.0,67.0,198.0,Medium
-1839499.999999999,14550750.0,6.6,36.2,25.0,88.0,295.0,Medium
-1839499.999999999,14650750.0,7.0,32.7,25.0,106.0,177.0,Medium
-1839499.999999999,14750750.0,6.7,37.0,25.0,72.0,229.0,Medium
-1839499.999999999,14850750.0,6.7,31.1,25.0,62.0,156.0,Medium
-1839499.999999999,14950750.0,6.6,31.6,25.0,97.0,170.0,Medium
-1839499.999999999,15050750.0,6.8,35.6,25.0,73.0,332.0,Medium
-1839499.999999999,15150750.0,6.8,34.8,25.0,52.0,209.0,Medium
-1839499.999999999,15250750.0,6.5,33.5,25.0,86.0,207.0,Medium
-1839499.999999999,15350750.0,6.4,37.4,25.0,58.0,167.0,Medium
-1839499.999999999,15750750.0,5.8,34.5,25.0,100.0,205.0,Medium
-1839499.999999999,15850750.0,6.1,35.9,25.0,63.0,174.0,Medium
-1839499.999999999,15950750.0,6.3,27.9,25.0,52.0,103.0,Low
-1839499.999999999,16050750.0,6.6,32.3,25.0,62.0,143.0,Medium
-1839499.999999999,16150750.0,5.1,45.0,25.0,461.0,181.0,Medium
-1839499.999999999,19750750.0,5.1,38.5,25.0,373.0,178.0,Low
-1939499.999999999,-7849250.0,8.1,30.3,25.0,126.0,140.0,Low
-1939499.999999999,-7749250.0,6.9,33.5,25.0,200.0,233.0,Medium
-1939499.999999999,-7649250.0,6.5,38.3,25.0,216.0,218.0,Medium
-1939499.999999999,-7549250.0,6.5,37.8,25.0,207.0,204.0,Medium
-1939499.999999999,-7449250.0,6.7,40.3,25.0,243.0,220.0,Medium
-1939499.999999999,-7349250.0,7.2,33.3,25.0,282.0,155.0,Medium
-1939499.999999999,-7249250.0,5.2,40.3,25.0,652.0,281.0,Medium
-1939499.999999999,-7149250.0,5.3,39.4,25.0,416.0,188.0,Medium
-1939499.999999999,-7049250.0,5.3,37.7,25.0,289.0,156.0,Low
-1939499.999999999,-6949250.0,6.4,35.4,25.0,263.0,228.0,Medium
-1939499.999999999,-6849250.0,5.8,37.3,25.0,267.0,161.0,Medium
-1939499.999999999,-6749250.0,5.7,35.7,25.0,221.0,95.0,Low
-1939499.999999999,-6649250.0,5.1,36.7,25.0,314.0,117.0,Low
-1939499.999999999,-6549250.0,5.7,37.0,25.0,208.0,94.0,Low
-1939499.999999999,-6449250.0,5.9,35.5,25.0,214.0,122.0,Medium
-1939499.999999999,-6349250.0,5.7,32.1,25.0,280.0,123.0,Low
-1939499.999999999,-6249250.0,5.7,33.8,25.0,168.0,104.0,Low
-1939499.999999999,-6149250.0,5.4,36.7,25.0,159.0,110.0,Low
-1939499.999999999,-6049250.0,5.0,33.9,25.0,141.0,102.0,Low
-1939499.999999999,-5949250.0,5.1,33.1,25.0,137.0,118.0,Low
-1939499.999999999,-5849250.0,5.4,36.2,25.0,186.0,85.0,Low
-1939499.999999999,-5749250.0,5.0,36.2,25.0,184.0,196.0,Low
-1939499.999999999,-5649250.0,5.5,33.8,25.0,152.0,91.0,Low
-1939499.999999999,-5549250.0,5.5,36.5,25.0,146.0,108.0,Low
-1939499.999999999,-5449250.0,5.6,34.7,25.0,199.0,100.0,Low
-1939499.999999999,-5349250.0,5.2,39.3,25.0,159.0,122.0,Low
-1939499.999999999,-5249250.0,5.7,35.6,25.0,179.0,97.0,Low
-1939499.999999999,-5149250.0,5.6,35.5,25.0,128.0,97.0,Low
-1939499.999999999,-5049250.0,5.7,34.4,25.0,137.0,116.0,Low
-1939499.999999999,-4949250.0,5.5,37.9,25.0,183.0,97.0,Low
-1939499.999999999,-4849250.0,5.6,38.5,25.0,197.0,113.0,Low
-1939499.999999999,-4749250.0,5.6,39.6,25.0,224.0,131.0,Low
-1939499.999999999,-4649250.0,5.7,40.2,25.0,244.0,139.0,Medium
-1939499.999999999,-4549250.0,6.0,38.6,25.0,276.0,208.0,Medium
-1939499.999999999,1350750.0,8.0,28.5,25.0,188.0,139.0,Low
-1939499.999999999,1450750.0,7.7,36.4,25.0,160.0,179.0,Low
-1939499.999999999,1550750.0,8.2,34.4,25.0,117.0,151.0,Low
-1939499.999999999,1650750.0,7.7,31.6,25.0,79.0,174.0,Low
-1939499.999999999,1750750.0,7.4,32.4,25.0,90.0,173.0,Low
-1939499.999999999,1850750.0,6.9,25.0,25.0,81.0,172.0,Medium
-1939499.999999999,1950750.0,7.0,27.6,25.0,124.0,173.0,Medium
-1939499.999999999,2050750.0,6.6,26.5,25.0,94.0,164.0,Medium
-1939499.999999999,2150750.0,6.4,22.4,25.0,89.0,151.0,Medium
-1939499.999999999,2250750.0,6.6,27.2,25.0,94.0,182.0,Medium
-1939499.999999999,2350750.0,6.5,24.5,25.0,100.0,122.0,Medium
-1939499.999999999,2450750.0,6.4,26.4,25.0,132.0,107.0,Medium
-1939499.999999999,2550750.0,6.6,27.6,25.0,120.0,107.0,Medium
-1939499.999999999,2650750.0,6.2,26.4,25.0,104.0,90.0,Low
-1939499.999999999,2750750.0,6.6,28.1,25.0,119.0,95.0,Medium
-1939499.999999999,2850750.0,6.4,22.7,25.0,93.0,102.0,Low
-1939499.999999999,2950750.0,6.0,22.7,25.0,90.0,106.0,Low
-1939499.999999999,3050750.0,6.5,33.4,25.0,106.0,177.0,Medium
-1939499.999999999,3150750.0,6.6,27.7,25.0,95.0,164.0,Medium
-1939499.999999999,3250750.0,6.2,32.3,25.0,118.0,83.0,Medium
-1939499.999999999,3350750.0,6.1,31.8,25.0,123.0,101.0,Low
-1939499.999999999,3450750.0,6.2,32.9,25.0,134.0,106.0,Medium
-1939499.999999999,3550750.0,6.1,32.7,25.0,147.0,65.0,Low
-1939499.999999999,3650750.0,6.1,30.9,25.0,117.0,132.0,Medium
-1939499.999999999,3750750.0,6.1,29.3,25.0,120.0,135.0,Low
-1939499.999999999,3850750.0,6.3,31.1,25.0,128.0,157.0,Medium
-1939499.999999999,3950750.0,6.0,31.9,25.0,146.0,125.0,Low
-1939499.999999999,4050750.0,5.9,33.1,25.0,138.0,135.0,Low
-1939499.999999999,4850750.0,6.2,34.4,25.0,200.0,154.0,Medium
-1939499.999999999,4950750.0,6.0,31.3,25.0,163.0,145.0,Medium
-1939499.999999999,5050750.0,6.2,34.4,25.0,227.0,124.0,Medium
-1939499.999999999,5150750.0,5.9,33.8,25.0,223.0,104.0,Medium
-1939499.999999999,5250750.0,6.3,35.2,25.0,166.0,133.0,Medium
-1939499.999999999,5350750.0,5.2,38.0,25.0,326.0,235.0,Low
-1939499.999999999,13750750.0,6.8,30.6,25.0,63.0,221.0,Medium
-1939499.999999999,13850750.0,6.7,31.7,25.0,75.0,222.0,Medium
-1939499.999999999,13950750.0,6.9,36.1,25.0,60.0,242.0,Medium
-1939499.999999999,14050750.0,6.5,34.3,25.0,103.0,153.0,Medium
-1939499.999999999,14150750.0,6.8,33.3,25.0,71.0,157.0,Medium
-1939499.999999999,14250750.0,6.6,32.9,25.0,69.0,183.0,Medium
-1939499.999999999,14350750.0,6.7,31.7,25.0,91.0,181.0,Medium
-1939499.999999999,14450750.0,6.8,36.0,25.0,89.0,243.0,Medium
-1939499.999999999,14550750.0,6.8,36.5,25.0,67.0,231.0,Medium
-1939499.999999999,14650750.0,6.9,36.5,25.0,63.0,266.0,Medium
-1939499.999999999,14750750.0,6.9,37.3,25.0,61.0,248.0,Medium
-1939499.999999999,14850750.0,6.9,35.5,25.0,66.0,226.0,Medium
-1939499.999999999,14950750.0,7.0,37.7,25.0,63.0,251.0,Medium
-1939499.999999999,15050750.0,6.8,34.6,25.0,60.0,321.0,Medium
-1939499.999999999,15150750.0,6.7,33.5,25.0,64.0,210.0,Medium
-1939499.999999999,15250750.0,6.7,35.4,25.0,56.0,238.0,Medium
-1939499.999999999,15350750.0,6.4,32.9,25.0,133.0,169.0,Medium
-1939499.999999999,15450750.0,6.4,32.0,25.0,47.0,142.0,Medium
-1939499.999999999,15750750.0,6.1,31.6,25.0,50.0,110.0,Low
-1939499.999999999,15850750.0,6.2,36.3,25.0,58.0,240.0,Medium
-1939499.999999999,15950750.0,6.3,29.5,25.0,37.0,157.0,Medium
-1939499.999999999,16050750.0,6.6,32.9,25.0,127.0,160.0,Medium
-1939499.999999999,16150750.0,6.1,37.2,25.0,202.0,81.0,Medium
-2039499.999999999,-7749250.0,8.1,28.9,25.0,241.0,169.0,Low
-2039499.999999999,-7649250.0,6.4,34.5,25.0,189.0,111.0,Medium
-2039499.999999999,-7549250.0,6.4,35.4,25.0,164.0,97.0,Medium
-2039499.999999999,-7449250.0,7.0,34.9,25.0,154.0,140.0,Medium
-2039499.999999999,-7349250.0,7.0,34.2,25.0,244.0,213.0,Medium
-2039499.999999999,-7249250.0,6.9,34.8,25.0,305.0,251.0,Medium
-2039499.999999999,-7149250.0,7.2,35.5,25.0,195.0,205.0,Medium
-2039499.999999999,-7049250.0,5.6,38.9,25.0,353.0,198.0,Medium
-2039499.999999999,-6949250.0,6.5,37.8,25.0,179.0,190.0,Medium
-2039499.999999999,-6849250.0,5.9,32.0,25.0,207.0,171.0,Medium
-2039499.999999999,-6749250.0,5.7,35.1,25.0,198.0,137.0,Low
-2039499.999999999,-6649250.0,5.9,39.9,25.0,255.0,124.0,Medium
-2039499.999999999,-6549250.0,5.8,33.1,25.0,210.0,95.0,Low
-2039499.999999999,-6449250.0,6.0,33.7,25.0,248.0,102.0,Medium
-2039499.999999999,-6249250.0,5.6,36.1,25.0,197.0,111.0,Low
-2039499.999999999,-6149250.0,5.5,38.1,25.0,167.0,108.0,Low
-2039499.999999999,-6049250.0,5.2,36.6,25.0,168.0,112.0,Low
-2039499.999999999,-5849250.0,5.3,32.3,25.0,165.0,104.0,Low
-2039499.999999999,-5749250.0,5.4,34.1,25.0,144.0,99.0,Low
-2039499.999999999,-5649250.0,5.3,30.2,25.0,136.0,110.0,Low
-2039499.999999999,-5549250.0,5.4,36.6,25.0,169.0,105.0,Low
-2039499.999999999,-5449250.0,5.6,38.6,25.0,177.0,107.0,Low
-2039499.999999999,-5349250.0,5.3,36.8,25.0,170.0,101.0,Low
-2039499.999999999,-5249250.0,5.3,38.8,25.0,168.0,123.0,Low
-2039499.999999999,-5149250.0,5.6,35.1,25.0,159.0,105.0,Low
-2039499.999999999,-5049250.0,5.5,35.4,25.0,136.0,95.0,Low
-2039499.999999999,-4949250.0,5.2,38.0,25.0,240.0,118.0,Low
-2039499.999999999,-4849250.0,5.1,39.9,25.0,224.0,150.0,Low
-2039499.999999999,-4749250.0,5.9,40.7,25.0,203.0,175.0,Medium
-2039499.999999999,-4649250.0,5.8,37.2,25.0,253.0,118.0,Medium
-2039499.999999999,-4549250.0,5.3,37.4,25.0,408.0,195.0,Medium
-2039499.999999999,1450750.0,8.7,32.2,25.0,76.0,126.0,Low
-2039499.999999999,1550750.0,8.3,33.8,25.0,111.0,176.0,Low
-2039499.999999999,1650750.0,7.9,32.7,25.0,103.0,173.0,Low
-2039499.999999999,1750750.0,7.7,33.9,25.0,93.0,156.0,Low
-2039499.999999999,1850750.0,7.6,31.0,25.0,96.0,190.0,Low
-2039499.999999999,1950750.0,7.4,29.4,25.0,86.0,180.0,Low
-2039499.999999999,2050750.0,7.8,27.6,25.0,71.0,204.0,Low
-2039499.999999999,2150750.0,7.5,27.6,25.0,78.0,144.0,Low
-2039499.999999999,2250750.0,7.2,28.3,25.0,91.0,149.0,Low
-2039499.999999999,2350750.0,7.0,29.7,25.0,78.0,202.0,Medium
-2039499.999999999,2450750.0,6.6,28.0,25.0,90.0,85.0,Medium
-2039499.999999999,2550750.0,6.5,28.9,25.0,129.0,119.0,Medium
-2039499.999999999,2650750.0,6.5,30.9,25.0,121.0,116.0,Medium
-2039499.999999999,2750750.0,7.1,29.9,25.0,114.0,258.0,Medium
-2039499.999999999,2850750.0,6.8,27.3,25.0,95.0,200.0,Medium
-2039499.999999999,2950750.0,6.3,32.4,25.0,128.0,129.0,Medium
-2039499.999999999,3050750.0,6.0,26.0,25.0,85.0,113.0,Low
-2039499.999999999,3150750.0,6.2,28.1,25.0,97.0,138.0,Medium
-2039499.999999999,3250750.0,6.3,28.1,25.0,97.0,110.0,Medium
-2039499.999999999,3350750.0,6.3,26.8,25.0,98.0,117.0,Medium
-2039499.999999999,3450750.0,5.9,24.5,25.0,100.0,118.0,Low
-2039499.999999999,3550750.0,6.0,32.7,25.0,136.0,101.0,Low
-2039499.999999999,3650750.0,5.9,31.6,25.0,136.0,95.0,Low
-2039499.999999999,3750750.0,6.1,30.1,25.0,112.0,126.0,Low
-2039499.999999999,3850750.0,5.8,34.4,25.0,198.0,128.0,Low
-2039499.999999999,3950750.0,5.9,31.8,25.0,212.0,205.0,Medium
-2039499.999999999,4850750.0,6.1,34.1,25.0,199.0,181.0,Medium
-2039499.999999999,4950750.0,6.0,36.2,25.0,195.0,129.0,Medium
-2039499.999999999,5050750.0,5.8,34.3,25.0,223.0,120.0,Low
-2039499.999999999,5150750.0,6.3,35.8,25.0,233.0,156.0,Medium
-2039499.999999999,5250750.0,4.5,38.7,25.0,334.0,177.0,Low
-2039499.999999999,13750750.0,6.9,33.0,25.0,53.0,232.0,Medium
-2039499.999999999,13850750.0,6.9,32.5,25.0,85.0,279.0,Medium
-2039499.999999999,13950750.0,7.2,29.6,25.0,71.0,174.0,Medium
-2039499.999999999,14050750.0,7.1,33.3,25.0,74.0,199.0,Medium
-2039499.999999999,14150750.0,6.9,34.7,25.0,133.0,253.0,Medium
-2039499.999999999,14250750.0,6.8,36.9,25.0,55.0,285.0,Medium
-2039499.999999999,14350750.0,7.2,34.3,25.0,56.0,214.0,Medium
-2039499.999999999,14450750.0,6.9,36.0,25.0,75.0,249.0,Medium
-2039499.999999999,14550750.0,7.1,36.5,25.0,89.0,253.0,Medium
-2039499.999999999,14650750.0,7.2,38.8,25.0,67.0,226.0,Medium
-2039499.999999999,14750750.0,7.4,37.8,25.0,59.0,235.0,Medium
-2039499.999999999,14850750.0,7.2,38.0,25.0,56.0,258.0,Medium
-2039499.999999999,14950750.0,7.2,35.3,25.0,53.0,254.0,Medium
-2039499.999999999,15050750.0,7.6,38.6,25.0,96.0,381.0,Medium
-2039499.999999999,15150750.0,7.3,38.0,25.0,65.0,362.0,Medium
-2039499.999999999,15250750.0,7.2,35.0,25.0,62.0,334.0,Medium
-2039499.999999999,15350750.0,6.6,30.6,25.0,71.0,185.0,Medium
-2039499.999999999,15450750.0,6.8,32.9,25.0,49.0,172.0,Medium
-2039499.999999999,15550750.0,7.4,32.1,25.0,51.0,217.0,Low
-2039499.999999999,15650750.0,6.9,32.3,25.0,55.0,197.0,Medium
-2039499.999999999,15750750.0,6.3,32.2,25.0,50.0,165.0,Medium
-2039499.999999999,15850750.0,5.9,28.8,25.0,35.0,118.0,Low
-2039499.999999999,15950750.0,6.6,34.8,25.0,35.0,152.0,Medium
-2039499.999999999,16050750.0,6.8,28.4,25.0,53.0,147.0,Medium
-2039499.999999999,16150750.0,6.0,36.3,25.0,109.0,98.0,Medium
-2139499.999999999,-7749250.0,8.1,28.7,25.0,278.0,205.0,Low
-2139499.999999999,-7649250.0,7.7,31.8,25.0,197.0,185.0,Low
-2139499.999999999,-7549250.0,7.7,32.2,25.0,173.0,257.0,Low
-2139499.999999999,-7449250.0,7.1,35.8,25.0,166.0,104.0,Medium
-2139499.999999999,-7349250.0,6.8,35.1,25.0,173.0,149.0,Medium
-2139499.999999999,-7249250.0,7.0,34.8,25.0,254.0,216.0,Medium
-2139499.999999999,-7149250.0,6.2,35.5,25.0,300.0,179.0,Medium
-2139499.999999999,-7049250.0,5.7,38.5,25.0,308.0,196.0,Medium
-2139499.999999999,-6949250.0,6.6,35.8,25.0,160.0,159.0,Medium
-2139499.999999999,-6849250.0,6.3,34.6,25.0,179.0,175.0,Medium
-2139499.999999999,-6749250.0,5.8,36.9,25.0,232.0,204.0,Medium
-2139499.999999999,-6649250.0,6.2,35.3,25.0,213.0,165.0,Medium
-2139499.999999999,-6549250.0,5.8,34.7,25.0,209.0,155.0,Medium
-2139499.999999999,-6349250.0,5.4,35.4,25.0,124.0,133.0,Low
-2139499.999999999,-6249250.0,5.5,36.3,25.0,170.0,141.0,Low
-2139499.999999999,-6149250.0,5.5,38.7,25.0,180.0,113.0,Low
-2139499.999999999,-6049250.0,5.3,37.4,25.0,182.0,103.0,Low
-2139499.999999999,-5949250.0,5.2,37.8,25.0,211.0,164.0,Low
-2139499.999999999,-5849250.0,5.2,34.7,25.0,174.0,95.0,Low
-2139499.999999999,-5749250.0,5.3,31.4,25.0,134.0,78.0,Low
-2139499.999999999,-5649250.0,5.5,38.2,25.0,166.0,103.0,Low
-2139499.999999999,-5549250.0,5.4,38.0,25.0,151.0,95.0,Low
-2139499.999999999,-5449250.0,5.3,35.8,25.0,149.0,89.0,Low
-2139499.999999999,-5349250.0,5.1,37.4,25.0,236.0,134.0,Low
-2139499.999999999,-5249250.0,5.1,38.3,25.0,146.0,98.0,Low
-2139499.999999999,-5149250.0,5.4,35.9,25.0,164.0,88.0,Low
-2139499.999999999,-5049250.0,5.4,36.5,25.0,164.0,94.0,Low
-2139499.999999999,-4949250.0,4.8,38.6,25.0,254.0,163.0,Low
-2139499.999999999,-4849250.0,5.4,38.0,25.0,217.0,164.0,Low
-2139499.999999999,-4749250.0,6.0,39.4,25.0,195.0,141.0,Medium
-2139499.999999999,-4649250.0,5.6,39.3,25.0,308.0,138.0,Medium
-2139499.999999999,-4549250.0,5.7,38.3,25.0,583.0,259.0,Medium
-2139499.999999999,1550750.0,8.6,31.9,25.0,81.0,129.0,Low
-2139499.999999999,1650750.0,8.2,29.1,25.0,90.0,155.0,Low
-2139499.999999999,1750750.0,7.9,29.2,25.0,107.0,167.0,Low
-2139499.999999999,1850750.0,7.8,30.8,25.0,81.0,157.0,Low
-2139499.999999999,1950750.0,8.0,32.0,25.0,72.0,181.0,Low
-2139499.999999999,2050750.0,8.1,28.2,25.0,72.0,164.0,Low
-2139499.999999999,2150750.0,7.4,27.9,25.0,66.0,179.0,Low
-2139499.999999999,2250750.0,7.3,25.6,25.0,78.0,156.0,Low
-2139499.999999999,2350750.0,7.0,28.4,25.0,82.0,162.0,Medium
-2139499.999999999,2450750.0,6.3,31.3,25.0,75.0,91.0,Medium
-2139499.999999999,2550750.0,6.6,32.0,25.0,181.0,121.0,Medium
-2139499.999999999,2650750.0,6.4,28.5,25.0,102.0,90.0,Medium
-2139499.999999999,2750750.0,6.4,28.8,25.0,90.0,95.0,Medium
-2139499.999999999,2850750.0,6.6,28.5,25.0,97.0,113.0,Medium
-2139499.999999999,2950750.0,6.4,27.2,25.0,88.0,98.0,Medium
-2139499.999999999,3050750.0,6.5,29.7,25.0,94.0,150.0,Medium
-2139499.999999999,3150750.0,6.0,24.8,25.0,109.0,77.0,Low
-2139499.999999999,3250750.0,6.2,28.9,25.0,150.0,169.0,Medium
-2139499.999999999,3350750.0,6.1,26.1,25.0,108.0,101.0,Low
-2139499.999999999,3450750.0,6.2,25.1,25.0,118.0,147.0,Low
-2139499.999999999,3550750.0,6.2,32.3,25.0,142.0,127.0,Medium
-2139499.999999999,3650750.0,5.8,34.9,25.0,167.0,95.0,Low
-2139499.999999999,3750750.0,6.2,36.0,25.0,155.0,195.0,Medium
-2139499.999999999,3850750.0,6.1,33.5,25.0,192.0,154.0,Medium
-2139499.999999999,4850750.0,6.2,32.6,25.0,158.0,147.0,Medium
-2139499.999999999,4950750.0,5.9,33.8,25.0,206.0,135.0,Medium
-2139499.999999999,5050750.0,5.9,36.4,25.0,222.0,150.0,Medium
-2139499.999999999,5150750.0,5.2,36.8,25.0,216.0,156.0,Low
-2139499.999999999,5250750.0,5.3,40.4,25.0,315.0,167.0,Low
-2139499.999999999,13650750.0,6.9,33.9,25.0,58.0,248.0,Medium
-2139499.999999999,13750750.0,7.5,32.8,25.0,41.0,236.0,Low
-2139499.999999999,13850750.0,7.4,28.3,25.0,42.0,261.0,Low
-2139499.999999999,13950750.0,7.6,30.6,25.0,44.0,275.0,Low
-2139499.999999999,14050750.0,7.3,35.5,25.0,60.0,244.0,Medium
-2139499.999999999,14150750.0,7.6,32.9,25.0,39.0,247.0,Low
-2139499.999999999,14250750.0,7.6,34.4,25.0,42.0,337.0,Medium
-2139499.999999999,14350750.0,6.8,34.7,25.0,40.0,311.0,Medium
-2139499.999999999,14450750.0,7.5,35.8,25.0,40.0,246.0,Low
-2139499.999999999,14550750.0,7.5,35.3,25.0,56.0,199.0,Low
-2139499.999999999,14650750.0,7.6,35.3,25.0,48.0,256.0,Low
-2139499.999999999,14750750.0,7.4,32.9,25.0,47.0,155.0,Low
-2139499.999999999,14850750.0,6.8,34.4,25.0,55.0,210.0,Medium
-2139499.999999999,14950750.0,6.9,35.6,25.0,60.0,249.0,Medium
-2139499.999999999,15050750.0,7.0,37.4,25.0,46.0,292.0,Medium
-2139499.999999999,15150750.0,7.5,37.1,25.0,52.0,298.0,Medium
-2139499.999999999,15250750.0,7.5,37.2,25.0,53.0,260.0,Medium
-2139499.999999999,15350750.0,7.6,36.7,25.0,45.0,276.0,Medium
-2139499.999999999,15450750.0,6.8,30.9,25.0,65.0,217.0,Medium
-2139499.999999999,15550750.0,7.0,33.9,25.0,56.0,245.0,Medium
-2139499.999999999,15650750.0,7.4,35.5,25.0,52.0,264.0,Medium
-2139499.999999999,15750750.0,7.0,32.0,25.0,41.0,262.0,Medium
-2139499.999999999,15850750.0,6.5,31.7,25.0,43.0,190.0,Medium
-2139499.999999999,15950750.0,6.5,32.8,25.0,56.0,168.0,Medium
-2139499.999999999,16050750.0,6.8,26.8,25.0,86.0,172.0,Medium
-2139499.999999999,16150750.0,6.4,31.7,25.0,68.0,128.0,Medium
-2139499.999999999,16250750.0,6.0,33.3,25.0,137.0,159.0,Medium
-2239499.999999999,-7649250.0,8.3,28.2,25.0,126.0,181.0,Low
-2239499.999999999,-7549250.0,7.9,32.4,25.0,175.0,154.0,Low
-2239499.999999999,-7449250.0,7.9,32.4,25.0,224.0,218.0,Low
-2239499.999999999,-7349250.0,7.2,33.2,25.0,152.0,117.0,Medium
-2239499.999999999,-7249250.0,7.0,34.2,25.0,218.0,195.0,Medium
-2239499.999999999,-7149250.0,6.5,35.9,25.0,311.0,198.0,Medium
-2239499.999999999,-7049250.0,5.7,38.4,25.0,237.0,178.0,Medium
-2239499.999999999,-6949250.0,6.8,34.9,25.0,145.0,213.0,Medium
-2239499.999999999,-6849250.0,6.7,36.3,25.0,154.0,189.0,Medium
-2239499.999999999,-6749250.0,6.8,33.8,25.0,157.0,200.0,Medium
-2239499.999999999,-6649250.0,6.2,33.8,25.0,217.0,159.0,Medium
-2239499.999999999,-6549250.0,5.9,32.5,25.0,256.0,149.0,Medium
-2239499.999999999,-6449250.0,6.3,34.5,25.0,163.0,188.0,Medium
-2239499.999999999,-6349250.0,5.8,36.5,25.0,222.0,129.0,Medium
-2239499.999999999,-6249250.0,5.6,37.6,25.0,168.0,131.0,Low
-2239499.999999999,-6149250.0,5.5,37.4,25.0,197.0,86.0,Low
-2239499.999999999,-6049250.0,5.2,35.3,25.0,208.0,89.0,Low
-2239499.999999999,-5949250.0,5.2,36.7,25.0,182.0,119.0,Low
-2239499.999999999,-5849250.0,5.4,36.3,25.0,181.0,95.0,Low
-2239499.999999999,-5749250.0,5.5,35.3,25.0,158.0,89.0,Low
-2239499.999999999,-5649250.0,5.6,34.5,25.0,148.0,102.0,Low
-2239499.999999999,-5549250.0,5.3,36.7,25.0,158.0,94.0,Low
-2239499.999999999,-5449250.0,5.4,37.2,25.0,162.0,111.0,Low
-2239499.999999999,-5349250.0,5.4,38.1,25.0,175.0,112.0,Low
-2239499.999999999,-5249250.0,5.3,38.3,25.0,185.0,130.0,Low
-2239499.999999999,-5149250.0,5.2,36.8,25.0,213.0,114.0,Low
-2239499.999999999,-5049250.0,5.1,37.1,25.0,218.0,136.0,Low
-2239499.999999999,-4949250.0,4.9,38.8,25.0,392.0,171.0,Low
-2239499.999999999,-4849250.0,5.4,39.4,25.0,212.0,160.0,Low
-2239499.999999999,-4749250.0,5.1,41.6,25.0,325.0,132.0,Low
-2239499.999999999,-4649250.0,5.2,41.1,25.0,348.0,162.0,Low
-2239499.999999999,1550750.0,8.7,26.9,25.0,107.0,147.0,Low
-2239499.999999999,1650750.0,8.5,31.1,25.0,135.0,135.0,Low
-2239499.999999999,1750750.0,7.9,28.5,25.0,75.0,134.0,Low
-2239499.999999999,1850750.0,7.6,30.4,25.0,65.0,147.0,Low
-2239499.999999999,1950750.0,7.8,33.2,25.0,72.0,152.0,Low
-2239499.999999999,2050750.0,7.7,32.2,25.0,83.0,171.0,Low
-2239499.999999999,2150750.0,7.5,27.2,25.0,90.0,109.0,Low
-2239499.999999999,2250750.0,7.2,27.8,25.0,69.0,86.0,Low
-2239499.999999999,2350750.0,6.9,29.7,25.0,83.0,99.0,Medium
-2239499.999999999,2450750.0,6.8,32.7,25.0,68.0,88.0,Medium
-2239499.999999999,2550750.0,7.0,30.1,25.0,90.0,86.0,Low
-2239499.999999999,2650750.0,6.8,33.8,25.0,125.0,89.0,Medium
-2239499.999999999,2750750.0,7.5,32.2,25.0,94.0,65.0,Low
-2239499.999999999,2850750.0,7.5,27.4,25.0,69.0,167.0,Low
-2239499.999999999,2950750.0,6.7,24.9,25.0,104.0,117.0,Medium
-2239499.999999999,3050750.0,6.6,23.1,25.0,75.0,188.0,Medium
-2239499.999999999,3150750.0,6.4,28.3,25.0,92.0,181.0,Medium
-2239499.999999999,3250750.0,6.1,28.7,25.0,104.0,142.0,Low
-2239499.999999999,3350750.0,6.2,25.8,25.0,100.0,136.0,Low
-2239499.999999999,3450750.0,6.2,33.6,25.0,140.0,128.0,Medium
-2239499.999999999,3550750.0,5.7,33.9,25.0,164.0,105.0,Low
-2239499.999999999,3650750.0,6.2,31.9,25.0,130.0,166.0,Medium
-2239499.999999999,3750750.0,6.3,37.2,25.0,242.0,176.0,Medium
-2239499.999999999,4850750.0,6.2,33.0,25.0,147.0,132.0,Medium
-2239499.999999999,4950750.0,6.4,35.7,25.0,237.0,138.0,Medium
-2239499.999999999,5050750.0,5.6,38.4,25.0,308.0,148.0,Medium
-2239499.999999999,5150750.0,5.0,39.6,25.0,341.0,195.0,Low
-2239499.999999999,6150750.0,5.4,36.1,25.0,211.0,158.0,Low
-2239499.999999999,13450750.0,7.4,30.7,25.0,61.0,247.0,Low
-2239499.999999999,13550750.0,7.4,31.1,25.0,52.0,283.0,Medium
-2239499.999999999,13650750.0,7.7,32.4,25.0,47.0,284.0,Low
-2239499.999999999,13750750.0,7.6,33.8,25.0,38.0,247.0,Low
-2239499.999999999,13850750.0,7.3,31.5,25.0,38.0,252.0,Medium
-2239499.999999999,13950750.0,7.6,34.8,25.0,41.0,311.0,Medium
-2239499.999999999,14050750.0,7.8,32.3,25.0,41.0,290.0,Low
-2239499.999999999,14150750.0,7.7,35.8,25.0,40.0,327.0,Low
-2239499.999999999,14250750.0,7.6,35.3,25.0,42.0,348.0,Medium
-2239499.999999999,14350750.0,7.6,31.8,25.0,36.0,304.0,Low
-2239499.999999999,14450750.0,7.6,35.7,25.0,45.0,357.0,Medium
-2239499.999999999,14550750.0,7.6,35.5,25.0,43.0,335.0,Medium
-2239499.999999999,14650750.0,7.7,30.4,25.0,47.0,229.0,Low
-2239499.999999999,14750750.0,7.2,33.3,25.0,35.0,275.0,Medium
-2239499.999999999,14850750.0,7.3,34.5,25.0,38.0,225.0,Medium
-2239499.999999999,14950750.0,7.1,36.5,25.0,31.0,258.0,Medium
-2239499.999999999,15050750.0,6.9,35.6,25.0,48.0,261.0,Medium
-2239499.999999999,15150750.0,7.5,36.7,25.0,45.0,233.0,Low
-2239499.999999999,15250750.0,7.4,35.5,25.0,46.0,336.0,Medium
-2239499.999999999,15350750.0,7.7,36.2,25.0,41.0,359.0,Medium
-2239499.999999999,15450750.0,7.4,38.6,25.0,66.0,384.0,Medium
-2239499.999999999,15550750.0,6.8,33.1,25.0,71.0,310.0,Medium
-2239499.999999999,15650750.0,7.7,37.8,25.0,44.0,372.0,Medium
-2239499.999999999,15750750.0,7.8,36.7,25.0,54.0,383.0,Medium
-2239499.999999999,15850750.0,7.5,33.9,25.0,44.0,290.0,Medium
-2239499.999999999,15950750.0,7.5,34.6,25.0,54.0,330.0,Medium
-2239499.999999999,16050750.0,6.8,31.0,25.0,77.0,228.0,Medium
-2239499.999999999,16150750.0,6.2,32.6,25.0,68.0,126.0,Medium
-2239499.999999999,16250750.0,6.6,33.5,25.0,61.0,156.0,Medium
-2239499.999999999,16350750.0,6.8,34.4,25.0,77.0,182.0,Medium
-2239499.999999999,16450750.0,6.4,36.0,25.0,78.0,159.0,Medium
-2339499.999999999,-7649250.0,8.4,27.2,25.0,94.0,172.0,Low
-2339499.999999999,-7549250.0,8.1,32.5,25.0,173.0,191.0,Low
-2339499.999999999,-7449250.0,8.2,31.3,25.0,130.0,132.0,Low
-2339499.999999999,-7349250.0,7.3,32.4,25.0,185.0,153.0,Medium
-2339499.999999999,-7249250.0,7.1,33.6,25.0,215.0,195.0,Medium
-2339499.999999999,-7149250.0,6.2,34.8,25.0,289.0,168.0,Medium
-2339499.999999999,-7049250.0,5.9,38.5,25.0,261.0,210.0,Medium
-2339499.999999999,-6949250.0,7.0,33.7,25.0,156.0,168.0,Medium
-2339499.999999999,-6849250.0,6.9,34.5,25.0,178.0,194.0,Medium
-2339499.999999999,-6749250.0,6.8,36.8,25.0,141.0,215.0,Medium
-2339499.999999999,-6649250.0,6.4,32.5,25.0,208.0,183.0,Medium
-2339499.999999999,-6549250.0,5.9,33.0,25.0,221.0,180.0,Medium
-2339499.999999999,-6449250.0,6.4,35.3,25.0,173.0,129.0,Medium
-2339499.999999999,-6349250.0,5.5,38.5,25.0,211.0,123.0,Low
-2339499.999999999,-6249250.0,5.6,34.5,25.0,237.0,111.0,Low
-2339499.999999999,-6149250.0,5.3,36.5,25.0,203.0,118.0,Low
-2339499.999999999,-6049250.0,5.5,34.7,25.0,198.0,119.0,Low
-2339499.999999999,-5949250.0,5.4,34.6,25.0,200.0,104.0,Low
-2339499.999999999,-5849250.0,5.6,34.2,25.0,165.0,128.0,Low
-2339499.999999999,-5749250.0,5.6,34.6,25.0,204.0,107.0,Low
-2339499.999999999,-5649250.0,5.6,34.7,25.0,203.0,100.0,Low
-2339499.999999999,-5549250.0,5.5,38.0,25.0,171.0,94.0,Low
-2339499.999999999,-5449250.0,5.6,39.3,25.0,178.0,112.0,Low
-2339499.999999999,-5349250.0,5.4,38.9,25.0,229.0,125.0,Low
-2339499.999999999,-5249250.0,5.2,39.7,25.0,261.0,140.0,Low
-2339499.999999999,-5149250.0,5.2,37.7,25.0,210.0,157.0,Low
-2339499.999999999,-5049250.0,5.2,39.3,25.0,263.0,162.0,Low
-2339499.999999999,-4949250.0,5.2,39.2,25.0,233.0,162.0,Low
-2339499.999999999,-4849250.0,5.3,39.9,25.0,209.0,148.0,Low
-2339499.999999999,-4749250.0,5.4,41.5,25.0,268.0,155.0,Low
-2339499.999999999,1650750.0,8.7,29.6,25.0,106.0,111.0,Low
-2339499.999999999,1750750.0,8.2,30.0,25.0,66.0,137.0,Low
-2339499.999999999,1850750.0,7.4,32.7,25.0,67.0,158.0,Low
-2339499.999999999,1950750.0,7.3,31.7,25.0,66.0,91.0,Low
-2339499.999999999,2050750.0,7.5,27.4,25.0,66.0,111.0,Low
-2339499.999999999,2150750.0,7.4,28.3,25.0,67.0,105.0,Low
-2339499.999999999,2250750.0,7.2,26.3,25.0,79.0,95.0,Low
-2339499.999999999,2350750.0,7.2,28.5,25.0,51.0,103.0,Low
-2339499.999999999,2450750.0,6.8,26.9,25.0,61.0,79.0,Low
-2339499.999999999,2550750.0,7.2,32.2,25.0,79.0,73.0,Low
-2339499.999999999,2650750.0,7.2,37.4,25.0,107.0,126.0,Medium
-2339499.999999999,2750750.0,8.3,34.1,25.0,64.0,112.0,Low
-2339499.999999999,2850750.0,7.4,36.1,25.0,108.0,223.0,Medium
-2339499.999999999,2950750.0,6.6,23.8,25.0,64.0,121.0,Medium
-2339499.999999999,3050750.0,6.8,24.4,25.0,84.0,151.0,Medium
-2339499.999999999,3150750.0,6.9,24.9,25.0,103.0,178.0,Medium
-2339499.999999999,3250750.0,6.5,34.0,25.0,115.0,197.0,Medium
-2339499.999999999,3350750.0,6.6,35.7,25.0,114.0,226.0,Medium
-2339499.999999999,3450750.0,6.6,33.7,25.0,106.0,222.0,Medium
-2339499.999999999,3550750.0,6.6,27.2,25.0,112.0,173.0,Medium
-2339499.999999999,3650750.0,6.5,24.9,25.0,119.0,124.0,Medium
-2339499.999999999,3750750.0,6.4,30.7,25.0,114.0,119.0,Medium
-2339499.999999999,4750750.0,6.3,29.8,25.0,117.0,165.0,Medium
-2339499.999999999,4850750.0,6.4,32.2,25.0,141.0,179.0,Medium
-2339499.999999999,4950750.0,6.2,36.7,25.0,234.0,162.0,Medium
-2339499.999999999,5050750.0,5.5,37.1,25.0,195.0,143.0,Low
-2339499.999999999,5150750.0,5.2,39.6,25.0,271.0,198.0,Low
-2339499.999999999,13150750.0,7.5,33.5,25.0,67.0,207.0,Low
-2339499.999999999,13250750.0,7.7,34.2,25.0,46.0,240.0,Low
-2339499.999999999,13350750.0,8.1,31.0,25.0,37.0,258.0,Low
-2339499.999999999,13450750.0,7.5,32.2,25.0,47.0,264.0,Low
-2339499.999999999,13550750.0,7.2,31.1,25.0,45.0,287.0,Medium
-2339499.999999999,13650750.0,7.7,33.1,25.0,37.0,267.0,Low
-2339499.999999999,13750750.0,7.7,31.9,25.0,38.0,285.0,Low
-2339499.999999999,13850750.0,7.6,33.7,25.0,37.0,281.0,Low
-2339499.999999999,13950750.0,7.8,31.7,25.0,41.0,276.0,Low
-2339499.999999999,14050750.0,7.8,31.3,25.0,47.0,284.0,Low
-2339499.999999999,14150750.0,7.7,31.9,25.0,38.0,287.0,Low
-2339499.999999999,14250750.0,7.4,33.7,25.0,42.0,302.0,Medium
-2339499.999999999,14350750.0,7.3,32.2,25.0,39.0,270.0,Medium
-2339499.999999999,14450750.0,7.7,33.9,25.0,36.0,286.0,Low
-2339499.999999999,14550750.0,7.7,35.1,25.0,40.0,301.0,Low
-2339499.999999999,14650750.0,7.6,35.9,25.0,30.0,298.0,Medium
-2339499.999999999,14750750.0,7.4,32.3,25.0,45.0,298.0,Medium
-2339499.999999999,14850750.0,7.4,33.3,25.0,47.0,297.0,Medium
-2339499.999999999,14950750.0,7.3,36.3,25.0,33.0,279.0,Medium
-2339499.999999999,15050750.0,6.8,34.6,25.0,46.0,298.0,Medium
-2339499.999999999,15150750.0,7.5,35.2,25.0,36.0,325.0,Medium
-2339499.999999999,15250750.0,7.7,38.2,25.0,33.0,330.0,Medium
-2339499.999999999,15350750.0,7.5,37.0,25.0,39.0,371.0,Medium
-2339499.999999999,15450750.0,7.7,38.4,25.0,44.0,383.0,Medium
-2339499.999999999,15550750.0,6.9,34.3,25.0,66.0,366.0,Medium
-2339499.999999999,15650750.0,7.0,36.4,25.0,94.0,362.0,Medium
-2339499.999999999,15750750.0,8.0,34.6,25.0,61.0,374.0,Low
-2339499.999999999,15850750.0,8.2,38.5,25.0,50.0,434.0,Low
-2339499.999999999,15950750.0,8.2,37.0,25.0,65.0,454.0,Low
-2339499.999999999,16050750.0,6.6,30.2,25.0,51.0,229.0,Medium
-2339499.999999999,16150750.0,6.2,29.8,25.0,67.0,154.0,Medium
-2339499.999999999,16250750.0,6.4,33.3,25.0,58.0,218.0,Medium
-2339499.999999999,16350750.0,6.4,33.1,25.0,85.0,203.0,Medium
-2339499.999999999,16450750.0,6.4,34.0,25.0,155.0,179.0,Medium
-2439499.999999999,-7649250.0,8.2,27.3,25.0,164.0,197.0,Low
-2439499.999999999,-7549250.0,8.0,29.8,25.0,202.0,161.0,Low
-2439499.999999999,-7449250.0,8.0,31.6,25.0,182.0,157.0,Low
-2439499.999999999,-7349250.0,7.3,34.0,25.0,250.0,170.0,Medium
-2439499.999999999,-7249250.0,7.0,32.8,25.0,172.0,226.0,Medium
-2439499.999999999,-7149250.0,6.3,36.4,25.0,367.0,231.0,Medium
-2439499.999999999,-7049250.0,6.0,38.0,25.0,140.0,176.0,Medium
-2439499.999999999,-6949250.0,6.9,35.7,25.0,139.0,177.0,Medium
-2439499.999999999,-6849250.0,6.7,33.9,25.0,165.0,186.0,Medium
-2439499.999999999,-6749250.0,6.3,32.3,25.0,190.0,186.0,Medium
-2439499.999999999,-6649250.0,6.5,34.4,25.0,194.0,217.0,Medium
-2439499.999999999,-6549250.0,5.9,32.9,25.0,256.0,211.0,Medium
-2439499.999999999,-6449250.0,5.9,38.8,25.0,197.0,206.0,Medium
-2439499.999999999,-6349250.0,5.8,35.3,25.0,232.0,128.0,Medium
-2439499.999999999,-6249250.0,5.2,34.9,25.0,278.0,143.0,Low
-2439499.999999999,-6149250.0,5.5,37.5,25.0,229.0,129.0,Low
-2439499.999999999,-6049250.0,5.4,34.0,25.0,223.0,128.0,Low
-2439499.999999999,-5949250.0,5.3,33.8,25.0,198.0,130.0,Low
-2439499.999999999,-5849250.0,5.7,37.7,25.0,246.0,117.0,Medium
-2439499.999999999,-5749250.0,5.6,36.3,25.0,201.0,109.0,Low
-2439499.999999999,-5649250.0,5.6,36.2,25.0,187.0,121.0,Low
-2439499.999999999,-5549250.0,5.5,36.7,25.0,221.0,117.0,Low
-2439499.999999999,-5449250.0,5.5,39.1,25.0,198.0,108.0,Low
-2439499.999999999,-5349250.0,5.3,37.9,25.0,189.0,110.0,Low
-2439499.999999999,-5249250.0,4.9,37.9,25.0,294.0,141.0,Low
-2439499.999999999,-5149250.0,5.1,38.6,25.0,296.0,163.0,Low
-2439499.999999999,-5049250.0,5.0,38.3,25.0,216.0,191.0,Low
-2439499.999999999,-4949250.0,5.1,39.6,25.0,251.0,168.0,Low
-2439499.999999999,-4849250.0,5.4,41.4,25.0,231.0,162.0,Low
-2439499.999999999,-4749250.0,5.8,36.7,25.0,355.0,277.0,Medium
-2439499.999999999,1650750.0,8.8,23.7,25.0,91.0,126.0,Low
-2439499.999999999,1750750.0,8.6,29.4,25.0,50.0,116.0,Low
-2439499.999999999,1850750.0,8.0,31.4,25.0,60.0,123.0,Low
-2439499.999999999,1950750.0,7.6,31.4,25.0,62.0,136.0,Low
-2439499.999999999,2050750.0,7.5,31.6,25.0,68.0,155.0,Low
-2439499.999999999,2150750.0,7.7,28.2,25.0,65.0,111.0,Low
-2439499.999999999,2250750.0,7.3,27.3,25.0,62.0,111.0,Low
-2439499.999999999,2350750.0,7.6,27.8,25.0,76.0,102.0,Low
-2439499.999999999,2450750.0,7.5,29.1,25.0,75.0,85.0,Low
-2439499.999999999,2550750.0,8.0,37.4,25.0,74.0,81.0,Low
-2439499.999999999,2650750.0,7.6,36.8,25.0,83.0,75.0,Low
-2439499.999999999,2750750.0,7.2,29.0,25.0,115.0,63.0,Low
-2439499.999999999,2850750.0,6.8,26.8,25.0,99.0,90.0,Medium
-2439499.999999999,2950750.0,6.8,22.7,25.0,98.0,148.0,Medium
-2439499.999999999,3050750.0,6.9,24.9,25.0,70.0,113.0,Low
-2439499.999999999,3150750.0,6.9,29.6,25.0,89.0,166.0,Medium
-2439499.999999999,3250750.0,7.1,37.6,25.0,79.0,187.0,Medium
-2439499.999999999,3350750.0,6.8,41.3,25.0,112.0,237.0,Medium
-2439499.999999999,3450750.0,6.7,32.9,25.0,109.0,198.0,Medium
-2439499.999999999,3550750.0,6.7,30.0,25.0,120.0,193.0,Medium
-2439499.999999999,3650750.0,6.6,24.0,25.0,108.0,157.0,Medium
-2439499.999999999,3750750.0,6.5,22.6,25.0,140.0,131.0,Medium
-2439499.999999999,4650750.0,6.6,27.5,25.0,109.0,158.0,Medium
-2439499.999999999,4750750.0,6.7,30.8,25.0,111.0,162.0,Medium
-2439499.999999999,4850750.0,6.6,29.7,25.0,113.0,119.0,Medium
-2439499.999999999,4950750.0,6.5,32.4,25.0,168.0,158.0,Medium
-2439499.999999999,5050750.0,4.4,38.2,25.0,340.0,209.0,Low
-2439499.999999999,13050750.0,7.7,33.9,25.0,61.0,244.0,Low
-2439499.999999999,13150750.0,7.3,33.5,25.0,91.0,238.0,Medium
-2439499.999999999,13250750.0,7.1,35.7,25.0,74.0,269.0,Medium
-2439499.999999999,13350750.0,7.0,32.1,25.0,56.0,302.0,Medium
-2439499.999999999,13450750.0,7.5,34.4,25.0,60.0,305.0,Medium
-2439499.999999999,13550750.0,7.2,32.5,25.0,47.0,271.0,Medium
-2439499.999999999,13650750.0,8.0,32.8,25.0,36.0,268.0,Low
-2439499.999999999,13750750.0,7.5,31.8,25.0,40.0,264.0,Low
-2439499.999999999,13850750.0,7.6,27.9,25.0,39.0,264.0,Low
-2439499.999999999,13950750.0,7.8,29.4,25.0,41.0,238.0,Low
-2439499.999999999,14050750.0,7.8,30.3,25.0,41.0,273.0,Low
-2439499.999999999,14150750.0,8.0,34.1,25.0,40.0,341.0,Low
-2439499.999999999,14250750.0,7.3,31.7,25.0,45.0,269.0,Medium
-2439499.999999999,14350750.0,7.8,30.5,25.0,42.0,299.0,Low
-2439499.999999999,14450750.0,7.7,38.1,25.0,47.0,390.0,Medium
-2439499.999999999,14550750.0,7.4,33.2,25.0,36.0,284.0,Medium
-2439499.999999999,14650750.0,7.7,33.8,25.0,33.0,308.0,Low
-2439499.999999999,14750750.0,7.5,36.4,25.0,40.0,346.0,Medium
-2439499.999999999,14850750.0,7.3,34.9,25.0,37.0,327.0,Medium
-2439499.999999999,14950750.0,7.6,36.7,25.0,45.0,351.0,Medium
-2439499.999999999,15050750.0,7.7,35.6,25.0,38.0,335.0,Low
-2439499.999999999,15150750.0,7.6,38.4,25.0,40.0,360.0,Medium
-2439499.999999999,15250750.0,7.2,37.4,25.0,36.0,348.0,Medium
-2439499.999999999,15350750.0,7.8,36.6,25.0,50.0,350.0,Low
-2439499.999999999,15450750.0,7.7,36.0,25.0,38.0,320.0,Low
-2439499.999999999,15550750.0,6.7,32.5,25.0,36.0,302.0,Medium
-2439499.999999999,15650750.0,7.3,32.7,25.0,41.0,322.0,Medium
-2439499.999999999,15750750.0,6.9,28.4,25.0,41.0,220.0,Medium
-2439499.999999999,15850750.0,8.1,31.4,25.0,43.0,341.0,Low
-2439499.999999999,15950750.0,8.2,37.1,25.0,54.0,365.0,Low
-2439499.999999999,16050750.0,7.5,31.7,25.0,57.0,309.0,Medium
-2439499.999999999,16150750.0,5.7,31.7,25.0,39.0,208.0,Low
-2439499.999999999,16250750.0,7.0,31.3,25.0,58.0,211.0,Medium
-2439499.999999999,16350750.0,7.7,36.3,25.0,97.0,362.0,Medium
-2439499.999999999,16450750.0,6.8,31.6,25.0,103.0,198.0,Medium
-2439499.999999999,16550750.0,5.8,35.1,25.0,134.0,153.0,Low
-2539499.999999999,-7649250.0,8.3,27.4,25.0,150.0,180.0,Low
-2539499.999999999,-7549250.0,8.2,28.8,25.0,161.0,183.0,Low
-2539499.999999999,-7449250.0,7.9,31.3,25.0,172.0,181.0,Low
-2539499.999999999,-7349250.0,7.2,33.3,25.0,191.0,160.0,Medium
-2539499.999999999,-7249250.0,7.1,34.3,25.0,223.0,150.0,Medium
-2539499.999999999,-7149250.0,5.5,41.4,25.0,328.0,236.0,Medium
-2539499.999999999,-7049250.0,5.9,36.7,25.0,219.0,166.0,Medium
-2539499.999999999,-6949250.0,6.6,32.5,25.0,155.0,167.0,Medium
-2539499.999999999,-6849250.0,6.9,35.0,25.0,135.0,223.0,Medium
-2539499.999999999,-6749250.0,6.3,34.5,25.0,224.0,221.0,Medium
-2539499.999999999,-6649250.0,6.6,33.2,25.0,167.0,181.0,Medium
-2539499.999999999,-6549250.0,6.0,34.0,25.0,251.0,219.0,Medium
-2539499.999999999,-6449250.0,5.9,38.6,25.0,217.0,199.0,Medium
-2539499.999999999,-6349250.0,5.6,36.2,25.0,209.0,171.0,Medium
-2539499.999999999,-6249250.0,5.2,35.9,25.0,270.0,207.0,Low
-2539499.999999999,-6149250.0,5.3,37.3,25.0,238.0,133.0,Low
-2539499.999999999,-6049250.0,5.4,37.0,25.0,225.0,133.0,Low
-2539499.999999999,-5949250.0,5.6,34.6,25.0,256.0,152.0,Low
-2539499.999999999,-5849250.0,5.7,35.6,25.0,245.0,153.0,Medium
-2539499.999999999,-5649250.0,5.6,37.1,25.0,234.0,148.0,Low
-2539499.999999999,-5549250.0,5.4,35.9,25.0,230.0,141.0,Low
-2539499.999999999,-5449250.0,5.4,39.9,25.0,235.0,123.0,Low
-2539499.999999999,-5349250.0,5.4,37.7,25.0,235.0,119.0,Low
-2539499.999999999,-5249250.0,4.8,39.0,25.0,416.0,172.0,Low
-2539499.999999999,-5149250.0,5.0,38.1,25.0,271.0,171.0,Low
-2539499.999999999,-5049250.0,5.0,40.4,25.0,282.0,155.0,Low
-2539499.999999999,-4849250.0,5.8,38.0,25.0,274.0,191.0,Medium
-2539499.999999999,1750750.0,8.4,29.3,25.0,105.0,132.0,Low
-2539499.999999999,1850750.0,7.7,31.9,25.0,65.0,89.0,Low
-2539499.999999999,1950750.0,7.7,32.9,25.0,72.0,169.0,Low
-2539499.999999999,2050750.0,7.7,29.8,25.0,64.0,142.0,Low
-2539499.999999999,2150750.0,7.6,29.9,25.0,62.0,137.0,Low
-2539499.999999999,2250750.0,7.7,30.3,25.0,85.0,133.0,Low
-2539499.999999999,2350750.0,7.3,27.0,25.0,79.0,100.0,Low
-2539499.999999999,2450750.0,6.9,28.5,25.0,82.0,93.0,Medium
-2539499.999999999,2550750.0,7.0,32.6,25.0,68.0,76.0,Low
-2539499.999999999,2650750.0,6.9,30.1,25.0,82.0,72.0,Medium
-2539499.999999999,2750750.0,6.1,28.1,25.0,106.0,63.0,Low
-2539499.999999999,2850750.0,6.6,26.7,25.0,81.0,125.0,Medium
-2539499.999999999,2950750.0,6.5,28.7,25.0,108.0,136.0,Medium
-2539499.999999999,3050750.0,6.6,25.5,25.0,88.0,153.0,Medium
-2539499.999999999,3150750.0,6.6,26.3,25.0,85.0,122.0,Medium
-2539499.999999999,3250750.0,7.1,33.2,25.0,130.0,207.0,Medium
-2539499.999999999,3350750.0,6.7,39.7,25.0,124.0,279.0,Medium
-2539499.999999999,3450750.0,7.3,35.4,25.0,88.0,211.0,Medium
-2539499.999999999,3550750.0,6.8,31.1,25.0,121.0,194.0,Medium
-2539499.999999999,3650750.0,6.5,25.7,25.0,137.0,168.0,Medium
-2539499.999999999,3750750.0,6.4,31.2,25.0,139.0,139.0,Medium
-2539499.999999999,4650750.0,6.5,33.5,25.0,170.0,192.0,Medium
-2539499.999999999,4750750.0,7.1,29.8,25.0,121.0,142.0,Medium
-2539499.999999999,4850750.0,6.5,31.3,25.0,105.0,142.0,Medium
-2539499.999999999,4950750.0,6.2,35.8,25.0,202.0,150.0,Medium
-2539499.999999999,5050750.0,5.1,39.5,25.0,273.0,194.0,Low
-2539499.999999999,12950750.0,7.9,33.8,25.0,61.0,240.0,Low
-2539499.999999999,13050750.0,7.7,34.0,25.0,47.0,279.0,Low
-2539499.999999999,13150750.0,7.9,34.7,25.0,64.0,245.0,Low
-2539499.999999999,13250750.0,8.0,33.1,25.0,51.0,221.0,Low
-2539499.999999999,13350750.0,7.3,32.1,25.0,65.0,246.0,Medium
-2539499.999999999,13450750.0,7.1,32.0,25.0,76.0,263.0,Medium
-2539499.999999999,13550750.0,7.9,36.3,25.0,70.0,314.0,Low
-2539499.999999999,13650750.0,8.0,33.4,25.0,42.0,284.0,Low
-2539499.999999999,13750750.0,8.1,31.9,25.0,47.0,246.0,Low
-2539499.999999999,13850750.0,7.7,30.8,25.0,38.0,280.0,Low
-2539499.999999999,13950750.0,7.7,31.4,25.0,38.0,242.0,Low
-2539499.999999999,14050750.0,7.7,33.0,25.0,38.0,281.0,Low
-2539499.999999999,14150750.0,7.8,33.4,25.0,41.0,288.0,Low
-2539499.999999999,14250750.0,7.5,33.2,25.0,41.0,287.0,Low
-2539499.999999999,14350750.0,7.5,34.8,25.0,39.0,307.0,Medium
-2539499.999999999,14450750.0,7.5,32.4,25.0,37.0,327.0,Medium
-2539499.999999999,14550750.0,7.6,35.8,25.0,38.0,343.0,Medium
-2539499.999999999,14650750.0,7.6,35.7,25.0,40.0,350.0,Medium
-2539499.999999999,14750750.0,6.8,35.1,25.0,61.0,338.0,Medium
-2539499.999999999,14850750.0,7.7,37.2,25.0,35.0,359.0,Medium
-2539499.999999999,14950750.0,7.6,36.0,25.0,38.0,315.0,Medium
-2539499.999999999,15050750.0,7.8,36.4,25.0,40.0,338.0,Low
-2539499.999999999,15150750.0,7.7,38.4,25.0,53.0,402.0,Medium
-2539499.999999999,15250750.0,7.9,35.5,25.0,36.0,335.0,Low
-2539499.999999999,15350750.0,7.8,34.5,25.0,35.0,311.0,Low
-2539499.999999999,15450750.0,8.1,32.4,25.0,30.0,304.0,Low
-2539499.999999999,15550750.0,7.4,32.7,25.0,35.0,293.0,Medium
-2539499.999999999,15650750.0,7.3,32.9,25.0,31.0,319.0,Medium
-2539499.999999999,15750750.0,7.5,33.9,25.0,32.0,319.0,Medium
-2539499.999999999,15850750.0,6.4,29.6,25.0,41.0,255.0,Medium
-2539499.999999999,15950750.0,8.3,38.7,25.0,59.0,344.0,Low
-2539499.999999999,16050750.0,7.9,30.7,25.0,58.0,313.0,Low
-2539499.999999999,16150750.0,5.9,33.9,25.0,49.0,228.0,Medium
-2539499.999999999,16250750.0,6.2,31.6,25.0,69.0,162.0,Medium
-2539499.999999999,16350750.0,6.4,29.0,25.0,101.0,181.0,Medium
-2539499.999999999,16450750.0,6.3,28.6,25.0,87.0,221.0,Medium
-2539499.999999999,16550750.0,6.5,34.0,25.0,174.0,199.0,Medium
-2539499.999999999,16650750.0,6.0,34.5,25.0,182.0,185.0,Medium
-2639499.999999999,-7649250.0,8.3,28.6,25.0,473.0,216.0,Low
-2639499.999999999,-7549250.0,8.4,29.2,25.0,111.0,181.0,Low
-2639499.999999999,-7449250.0,7.8,34.5,25.0,172.0,255.0,Low
-2639499.999999999,-7349250.0,7.5,32.4,25.0,173.0,164.0,Low
-2639499.999999999,-7249250.0,7.2,32.7,25.0,250.0,160.0,Medium
-2639499.999999999,-7149250.0,6.0,37.1,25.0,202.0,205.0,Medium
-2639499.999999999,-7049250.0,6.6,34.4,25.0,190.0,163.0,Medium
-2639499.999999999,-6949250.0,6.7,32.6,25.0,157.0,193.0,Medium
-2639499.999999999,-6849250.0,6.4,33.3,25.0,205.0,219.0,Medium
-2639499.999999999,-6749250.0,6.5,32.3,25.0,197.0,206.0,Medium
-2639499.999999999,-6649250.0,6.1,32.6,25.0,232.0,212.0,Medium
-2639499.999999999,-6549250.0,6.3,36.1,25.0,208.0,236.0,Medium
-2639499.999999999,-6449250.0,6.0,39.9,25.0,236.0,217.0,Medium
-2639499.999999999,-6349250.0,5.6,32.7,25.0,262.0,167.0,Low
-2639499.999999999,-6249250.0,5.2,34.4,25.0,250.0,164.0,Low
-2639499.999999999,-6149250.0,5.2,35.6,25.0,236.0,161.0,Low
-2639499.999999999,-6049250.0,5.5,35.5,25.0,276.0,163.0,Low
-2639499.999999999,-5949250.0,5.6,36.5,25.0,295.0,161.0,Medium
-2639499.999999999,-5849250.0,5.6,38.5,25.0,293.0,144.0,Medium
-2639499.999999999,-5749250.0,5.5,39.7,25.0,308.0,155.0,Medium
-2639499.999999999,-5649250.0,5.6,40.0,25.0,292.0,149.0,Medium
-2639499.999999999,-5549250.0,5.4,35.7,25.0,264.0,160.0,Low
-2639499.999999999,-5449250.0,5.4,38.1,25.0,240.0,136.0,Low
-2639499.999999999,-5349250.0,4.9,37.9,25.0,343.0,166.0,Low
-2639499.999999999,-5249250.0,4.9,41.1,25.0,460.0,218.0,Low
-2639499.999999999,1750750.0,8.2,26.8,25.0,132.0,181.0,Low
-2639499.999999999,1850750.0,8.1,33.1,25.0,91.0,153.0,Low
-2639499.999999999,1950750.0,8.4,33.1,25.0,70.0,125.0,Low
-2639499.999999999,2050750.0,8.8,31.9,25.0,51.0,136.0,Low
-2639499.999999999,2150750.0,8.7,31.8,25.0,56.0,113.0,Low
-2639499.999999999,2250750.0,8.3,30.5,25.0,75.0,115.0,Low
-2639499.999999999,2350750.0,7.5,30.0,25.0,67.0,112.0,Low
-2639499.999999999,2450750.0,7.3,29.5,25.0,84.0,112.0,Low
-2639499.999999999,2550750.0,6.7,30.7,25.0,92.0,76.0,Medium
-2639499.999999999,2650750.0,6.6,29.8,25.0,97.0,59.0,Medium
-2639499.999999999,2750750.0,6.2,25.8,25.0,89.0,71.0,Low
-2639499.999999999,2850750.0,6.6,26.8,25.0,89.0,108.0,Medium
-2639499.999999999,2950750.0,6.3,24.7,25.0,68.0,96.0,Low
-2639499.999999999,3050750.0,6.4,25.2,25.0,115.0,143.0,Medium
-2639499.999999999,3150750.0,6.7,27.6,25.0,116.0,149.0,Medium
-2639499.999999999,3250750.0,5.4,38.0,25.0,290.0,126.0,Low
-2639499.999999999,3350750.0,6.9,36.1,25.0,106.0,255.0,Medium
-2639499.999999999,3450750.0,6.8,34.0,25.0,112.0,218.0,Medium
-2639499.999999999,3550750.0,6.8,34.4,25.0,122.0,216.0,Medium
-2639499.999999999,3650750.0,6.7,32.1,25.0,129.0,190.0,Medium
-2639499.999999999,3750750.0,6.1,31.2,25.0,116.0,138.0,Medium
-2639499.999999999,4650750.0,6.5,31.3,25.0,97.0,204.0,Medium
-2639499.999999999,4750750.0,6.9,31.3,25.0,94.0,179.0,Medium
-2639499.999999999,4850750.0,6.6,34.8,25.0,118.0,189.0,Medium
-2639499.999999999,4950750.0,5.4,38.9,25.0,271.0,179.0,Low
-2639499.999999999,12950750.0,8.1,34.6,25.0,94.0,255.0,Low
-2639499.999999999,13050750.0,7.5,30.8,25.0,65.0,224.0,Low
-2639499.999999999,13150750.0,7.2,35.0,25.0,61.0,259.0,Medium
-2639499.999999999,13250750.0,7.6,33.4,25.0,48.0,239.0,Low
-2639499.999999999,13350750.0,7.7,33.4,25.0,49.0,268.0,Low
-2639499.999999999,13450750.0,7.3,33.6,25.0,54.0,233.0,Medium
-2639499.999999999,13550750.0,7.6,33.4,25.0,68.0,277.0,Low
-2639499.999999999,13650750.0,8.0,31.7,25.0,46.0,239.0,Low
-2639499.999999999,13750750.0,8.0,31.8,25.0,43.0,234.0,Low
-2639499.999999999,13850750.0,8.0,33.3,25.0,43.0,235.0,Low
-2639499.999999999,13950750.0,7.9,31.8,25.0,32.0,244.0,Low
-2639499.999999999,14050750.0,7.9,32.7,25.0,31.0,301.0,Low
-2639499.999999999,14150750.0,7.7,32.5,25.0,42.0,338.0,Low
-2639499.999999999,14250750.0,7.8,32.6,25.0,41.0,292.0,Low
-2639499.999999999,14350750.0,6.6,33.1,25.0,43.0,274.0,Medium
-2639499.999999999,14450750.0,7.3,34.7,25.0,44.0,239.0,Medium
-2639499.999999999,14550750.0,7.4,32.8,25.0,51.0,274.0,Medium
-2639499.999999999,14650750.0,7.3,35.1,25.0,45.0,320.0,Medium
-2639499.999999999,14750750.0,7.8,37.5,25.0,48.0,359.0,Medium
-2639499.999999999,14850750.0,7.0,35.9,25.0,61.0,322.0,Medium
-2639499.999999999,14950750.0,7.7,38.7,25.0,37.0,338.0,Medium
-2639499.999999999,15050750.0,7.5,37.8,25.0,44.0,357.0,Medium
-2639499.999999999,15150750.0,7.7,36.1,25.0,43.0,372.0,Medium
-2639499.999999999,15250750.0,8.0,36.2,25.0,39.0,315.0,Low
-2639499.999999999,15350750.0,8.0,33.0,25.0,31.0,285.0,Low
-2639499.999999999,15450750.0,7.9,32.9,25.0,28.0,267.0,Low
-2639499.999999999,15550750.0,7.9,36.4,25.0,36.0,334.0,Low
-2639499.999999999,15650750.0,7.6,30.9,25.0,29.0,258.0,Low
-2639499.999999999,15750750.0,6.8,31.7,25.0,25.0,253.0,Medium
-2639499.999999999,15850750.0,6.3,32.2,25.0,35.0,238.0,Medium
-2639499.999999999,15950750.0,7.0,30.8,25.0,36.0,264.0,Medium
-2639499.999999999,16050750.0,8.3,37.3,25.0,57.0,364.0,Low
-2639499.999999999,16150750.0,6.8,29.9,25.0,56.0,251.0,Medium
-2639499.999999999,16250750.0,6.2,30.0,25.0,83.0,242.0,Medium
-2639499.999999999,16350750.0,7.6,34.6,25.0,121.0,334.0,Medium
-2639499.999999999,16450750.0,7.6,34.7,25.0,109.0,342.0,Medium
-2639499.999999999,16550750.0,6.6,31.7,25.0,138.0,217.0,Medium
-2639499.999999999,16650750.0,6.1,36.5,25.0,183.0,169.0,Medium
-2739499.999999999,-7649250.0,8.3,28.1,25.0,265.0,187.0,Low
-2739499.999999999,-7549250.0,8.2,34.1,25.0,133.0,188.0,Low
-2739499.999999999,-7449250.0,8.2,34.6,25.0,157.0,188.0,Low
-2739499.999999999,-7349250.0,7.5,30.5,25.0,141.0,140.0,Low
-2739499.999999999,-7249250.0,7.0,36.7,25.0,300.0,231.0,Medium
-2739499.999999999,-7149250.0,6.1,37.3,25.0,335.0,221.0,Medium
-2739499.999999999,-7049250.0,6.5,32.9,25.0,189.0,186.0,Medium
-2739499.999999999,-6949250.0,6.6,34.8,25.0,209.0,211.0,Medium
-2739499.999999999,-6849250.0,6.5,34.4,25.0,216.0,216.0,Medium
-2739499.999999999,-6749250.0,6.4,32.1,25.0,216.0,232.0,Medium
-2739499.999999999,-6649250.0,6.1,33.0,25.0,262.0,206.0,Medium
-2739499.999999999,-6549250.0,6.2,39.3,25.0,199.0,223.0,Medium
-2739499.999999999,-6449250.0,6.3,36.8,25.0,220.0,231.0,Medium
-2739499.999999999,-6349250.0,5.5,36.3,25.0,207.0,176.0,Low
-2739499.999999999,-6249250.0,5.4,32.9,25.0,327.0,223.0,Low
-2739499.999999999,-6149250.0,5.4,37.7,25.0,319.0,211.0,Medium
-2739499.999999999,-6049250.0,5.5,35.7,25.0,335.0,256.0,Medium
-2739499.999999999,-5949250.0,5.3,35.2,25.0,300.0,157.0,Low
-2739499.999999999,-5849250.0,5.2,37.1,25.0,379.0,156.0,Low
-2739499.999999999,-5749250.0,5.0,38.3,25.0,296.0,177.0,Low
-2739499.999999999,-5649250.0,5.1,40.2,25.0,380.0,275.0,Medium
-2739499.999999999,-5549250.0,5.3,41.1,25.0,438.0,229.0,Medium
-2739499.999999999,-5449250.0,4.9,39.2,25.0,434.0,232.0,Low
-2739499.999999999,1750750.0,8.4,29.4,25.0,152.0,178.0,Low
-2739499.999999999,1850750.0,7.6,33.0,25.0,113.0,124.0,Low
-2739499.999999999,1950750.0,8.6,32.5,25.0,54.0,122.0,Low
-2739499.999999999,2050750.0,8.8,31.2,25.0,46.0,120.0,Low
-2739499.999999999,2150750.0,8.5,31.0,25.0,64.0,142.0,Low
-2739499.999999999,2250750.0,8.4,33.1,25.0,65.0,127.0,Low
-2739499.999999999,2350750.0,7.6,29.7,25.0,62.0,109.0,Low
-2739499.999999999,2450750.0,7.3,27.2,25.0,63.0,99.0,Low
-2739499.999999999,2550750.0,7.1,31.2,25.0,74.0,75.0,Low
-2739499.999999999,2650750.0,6.9,29.2,25.0,91.0,69.0,Low
-2739499.999999999,2750750.0,6.7,25.8,25.0,89.0,78.0,Medium
-2739499.999999999,2850750.0,6.5,26.1,25.0,106.0,151.0,Medium
-2739499.999999999,2950750.0,6.5,29.9,25.0,161.0,176.0,Medium
-2739499.999999999,3050750.0,6.1,33.0,25.0,120.0,180.0,Medium
-2739499.999999999,3150750.0,7.1,28.4,25.0,121.0,225.0,Medium
-2739499.999999999,3250750.0,7.0,34.8,25.0,184.0,196.0,Medium
-2739499.999999999,3350750.0,6.2,32.0,25.0,138.0,175.0,Medium
-2739499.999999999,3450750.0,6.6,34.0,25.0,128.0,206.0,Medium
-2739499.999999999,3550750.0,6.5,31.9,25.0,140.0,185.0,Medium
-2739499.999999999,3650750.0,6.0,30.4,25.0,164.0,157.0,Medium
-2739499.999999999,3750750.0,5.9,29.7,25.0,238.0,132.0,Low
-2739499.999999999,4650750.0,6.7,32.6,25.0,121.0,194.0,Medium
-2739499.999999999,4750750.0,6.6,34.7,25.0,105.0,175.0,Medium
-2739499.999999999,4850750.0,6.8,31.5,25.0,121.0,188.0,Medium
-2739499.999999999,4950750.0,5.9,35.3,25.0,209.0,175.0,Medium
-2739499.999999999,12950750.0,8.1,34.2,25.0,97.0,216.0,Low
-2739499.999999999,13050750.0,8.0,32.0,25.0,88.0,224.0,Low
-2739499.999999999,13150750.0,7.7,33.9,25.0,97.0,221.0,Low
-2739499.999999999,13250750.0,7.4,35.4,25.0,57.0,248.0,Medium
-2739499.999999999,13350750.0,7.7,36.2,25.0,50.0,249.0,Low
-2739499.999999999,13450750.0,7.5,35.4,25.0,42.0,220.0,Low
-2739499.999999999,13550750.0,7.7,33.3,25.0,53.0,238.0,Low
-2739499.999999999,13650750.0,7.8,31.8,25.0,47.0,237.0,Low
-2739499.999999999,13750750.0,7.7,32.0,25.0,42.0,242.0,Low
-2739499.999999999,13850750.0,7.9,32.8,25.0,43.0,234.0,Low
-2739499.999999999,13950750.0,7.7,33.2,25.0,37.0,283.0,Low
-2739499.999999999,14050750.0,7.8,38.2,25.0,40.0,314.0,Low
-2739499.999999999,14150750.0,7.8,31.6,25.0,33.0,276.0,Low
-2739499.999999999,14250750.0,7.4,32.8,25.0,35.0,305.0,Medium
-2739499.999999999,14350750.0,7.5,32.4,25.0,32.0,306.0,Low
-2739499.999999999,14450750.0,7.3,32.7,25.0,60.0,322.0,Medium
-2739499.999999999,14550750.0,6.6,30.7,25.0,71.0,286.0,Medium
-2739499.999999999,14650750.0,7.6,38.7,25.0,39.0,379.0,Medium
-2739499.999999999,14750750.0,7.8,38.2,25.0,43.0,362.0,Medium
-2739499.999999999,14850750.0,8.0,36.7,25.0,44.0,340.0,Low
-2739499.999999999,14950750.0,7.9,36.9,25.0,27.0,364.0,Low
-2739499.999999999,15050750.0,8.0,35.6,25.0,35.0,292.0,Low
-2739499.999999999,15150750.0,8.0,36.2,25.0,36.0,287.0,Low
-2739499.999999999,15250750.0,8.0,32.2,25.0,34.0,249.0,Low
-2739499.999999999,15350750.0,7.9,30.3,25.0,26.0,249.0,Low
-2739499.999999999,15450750.0,7.7,36.7,25.0,39.0,358.0,Medium
-2739499.999999999,15550750.0,7.7,33.2,25.0,27.0,283.0,Low
-2739499.999999999,15650750.0,7.7,35.1,25.0,33.0,320.0,Low
-2739499.999999999,15750750.0,7.1,30.5,25.0,24.0,245.0,Medium
-2739499.999999999,15850750.0,8.2,36.6,25.0,40.0,358.0,Low
-2739499.999999999,15950750.0,6.1,31.2,25.0,45.0,222.0,Medium
-2739499.999999999,16050750.0,8.2,33.2,25.0,49.0,243.0,Low
-2739499.999999999,16150750.0,8.0,35.8,25.0,93.0,404.0,Low
-2739499.999999999,16250750.0,7.2,34.3,25.0,83.0,358.0,Medium
-2739499.999999999,16350750.0,7.8,35.8,25.0,121.0,504.0,Medium
-2739499.999999999,16450750.0,6.1,33.9,25.0,192.0,203.0,Medium
-2739499.999999999,16550750.0,7.4,35.2,25.0,130.0,261.0,Medium
-2739499.999999999,16650750.0,6.9,36.1,25.0,203.0,246.0,Medium
-2739499.999999999,16750750.0,5.8,39.1,25.0,331.0,210.0,Medium
-2839499.999999999,-7649250.0,8.2,26.6,25.0,308.0,221.0,Low
-2839499.999999999,-7549250.0,8.0,34.6,25.0,184.0,200.0,Low
-2839499.999999999,-7449250.0,7.9,30.4,25.0,121.0,187.0,Low
-2839499.999999999,-7349250.0,7.4,33.4,25.0,188.0,143.0,Medium
-2839499.999999999,-7249250.0,6.4,35.6,25.0,326.0,202.0,Medium
-2839499.999999999,-7149250.0,6.7,32.0,25.0,166.0,187.0,Medium
-2839499.999999999,-7049250.0,7.0,32.6,25.0,159.0,190.0,Medium
-2839499.999999999,-6949250.0,6.8,35.1,25.0,199.0,176.0,Medium
-2839499.999999999,-6849250.0,6.6,33.0,25.0,209.0,178.0,Medium
-2839499.999999999,-6749250.0,6.1,32.0,25.0,209.0,213.0,Medium
-2839499.999999999,-6649250.0,6.3,36.6,25.0,207.0,243.0,Medium
-2839499.999999999,-6549250.0,6.3,36.3,25.0,211.0,213.0,Medium
-2839499.999999999,-6449250.0,5.9,40.4,25.0,214.0,210.0,Medium
-2839499.999999999,-6349250.0,5.4,37.4,25.0,234.0,215.0,Low
-2839499.999999999,-6249250.0,5.2,34.5,25.0,263.0,167.0,Low
-2839499.999999999,-6149250.0,5.5,34.6,25.0,323.0,212.0,Medium
-2839499.999999999,-6049250.0,5.3,36.5,25.0,392.0,203.0,Low
-2839499.999999999,-5949250.0,5.2,35.9,25.0,371.0,185.0,Low
-2839499.999999999,-5849250.0,5.2,38.4,25.0,381.0,182.0,Low
-2839499.999999999,-5749250.0,4.9,37.9,25.0,359.0,213.0,Low
-2839499.999999999,-5649250.0,5.2,37.7,25.0,334.0,207.0,Low
-2839499.999999999,-5549250.0,4.8,39.0,25.0,414.0,297.0,Low
-2839499.999999999,1750750.0,8.8,29.1,25.0,84.0,171.0,Low
-2839499.999999999,1850750.0,8.5,32.8,25.0,81.0,178.0,Low
-2839499.999999999,1950750.0,8.1,30.4,25.0,87.0,93.0,Low
-2839499.999999999,2050750.0,8.6,31.6,25.0,63.0,137.0,Low
-2839499.999999999,2150750.0,8.5,31.9,25.0,61.0,136.0,Low
-2839499.999999999,2250750.0,8.3,30.8,25.0,70.0,145.0,Low
-2839499.999999999,2350750.0,8.1,29.5,25.0,64.0,128.0,Low
-2839499.999999999,2450750.0,7.4,29.6,25.0,68.0,108.0,Low
-2839499.999999999,2550750.0,7.3,30.8,25.0,64.0,82.0,Low
-2839499.999999999,2650750.0,6.4,28.9,25.0,89.0,87.0,Medium
-2839499.999999999,2750750.0,6.1,29.2,25.0,101.0,92.0,Low
-2839499.999999999,2850750.0,6.4,28.3,25.0,108.0,170.0,Medium
-2839499.999999999,3050750.0,6.1,30.2,25.0,121.0,188.0,Medium
-2839499.999999999,3150750.0,6.1,36.9,25.0,157.0,176.0,Medium
-2839499.999999999,3250750.0,5.5,35.4,25.0,224.0,153.0,Low
-2839499.999999999,3350750.0,6.0,36.6,25.0,224.0,180.0,Medium
-2839499.999999999,3450750.0,6.6,34.8,25.0,133.0,213.0,Medium
-2839499.999999999,4750750.0,6.8,32.8,25.0,93.0,199.0,Medium
-2839499.999999999,13050750.0,8.1,33.8,25.0,62.0,208.0,Low
-2839499.999999999,13150750.0,7.8,34.2,25.0,76.0,224.0,Low
-2839499.999999999,13250750.0,7.6,34.8,25.0,63.0,227.0,Low
-2839499.999999999,13350750.0,7.5,36.2,25.0,46.0,236.0,Low
-2839499.999999999,13450750.0,7.0,36.2,25.0,39.0,228.0,Medium
-2839499.999999999,13550750.0,7.3,35.5,25.0,39.0,241.0,Medium
-2839499.999999999,13650750.0,7.7,35.2,25.0,47.0,291.0,Low
-2839499.999999999,13750750.0,7.3,34.2,25.0,55.0,231.0,Medium
-2839499.999999999,13850750.0,7.5,34.1,25.0,51.0,282.0,Medium
-2839499.999999999,13950750.0,7.3,32.2,25.0,41.0,267.0,Medium
-2839499.999999999,14050750.0,7.7,33.5,25.0,31.0,300.0,Low
-2839499.999999999,14150750.0,7.7,34.6,25.0,31.0,310.0,Low
-2839499.999999999,14250750.0,7.3,31.7,25.0,36.0,255.0,Medium
-2839499.999999999,14350750.0,7.3,32.7,25.0,34.0,251.0,Medium
-2839499.999999999,14450750.0,6.6,32.7,25.0,49.0,311.0,Medium
-2839499.999999999,14550750.0,7.1,31.8,25.0,67.0,308.0,Medium
-2839499.999999999,14650750.0,7.6,34.6,25.0,47.0,334.0,Medium
-2839499.999999999,14750750.0,7.8,37.4,25.0,39.0,319.0,Low
-2839499.999999999,14850750.0,7.8,34.1,25.0,33.0,305.0,Low
-2839499.999999999,14950750.0,7.9,33.3,25.0,28.0,302.0,Low
-2839499.999999999,15050750.0,7.8,32.0,25.0,32.0,291.0,Low
-2839499.999999999,15150750.0,8.1,30.8,25.0,33.0,265.0,Low
-2839499.999999999,15250750.0,7.9,29.9,25.0,30.0,262.0,Low
-2839499.999999999,15350750.0,7.9,29.3,25.0,33.0,222.0,Low
-2839499.999999999,15450750.0,7.9,32.0,25.0,31.0,265.0,Low
-2839499.999999999,15550750.0,7.4,31.0,25.0,22.0,222.0,Low
-2839499.999999999,15650750.0,7.5,35.2,25.0,36.0,317.0,Medium
-2839499.999999999,15750750.0,6.9,31.6,25.0,32.0,252.0,Medium
-2839499.999999999,15850750.0,7.1,38.6,25.0,35.0,402.0,Medium
-2839499.999999999,15950750.0,6.1,33.7,25.0,44.0,219.0,Medium
-2839499.999999999,16050750.0,6.2,34.1,25.0,46.0,273.0,Medium
-2839499.999999999,16150750.0,6.8,33.5,25.0,53.0,305.0,Medium
-2839499.999999999,16250750.0,6.9,36.9,25.0,91.0,385.0,Medium
-2839499.999999999,16350750.0,6.9,36.5,25.0,125.0,275.0,Medium
-2839499.999999999,16450750.0,6.5,35.6,25.0,128.0,264.0,Medium
-2839499.999999999,16550750.0,7.5,39.8,25.0,169.0,336.0,Medium
-2839499.999999999,16650750.0,7.1,37.6,25.0,151.0,316.0,Medium
-2839499.999999999,16750750.0,6.8,37.1,25.0,160.0,267.0,Medium
-2839499.999999999,16850750.0,5.7,33.6,25.0,131.0,161.0,Low
-2939499.999999999,-7649250.0,8.4,29.0,25.0,290.0,215.0,Low
-2939499.999999999,-7549250.0,8.0,34.0,25.0,174.0,165.0,Low
-2939499.999999999,-7449250.0,7.9,30.5,25.0,126.0,138.0,Low
-2939499.999999999,-7349250.0,7.6,32.6,25.0,133.0,145.0,Low
-2939499.999999999,-7249250.0,7.1,35.7,25.0,239.0,181.0,Medium
-2939499.999999999,-7149250.0,7.0,36.4,25.0,160.0,182.0,Medium
-2939499.999999999,-7049250.0,6.9,32.1,25.0,181.0,183.0,Medium
-2939499.999999999,-6949250.0,7.1,35.9,25.0,173.0,212.0,Medium
-2939499.999999999,-6849250.0,6.7,36.4,25.0,198.0,213.0,Medium
-2939499.999999999,-6749250.0,6.3,33.6,25.0,231.0,255.0,Medium
-2939499.999999999,-6649250.0,6.0,33.9,25.0,260.0,227.0,Medium
-2939499.999999999,-6549250.0,6.4,38.2,25.0,224.0,230.0,Medium
-2939499.999999999,-6449250.0,6.0,38.3,25.0,182.0,203.0,Medium
-2939499.999999999,-6349250.0,5.2,39.0,25.0,284.0,232.0,Low
-2939499.999999999,-6249250.0,5.3,35.8,25.0,334.0,175.0,Low
-2939499.999999999,-6149250.0,5.3,33.7,25.0,357.0,192.0,Low
-2939499.999999999,-6049250.0,5.3,38.8,25.0,417.0,182.0,Medium
-2939499.999999999,-5949250.0,5.0,39.1,25.0,372.0,190.0,Low
-2939499.999999999,-5849250.0,5.1,36.0,25.0,505.0,238.0,Medium
-2939499.999999999,-5749250.0,5.0,39.7,25.0,486.0,306.0,Medium
-2939499.999999999,-5649250.0,5.0,35.6,25.0,572.0,281.0,Medium
-2939499.999999999,-5549250.0,4.8,41.2,25.0,448.0,253.0,Low
-2939499.999999999,1750750.0,8.4,29.3,25.0,136.0,160.0,Low
-2939499.999999999,1850750.0,8.8,29.4,25.0,133.0,165.0,Low
-2939499.999999999,1950750.0,8.7,30.6,25.0,155.0,148.0,Low
-2939499.999999999,2050750.0,9.0,31.1,25.0,59.0,149.0,Low
-2939499.999999999,2150750.0,8.7,31.4,25.0,54.0,130.0,Low
-2939499.999999999,2250750.0,8.3,31.2,25.0,63.0,143.0,Low
-2939499.999999999,2350750.0,7.9,31.9,25.0,66.0,144.0,Low
-2939499.999999999,2450750.0,7.3,34.4,25.0,61.0,111.0,Low
-2939499.999999999,2550750.0,7.1,31.9,25.0,73.0,83.0,Low
-2939499.999999999,2650750.0,6.5,29.8,25.0,80.0,91.0,Medium
-2939499.999999999,2750750.0,6.5,29.4,25.0,87.0,177.0,Medium
-2939499.999999999,2850750.0,6.2,31.7,25.0,116.0,200.0,Medium
-2939499.999999999,2950750.0,6.3,35.4,25.0,130.0,235.0,Medium
-2939499.999999999,3050750.0,6.1,31.2,25.0,134.0,202.0,Medium
-2939499.999999999,3150750.0,6.0,30.9,25.0,164.0,195.0,Medium
-2939499.999999999,3250750.0,5.7,32.0,25.0,191.0,172.0,Low
-2939499.999999999,3350750.0,5.4,40.0,25.0,256.0,151.0,Low
-2939499.999999999,3450750.0,6.8,33.8,25.0,154.0,226.0,Medium
-2939499.999999999,13050750.0,7.6,33.0,25.0,100.0,214.0,Low
-2939499.999999999,13150750.0,7.6,32.6,25.0,72.0,191.0,Low
-2939499.999999999,13250750.0,7.7,35.1,25.0,58.0,233.0,Low
-2939499.999999999,13350750.0,7.4,35.8,25.0,63.0,248.0,Medium
-2939499.999999999,13450750.0,7.2,35.2,25.0,46.0,220.0,Medium
-2939499.999999999,13550750.0,6.4,36.3,25.0,38.0,269.0,Medium
-2939499.999999999,13650750.0,6.8,36.0,25.0,45.0,254.0,Medium
-2939499.999999999,13750750.0,7.0,36.8,25.0,47.0,278.0,Medium
-2939499.999999999,13850750.0,7.1,35.3,25.0,45.0,286.0,Medium
-2939499.999999999,13950750.0,7.4,32.7,25.0,39.0,248.0,Low
-2939499.999999999,14050750.0,7.6,34.1,25.0,35.0,295.0,Low
-2939499.999999999,14150750.0,7.6,32.5,25.0,38.0,309.0,Low
-2939499.999999999,14250750.0,7.7,33.8,25.0,32.0,287.0,Low
-2939499.999999999,14350750.0,7.6,33.4,25.0,37.0,289.0,Low
-2939499.999999999,14450750.0,7.4,32.5,25.0,35.0,271.0,Medium
-2939499.999999999,14550750.0,7.3,32.9,25.0,47.0,321.0,Medium
-2939499.999999999,14650750.0,7.7,34.8,25.0,56.0,329.0,Low
-2939499.999999999,14750750.0,7.2,36.1,25.0,65.0,269.0,Medium
-2939499.999999999,14850750.0,7.6,31.6,25.0,36.0,284.0,Low
-2939499.999999999,14950750.0,7.6,36.0,25.0,27.0,257.0,Low
-2939499.999999999,15050750.0,7.4,31.7,25.0,33.0,232.0,Low
-2939499.999999999,15150750.0,7.8,33.3,25.0,39.0,244.0,Low
-2939499.999999999,15250750.0,7.8,32.7,25.0,40.0,236.0,Low
-2939499.999999999,15350750.0,7.7,30.5,25.0,34.0,226.0,Low
-2939499.999999999,15450750.0,7.9,31.2,25.0,43.0,213.0,Low
-2939499.999999999,15550750.0,7.8,31.3,25.0,31.0,175.0,Low
-2939499.999999999,15650750.0,7.2,31.1,25.0,34.0,195.0,Low
-2939499.999999999,15750750.0,7.2,31.1,25.0,31.0,262.0,Medium
-2939499.999999999,15850750.0,6.6,30.3,25.0,38.0,195.0,Medium
-2939499.999999999,15950750.0,6.9,34.2,25.0,41.0,301.0,Medium
-2939499.999999999,16050750.0,6.4,33.6,25.0,57.0,281.0,Medium
-2939499.999999999,16150750.0,5.7,38.0,25.0,70.0,378.0,Medium
-2939499.999999999,16250750.0,6.0,33.9,25.0,89.0,319.0,Medium
-2939499.999999999,16350750.0,6.5,39.2,25.0,191.0,208.0,Medium
-2939499.999999999,16450750.0,6.8,38.4,25.0,131.0,205.0,Medium
-2939499.999999999,16550750.0,6.3,34.9,25.0,153.0,230.0,Medium
-2939499.999999999,16650750.0,6.1,36.3,25.0,154.0,231.0,Medium
-2939499.999999999,16750750.0,6.5,37.5,25.0,196.0,274.0,Medium
-2939499.999999999,16850750.0,5.8,35.2,25.0,212.0,193.0,Medium
-3039499.999999999,-7749250.0,8.0,30.7,25.0,129.0,152.0,Low
-3039499.999999999,-7649250.0,8.1,29.7,25.0,377.0,238.0,Low
-3039499.999999999,-7549250.0,8.0,35.3,25.0,175.0,261.0,Low
-3039499.999999999,-7449250.0,8.0,32.4,25.0,116.0,177.0,Low
-3039499.999999999,-7349250.0,7.7,34.1,25.0,175.0,160.0,Low
-3039499.999999999,-7249250.0,5.6,39.5,25.0,279.0,208.0,Medium
-3039499.999999999,-7149250.0,6.8,34.5,25.0,160.0,179.0,Medium
-3039499.999999999,-7049250.0,6.9,32.6,25.0,169.0,178.0,Medium
-3039499.999999999,-6949250.0,6.5,33.0,25.0,201.0,204.0,Medium
-3039499.999999999,-6849250.0,7.2,35.6,25.0,160.0,233.0,Medium
-3039499.999999999,-6749250.0,6.3,33.6,25.0,182.0,235.0,Medium
-3039499.999999999,-6649250.0,6.4,35.8,25.0,258.0,272.0,Medium
-3039499.999999999,-6549250.0,5.8,33.7,25.0,204.0,175.0,Medium
-3039499.999999999,-6449250.0,5.5,35.6,25.0,232.0,213.0,Low
-3039499.999999999,-6349250.0,5.0,35.4,25.0,266.0,175.0,Low
-3039499.999999999,-6249250.0,5.1,35.7,25.0,393.0,210.0,Low
-3039499.999999999,-6149250.0,5.3,37.2,25.0,511.0,166.0,Medium
-3039499.999999999,-6049250.0,5.1,38.7,25.0,561.0,212.0,Medium
-3039499.999999999,-5949250.0,5.3,40.1,25.0,499.0,215.0,Medium
-3039499.999999999,-5849250.0,5.1,37.9,25.0,398.0,200.0,Low
-3039499.999999999,-5749250.0,5.0,38.6,25.0,346.0,247.0,Low
-3039499.999999999,-5649250.0,4.9,37.2,25.0,576.0,252.0,Low
-3039499.999999999,1850750.0,8.7,31.3,25.0,120.0,174.0,Low
-3039499.999999999,1950750.0,8.2,28.6,25.0,111.0,144.0,Low
-3039499.999999999,2050750.0,8.7,29.6,25.0,59.0,153.0,Low
-3039499.999999999,2150750.0,8.4,32.0,25.0,118.0,151.0,Low
-3039499.999999999,2250750.0,8.3,30.2,25.0,59.0,142.0,Low
-3039499.999999999,2350750.0,7.9,32.2,25.0,56.0,126.0,Low
-3039499.999999999,2450750.0,7.3,33.3,25.0,63.0,169.0,Low
-3039499.999999999,2550750.0,7.4,33.5,25.0,73.0,260.0,Medium
-3039499.999999999,2650750.0,7.3,35.8,25.0,112.0,259.0,Medium
-3039499.999999999,2750750.0,6.7,33.6,25.0,94.0,184.0,Medium
-3039499.999999999,2850750.0,6.8,33.7,25.0,110.0,158.0,Medium
-3039499.999999999,2950750.0,6.5,32.8,25.0,132.0,189.0,Medium
-3039499.999999999,3050750.0,6.1,35.0,25.0,156.0,175.0,Medium
-3039499.999999999,3150750.0,6.1,32.3,25.0,169.0,185.0,Medium
-3039499.999999999,3250750.0,5.7,35.2,25.0,207.0,140.0,Low
-3039499.999999999,3350750.0,6.1,39.1,25.0,227.0,169.0,Medium
-3039499.999999999,3450750.0,6.1,34.3,25.0,151.0,172.0,Medium
-3039499.999999999,13050750.0,6.5,34.4,25.0,104.0,205.0,Medium
-3039499.999999999,13150750.0,7.6,34.2,25.0,76.0,203.0,Low
-3039499.999999999,13250750.0,7.4,33.1,25.0,55.0,213.0,Low
-3039499.999999999,13350750.0,7.3,35.6,25.0,56.0,235.0,Medium
-3039499.999999999,13450750.0,7.2,35.4,25.0,43.0,219.0,Medium
-3039499.999999999,13550750.0,7.2,36.0,25.0,51.0,232.0,Medium
-3039499.999999999,13650750.0,7.0,34.9,25.0,39.0,246.0,Medium
-3039499.999999999,13750750.0,6.9,35.6,25.0,39.0,242.0,Medium
-3039499.999999999,13850750.0,7.1,34.1,25.0,43.0,224.0,Medium
-3039499.999999999,13950750.0,7.3,33.9,25.0,40.0,225.0,Medium
-3039499.999999999,14050750.0,7.4,34.1,25.0,37.0,245.0,Medium
-3039499.999999999,14150750.0,7.6,33.1,25.0,35.0,202.0,Low
-3039499.999999999,14250750.0,7.4,34.5,25.0,34.0,257.0,Medium
-3039499.999999999,14350750.0,7.7,32.1,25.0,36.0,235.0,Low
-3039499.999999999,14450750.0,7.7,31.3,25.0,50.0,220.0,Low
-3039499.999999999,14550750.0,7.7,32.5,25.0,33.0,277.0,Low
-3039499.999999999,14650750.0,7.1,33.3,25.0,40.0,250.0,Medium
-3039499.999999999,14750750.0,7.5,34.4,25.0,46.0,265.0,Medium
-3039499.999999999,14850750.0,7.7,33.5,25.0,40.0,240.0,Low
-3039499.999999999,14950750.0,7.3,33.8,25.0,33.0,250.0,Medium
-3039499.999999999,15050750.0,7.3,31.7,25.0,30.0,192.0,Low
-3039499.999999999,15150750.0,7.3,30.8,25.0,27.0,192.0,Low
-3039499.999999999,15250750.0,7.6,31.8,25.0,33.0,278.0,Low
-3039499.999999999,15350750.0,7.7,31.3,25.0,40.0,184.0,Low
-3039499.999999999,15450750.0,7.7,32.5,25.0,32.0,200.0,Low
-3039499.999999999,15550750.0,7.7,31.8,25.0,30.0,186.0,Low
-3039499.999999999,15650750.0,7.3,31.6,25.0,28.0,225.0,Medium
-3039499.999999999,15750750.0,7.1,32.4,25.0,33.0,229.0,Medium
-3039499.999999999,15850750.0,6.6,33.0,25.0,39.0,248.0,Medium
-3039499.999999999,15950750.0,6.6,36.0,25.0,49.0,292.0,Medium
-3039499.999999999,16050750.0,5.5,34.9,25.0,58.0,299.0,Low
-3039499.999999999,16150750.0,7.0,39.5,25.0,58.0,329.0,Medium
-3039499.999999999,16250750.0,6.2,39.7,25.0,84.0,288.0,Medium
-3039499.999999999,16350750.0,6.4,37.8,25.0,100.0,271.0,Medium
-3039499.999999999,16450750.0,6.8,37.2,25.0,102.0,258.0,Medium
-3039499.999999999,16550750.0,7.1,36.6,25.0,121.0,243.0,Medium
-3039499.999999999,16650750.0,6.9,36.2,25.0,172.0,303.0,Medium
-3039499.999999999,16750750.0,6.7,37.4,25.0,204.0,289.0,Medium
-3039499.999999999,16850750.0,5.6,36.2,25.0,445.0,123.0,Medium
-3139499.999999999,-7749250.0,8.0,29.2,25.0,135.0,171.0,Low
-3139499.999999999,-7649250.0,7.9,30.8,25.0,415.0,223.0,Low
-3139499.999999999,-7549250.0,8.1,34.6,25.0,118.0,210.0,Low
-3139499.999999999,-7449250.0,7.6,35.8,25.0,277.0,170.0,Medium
-3139499.999999999,-7349250.0,7.9,31.7,25.0,77.0,149.0,Low
-3139499.999999999,-7249250.0,6.9,37.0,25.0,170.0,178.0,Medium
-3139499.999999999,-7149250.0,6.4,34.4,25.0,206.0,182.0,Medium
-3139499.999999999,-7049250.0,6.7,34.3,25.0,163.0,176.0,Medium
-3139499.999999999,-6949250.0,7.1,36.4,25.0,166.0,209.0,Medium
-3139499.999999999,-6849250.0,7.1,34.4,25.0,164.0,233.0,Medium
-3139499.999999999,-6749250.0,6.7,34.9,25.0,172.0,240.0,Medium
-3139499.999999999,-6649250.0,6.3,33.6,25.0,210.0,253.0,Medium
-3139499.999999999,-6549250.0,5.8,33.9,25.0,206.0,230.0,Medium
-3139499.999999999,-6449250.0,5.3,36.7,25.0,253.0,251.0,Low
-3139499.999999999,-6349250.0,4.9,38.5,25.0,328.0,220.0,Low
-3139499.999999999,-6249250.0,5.0,37.2,25.0,339.0,201.0,Low
-3139499.999999999,-6149250.0,5.3,36.6,25.0,403.0,237.0,Medium
-3139499.999999999,-6049250.0,5.1,37.6,25.0,386.0,238.0,Low
-3139499.999999999,-5949250.0,5.1,37.4,25.0,371.0,213.0,Low
-3139499.999999999,-5849250.0,5.0,37.3,25.0,369.0,224.0,Low
-3139499.999999999,-5749250.0,5.0,38.2,25.0,311.0,215.0,Low
-3139499.999999999,-5649250.0,5.0,40.2,25.0,615.0,313.0,Medium
-3139499.999999999,1850750.0,8.3,29.0,25.0,92.0,146.0,Low
-3139499.999999999,1950750.0,7.9,30.7,25.0,446.0,196.0,Low
-3139499.999999999,2050750.0,9.4,31.0,25.0,52.0,157.0,Low
-3139499.999999999,2150750.0,8.6,30.6,25.0,61.0,163.0,Low
-3139499.999999999,2250750.0,8.2,32.3,25.0,56.0,169.0,Low
-3139499.999999999,2350750.0,7.9,31.7,25.0,58.0,180.0,Low
-3139499.999999999,2450750.0,7.6,32.9,25.0,57.0,155.0,Low
-3139499.999999999,2550750.0,7.2,35.7,25.0,80.0,236.0,Medium
-3139499.999999999,2650750.0,6.9,32.3,25.0,83.0,166.0,Medium
-3139499.999999999,2750750.0,7.2,32.2,25.0,109.0,215.0,Medium
-3139499.999999999,2850750.0,6.8,31.9,25.0,140.0,218.0,Medium
-3139499.999999999,2950750.0,7.0,33.2,25.0,139.0,237.0,Medium
-3139499.999999999,3050750.0,6.0,34.7,25.0,182.0,158.0,Medium
-3139499.999999999,3150750.0,5.8,35.8,25.0,243.0,156.0,Medium
-3139499.999999999,3250750.0,5.7,36.6,25.0,200.0,141.0,Low
-3139499.999999999,3350750.0,5.9,36.6,25.0,196.0,171.0,Medium
-3139499.999999999,3450750.0,5.8,34.1,25.0,311.0,209.0,Medium
-3139499.999999999,13150750.0,6.3,33.2,25.0,77.0,169.0,Medium
-3139499.999999999,13250750.0,7.1,35.8,25.0,80.0,201.0,Medium
-3139499.999999999,13350750.0,7.3,37.2,25.0,45.0,209.0,Medium
-3139499.999999999,13450750.0,7.4,35.1,25.0,39.0,220.0,Low
-3139499.999999999,13550750.0,7.0,35.9,25.0,39.0,232.0,Medium
-3139499.999999999,13650750.0,7.2,35.7,25.0,42.0,236.0,Medium
-3139499.999999999,13750750.0,7.5,35.8,25.0,44.0,221.0,Low
-3139499.999999999,13850750.0,7.6,36.7,25.0,36.0,244.0,Low
-3139499.999999999,13950750.0,7.4,34.3,25.0,39.0,183.0,Low
-3139499.999999999,14050750.0,7.2,37.7,25.0,41.0,242.0,Medium
-3139499.999999999,14150750.0,7.4,34.4,25.0,37.0,197.0,Low
-3139499.999999999,14250750.0,7.5,33.6,25.0,37.0,184.0,Low
-3139499.999999999,14350750.0,7.5,32.6,25.0,35.0,204.0,Low
-3139499.999999999,14450750.0,7.6,32.9,25.0,35.0,204.0,Low
-3139499.999999999,14550750.0,7.6,33.0,25.0,39.0,198.0,Low
-3139499.999999999,14650750.0,7.7,34.2,25.0,36.0,207.0,Low
-3139499.999999999,14750750.0,7.7,33.5,25.0,40.0,214.0,Low
-3139499.999999999,14850750.0,7.6,32.1,25.0,41.0,210.0,Low
-3139499.999999999,14950750.0,7.5,34.0,25.0,39.0,192.0,Low
-3139499.999999999,15050750.0,7.4,33.3,25.0,29.0,211.0,Low
-3139499.999999999,15150750.0,7.6,35.2,25.0,35.0,189.0,Low
-3139499.999999999,15250750.0,7.6,32.3,25.0,49.0,216.0,Low
-3139499.999999999,15450750.0,7.6,30.6,25.0,33.0,174.0,Low
-3139499.999999999,15550750.0,7.6,31.2,25.0,34.0,180.0,Low
-3139499.999999999,15650750.0,7.3,32.8,25.0,30.0,228.0,Medium
-3139499.999999999,15750750.0,7.2,35.3,25.0,30.0,188.0,Medium
-3139499.999999999,15850750.0,7.1,34.0,25.0,47.0,216.0,Medium
-3139499.999999999,15950750.0,6.6,35.5,25.0,50.0,246.0,Medium
-3139499.999999999,16050750.0,6.4,40.2,25.0,52.0,291.0,Medium
-3139499.999999999,16150750.0,7.8,41.2,25.0,58.0,322.0,Medium
-3139499.999999999,16250750.0,6.4,39.1,25.0,54.0,285.0,Medium
-3139499.999999999,16350750.0,7.2,41.5,25.0,63.0,291.0,Medium
-3139499.999999999,16450750.0,7.4,41.2,25.0,64.0,261.0,Medium
-3139499.999999999,16550750.0,7.3,37.8,25.0,104.0,267.0,Medium
-3139499.999999999,16650750.0,5.9,35.0,25.0,143.0,127.0,Medium
-3139499.999999999,16750750.0,6.9,36.3,25.0,178.0,243.0,Medium
-3139499.999999999,16850750.0,6.4,35.1,25.0,256.0,357.0,Medium
-3239499.999999999,-7749250.0,8.0,30.0,25.0,282.0,251.0,Low
-3239499.999999999,-7649250.0,7.7,30.8,25.0,204.0,141.0,Low
-3239499.999999999,-7549250.0,7.6,34.0,25.0,183.0,173.0,Low
-3239499.999999999,-7449250.0,7.4,33.8,25.0,284.0,169.0,Medium
-3239499.999999999,-7349250.0,7.6,33.2,25.0,87.0,167.0,Low
-3239499.999999999,-7249250.0,7.5,35.4,25.0,106.0,189.0,Low
-3239499.999999999,-7149250.0,6.8,33.7,25.0,172.0,175.0,Medium
-3239499.999999999,-7049250.0,7.1,35.2,25.0,116.0,174.0,Medium
-3239499.999999999,-6949250.0,7.1,35.6,25.0,163.0,206.0,Medium
-3239499.999999999,-6849250.0,6.8,33.9,25.0,182.0,236.0,Medium
-3239499.999999999,-6749250.0,7.1,35.2,25.0,199.0,227.0,Medium
-3239499.999999999,-6649250.0,6.1,35.7,25.0,221.0,232.0,Medium
-3239499.999999999,-6549250.0,6.6,36.2,25.0,253.0,247.0,Medium
-3239499.999999999,-6449250.0,6.3,38.2,25.0,190.0,231.0,Medium
-3239499.999999999,-6349250.0,5.0,38.3,25.0,355.0,235.0,Low
-3239499.999999999,-6249250.0,5.2,34.8,25.0,393.0,191.0,Low
-3239499.999999999,-6149250.0,5.1,36.3,25.0,435.0,233.0,Low
-3239499.999999999,-6049250.0,5.1,36.4,25.0,359.0,212.0,Low
-3239499.999999999,-5949250.0,5.3,37.5,25.0,343.0,173.0,Low
-3239499.999999999,-5849250.0,5.3,36.9,25.0,460.0,232.0,Medium
-3239499.999999999,-5749250.0,5.1,38.4,25.0,524.0,256.0,Medium
-3239499.999999999,1950750.0,8.3,32.5,25.0,111.0,177.0,Low
-3239499.999999999,2050750.0,8.6,29.9,25.0,48.0,127.0,Low
-3239499.999999999,2150750.0,8.2,30.0,25.0,61.0,120.0,Low
-3239499.999999999,2250750.0,8.0,30.6,25.0,57.0,164.0,Low
-3239499.999999999,2350750.0,8.0,32.0,25.0,62.0,180.0,Low
-3239499.999999999,2450750.0,7.8,34.3,25.0,52.0,197.0,Low
-3239499.999999999,2550750.0,7.2,33.3,25.0,63.0,207.0,Medium
-3239499.999999999,2650750.0,7.3,36.5,25.0,90.0,281.0,Medium
-3239499.999999999,2750750.0,7.4,36.3,25.0,89.0,223.0,Medium
-3239499.999999999,2850750.0,7.1,35.6,25.0,125.0,268.0,Medium
-3239499.999999999,2950750.0,6.1,35.7,25.0,194.0,181.0,Medium
-3239499.999999999,3050750.0,6.2,37.6,25.0,377.0,235.0,Medium
-3239499.999999999,3150750.0,5.5,38.8,25.0,237.0,149.0,Low
-3239499.999999999,3250750.0,5.5,37.9,25.0,276.0,201.0,Medium
-3239499.999999999,3350750.0,5.8,34.2,25.0,214.0,156.0,Medium
-3239499.999999999,13150750.0,6.7,34.9,25.0,104.0,176.0,Medium
-3239499.999999999,13250750.0,6.1,37.6,25.0,68.0,222.0,Medium
-3239499.999999999,13350750.0,6.8,34.9,25.0,58.0,208.0,Medium
-3239499.999999999,13450750.0,7.4,33.7,25.0,44.0,193.0,Low
-3239499.999999999,13550750.0,7.6,35.7,25.0,48.0,208.0,Low
-3239499.999999999,13650750.0,7.4,35.8,25.0,46.0,218.0,Medium
-3239499.999999999,13750750.0,7.6,35.0,25.0,47.0,212.0,Low
-3239499.999999999,13850750.0,7.5,36.9,25.0,37.0,259.0,Medium
-3239499.999999999,13950750.0,7.6,36.0,25.0,49.0,205.0,Low
-3239499.999999999,14050750.0,7.7,35.7,25.0,43.0,226.0,Low
-3239499.999999999,14150750.0,7.7,35.0,25.0,46.0,226.0,Low
-3239499.999999999,14250750.0,7.7,37.1,25.0,34.0,266.0,Low
-3239499.999999999,14350750.0,7.7,35.4,25.0,40.0,237.0,Low
-3239499.999999999,14450750.0,7.7,33.1,25.0,43.0,186.0,Low
-3239499.999999999,14550750.0,7.8,33.1,25.0,39.0,216.0,Low
-3239499.999999999,14650750.0,7.8,32.8,25.0,41.0,181.0,Low
-3239499.999999999,14750750.0,7.6,31.7,25.0,42.0,192.0,Low
-3239499.999999999,14850750.0,7.6,32.6,25.0,44.0,196.0,Low
-3239499.999999999,14950750.0,7.6,34.3,25.0,59.0,198.0,Low
-3239499.999999999,15050750.0,7.6,33.0,25.0,31.0,202.0,Low
-3239499.999999999,15150750.0,7.4,33.9,25.0,31.0,190.0,Low
-3239499.999999999,15250750.0,7.7,33.4,25.0,72.0,199.0,Low
-3239499.999999999,15350750.0,7.6,31.8,25.0,62.0,199.0,Low
-3239499.999999999,15450750.0,7.7,31.3,25.0,39.0,191.0,Low
-3239499.999999999,15550750.0,7.8,33.4,25.0,67.0,200.0,Low
-3239499.999999999,15650750.0,7.4,35.5,25.0,43.0,228.0,Medium
-3239499.999999999,15750750.0,7.3,33.4,25.0,39.0,191.0,Low
-3239499.999999999,15950750.0,7.5,37.7,25.0,52.0,266.0,Medium
-3239499.999999999,16050750.0,7.7,39.5,25.0,53.0,279.0,Medium
-3239499.999999999,16150750.0,7.4,41.3,25.0,91.0,308.0,Medium
-3239499.999999999,16250750.0,7.2,39.3,25.0,63.0,284.0,Medium
-3239499.999999999,16350750.0,7.5,38.1,25.0,61.0,268.0,Medium
-3239499.999999999,16450750.0,7.6,41.4,25.0,87.0,295.0,Medium
-3239499.999999999,16550750.0,7.8,38.6,25.0,171.0,264.0,Medium
-3239499.999999999,16650750.0,6.4,36.3,25.0,204.0,126.0,Medium
-3239499.999999999,16750750.0,6.0,38.5,25.0,324.0,214.0,Medium
-3239499.999999999,16850750.0,5.5,34.8,25.0,230.0,305.0,Medium
-3339499.999999999,-7749250.0,7.3,31.5,25.0,162.0,185.0,Medium
-3339499.999999999,-7649250.0,7.7,30.4,25.0,314.0,178.0,Low
-3339499.999999999,-7549250.0,8.1,30.8,25.0,111.0,157.0,Low
-3339499.999999999,-7449250.0,7.8,34.2,25.0,142.0,150.0,Low
-3339499.999999999,-7349250.0,8.0,35.4,25.0,85.0,165.0,Low
-3339499.999999999,-7249250.0,7.6,34.3,25.0,84.0,163.0,Low
-3339499.999999999,-7149250.0,7.2,34.8,25.0,257.0,238.0,Medium
-3339499.999999999,-7049250.0,6.4,35.1,25.0,172.0,189.0,Medium
-3339499.999999999,-6949250.0,6.7,33.4,25.0,167.0,209.0,Medium
-3339499.999999999,-6849250.0,6.6,34.4,25.0,181.0,215.0,Medium
-3339499.999999999,-6749250.0,6.8,33.8,25.0,214.0,236.0,Medium
-3339499.999999999,-6649250.0,6.3,32.8,25.0,194.0,265.0,Medium
-3339499.999999999,-6549250.0,6.0,36.7,25.0,292.0,247.0,Medium
-3339499.999999999,-6449250.0,5.9,38.1,25.0,225.0,236.0,Medium
-3339499.999999999,-6349250.0,5.4,39.9,25.0,332.0,286.0,Medium
-3339499.999999999,-6249250.0,5.3,36.1,25.0,350.0,202.0,Low
-3339499.999999999,-6149250.0,5.4,32.2,25.0,403.0,200.0,Low
-3339499.999999999,-6049250.0,5.3,35.3,25.0,392.0,191.0,Low
-3339499.999999999,-5949250.0,5.3,34.9,25.0,353.0,184.0,Low
-3339499.999999999,-5849250.0,5.3,33.4,25.0,491.0,264.0,Medium
-3339499.999999999,-5749250.0,5.2,37.6,25.0,431.0,260.0,Medium
-3339499.999999999,2050750.0,7.8,32.7,25.0,77.0,160.0,Low
-3339499.999999999,2150750.0,8.0,32.0,25.0,54.0,177.0,Low
-3339499.999999999,2250750.0,8.1,31.0,25.0,48.0,142.0,Low
-3339499.999999999,2350750.0,8.3,33.3,25.0,46.0,146.0,Low
-3339499.999999999,2450750.0,8.0,33.6,25.0,45.0,183.0,Low
-3339499.999999999,2550750.0,7.9,31.8,25.0,53.0,172.0,Low
-3339499.999999999,2650750.0,7.5,36.8,25.0,68.0,231.0,Medium
-3339499.999999999,2750750.0,7.4,36.8,25.0,100.0,255.0,Medium
-3339499.999999999,2850750.0,7.0,36.0,25.0,154.0,234.0,Medium
-3339499.999999999,2950750.0,6.3,35.6,25.0,207.0,238.0,Medium
-3339499.999999999,3050750.0,6.2,36.8,25.0,286.0,207.0,Medium
-3339499.999999999,3150750.0,5.7,41.2,25.0,328.0,196.0,Medium
-3339499.999999999,3250750.0,5.7,40.8,25.0,249.0,170.0,Medium
-3339499.999999999,13250750.0,6.3,34.5,25.0,61.0,198.0,Medium
-3339499.999999999,13350750.0,6.6,36.7,25.0,75.0,204.0,Medium
-3339499.999999999,13450750.0,7.2,34.6,25.0,63.0,192.0,Medium
-3339499.999999999,13550750.0,7.7,33.6,25.0,49.0,177.0,Low
-3339499.999999999,13650750.0,7.8,34.2,25.0,57.0,191.0,Low
-3339499.999999999,13750750.0,7.8,33.8,25.0,48.0,200.0,Low
-3339499.999999999,13850750.0,7.7,34.8,25.0,59.0,201.0,Low
-3339499.999999999,13950750.0,7.5,33.6,25.0,77.0,204.0,Low
-3339499.999999999,14050750.0,7.9,34.7,25.0,57.0,182.0,Low
-3339499.999999999,14150750.0,7.8,36.8,25.0,56.0,228.0,Low
-3339499.999999999,14250750.0,7.7,38.2,25.0,53.0,301.0,Medium
-3339499.999999999,14350750.0,7.8,38.1,25.0,47.0,209.0,Low
-3339499.999999999,14450750.0,7.8,37.3,25.0,46.0,207.0,Low
-3339499.999999999,14550750.0,7.7,36.9,25.0,49.0,203.0,Low
-3339499.999999999,14650750.0,7.8,33.2,25.0,49.0,195.0,Low
-3339499.999999999,14750750.0,7.9,33.0,25.0,97.0,196.0,Low
-3339499.999999999,14850750.0,7.9,32.5,25.0,105.0,188.0,Low
-3339499.999999999,14950750.0,7.8,32.2,25.0,109.0,197.0,Low
-3339499.999999999,15050750.0,7.7,33.5,25.0,34.0,210.0,Low
-3339499.999999999,15150750.0,7.5,33.7,25.0,39.0,201.0,Low
-3339499.999999999,15250750.0,7.5,32.6,25.0,33.0,180.0,Low
-3339499.999999999,15350750.0,7.6,33.5,25.0,32.0,197.0,Low
-3339499.999999999,15450750.0,7.8,31.5,25.0,43.0,186.0,Low
-3339499.999999999,15550750.0,7.8,31.5,25.0,39.0,173.0,Low
-3339499.999999999,15650750.0,7.7,35.7,25.0,33.0,199.0,Low
-3339499.999999999,15750750.0,7.5,32.8,25.0,44.0,217.0,Low
-3339499.999999999,15850750.0,7.6,37.3,25.0,51.0,246.0,Low
-3339499.999999999,15950750.0,7.4,34.4,25.0,58.0,259.0,Medium
-3339499.999999999,16050750.0,7.6,37.3,25.0,71.0,261.0,Medium
-3339499.999999999,16150750.0,7.7,39.7,25.0,74.0,230.0,Low
-3339499.999999999,16250750.0,7.6,40.8,25.0,85.0,291.0,Medium
-3339499.999999999,16350750.0,7.5,37.4,25.0,120.0,289.0,Medium
-3339499.999999999,16450750.0,7.8,41.0,25.0,137.0,289.0,Medium
-3339499.999999999,16550750.0,6.9,36.6,25.0,245.0,247.0,Medium
-3339499.999999999,16650750.0,6.0,36.0,25.0,219.0,171.0,Medium
-3339499.999999999,16750750.0,5.5,38.5,25.0,483.0,213.0,Medium
-3339499.999999999,16850750.0,5.2,37.4,25.0,277.0,234.0,Low
-3439499.999999999,-7749250.0,7.4,35.8,25.0,249.0,252.0,Medium
-3439499.999999999,-7649250.0,7.4,35.0,25.0,297.0,224.0,Medium
-3439499.999999999,-7549250.0,7.7,33.4,25.0,283.0,199.0,Low
-3439499.999999999,-7449250.0,8.1,35.1,25.0,87.0,169.0,Low
-3439499.999999999,-7349250.0,7.9,36.1,25.0,91.0,154.0,Low
-3439499.999999999,-7249250.0,7.4,32.8,25.0,85.0,174.0,Low
-3439499.999999999,-7149250.0,6.5,36.7,25.0,280.0,172.0,Medium
-3439499.999999999,-7049250.0,6.8,34.6,25.0,144.0,185.0,Medium
-3439499.999999999,-6849250.0,6.4,33.6,25.0,191.0,220.0,Medium
-3439499.999999999,-6749250.0,6.4,33.5,25.0,196.0,233.0,Medium
-3439499.999999999,-6649250.0,6.3,34.6,25.0,223.0,236.0,Medium
-3439499.999999999,-6549250.0,6.1,36.0,25.0,265.0,233.0,Medium
-3439499.999999999,-6449250.0,6.0,40.1,25.0,254.0,246.0,Medium
-3439499.999999999,-6349250.0,5.6,37.7,25.0,361.0,288.0,Medium
-3439499.999999999,-6249250.0,5.3,32.3,25.0,383.0,174.0,Low
-3439499.999999999,-6149250.0,5.5,32.0,25.0,362.0,207.0,Low
-3439499.999999999,-6049250.0,5.3,32.2,25.0,390.0,196.0,Low
-3439499.999999999,-5949250.0,5.1,32.1,25.0,381.0,180.0,Low
-3439499.999999999,2050750.0,7.6,35.7,25.0,110.0,152.0,Low
-3439499.999999999,2150750.0,8.1,35.4,25.0,75.0,157.0,Low
-3439499.999999999,2250750.0,7.9,35.2,25.0,38.0,177.0,Low
-3439499.999999999,2350750.0,7.7,33.7,25.0,80.0,164.0,Low
-3439499.999999999,2450750.0,7.8,34.2,25.0,85.0,183.0,Low
-3439499.999999999,2550750.0,7.9,33.6,25.0,59.0,206.0,Low
-3439499.999999999,2650750.0,7.6,34.7,25.0,73.0,260.0,Low
-3439499.999999999,2750750.0,7.4,35.0,25.0,125.0,228.0,Medium
-3439499.999999999,2850750.0,7.2,37.7,25.0,134.0,214.0,Medium
-3439499.999999999,2950750.0,6.5,35.2,25.0,215.0,223.0,Medium
-3439499.999999999,3050750.0,5.8,38.3,25.0,258.0,157.0,Medium
-3439499.999999999,3150750.0,5.7,38.1,25.0,194.0,154.0,Medium
-3439499.999999999,13250750.0,6.4,35.6,25.0,164.0,241.0,Medium
-3439499.999999999,13350750.0,6.8,35.1,25.0,68.0,167.0,Medium
-3439499.999999999,13450750.0,6.9,37.4,25.0,77.0,167.0,Medium
-3439499.999999999,13550750.0,7.3,34.5,25.0,68.0,190.0,Medium
-3439499.999999999,13650750.0,7.5,35.7,25.0,73.0,169.0,Low
-3439499.999999999,13750750.0,7.3,35.0,25.0,109.0,168.0,Medium
-3439499.999999999,13850750.0,7.8,34.9,25.0,72.0,183.0,Low
-3439499.999999999,13950750.0,7.5,34.6,25.0,109.0,192.0,Low
-3439499.999999999,14050750.0,8.0,34.8,25.0,71.0,192.0,Low
-3439499.999999999,14150750.0,7.9,37.2,25.0,74.0,263.0,Low
-3439499.999999999,14250750.0,8.0,36.3,25.0,73.0,216.0,Low
-3439499.999999999,14350750.0,8.0,37.0,25.0,94.0,235.0,Low
-3439499.999999999,14450750.0,8.0,35.6,25.0,92.0,240.0,Low
-3439499.999999999,14550750.0,8.0,34.5,25.0,70.0,212.0,Low
-3439499.999999999,14650750.0,7.9,38.3,25.0,66.0,186.0,Low
-3439499.999999999,14750750.0,8.0,35.0,25.0,64.0,191.0,Low
-3439499.999999999,14850750.0,7.9,32.8,25.0,80.0,199.0,Low
-3439499.999999999,14950750.0,7.9,31.4,25.0,54.0,181.0,Low
-3439499.999999999,15050750.0,7.8,33.1,25.0,44.0,178.0,Low
-3439499.999999999,15150750.0,7.8,32.9,25.0,55.0,194.0,Low
-3439499.999999999,15250750.0,7.8,32.8,25.0,41.0,190.0,Low
-3439499.999999999,15350750.0,7.9,32.3,25.0,44.0,177.0,Low
-3439499.999999999,15450750.0,7.8,35.4,25.0,199.0,245.0,Low
-3439499.999999999,15650750.0,7.7,35.2,25.0,40.0,195.0,Low
-3439499.999999999,15750750.0,7.8,34.6,25.0,62.0,199.0,Low
-3439499.999999999,15850750.0,7.9,34.9,25.0,57.0,202.0,Low
-3439499.999999999,15950750.0,7.6,37.2,25.0,60.0,218.0,Low
-3439499.999999999,16050750.0,7.6,38.3,25.0,73.0,192.0,Low
-3439499.999999999,16150750.0,7.1,40.8,25.0,96.0,213.0,Medium
-3439499.999999999,16250750.0,7.1,38.2,25.0,75.0,202.0,Medium
-3439499.999999999,16350750.0,7.3,38.4,25.0,147.0,270.0,Medium
-3439499.999999999,16450750.0,6.0,37.3,25.0,186.0,219.0,Medium
-3439499.999999999,16550750.0,7.1,41.7,25.0,196.0,245.0,Medium
-3439499.999999999,16650750.0,6.1,39.0,25.0,239.0,187.0,Medium
-3439499.999999999,16750750.0,5.5,37.4,25.0,371.0,243.0,Medium
-3539499.999999999,-7749250.0,6.9,34.6,25.0,367.0,219.0,Medium
-3539499.999999999,-7649250.0,6.8,38.0,25.0,294.0,274.0,Medium
-3539499.999999999,-7549250.0,7.7,33.2,25.0,184.0,202.0,Low
-3539499.999999999,-7449250.0,8.3,37.0,25.0,80.0,190.0,Low
-3539499.999999999,-7349250.0,8.2,33.5,25.0,82.0,160.0,Low
-3539499.999999999,-7249250.0,7.2,34.1,25.0,124.0,189.0,Medium
-3539499.999999999,-7149250.0,6.8,35.2,25.0,190.0,193.0,Medium
-3539499.999999999,-7049250.0,6.5,33.9,25.0,151.0,210.0,Medium
-3539499.999999999,-6949250.0,6.2,34.4,25.0,163.0,227.0,Medium
-3539499.999999999,-6849250.0,6.3,34.1,25.0,169.0,231.0,Medium
-3539499.999999999,-6649250.0,6.4,34.1,25.0,236.0,238.0,Medium
-3539499.999999999,-6549250.0,6.6,36.9,25.0,293.0,261.0,Medium
-3539499.999999999,-6449250.0,6.0,36.4,25.0,277.0,224.0,Medium
-3539499.999999999,-6349250.0,5.7,34.9,25.0,394.0,268.0,Medium
-3539499.999999999,-6249250.0,5.6,40.9,25.0,336.0,202.0,Medium
-3539499.999999999,-6149250.0,5.8,37.1,25.0,346.0,227.0,Medium
-3539499.999999999,-6049250.0,5.4,35.9,25.0,386.0,193.0,Medium
-3539499.999999999,-5949250.0,5.4,37.0,25.0,463.0,301.0,Medium
-3539499.999999999,2150750.0,7.5,36.1,25.0,96.0,148.0,Low
-3539499.999999999,2250750.0,8.0,34.5,25.0,50.0,159.0,Low
-3539499.999999999,2350750.0,7.9,34.2,25.0,52.0,183.0,Low
-3539499.999999999,2450750.0,7.9,34.8,25.0,64.0,179.0,Low
-3539499.999999999,2550750.0,8.0,34.4,25.0,65.0,222.0,Low
-3539499.999999999,2650750.0,7.2,37.3,25.0,136.0,201.0,Medium
-3539499.999999999,2750750.0,7.2,36.1,25.0,109.0,195.0,Medium
-3539499.999999999,2850750.0,6.9,36.0,25.0,146.0,195.0,Medium
-3539499.999999999,3050750.0,5.9,38.8,25.0,226.0,170.0,Medium
-3539499.999999999,13350750.0,6.1,35.4,25.0,162.0,200.0,Medium
-3539499.999999999,13450750.0,6.0,36.1,25.0,80.0,87.0,Low
-3539499.999999999,13550750.0,6.1,36.8,25.0,68.0,122.0,Medium
-3539499.999999999,13650750.0,6.6,36.4,25.0,94.0,152.0,Medium
-3539499.999999999,13750750.0,7.4,35.9,25.0,79.0,147.0,Low
-3539499.999999999,13850750.0,7.7,34.9,25.0,133.0,196.0,Low
-3539499.999999999,13950750.0,7.2,34.0,25.0,160.0,192.0,Medium
-3539499.999999999,14050750.0,7.5,35.8,25.0,109.0,172.0,Low
-3539499.999999999,14150750.0,8.0,34.0,25.0,74.0,166.0,Low
-3539499.999999999,14250750.0,8.0,36.0,25.0,108.0,183.0,Low
-3539499.999999999,14350750.0,8.1,39.1,25.0,85.0,213.0,Low
-3539499.999999999,14450750.0,8.0,38.7,25.0,121.0,204.0,Low
-3539499.999999999,14850750.0,8.2,37.3,25.0,119.0,232.0,Low
-3539499.999999999,14950750.0,8.0,36.9,25.0,94.0,215.0,Low
-3539499.999999999,15050750.0,8.0,33.8,25.0,74.0,208.0,Low
-3539499.999999999,15150750.0,8.0,32.5,25.0,52.0,207.0,Low
-3539499.999999999,15250750.0,7.9,33.0,25.0,79.0,183.0,Low
-3539499.999999999,15450750.0,7.5,39.0,25.0,197.0,239.0,Medium
-3539499.999999999,15550750.0,8.2,35.4,25.0,48.0,176.0,Low
-3539499.999999999,15650750.0,8.2,35.7,25.0,64.0,181.0,Low
-3539499.999999999,15750750.0,8.3,33.5,25.0,80.0,188.0,Low
-3539499.999999999,15850750.0,7.8,36.2,25.0,77.0,195.0,Low
-3539499.999999999,15950750.0,7.9,36.3,25.0,95.0,196.0,Low
-3539499.999999999,16050750.0,7.4,35.6,25.0,97.0,175.0,Low
-3539499.999999999,16150750.0,7.0,40.2,25.0,158.0,204.0,Medium
-3539499.999999999,16250750.0,7.0,36.2,25.0,126.0,232.0,Medium
-3539499.999999999,16350750.0,7.0,38.9,25.0,199.0,219.0,Medium
-3539499.999999999,16450750.0,6.6,40.3,25.0,232.0,247.0,Medium
-3539499.999999999,16550750.0,6.1,38.9,25.0,331.0,258.0,Medium
-3539499.999999999,16650750.0,5.8,38.7,25.0,369.0,295.0,Medium
-3539499.999999999,16750750.0,5.8,37.9,25.0,352.0,260.0,Medium
-3639499.999999999,-7749250.0,6.8,31.5,25.0,357.0,169.0,Medium
-3639499.999999999,-7649250.0,6.7,38.0,25.0,419.0,273.0,Medium
-3639499.999999999,-7549250.0,7.6,33.5,25.0,155.0,180.0,Low
-3639499.999999999,-7449250.0,8.2,35.4,25.0,84.0,161.0,Low
-3639499.999999999,-7349250.0,8.0,35.4,25.0,59.0,181.0,Low
-3639499.999999999,-7249250.0,6.7,37.1,25.0,216.0,197.0,Medium
-3639499.999999999,-7149250.0,6.7,36.0,25.0,178.0,194.0,Medium
-3639499.999999999,-7049250.0,6.7,35.1,25.0,148.0,177.0,Medium
-3639499.999999999,-6949250.0,6.8,36.0,25.0,177.0,213.0,Medium
-3639499.999999999,-6849250.0,6.6,35.1,25.0,186.0,238.0,Medium
-3639499.999999999,-6749250.0,6.2,35.3,25.0,225.0,249.0,Medium
-3639499.999999999,-6649250.0,6.4,36.7,25.0,260.0,259.0,Medium
-3639499.999999999,-6549250.0,6.7,40.4,25.0,241.0,272.0,Medium
-3639499.999999999,-6449250.0,6.1,39.8,25.0,318.0,265.0,Medium
-3639499.999999999,-6349250.0,6.1,38.8,25.0,322.0,276.0,Medium
-3639499.999999999,-6249250.0,5.8,37.8,25.0,339.0,210.0,Medium
-3639499.999999999,-6149250.0,5.6,37.0,25.0,358.0,181.0,Medium
-3639499.999999999,-6049250.0,5.8,36.4,25.0,420.0,279.0,Medium
-3639499.999999999,2150750.0,6.9,36.0,25.0,181.0,164.0,Medium
-3639499.999999999,2250750.0,8.2,36.5,25.0,82.0,171.0,Low
-3639499.999999999,2350750.0,7.8,32.7,25.0,62.0,167.0,Low
-3639499.999999999,2450750.0,7.7,34.1,25.0,58.0,187.0,Low
-3639499.999999999,2650750.0,7.8,35.6,25.0,82.0,196.0,Low
-3639499.999999999,2750750.0,6.2,37.8,25.0,273.0,216.0,Medium
-3639499.999999999,2850750.0,6.2,37.4,25.0,302.0,199.0,Medium
-3639499.999999999,2950750.0,6.0,37.6,25.0,308.0,179.0,Medium
-3639499.999999999,13450750.0,6.2,35.3,25.0,171.0,117.0,Medium
-3639499.999999999,13550750.0,6.6,36.5,25.0,95.0,108.0,Medium
-3639499.999999999,13650750.0,6.9,35.9,25.0,107.0,151.0,Medium
-3639499.999999999,13750750.0,7.3,35.7,25.0,77.0,148.0,Low
-3639499.999999999,13850750.0,7.2,34.7,25.0,105.0,192.0,Medium
-3639499.999999999,13950750.0,7.4,37.7,25.0,186.0,244.0,Medium
-3639499.999999999,14050750.0,7.4,35.2,25.0,144.0,200.0,Medium
-3639499.999999999,14150750.0,7.4,37.6,25.0,132.0,207.0,Medium
-3639499.999999999,15150750.0,8.0,35.2,25.0,112.0,170.0,Low
-3639499.999999999,15250750.0,8.1,34.8,25.0,99.0,177.0,Low
-3639499.999999999,15350750.0,8.3,35.8,25.0,69.0,172.0,Low
-3639499.999999999,15450750.0,7.3,38.2,25.0,147.0,197.0,Medium
-3639499.999999999,15550750.0,8.2,35.6,25.0,79.0,176.0,Low
-3639499.999999999,15650750.0,8.0,35.8,25.0,85.0,174.0,Low
-3639499.999999999,15750750.0,8.0,37.6,25.0,115.0,217.0,Low
-3639499.999999999,15850750.0,8.0,36.5,25.0,145.0,175.0,Low
-3639499.999999999,15950750.0,7.4,35.5,25.0,125.0,200.0,Medium
-3639499.999999999,16050750.0,7.4,35.6,25.0,213.0,181.0,Medium
-3639499.999999999,16150750.0,6.9,38.6,25.0,190.0,193.0,Medium
-3639499.999999999,16250750.0,6.1,38.5,25.0,196.0,211.0,Medium
-3639499.999999999,16350750.0,6.1,38.6,25.0,237.0,182.0,Medium
-3639499.999999999,16450750.0,5.6,38.9,25.0,309.0,209.0,Medium
-3639499.999999999,16550750.0,5.2,38.1,25.0,403.0,253.0,Medium
-3639499.999999999,16650750.0,6.1,37.5,25.0,195.0,243.0,Medium
-3739499.999999999,-7749250.0,6.4,33.6,25.0,358.0,236.0,Medium
-3739499.999999999,-7649250.0,6.7,38.6,25.0,322.0,218.0,Medium
-3739499.999999999,-7549250.0,7.1,38.0,25.0,214.0,188.0,Medium
-3739499.999999999,-7449250.0,7.9,33.1,25.0,73.0,171.0,Low
-3739499.999999999,-7349250.0,7.9,32.9,25.0,106.0,177.0,Low
-3739499.999999999,-7249250.0,7.5,36.3,25.0,125.0,197.0,Medium
-3739499.999999999,-7149250.0,7.2,39.2,25.0,128.0,203.0,Medium
-3739499.999999999,-7049250.0,6.7,36.5,25.0,195.0,210.0,Medium
-3739499.999999999,-6949250.0,6.2,35.8,25.0,192.0,224.0,Medium
-3739499.999999999,-6849250.0,6.3,35.1,25.0,197.0,226.0,Medium
-3739499.999999999,-6749250.0,6.9,37.4,25.0,198.0,233.0,Medium
-3739499.999999999,-6649250.0,6.3,35.0,25.0,399.0,287.0,Medium
-3739499.999999999,-6549250.0,5.7,35.0,25.0,370.0,284.0,Medium
-3739499.999999999,-6449250.0,6.4,41.6,25.0,356.0,278.0,Medium
-3739499.999999999,-6349250.0,6.2,40.0,25.0,394.0,246.0,Medium
-3739499.999999999,-6249250.0,5.7,37.8,25.0,345.0,186.0,Medium
-3739499.999999999,-6149250.0,5.3,40.6,25.0,374.0,219.0,Medium
-3739499.999999999,-6049250.0,5.8,35.7,25.0,382.0,326.0,Medium
-3739499.999999999,2150750.0,6.4,37.5,25.0,355.0,204.0,Medium
-3739499.999999999,2250750.0,7.7,34.4,25.0,94.0,176.0,Low
-3739499.999999999,2350750.0,7.5,36.8,25.0,194.0,241.0,Medium
-3739499.999999999,2450750.0,7.1,35.4,25.0,247.0,223.0,Medium
-3739499.999999999,2550750.0,7.0,39.2,25.0,255.0,220.0,Medium
-3739499.999999999,2650750.0,6.5,37.7,25.0,346.0,245.0,Medium
-3739499.999999999,2750750.0,6.8,33.8,25.0,215.0,261.0,Medium
-3739499.999999999,2850750.0,5.8,36.5,25.0,326.0,219.0,Medium
-3739499.999999999,13350750.0,6.0,36.2,25.0,279.0,195.0,Medium
-3739499.999999999,13450750.0,6.3,35.8,25.0,138.0,206.0,Medium
-3739499.999999999,13550750.0,5.9,35.6,25.0,95.0,146.0,Medium
-3739499.999999999,13650750.0,6.8,35.6,25.0,75.0,195.0,Medium
-3739499.999999999,13750750.0,6.7,36.9,25.0,121.0,189.0,Medium
-3739499.999999999,13850750.0,6.6,35.6,25.0,179.0,229.0,Medium
-3739499.999999999,13950750.0,5.9,36.0,25.0,181.0,219.0,Medium
-3739499.999999999,14050750.0,6.5,36.7,25.0,222.0,186.0,Medium
-3739499.999999999,15150750.0,7.1,36.3,25.0,147.0,196.0,Medium
-3739499.999999999,15250750.0,7.2,36.6,25.0,157.0,217.0,Medium
-3739499.999999999,15450750.0,7.3,39.0,25.0,223.0,249.0,Medium
-3739499.999999999,15550750.0,8.3,33.9,25.0,81.0,173.0,Low
-3739499.999999999,15650750.0,8.0,34.6,25.0,132.0,170.0,Low
-3739499.999999999,15750750.0,8.0,38.7,25.0,137.0,176.0,Low
-3739499.999999999,15850750.0,7.8,32.7,25.0,201.0,170.0,Low
-3739499.999999999,15950750.0,7.8,38.4,25.0,239.0,190.0,Low
-3739499.999999999,16050750.0,7.3,36.6,25.0,173.0,207.0,Medium
-3739499.999999999,16150750.0,6.5,38.9,25.0,219.0,182.0,Medium
-3739499.999999999,16250750.0,6.2,36.9,25.0,188.0,200.0,Medium
-3739499.999999999,16350750.0,6.6,37.5,25.0,221.0,219.0,Medium
-3739499.999999999,16450750.0,5.4,38.3,25.0,335.0,292.0,Medium
-3739499.999999999,16550750.0,5.2,37.7,25.0,305.0,226.0,Low
-3839499.999999999,-7749250.0,6.2,36.5,25.0,282.0,206.0,Medium
-3839499.999999999,-7649250.0,6.1,42.5,25.0,380.0,259.0,Medium
-3839499.999999999,-7549250.0,6.8,39.9,25.0,320.0,229.0,Medium
-3839499.999999999,-7449250.0,7.8,36.7,25.0,83.0,162.0,Low
-3839499.999999999,-7349250.0,7.8,35.4,25.0,113.0,193.0,Low
-3839499.999999999,-7249250.0,7.7,38.5,25.0,110.0,213.0,Low
-3839499.999999999,-7149250.0,7.3,38.4,25.0,151.0,196.0,Medium
-3839499.999999999,-7049250.0,6.5,36.9,25.0,205.0,203.0,Medium
-3839499.999999999,-6949250.0,6.3,34.1,25.0,192.0,221.0,Medium
-3839499.999999999,-6849250.0,6.3,35.7,25.0,231.0,250.0,Medium
-3839499.999999999,-6749250.0,6.4,36.7,25.0,288.0,238.0,Medium
-3839499.999999999,-6649250.0,7.1,39.3,25.0,268.0,239.0,Medium
-3839499.999999999,-6349250.0,5.4,38.2,25.0,486.0,278.0,Medium
-3839499.999999999,-6249250.0,5.2,37.9,25.0,409.0,255.0,Medium
-3839499.999999999,-6149250.0,5.9,38.1,25.0,347.0,284.0,Medium
-3839499.999999999,2250750.0,7.0,35.5,25.0,220.0,202.0,Medium
-3839499.999999999,13550750.0,6.6,35.0,25.0,149.0,220.0,Medium
-3839499.999999999,15450750.0,7.6,36.1,25.0,217.0,209.0,Medium
-3839499.999999999,15550750.0,7.9,35.5,25.0,112.0,190.0,Low
-3839499.999999999,15650750.0,8.0,33.9,25.0,114.0,181.0,Low
-3839499.999999999,15750750.0,7.8,36.6,25.0,157.0,188.0,Low
-3839499.999999999,15850750.0,7.8,35.8,25.0,294.0,168.0,Low
-3839499.999999999,15950750.0,7.7,40.1,25.0,224.0,197.0,Medium
-3839499.999999999,16050750.0,6.6,37.8,25.0,207.0,199.0,Medium
-3839499.999999999,16150750.0,6.5,34.0,25.0,153.0,189.0,Medium
-3839499.999999999,16250750.0,5.7,37.3,25.0,190.0,172.0,Medium
-3839499.999999999,16350750.0,5.7,37.5,25.0,246.0,157.0,Medium
-3839499.999999999,16450750.0,5.5,37.7,25.0,303.0,262.0,Medium
-3839499.999999999,16550750.0,5.1,38.9,25.0,285.0,276.0,Low
-3939499.999999999,-7749250.0,6.0,38.9,25.0,309.0,199.0,Medium
-3939499.999999999,-7649250.0,6.2,42.1,25.0,429.0,317.0,Medium
-3939499.999999999,-7549250.0,7.0,35.3,25.0,212.0,177.0,Medium
-3939499.999999999,-7449250.0,7.6,36.7,25.0,144.0,192.0,Low
-3939499.999999999,-7349250.0,7.6,35.9,25.0,89.0,193.0,Low
-3939499.999999999,-7249250.0,7.4,34.6,25.0,117.0,161.0,Low
-3939499.999999999,-7149250.0,6.9,36.3,25.0,140.0,172.0,Medium
-3939499.999999999,-7049250.0,6.9,35.0,25.0,172.0,206.0,Medium
-3939499.999999999,-6949250.0,6.7,34.9,25.0,183.0,215.0,Medium
-3939499.999999999,-6849250.0,6.8,36.7,25.0,208.0,222.0,Medium
-3939499.999999999,-6749250.0,6.8,36.2,25.0,289.0,218.0,Medium
-3939499.999999999,-6649250.0,6.8,35.9,25.0,287.0,240.0,Medium
-3939499.999999999,-6549250.0,7.1,39.6,25.0,343.0,238.0,Medium
-3939499.999999999,-6449250.0,7.3,38.9,25.0,400.0,249.0,Medium
-3939499.999999999,15450750.0,5.7,35.9,25.0,396.0,166.0,Medium
-3939499.999999999,15550750.0,7.7,34.0,25.0,230.0,172.0,Low
-3939499.999999999,15650750.0,7.6,33.5,25.0,240.0,101.0,Low
-3939499.999999999,15750750.0,7.2,34.5,25.0,205.0,178.0,Medium
-3939499.999999999,15850750.0,7.7,35.4,25.0,241.0,182.0,Low
-3939499.999999999,15950750.0,7.7,35.6,25.0,257.0,206.0,Low
-3939499.999999999,16050750.0,6.7,36.7,25.0,172.0,192.0,Medium
-3939499.999999999,16150750.0,6.6,36.7,25.0,227.0,175.0,Medium
-3939499.999999999,16250750.0,5.6,37.2,25.0,299.0,175.0,Medium
-3939499.999999999,16350750.0,5.7,38.1,25.0,325.0,184.0,Medium
-3939499.999999999,16450750.0,5.0,37.8,25.0,358.0,240.0,Low
-3939499.999999999,18650750.0,5.3,36.9,25.0,416.0,220.0,Medium
-4039499.999999999,-7749250.0,6.1,38.5,25.0,431.0,260.0,Medium
-4039499.999999999,-7649250.0,6.1,41.9,25.0,316.0,261.0,Medium
-4039499.999999999,-7549250.0,7.2,33.4,25.0,163.0,177.0,Medium
-4039499.999999999,-7449250.0,7.6,37.3,25.0,182.0,199.0,Low
-4039499.999999999,-7349250.0,7.9,37.0,25.0,93.0,197.0,Low
-4039499.999999999,-7249250.0,7.6,36.5,25.0,149.0,164.0,Low
-4039499.999999999,-7149250.0,7.1,36.4,25.0,126.0,172.0,Medium
-4039499.999999999,-7049250.0,6.8,35.9,25.0,210.0,199.0,Medium
-4039499.999999999,-6949250.0,6.8,34.3,25.0,186.0,209.0,Medium
-4039499.999999999,-6849250.0,7.3,36.3,25.0,209.0,213.0,Medium
-4039499.999999999,-6749250.0,7.6,35.8,25.0,301.0,236.0,Medium
-4039499.999999999,-6649250.0,7.2,37.9,25.0,331.0,221.0,Medium
-4039499.999999999,-6549250.0,7.5,35.7,25.0,475.0,233.0,Medium
-4039499.999999999,-6449250.0,7.1,34.5,25.0,736.0,256.0,Medium
-4039499.999999999,15650750.0,7.2,36.0,25.0,153.0,228.0,Medium
-4039499.999999999,15750750.0,7.3,36.7,25.0,187.0,177.0,Medium
-4039499.999999999,15850750.0,7.0,40.0,25.0,281.0,269.0,Medium
-4039499.999999999,15950750.0,7.1,36.1,25.0,221.0,194.0,Medium
-4039499.999999999,16050750.0,6.5,33.8,25.0,274.0,243.0,Medium
-4039499.999999999,16150750.0,6.3,34.8,25.0,260.0,189.0,Medium
-4039499.999999999,16250750.0,5.7,39.5,25.0,386.0,175.0,Medium
-4039499.999999999,16350750.0,5.3,39.7,25.0,392.0,231.0,Medium
-4039499.999999999,16450750.0,4.5,37.3,25.0,266.0,245.0,Low
-4139499.999999999,-7849250.0,5.8,41.1,25.0,569.0,277.0,Medium
-4139499.999999999,-7749250.0,5.7,40.9,25.0,561.0,302.0,Medium
-4139499.999999999,-7649250.0,6.0,41.1,25.0,338.0,238.0,Medium
-4139499.999999999,-7549250.0,7.4,36.6,25.0,91.0,204.0,Medium
-4139499.999999999,-7449250.0,7.8,36.1,25.0,56.0,183.0,Low
-4139499.999999999,-7349250.0,8.0,37.2,25.0,98.0,171.0,Low
-4139499.999999999,-7249250.0,7.9,35.5,25.0,105.0,173.0,Low
-4139499.999999999,-7149250.0,7.6,37.3,25.0,149.0,178.0,Low
-4139499.999999999,-7049250.0,7.3,36.6,25.0,140.0,218.0,Medium
-4139499.999999999,-6949250.0,6.9,37.4,25.0,228.0,220.0,Medium
-4139499.999999999,-6849250.0,7.0,36.6,25.0,242.0,248.0,Medium
-4139499.999999999,-6749250.0,7.1,36.1,25.0,356.0,265.0,Medium
-4139499.999999999,-6649250.0,6.9,38.4,25.0,320.0,273.0,Medium
-4139499.999999999,-6549250.0,7.3,38.6,25.0,292.0,249.0,Medium
-4139499.999999999,-6449250.0,7.5,33.9,25.0,556.0,260.0,Medium
-4139499.999999999,15650750.0,7.2,38.5,25.0,312.0,286.0,Medium
-4139499.999999999,15750750.0,6.5,39.0,25.0,244.0,286.0,Medium
-4139499.999999999,15850750.0,5.6,36.9,25.0,335.0,242.0,Medium
-4139499.999999999,15950750.0,6.2,36.5,25.0,327.0,210.0,Medium
-4139499.999999999,16050750.0,6.1,36.7,25.0,374.0,249.0,Medium
-4139499.999999999,16150750.0,5.3,40.0,25.0,361.0,232.0,Medium
-4139499.999999999,16250750.0,5.0,38.9,25.0,340.0,251.0,Low
-4139499.999999999,16350750.0,5.4,37.8,25.0,357.0,249.0,Medium
-4139499.999999999,16450750.0,4.6,38.7,25.0,266.0,449.0,Low
-4139499.999999999,18750750.0,5.1,42.4,25.0,553.0,279.0,Medium
-4239499.999999999,-7849250.0,5.4,39.4,25.0,562.0,331.0,Medium
-4239499.999999999,-7749250.0,5.6,42.3,25.0,544.0,325.0,Medium
-4239499.999999999,-7649250.0,6.1,42.9,25.0,647.0,324.0,Medium
-4239499.999999999,-7549250.0,7.8,34.3,25.0,75.0,206.0,Low
-4239499.999999999,-7449250.0,8.0,36.3,25.0,120.0,239.0,Low
-4239499.999999999,-7349250.0,8.1,34.9,25.0,63.0,173.0,Low
-4239499.999999999,-7249250.0,8.0,36.1,25.0,95.0,163.0,Low
-4239499.999999999,-7149250.0,7.8,37.8,25.0,148.0,187.0,Low
-4239499.999999999,-7049250.0,7.5,37.0,25.0,153.0,214.0,Medium
-4239499.999999999,-6949250.0,7.4,37.7,25.0,207.0,252.0,Medium
-4239499.999999999,-6849250.0,6.3,36.9,25.0,331.0,257.0,Medium
-4239499.999999999,-6749250.0,7.2,37.1,25.0,335.0,281.0,Medium
-4239499.999999999,-6649250.0,6.9,39.3,25.0,308.0,284.0,Medium
-4239499.999999999,-6549250.0,6.6,38.9,25.0,302.0,268.0,Medium
-4239499.999999999,15750750.0,5.6,38.1,25.0,359.0,281.0,Medium
-4239499.999999999,15850750.0,6.2,38.4,25.0,332.0,282.0,Medium
-4239499.999999999,15950750.0,6.3,38.6,25.0,352.0,269.0,Medium
-4239499.999999999,16050750.0,6.3,37.9,25.0,329.0,256.0,Medium
-4239499.999999999,16150750.0,5.2,38.9,25.0,375.0,290.0,Medium
-4239499.999999999,18650750.0,5.1,40.3,25.0,499.0,244.0,Medium
-4239499.999999999,18750750.0,5.1,37.1,25.0,454.0,262.0,Medium
-4239499.999999999,18850750.0,5.3,40.3,25.0,502.0,305.0,Medium
-4339499.999999999,-7749250.0,5.5,44.4,25.0,622.0,330.0,Medium
-4339499.999999999,-7649250.0,5.7,42.0,25.0,850.0,234.0,Medium
-4339499.999999999,-7549250.0,7.9,34.4,25.0,84.0,214.0,Low
-4339499.999999999,-7449250.0,7.5,32.6,25.0,48.0,134.0,Low
-4339499.999999999,-7349250.0,7.8,33.3,25.0,58.0,180.0,Low
-4339499.999999999,-7249250.0,7.8,35.7,25.0,113.0,202.0,Low
-4339499.999999999,-7149250.0,8.1,37.4,25.0,89.0,196.0,Low
-4339499.999999999,-7049250.0,7.9,38.1,25.0,95.0,206.0,Low
-4339499.999999999,-6949250.0,7.6,37.2,25.0,195.0,231.0,Medium
-4339499.999999999,18650750.0,5.6,42.5,25.0,508.0,278.0,Medium
-4339499.999999999,18750750.0,5.1,41.6,25.0,486.0,256.0,Medium
-4339499.999999999,18850750.0,5.4,41.4,25.0,443.0,321.0,Medium
-4439499.999999999,-7749250.0,5.4,45.9,25.0,755.0,384.0,Medium
-4439499.999999999,-7649250.0,5.7,40.2,25.0,652.0,279.0,Medium
-4439499.999999999,-7549250.0,7.4,34.9,25.0,78.0,200.0,Low
-4439499.999999999,-7449250.0,7.9,34.5,25.0,36.0,213.0,Low
-4439499.999999999,-7349250.0,7.6,36.7,25.0,57.0,163.0,Low
-4439499.999999999,-7249250.0,7.8,34.5,25.0,96.0,162.0,Low
-4439499.999999999,-7149250.0,7.9,36.1,25.0,71.0,161.0,Low
-4439499.999999999,-7049250.0,7.7,36.4,25.0,102.0,199.0,Low
-4439499.999999999,-6949250.0,7.5,36.9,25.0,157.0,228.0,Medium
-4439499.999999999,16250750.0,5.8,33.1,25.0,272.0,210.0,Medium
-4439499.999999999,18650750.0,5.5,40.9,25.0,465.0,313.0,Medium
-4539499.999999999,-7749250.0,5.6,45.1,25.0,856.0,366.0,Medium
-4539499.999999999,-7649250.0,5.6,42.1,25.0,702.0,309.0,Medium
-4539499.999999999,-7549250.0,7.1,36.4,25.0,179.0,191.0,Medium
-4539499.999999999,-7449250.0,7.9,35.7,25.0,90.0,198.0,Low
-4539499.999999999,-7349250.0,7.6,36.3,25.0,55.0,201.0,Low
-4539499.999999999,-7249250.0,7.7,34.5,25.0,64.0,185.0,Low
-4539499.999999999,-7149250.0,7.8,34.6,25.0,79.0,187.0,Low
-4539499.999999999,-7049250.0,7.7,34.5,25.0,108.0,165.0,Low
-4539499.999999999,-6949250.0,7.4,31.6,25.0,263.0,258.0,Medium
-4539499.999999999,18550750.0,5.4,39.2,25.0,481.0,272.0,Medium
-4639499.999999999,-7649250.0,5.8,43.6,25.0,701.0,337.0,Medium
-4639499.999999999,-7549250.0,7.3,35.9,25.0,148.0,206.0,Medium
-4639499.999999999,-7449250.0,7.7,35.2,25.0,112.0,199.0,Low
-4639499.999999999,-7349250.0,7.8,35.2,25.0,124.0,202.0,Low
-4639499.999999999,-7249250.0,7.8,36.3,25.0,88.0,202.0,Low
-4639499.999999999,-7149250.0,7.6,35.3,25.0,73.0,214.0,Low
-4639499.999999999,16050750.0,4.8,42.9,25.0,666.0,317.0,Medium
-4639499.999999999,16150750.0,5.1,40.3,25.0,378.0,282.0,Medium
-4639499.999999999,16250750.0,5.2,37.6,25.0,283.0,273.0,Low
-4639499.999999999,18250750.0,5.3,43.2,25.0,779.0,329.0,Medium
-4639499.999999999,18350750.0,5.2,43.4,25.0,710.0,344.0,Medium
-4739499.999999999,-7849250.0,5.1,44.4,25.0,1071.0,352.0,Medium
-4739499.999999999,-7649250.0,5.7,43.0,25.0,732.0,252.0,Medium
-4739499.999999999,-7549250.0,7.3,33.8,25.0,154.0,229.0,Medium
-4739499.999999999,-7449250.0,7.9,35.0,25.0,87.0,218.0,Low
-4739499.999999999,-7349250.0,7.8,34.5,25.0,111.0,212.0,Low
-4739499.999999999,-7249250.0,7.8,32.7,25.0,115.0,198.0,Low
-4739499.999999999,-7149250.0,7.7,33.8,25.0,74.0,197.0,Low
-4739499.999999999,16050750.0,5.0,44.0,25.0,879.0,372.0,Medium
-4739499.999999999,16150750.0,6.6,37.1,25.0,363.0,324.0,Medium
-4739499.999999999,18250750.0,5.3,44.8,25.0,769.0,438.0,Medium
-4739499.999999999,18350750.0,5.2,37.7,25.0,421.0,318.0,Medium
-4839499.999999999,-7749250.0,4.9,42.4,25.0,1151.0,343.0,Medium
-4839499.999999999,-7649250.0,5.3,42.3,25.0,678.0,298.0,Medium
-4839499.999999999,-7549250.0,7.1,40.5,25.0,255.0,233.0,Medium
-4839499.999999999,-7449250.0,7.8,37.6,25.0,147.0,224.0,Low
-4839499.999999999,-7349250.0,8.0,34.4,25.0,109.0,203.0,Low
-4839499.999999999,-7249250.0,7.9,33.3,25.0,70.0,188.0,Low
-4839499.999999999,-7149250.0,7.8,34.7,25.0,114.0,213.0,Low
-4839499.999999999,16150750.0,5.0,40.6,25.0,570.0,305.0,Medium
-4839499.999999999,18050750.0,4.9,43.5,25.0,595.0,338.0,Medium
-4839499.999999999,18150750.0,6.1,39.5,25.0,518.0,297.0,Medium
-4839499.999999999,18250750.0,6.3,37.0,25.0,449.0,304.0,Medium
-4939499.999999999,-7749250.0,5.0,44.2,25.0,1114.0,361.0,Medium
-4939499.999999999,-7649250.0,6.1,43.6,25.0,698.0,273.0,Medium
-4939499.999999999,-7549250.0,7.3,39.1,25.0,246.0,242.0,Medium
-4939499.999999999,-7449250.0,7.8,36.0,25.0,161.0,227.0,Low
-4939499.999999999,-7349250.0,7.9,32.9,25.0,115.0,211.0,Low
-4939499.999999999,-7249250.0,7.9,34.4,25.0,73.0,195.0,Low
-4939499.999999999,-7149250.0,7.5,35.0,25.0,102.0,215.0,Low
-4939499.999999999,17950750.0,5.4,41.9,25.0,459.0,298.0,Medium
-4939499.999999999,18050750.0,6.3,37.5,25.0,417.0,294.0,Medium
-5039499.999999999,-7649250.0,5.6,41.3,25.0,728.0,279.0,Medium
-5039499.999999999,-7549250.0,7.3,37.7,25.0,256.0,228.0,Medium
-5039499.999999999,-7449250.0,7.7,36.7,25.0,150.0,209.0,Low
-5039499.999999999,-7349250.0,7.7,35.8,25.0,278.0,226.0,Medium
-5039499.999999999,-7249250.0,7.7,35.3,25.0,213.0,192.0,Low
-5039499.999999999,17750750.0,5.2,42.5,25.0,974.0,318.0,Medium
-5039499.999999999,17850750.0,5.1,45.8,25.0,630.0,365.0,Medium
-5039499.999999999,17950750.0,6.5,36.9,25.0,428.0,298.0,Medium
-5039499.999999999,18050750.0,6.3,38.3,25.0,383.0,298.0,Medium
-5139499.999999999,-7849250.0,5.0,44.4,25.0,1302.0,420.0,Medium
-5139499.999999999,-7749250.0,5.0,43.5,25.0,1330.0,405.0,Medium
-5139499.999999999,-7649250.0,6.0,43.6,25.0,634.0,285.0,Medium
-5139499.999999999,-7549250.0,7.6,37.1,25.0,204.0,212.0,Medium
-5139499.999999999,-7449250.0,8.0,35.6,25.0,183.0,209.0,Low
-5139499.999999999,-7349250.0,8.1,34.7,25.0,103.0,207.0,Low
-5139499.999999999,17750750.0,5.2,42.6,25.0,856.0,319.0,Medium
-5139499.999999999,17850750.0,6.2,38.6,25.0,587.0,353.0,Medium
-5139499.999999999,17950750.0,6.3,38.3,25.0,510.0,330.0,Medium
-5239499.999999999,-7649250.0,6.2,35.8,25.0,555.0,311.0,Medium
-5239499.999999999,-7549250.0,7.3,35.8,25.0,232.0,244.0,Medium
-5239499.999999999,-7449250.0,7.7,35.8,25.0,256.0,227.0,Medium
-5239499.999999999,-7349250.0,7.7,42.4,25.0,264.0,303.0,Medium
-5239499.999999999,-7249250.0,8.1,34.0,25.0,204.0,175.0,Low
-5239499.999999999,-7149250.0,7.6,33.6,25.0,285.0,186.0,Low
-5339499.999999999,-7849250.0,5.1,42.5,25.0,1323.0,388.0,Medium
-5339499.999999999,-7649250.0,5.7,45.6,25.0,779.0,332.0,Medium
-5339499.999999999,-7549250.0,7.6,44.6,25.0,160.0,287.0,Medium
-5339499.999999999,-7449250.0,7.5,45.3,25.0,122.0,228.0,Medium
-5339499.999999999,-7349250.0,7.7,41.3,25.0,211.0,273.0,Medium
-5339499.999999999,-7249250.0,7.9,35.7,25.0,212.0,204.0,Low
-5439499.999999999,-7749250.0,5.0,40.5,25.0,1282.0,462.0,Medium
-5439499.999999999,-7649250.0,5.7,44.1,25.0,680.0,310.0,Medium
-5439499.999999999,-7549250.0,7.4,46.0,25.0,134.0,294.0,Medium
-5439499.999999999,-7449250.0,7.3,44.9,25.0,120.0,254.0,Medium
-5439499.999999999,-7349250.0,7.6,44.8,25.0,159.0,269.0,Medium
-5539499.999999999,-7849250.0,5.0,45.8,25.0,1387.0,407.0,Medium
-5539499.999999999,-7649250.0,6.3,43.9,25.0,586.0,292.0,Medium
-5539499.999999999,-7549250.0,6.8,44.2,25.0,287.0,233.0,Medium
-5539499.999999999,-7449250.0,7.1,45.6,25.0,143.0,241.0,Medium
-5539499.999999999,-7349250.0,7.5,45.8,25.0,137.0,269.0,Medium
-5639499.999999999,-7649250.0,5.9,45.5,25.0,966.0,336.0,Medium
-5639499.999999999,-7549250.0,7.1,47.1,25.0,122.0,284.0,Medium
-5639499.999999999,-7449250.0,7.0,44.9,25.0,135.0,255.0,Medium
-5739499.999999999,-7549250.0,6.6,44.1,25.0,542.0,315.0,Medium
-5739499.999999999,-7449250.0,6.7,45.1,25.0,379.0,296.0,Medium
-5739499.999999999,-7349250.0,6.6,44.5,25.0,331.0,276.0,Medium
-5739499.999999999,-6749250.0,6.4,44.4,25.0,648.0,359.0,Medium
-5739499.999999999,-6649250.0,6.3,43.3,25.0,731.0,323.0,Medium
-5839499.999999999,-7649250.0,5.0,44.7,25.0,1376.0,373.0,Medium
-5839499.999999999,-7549250.0,5.5,45.6,25.0,1005.0,328.0,Medium
-5839499.999999999,-7349250.0,6.4,46.1,25.0,672.0,373.0,Medium
-5939499.999999999,-7449250.0,5.3,46.5,25.0,1199.0,301.0,Medium
-5939499.999999999,-7349250.0,5.8,43.5,25.0,1214.0,373.0,Medium
-5939499.999999999,-7249250.0,6.2,44.6,25.0,854.0,425.0,Medium
-6039499.999999999,-7149250.0,6.3,46.6,25.0,1121.0,357.0,Medium
