x,y,ph,moisture,nitrogen,cec
10511750.0,2970500.000000001,65.0,424.0,295.0,186.0
5573750.0,2095500.000000001,81.0,297.0,113.0,157.0
-11558250.0,3805500.000000001,78.0,304.0,99.0,117.0
3430750.0,1964500.000000001,82.0,263.0,40.0,180.0
-6389250.0,-305499.99999999907,47.0,388.0,252.0,209.0
6043750.0,5802500.000000001,71.0,496.0,450.0,335.0
1031750.0,6313500.000000001,55.0,460.0,1014.0,318.0
4193750.0,5613500.000000001,68.0,549.0,801.0,353.0
-7882250.0,-806499.9999999991,42.0,357.0,287.0,150.0
3966750.0,-1637499.999999999,58.0,332.0,114.0,82.0
10783750.0,6832500.000000001,51.0,661.0,666.0,458.0
3565750.0,-2266499.999999999,58.0,361.0,205.0,117.0
-6986250.0,-1872499.999999999,57.0,352.0,241.0,125.0
319750.0,847500.0000000009,61.0,288.0,147.0,119.0
-9173250.0,5748500.000000001,52.0,617.0,685.0,419.0
11866750.0,1319500.000000001,56.0,419.0,249.0,188.0
-5753250.0,-1194499.999999999,50.0,341.0,151.0,119.0
3419750.0,2874500.000000001,82.0,290.0,63.0,177.0
5262750.0,5208500.000000001,77.0,408.0,420.0,240.0
5451750.0,6775500.000000001,52.0,631.0,916.0,507.0
5651750.0,5287500.000000001,79.0,342.0,277.0,198.0
13622750.0,-3292499.999999999,77.0,334.0,53.0,213.0
3154750.0,-1331499.999999999,57.0,286.0,234.0,106.0
-7725250.0,-4629499.999999999,51.0,425.0,967.0,362.0
10886750.0,2685500.000000001,58.0,386.0,264.0,167.0
-14338250.0,7344500.000000001,56.0,440.0,1329.0,750.0
11012750.0,3473500.000000001,58.0,431.0,441.0,200.0
4448750.0,1152500.000000001,71.0,379.0,186.0,330.0
2390750.0,6298500.000000001,53.0,506.0,889.0,303.0
-8148250.0,-1326499.999999999,52.0,385.0,473.0,254.0
2422750.0,3102500.000000001,81.0,298.0,108.0,125.0
-7758250.0,-4305499.999999999,58.0,433.0,569.0,348.0
-9212250.0,4799500.000000001,65.0,399.0,678.0,314.0
-12316250.0,3304500.000000001,81.0,294.0,47.0,139.0
9933750.0,3872500.000000001,73.0,395.0,460.0,263.0
2309750.0,1325500.000000001,69.0,371.0,114.0,204.0
13055750.0,502500.00000000093,54.0,394.0,416.0,210.0
3660750.0,5570500.000000001,67.0,545.0,1037.0,356.0
1652750.0,952500.0000000009,63.0,356.0,230.0,141.0
4257750.0,6682500.000000001,47.0,610.0,1014.0,659.0
4895750.0,3724500.000000001,77.0,338.0,247.0,297.0
-6849250.0,-1428499.999999999,50.0,347.0,164.0,84.0
11466750.0,4733500.000000001,59.0,435.0,801.0,307.0
1450750.0,-1812499.999999999,79.0,330.0,69.0,124.0
591750.0,7054500.000000001,60.0,450.0,648.0,292.0
11723750.0,2496500.000000001,55.0,402.0,432.0,160.0
3147750.0,834500.0000000009,61.0,290.0,140.0,71.0
3575750.0,2830500.000000001,81.0,295.0,131.0,169.0
2813750.0,6362500.000000001,56.0,503.0,925.0,379.0
11412750.0,1775500.000000001,55.0,372.0,125.0,126.0
-7276250.0,806500.0000000009,49.0,350.0,226.0,144.0
1109750.0,1080500.000000001,61.0,300.0,128.0,96.0
4797750.0,196500.00000000093,76.0,341.0,153.0,260.0
8768750.0,1832500.000000001,65.0,346.0,186.0,232.0
-11937250.0,3111500.000000001,57.0,381.0,427.0,239.0
-5328250.0,-1564499.999999999,51.0,390.0,184.0,111.0
6861750.0,3971500.000000001,71.0,349.0,358.0,311.0
-13108250.0,6033500.000000001,50.0,528.0,732.0,425.0
-10250250.0,5429500.000000001,54.0,459.0,462.0,294.0
13433750.0,1235500.000000001,57.0,442.0,482.0,203.0
-11216250.0,4078500.000000001,76.0,352.0,115.0,117.0
-10124250.0,5849500.000000001,62.0,519.0,697.0,566.0
810750.0,1262500.000000001,61.0,316.0,114.0,61.0
1302750.0,1814500.000000001,81.0,270.0,35.0,137.0
-13087250.0,6374500.000000001,52.0,571.0,718.0,485.0
14891750.0,-3050499.999999999,75.0,320.0,37.0,229.0
2604750.0,5449500.000000001,63.0,511.0,1013.0,308.0
11876750.0,6626500.000000001,54.0,655.0,962.0,503.0
-13124250.0,6517500.000000001,52.0,576.0,963.0,470.0
-7495250.0,-319499.99999999907,41.0,372.0,425.0,253.0
4301750.0,5384500.000000001,67.0,482.0,698.0,320.0
4580750.0,2601500.000000001,81.0,320.0,115.0,164.0
-11391250.0,5975500.000000001,63.0,459.0,293.0,278.0
8235750.0,6558500.000000001,58.0,644.0,742.0,439.0
1625750.0,240500.00000000093,50.0,382.0,267.0,166.0
8854750.0,4299500.000000001,81.0,320.0,131.0,216.0
15840750.0,-3200499.999999999,75.0,357.0,50.0,220.0
2418750.0,2073500.000000001,81.0,289.0,90.0,178.0
-7644250.0,-847499.9999999991,41.0,366.0,277.0,161.0
-7545250.0,-4807499.999999999,74.0,368.0,222.0,189.0
-10960250.0,6311500.000000001,60.0,603.0,299.0,460.0
14600750.0,-3022499.999999999,76.0,338.0,47.0,263.0
440750.0,2821500.000000001,83.0,315.0,61.0,198.0
9849750.0,5803500.000000001,63.0,490.0,1478.0,294.0
6043750.0,6160500.000000001,63.0,620.0,517.0,429.0
6170750.0,5399500.000000001,77.0,384.0,266.0,206.0
5523750.0,3927500.000000001,76.0,306.0,116.0,175.0
7432750.0,2661500.000000001,75.0,320.0,92.0,237.0
-13155250.0,7142500.000000001,53.0,627.0,581.0,371.0
12513750.0,4914500.000000001,47.0,516.0,1011.0,297.0
-10231250.0,4924500.000000001,64.0,348.0,1004.0,245.0
-7918250.0,364500.00000000093,48.0,353.0,295.0,141.0
-4821250.0,-646499.9999999991,54.0,331.0,212.0,93.0
4981750.0,-2396499.999999999,63.0,349.0,196.0,124.0
2269750.0,5190500.000000001,53.0,367.0,678.0,210.0
796750.0,5385500.000000001,60.0,439.0,841.0,320.0
9730750.0,7176500.000000001,52.0,663.0,1068.0,454.0
4124750.0,2918500.000000001,80.0,292.0,62.0,122.0
9875750.0,6465500.000000001,61.0,634.0,878.0,370.0
6038750.0,4346500.000000001,75.0,338.0,182.0,206.0
15557750.0,-2732499.999999999,76.0,322.0,25.0,249.0
-10197250.0,7576500.000000001,65.0,567.0,502.0,435.0
1876750.0,1017500.0000000009,63.0,369.0,142.0,116.0
4161750.0,6519500.000000001,53.0,556.0,1121.0,603.0
8303750.0,1389500.000000001,55.0,413.0,397.0,276.0
11030750.0,2735500.000000001,57.0,385.0,301.0,205.0
2154750.0,2441500.000000001,81.0,294.0,81.0,166.0
-5358250.0,-2605499.999999999,55.0,403.0,275.0,166.0
16061750.0,-3567499.999999999,72.0,376.0,144.0,180.0
3569750.0,2067500.000000001,80.0,274.0,89.0,157.0
8706750.0,3583500.000000001,81.0,357.0,197.0,163.0
8890750.0,4506500.000000001,82.0,326.0,172.0,205.0
9237750.0,5309500.000000001,74.0,376.0,407.0,237.0
589750.0,3138500.000000001,84.0,305.0,96.0,281.0
5153750.0,3045500.000000001,79.0,300.0,60.0,158.0
7924750.0,3491500.000000001,64.0,406.0,585.0,346.0
2094750.0,1333500.000000001,69.0,388.0,125.0,245.0
11551750.0,1394500.000000001,56.0,397.0,183.0,157.0
5058750.0,373500.00000000093,77.0,330.0,133.0,190.0
5026750.0,3895500.000000001,77.0,341.0,226.0,268.0
-12089250.0,3608500.000000001,66.0,334.0,133.0,185.0
-12119250.0,3183500.000000001,78.0,320.0,123.0,221.0
-4102250.0,-571499.9999999991,67.0,361.0,127.0,229.0
4233750.0,6696500.000000001,48.0,600.0,952.0,646.0
5070750.0,956500.0000000009,80.0,345.0,160.0,217.0
3585750.0,4111500.000000001,71.0,359.0,300.0,248.0
-10446250.0,4854500.000000001,62.0,403.0,540.0,190.0
-7403250.0,-4935499.999999999,78.0,335.0,168.0,223.0
6629750.0,6219500.000000001,59.0,607.0,456.0,331.0
-7559250.0,-4884499.999999999,71.0,399.0,310.0,246.0
-6669250.0,-2890499.999999999,59.0,344.0,224.0,223.0
14039750.0,-2790499.999999999,77.0,373.0,32.0,320.0
15678750.0,-2096499.999999999,75.0,335.0,57.0,202.0
7616750.0,5881500.000000001,54.0,489.0,695.0,304.0
4144750.0,-1901499.999999999,60.0,326.0,141.0,153.0
3916750.0,2479500.000000001,81.0,290.0,122.0,154.0
-900250.0,1695500.000000001,68.0,323.0,55.0,101.0
14890750.0,-1462499.999999999,62.0,314.0,86.0,119.0
6773750.0,6673500.000000001,52.0,631.0,1010.0,504.0
-7063250.0,-1762499.999999999,55.0,347.0,267.0,117.0
9136750.0,5933500.000000001,62.0,498.0,1254.0,397.0
8992750.0,2973500.000000001,61.0,355.0,181.0,176.0
8345750.0,4253500.000000001,78.0,328.0,235.0,196.0
-8457250.0,4987500.000000001,48.0,377.0,825.0,320.0
16163750.0,-3800499.999999999,60.0,384.0,203.0,194.0
13379750.0,-584499.9999999991,52.0,412.0,355.0,190.0
4646750.0,54500.00000000093,74.0,353.0,135.0,247.0
-7561250.0,-3179499.999999999,77.0,342.0,146.0,199.0
3545750.0,-2639499.999999999,67.0,319.0,134.0,217.0
7522750.0,2372500.000000001,72.0,388.0,154.0,262.0
6899750.0,5856500.000000001,69.0,488.0,535.0,257.0
9333750.0,4281500.000000001,75.0,360.0,385.0,233.0
-12102250.0,6995500.000000001,61.0,608.0,370.0,603.0
-10783250.0,3868500.000000001,60.0,296.0,750.0,127.0
-1244250.0,960500.0000000009,54.0,348.0,387.0,181.0
-12312250.0,5578500.000000001,65.0,398.0,399.0,235.0
1275750.0,3414500.000000001,82.0,299.0,48.0,153.0
-12576250.0,3380500.000000001,75.0,301.0,68.0,177.0
15331750.0,-2971499.999999999,78.0,301.0,34.0,216.0
237750.0,1094500.000000001,61.0,298.0,116.0,86.0
13810750.0,-3053499.999999999,68.0,342.0,45.0,208.0
11097750.0,7298500.000000001,59.0,572.0,711.0,477.0
10832750.0,500500.00000000093,53.0,428.0,355.0,170.0
5931750.0,3055500.000000001,73.0,320.0,296.0,210.0
-487250.0,1819500.000000001,77.0,271.0,58.0,105.0
-4860250.0,-563499.9999999991,56.0,380.0,281.0,136.0
-8042250.0,350500.00000000093,51.0,370.0,248.0,136.0
2469750.0,1304500.000000001,66.0,337.0,117.0,170.0
12264750.0,3067500.000000001,60.0,392.0,348.0,222.0
1627750.0,-2217499.999999999,86.0,319.0,110.0,140.0
3748750.0,-1219499.999999999,59.0,348.0,132.0,98.0
-7679250.0,-330499.99999999907,44.0,336.0,523.0,235.0
2351750.0,-341499.99999999907,45.0,356.0,272.0,120.0
8519750.0,5219500.000000001,77.0,353.0,391.0,168.0
10749750.0,6550500.000000001,52.0,565.0,952.0,365.0
-7479250.0,-544499.9999999991,41.0,393.0,338.0,188.0
2422750.0,2383500.000000001,81.0,305.0,100.0,182.0
-14250.0,3511500.000000001,81.0,270.0,61.0,123.0
2834750.0,-1074499.999999999,54.0,326.0,154.0,83.0
3077750.0,4651500.000000001,70.0,397.0,319.0,270.0
-6877250.0,-286499.99999999907,44.0,365.0,283.0,144.0
-4838250.0,-725499.9999999991,52.0,333.0,187.0,103.0
4211750.0,-1789499.999999999,61.0,307.0,120.0,99.0
4064750.0,-1827499.999999999,62.0,355.0,192.0,155.0
-12459250.0,7146500.000000001,58.0,584.0,320.0,671.0
4552750.0,6829500.000000001,50.0,626.0,1121.0,696.0
15807750.0,-3271499.999999999,75.0,342.0,48.0,213.0
8956750.0,3331500.000000001,71.0,358.0,304.0,192.0
5785750.0,4733500.000000001,75.0,355.0,203.0,170.0
8561750.0,3450500.000000001,79.0,345.0,249.0,269.0
13222750.0,-3343499.999999999,58.0,376.0,107.0,213.0
-8932250.0,4984500.000000001,49.0,411.0,986.0,367.0
10398750.0,4776500.000000001,82.0,358.0,300.0,205.0
-6837250.0,307500.00000000093,48.0,378.0,200.0,141.0
11071750.0,5030500.000000001,73.0,431.0,409.0,270.0
5546750.0,7007500.000000001,49.0,660.0,1081.0,518.0
-6627250.0,-2662499.999999999,65.0,349.0,190.0,252.0
6891750.0,3892500.000000001,73.0,352.0,336.0,247.0
2962750.0,1541500.000000001,77.0,310.0,61.0,128.0
13597750.0,877500.0000000009,51.0,423.0,333.0,189.0
1646750.0,-2339499.999999999,86.0,278.0,92.0,115.0
11409750.0,6779500.000000001,55.0,626.0,625.0,435.0
1548750.0,646500.0000000009,54.0,331.0,248.0,112.0
769750.0,1334500.000000001,64.0,311.0,86.0,68.0
5082750.0,3556500.000000001,76.0,346.0,237.0,336.0
-11413250.0,5489500.000000001,69.0,428.0,380.0,291.0
9005750.0,3236500.000000001,73.0,364.0,303.0,268.0
6605750.0,7345500.000000001,52.0,508.0,1031.0,434.0
-6615250.0,-5729499.999999999,66.0,448.0,612.0,337.0
8577750.0,4202500.000000001,76.0,342.0,305.0,210.0
-13940250.0,6727500.000000001,61.0,477.0,679.0,427.0
13485750.0,1094500.000000001,58.0,379.0,419.0,184.0
-1181250.0,1220500.000000001,56.0,387.0,231.0,147.0
1935750.0,3551500.000000001,77.0,336.0,208.0,204.0
-13054250.0,4182500.000000001,68.0,360.0,309.0,234.0
3982750.0,2363500.000000001,82.0,296.0,82.0,159.0
-17250.0,3580500.000000001,77.0,326.0,176.0,172.0
2656750.0,-504499.99999999907,50.0,316.0,232.0,110.0
-11356250.0,3997500.000000001,74.0,342.0,183.0,173.0
6903750.0,3502500.000000001,78.0,328.0,162.0,236.0
711750.0,1816500.000000001,75.0,299.0,50.0,104.0
10865750.0,4986500.000000001,87.0,395.0,587.0,269.0
2992750.0,7108500.000000001,45.0,630.0,1051.0,490.0
5753750.0,7029500.000000001,49.0,690.0,1196.0,486.0
-9468250.0,3506500.000000001,48.0,280.0,663.0,108.0
-13488250.0,6180500.000000001,43.0,450.0,629.0,489.0
-9009250.0,4888500.000000001,43.0,410.0,1183.0,496.0
4535750.0,5528500.000000001,71.0,514.0,498.0,327.0
-10931250.0,4196500.000000001,61.0,343.0,233.0,172.0
-4762250.0,-2424499.999999999,59.0,370.0,287.0,255.0
-386250.0,2791500.000000001,82.0,308.0,106.0,259.0
-1341250.0,2091500.000000001,80.0,289.0,30.0,113.0
-11491250.0,6454500.000000001,64.0,610.0,310.0,358.0
852750.0,2270500.000000001,81.0,279.0,132.0,259.0
-174250.0,673500.0000000009,57.0,367.0,387.0,271.0
-6748250.0,-1550499.999999999,54.0,376.0,267.0,94.0
-6718250.0,-3097499.999999999,66.0,346.0,199.0,259.0
-9985250.0,4172500.000000001,61.0,416.0,349.0,225.0
7835750.0,7689500.000000001,62.0,583.0,1086.0,306.0
-695250.0,1583500.000000001,63.0,275.0,69.0,92.0
-7613250.0,790500.0000000009,54.0,369.0,231.0,118.0
-8010250.0,404500.00000000093,53.0,355.0,327.0,183.0
7462750.0,3236500.000000001,78.0,312.0,73.0,187.0
5162750.0,3583500.000000001,76.0,345.0,235.0,330.0
10648750.0,4460500.000000001,71.0,371.0,440.0,182.0
2588750.0,5767500.000000001,58.0,527.0,637.0,261.0
15306750.0,-2127499.999999999,76.0,375.0,48.0,287.0
9873750.0,5482500.000000001,75.0,381.0,365.0,278.0
-12080250.0,4217500.000000001,78.0,298.0,123.0,119.0
16420750.0,-3954499.999999999,57.0,381.0,283.0,204.0
-12705250.0,6235500.000000001,53.0,589.0,547.0,275.0
279750.0,1478500.000000001,54.0,278.0,49.0,37.0
9061750.0,5274500.000000001,74.0,376.0,353.0,215.0
12500750.0,208500.00000000093,47.0,424.0,536.0,184.0
-1052250.0,2610500.000000001,81.0,300.0,52.0,142.0
-6199250.0,-544499.9999999991,42.0,411.0,296.0,158.0
3234750.0,719500.0000000009,62.0,298.0,158.0,108.0
2214750.0,102500.00000000093,47.0,335.0,225.0,90.0
4280750.0,4154500.000000001,72.0,327.0,335.0,290.0
3045750.0,-1324499.999999999,57.0,341.0,134.0,82.0
11156750.0,2959500.000000001,55.0,422.0,485.0,207.0
6255750.0,6627500.000000001,53.0,641.0,899.0,506.0
5620750.0,6755500.000000001,48.0,625.0,904.0,597.0
10305750.0,2738500.000000001,56.0,384.0,497.0,206.0
1232750.0,1593500.000000001,74.0,325.0,57.0,115.0
-14197250.0,7297500.000000001,60.0,447.0,1112.0,627.0
1267750.0,4036500.000000001,69.0,358.0,271.0,237.0
-7460250.0,-2426499.999999999,80.0,324.0,201.0,159.0
7036750.0,3018500.000000001,82.0,313.0,48.0,197.0
-5258250.0,-298499.99999999907,50.0,394.0,216.0,95.0
16059750.0,-554499.9999999991,56.0,448.0,623.0,267.0
6801750.0,6532500.000000001,54.0,600.0,827.0,415.0
3277750.0,1372500.000000001,65.0,315.0,92.0,77.0
5229750.0,6141500.000000001,55.0,613.0,782.0,382.0
-7068250.0,-151499.99999999907,40.0,382.0,222.0,180.0
2425750.0,5528500.000000001,66.0,458.0,655.0,292.0
2661750.0,5536500.000000001,60.0,527.0,945.0,254.0
-12116250.0,6366500.000000001,63.0,542.0,266.0,265.0
-7372250.0,-5870499.999999999,61.0,445.0,699.0,323.0
1298750.0,4870500.000000001,74.0,404.0,468.0,230.0
15332750.0,-3508499.999999999,80.0,331.0,56.0,188.0
4174750.0,6756500.000000001,48.0,623.0,943.0,565.0
-7971250.0,-1401499.999999999,52.0,404.0,495.0,194.0
4649750.0,5800500.000000001,68.0,578.0,655.0,292.0
10081750.0,2409500.000000001,69.0,369.0,181.0,177.0
11679750.0,3540500.000000001,65.0,320.0,303.0,170.0
3008750.0,5462500.000000001,64.0,362.0,921.0,269.0
9147750.0,4133500.000000001,83.0,311.0,91.0,195.0
3211750.0,6224500.000000001,54.0,559.0,1004.0,388.0
16019750.0,-2174499.999999999,65.0,261.0,88.0,158.0
-4765250.0,-1694499.999999999,59.0,369.0,189.0,148.0
-7286250.0,-4542499.999999999,78.0,351.0,54.0,198.0
10386750.0,6170500.000000001,57.0,622.0,1062.0,383.0
3162750.0,-823499.9999999991,55.0,319.0,160.0,123.0
10458750.0,4342500.000000001,80.0,357.0,188.0,209.0
1426750.0,2793500.000000001,83.0,306.0,79.0,131.0
3812750.0,2572500.000000001,81.0,291.0,65.0,176.0
6663750.0,2952500.000000001,81.0,282.0,54.0,152.0
8275750.0,6156500.000000001,59.0,611.0,749.0,340.0
-13106250.0,7240500.000000001,53.0,587.0,763.0,429.0
8758750.0,2987500.000000001,69.0,364.0,141.0,142.0
-8085250.0,5715500.000000001,46.0,548.0,687.0,397.0
14814750.0,-1688499.999999999,65.0,297.0,62.0,155.0
-7065250.0,1034500.0000000009,60.0,362.0,191.0,167.0
-10228250.0,5132500.000000001,49.0,401.0,619.0,267.0
-8792250.0,4641500.000000001,46.0,389.0,1614.0,471.0
15185750.0,-3059499.999999999,72.0,312.0,30.0,212.0
7912750.0,5989500.000000001,52.0,573.0,1018.0,412.0
2372750.0,-1665499.999999999,58.0,293.0,104.0,97.0
15951750.0,-2750499.999999999,62.0,314.0,57.0,192.0
13942750.0,-2019499.999999999,72.0,330.0,64.0,236.0
3346750.0,-1470499.999999999,60.0,330.0,98.0,68.0
-8810250.0,4829500.000000001,47.0,402.0,1151.0,426.0
9267750.0,4484500.000000001,83.0,347.0,146.0,221.0
9438750.0,4339500.000000001,84.0,344.0,152.0,156.0
-8299250.0,-405499.99999999907,47.0,336.0,621.0,285.0
-12567250.0,6735500.000000001,63.0,601.0,411.0,343.0
12499750.0,-305499.99999999907,52.0,406.0,325.0,218.0
5755750.0,1870500.000000001,80.0,313.0,175.0,249.0
8413750.0,4760500.000000001,80.0,330.0,197.0,202.0
10770750.0,1577500.000000001,55.0,398.0,316.0,199.0
2630750.0,7155500.000000001,49.0,552.0,970.0,420.0
16219750.0,-3951499.999999999,56.0,397.0,230.0,137.0
5788750.0,3061500.000000001,79.0,329.0,181.0,236.0
-218250.0,2385500.000000001,80.0,258.0,129.0,207.0
-10380250.0,3603500.000000001,57.0,413.0,348.0,256.0
1707750.0,5647500.000000001,42.0,475.0,639.0,326.0
-293250.0,2772500.000000001,83.0,299.0,97.0,255.0
3336750.0,3416500.000000001,79.0,335.0,133.0,143.0
7381750.0,4117500.000000001,76.0,387.0,463.0,268.0
6008750.0,3178500.000000001,78.0,316.0,97.0,200.0
14679750.0,-1623499.999999999,66.0,334.0,53.0,129.0
3054750.0,6601500.000000001,47.0,616.0,1152.0,539.0
14552750.0,-2093499.999999999,73.0,369.0,55.0,194.0
-7131250.0,-553499.9999999991,40.0,376.0,274.0,165.0
2736750.0,-3220499.999999999,76.0,346.0,93.0,230.0
4027750.0,6281500.000000001,53.0,541.0,1070.0,391.0
-6591250.0,-2163499.999999999,58.0,348.0,185.0,154.0
-10028250.0,3836500.000000001,53.0,366.0,267.0,157.0
12378750.0,-116499.99999999907,47.0,421.0,373.0,186.0
6758750.0,7592500.000000001,62.0,611.0,1176.0,640.0
-1102250.0,2870500.000000001,81.0,291.0,193.0,176.0
-398250.0,3128500.000000001,81.0,306.0,56.0,147.0
16045750.0,-3124499.999999999,66.0,365.0,58.0,275.0
2998750.0,2563500.000000001,82.0,297.0,102.0,170.0
-12863250.0,6879500.000000001,53.0,623.0,782.0,539.0
4276750.0,717500.0000000009,60.0,421.0,506.0,291.0
757750.0,584500.0000000009,53.0,308.0,262.0,94.0
2545750.0,-1142499.999999999,54.0,365.0,119.0,80.0
-6499250.0,-3022499.999999999,59.0,383.0,190.0,211.0
7807750.0,3813500.000000001,76.0,354.0,264.0,238.0
1600750.0,1748500.000000001,83.0,284.0,99.0,124.0
-9982250.0,7417500.000000001,64.0,576.0,540.0,532.0
-11322250.0,2210500.000000001,61.0,386.0,360.0,301.0
3228750.0,6162500.000000001,51.0,573.0,1254.0,372.0
8311750.0,7052500.000000001,58.0,665.0,841.0,491.0
10857750.0,2325500.000000001,52.0,384.0,501.0,228.0
10468750.0,4766500.000000001,81.0,365.0,319.0,217.0
5607750.0,3869500.000000001,72.0,312.0,108.0,165.0
-12212250.0,6805500.000000001,64.0,628.0,481.0,725.0
-8752250.0,2374500.000000001,69.0,434.0,951.0,419.0
16192750.0,-3408499.999999999,73.0,389.0,87.0,237.0
-6414250.0,-2732499.999999999,59.0,355.0,217.0,216.0
-14827250.0,6973500.000000001,50.0,477.0,1427.0,677.0
-12803250.0,4137500.000000001,53.0,368.0,525.0,171.0
-8354250.0,5174500.000000001,47.0,307.0,284.0,262.0
2080750.0,-3111499.999999999,92.0,307.0,50.0,163.0
-9943250.0,4327500.000000001,55.0,418.0,550.0,183.0
1824750.0,992500.0000000009,62.0,371.0,178.0,141.0
-11200250.0,5819500.000000001,67.0,403.0,264.0,252.0
2734750.0,-3011499.999999999,72.0,327.0,94.0,207.0
14543750.0,-2488499.999999999,74.0,373.0,36.0,286.0
-7736250.0,-3629499.999999999,67.0,329.0,384.0,196.0
-5541250.0,-1920499.999999999,55.0,369.0,182.0,118.0
2419750.0,2885500.000000001,81.0,290.0,111.0,167.0
-7829250.0,1176500.000000001,69.0,382.0,257.0,219.0
-8369250.0,319500.00000000093,57.0,433.0,333.0,201.0
1655750.0,368500.00000000093,61.0,369.0,297.0,127.0
1324750.0,2224500.000000001,82.0,293.0,104.0,297.0
14948750.0,-1539499.999999999,62.0,305.0,75.0,146.0
-7586250.0,-4628499.999999999,68.0,370.0,324.0,257.0
10678750.0,4731500.000000001,78.0,387.0,304.0,202.0
3624750.0,2419500.000000001,81.0,281.0,77.0,208.0
6952750.0,6974500.000000001,48.0,655.0,1132.0,522.0
-8286250.0,5494500.000000001,51.0,503.0,440.0,319.0
-11950250.0,4236500.000000001,76.0,364.0,150.0,161.0
-9514250.0,7027500.000000001,59.0,621.0,659.0,379.0
8337750.0,1594500.000000001,71.0,364.0,146.0,379.0
-12260250.0,3507500.000000001,74.0,316.0,77.0,162.0
2941750.0,-1616499.999999999,60.0,309.0,95.0,66.0
-7433250.0,-581499.9999999991,41.0,391.0,329.0,217.0
1873750.0,2238500.000000001,83.0,304.0,46.0,186.0
-10645250.0,6240500.000000001,64.0,576.0,640.0,547.0
-12427250.0,6017500.000000001,53.0,393.0,215.0,202.0
-10477250.0,7120500.000000001,62.0,607.0,585.0,364.0
9558750.0,6721500.000000001,66.0,619.0,955.0,486.0
1736750.0,1400500.000000001,74.0,351.0,178.0,144.0
8793750.0,3224500.000000001,75.0,352.0,222.0,279.0
-6674250.0,-3725499.999999999,60.0,339.0,369.0,287.0
2670750.0,-3494499.999999999,76.0,366.0,86.0,248.0
14162750.0,-46499.99999999907,52.0,403.0,353.0,186.0
12008750.0,6610500.000000001,52.0,671.0,684.0,492.0
-10719250.0,4367500.000000001,59.0,402.0,289.0,240.0
12433750.0,122500.00000000093,46.0,407.0,459.0,230.0
-6287250.0,-3190499.999999999,51.0,360.0,302.0,208.0
3811750.0,-231499.99999999907,73.0,342.0,180.0,276.0
5784750.0,3930500.000000001,78.0,311.0,126.0,202.0
15947750.0,-459499.99999999907,52.0,376.0,313.0,261.0
12922750.0,674500.0000000009,52.0,446.0,676.0,360.0
-12260250.0,4128500.000000001,70.0,304.0,139.0,128.0
3245750.0,-657499.9999999991,57.0,283.0,138.0,136.0
2307750.0,6860500.000000001,47.0,577.0,877.0,428.0
2278750.0,3275500.000000001,82.0,297.0,64.0,151.0
-8630250.0,-765499.9999999991,55.0,410.0,828.0,276.0
11150750.0,2968500.000000001,56.0,422.0,528.0,227.0
2795750.0,5377500.000000001,54.0,430.0,836.0,343.0
-7093250.0,130500.00000000093,42.0,384.0,397.0,176.0
15740750.0,-3790499.999999999,80.0,364.0,128.0,176.0
-5301250.0,-962499.9999999991,51.0,351.0,193.0,101.0
14618750.0,-141499.99999999907,49.0,376.0,329.0,152.0
-5839250.0,-569499.9999999991,43.0,393.0,285.0,115.0
1227750.0,4014500.000000001,75.0,366.0,196.0,203.0
-7311250.0,-3043499.999999999,72.0,340.0,208.0,162.0
-7194250.0,-1093499.999999999,41.0,380.0,274.0,120.0
-8695250.0,4930500.000000001,49.0,404.0,1062.0,337.0
8393750.0,6310500.000000001,60.0,608.0,858.0,368.0
-14120250.0,7195500.000000001,52.0,444.0,1190.0,609.0
5412750.0,3972500.000000001,76.0,347.0,184.0,192.0
-10578250.0,5728500.000000001,53.0,497.0,482.0,231.0
7049750.0,3866500.000000001,68.0,353.0,511.0,211.0
-7170250.0,304500.00000000093,41.0,428.0,266.0,157.0
-8940250.0,7554500.000000001,61.0,542.0,744.0,408.0
4896750.0,2931500.000000001,79.0,340.0,93.0,187.0
-4628250.0,-715499.9999999991,52.0,334.0,98.0,119.0
10762750.0,1958500.000000001,57.0,344.0,234.0,180.0
-6013250.0,-680499.9999999991,45.0,393.0,278.0,140.0
-7388250.0,1048500.0000000009,58.0,347.0,223.0,183.0
-7538250.0,454500.00000000093,47.0,381.0,352.0,117.0
-307250.0,1073500.000000001,63.0,331.0,120.0,90.0
5067750.0,6427500.000000001,54.0,597.0,1093.0,527.0
-6636250.0,-3512499.999999999,63.0,343.0,233.0,245.0
2744750.0,-1186499.999999999,53.0,348.0,115.0,84.0
15824750.0,-4096499.999999999,68.0,368.0,226.0,244.0
4362750.0,-1249499.999999999,55.0,332.0,122.0,83.0
-4867250.0,-814499.9999999991,56.0,300.0,117.0,118.0
-11571250.0,4227500.000000001,61.0,348.0,521.0,206.0
-6932250.0,-744499.9999999991,39.0,387.0,248.0,154.0
734750.0,4324500.000000001,75.0,381.0,340.0,279.0
6375750.0,3292500.000000001,80.0,303.0,73.0,148.0
5265750.0,6198500.000000001,60.0,622.0,762.0,426.0
15153750.0,-2942499.999999999,77.0,332.0,37.0,236.0
-4688250.0,-1116499.999999999,58.0,338.0,148.0,160.0
11757750.0,1436500.000000001,58.0,419.0,226.0,197.0
4034750.0,-1547499.999999999,59.0,324.0,102.0,107.0
10838750.0,5891500.000000001,50.0,559.0,1137.0,374.0
6673750.0,3565500.000000001,77.0,312.0,164.0,218.0
2154750.0,2210500.000000001,80.0,308.0,111.0,180.0
2126750.0,-1960499.999999999,65.0,289.0,96.0,167.0
-10173250.0,5957500.000000001,61.0,530.0,695.0,371.0
1997750.0,-3160499.999999999,91.0,307.0,52.0,161.0
-6083250.0,-1378499.999999999,47.0,363.0,176.0,100.0
2716750.0,7224500.000000001,50.0,492.0,918.0,389.0
-10966250.0,6296500.000000001,61.0,603.0,449.0,457.0
9419750.0,5978500.000000001,56.0,592.0,1144.0,333.0
16432750.0,-1076499.999999999,52.0,400.0,382.0,242.0
9722750.0,6473500.000000001,63.0,650.0,902.0,361.0
334750.0,869500.0000000009,63.0,283.0,124.0,102.0
4373750.0,287500.00000000093,77.0,392.0,171.0,288.0
-12986250.0,5608500.000000001,56.0,480.0,752.0,334.0
4007750.0,-115499.99999999907,65.0,386.0,313.0,243.0
11583750.0,3014500.000000001,57.0,391.0,257.0,189.0
394750.0,3234500.000000001,84.0,317.0,104.0,242.0
14007750.0,-3384499.999999999,79.0,327.0,60.0,168.0
-6041250.0,-1284499.999999999,44.0,363.0,177.0,127.0
10394750.0,5004500.000000001,77.0,352.0,355.0,247.0
-7198250.0,1094500.000000001,58.0,377.0,230.0,193.0
15503750.0,-717499.9999999991,51.0,378.0,471.0,261.0
-10564250.0,5516500.000000001,53.0,467.0,433.0,202.0
15107750.0,-3342499.999999999,76.0,328.0,36.0,194.0
-10272250.0,4244500.000000001,65.0,455.0,277.0,249.0
4124750.0,1914500.000000001,82.0,316.0,52.0,161.0
8191750.0,2734500.000000001,72.0,411.0,118.0,344.0
-7615250.0,936500.0000000009,58.0,373.0,160.0,164.0
16706750.0,-623499.9999999991,53.0,422.0,485.0,210.0
-6076250.0,-1640499.999999999,50.0,338.0,154.0,96.0
11618750.0,2970500.000000001,54.0,395.0,203.0,208.0
552750.0,4750500.000000001,72.0,413.0,386.0,302.0
-10762250.0,1787500.000000001,53.0,385.0,521.0,220.0
-7351250.0,-421499.99999999907,41.0,394.0,306.0,174.0
-427250.0,2018500.000000001,78.0,287.0,41.0,115.0
15840750.0,-3730499.999999999,79.0,343.0,218.0,175.0
3197750.0,-2084499.999999999,64.0,268.0,96.0,120.0
-10769250.0,8244500.000000001,65.0,511.0,771.0,384.0
-9876250.0,5927500.000000001,63.0,543.0,683.0,387.0
-12549250.0,4193500.000000001,80.0,289.0,67.0,138.0
-7449250.0,-5270499.999999999,75.0,359.0,173.0,241.0
-8419250.0,-1398499.999999999,64.0,348.0,300.0,258.0
2381750.0,2940500.000000001,82.0,297.0,113.0,141.0
-8625250.0,6317500.000000001,58.0,610.0,808.0,335.0
8199750.0,4163500.000000001,78.0,340.0,127.0,219.0
-5928250.0,-544499.9999999991,44.0,397.0,231.0,126.0
14228750.0,-2679499.999999999,75.0,333.0,35.0,320.0
6558750.0,7443500.000000001,55.0,579.0,1153.0,492.0
3721750.0,1346500.000000001,71.0,321.0,112.0,217.0
15568750.0,-2000499.999999999,65.0,324.0,51.0,150.0
2541750.0,-147499.99999999907,45.0,370.0,219.0,120.0
7129750.0,7726500.000000001,62.0,555.0,1183.0,439.0
2777750.0,-938499.9999999991,56.0,312.0,107.0,79.0
15706750.0,-3216499.999999999,71.0,328.0,34.0,195.0
-8229250.0,1181500.000000001,55.0,442.0,513.0,185.0
16513750.0,-2787499.999999999,60.0,361.0,209.0,183.0
-4799250.0,-2000499.999999999,57.0,405.0,218.0,121.0
7057750.0,6433500.000000001,52.0,607.0,608.0,333.0
15333750.0,-3635499.999999999,84.0,338.0,61.0,167.0
5435750.0,6004500.000000001,61.0,580.0,428.0,356.0
2074750.0,-2166499.999999999,79.0,286.0,86.0,183.0
-4250.0,1303500.000000001,69.0,297.0,98.0,143.0
-7275250.0,-4371499.999999999,76.0,347.0,100.0,195.0
2403750.0,2124500.000000001,80.0,291.0,93.0,170.0
9899750.0,2282500.000000001,56.0,359.0,217.0,223.0
-14358250.0,7404500.000000001,66.0,448.0,1176.0,741.0
7807750.0,6289500.000000001,56.0,635.0,422.0,350.0
-10165250.0,1685500.000000001,56.0,409.0,642.0,225.0
7707750.0,2729500.000000001,73.0,401.0,162.0,353.0
15057750.0,-2456499.999999999,76.0,360.0,39.0,268.0
15445750.0,-2810499.999999999,79.0,303.0,32.0,225.0
-7873250.0,456500.00000000093,51.0,359.0,242.0,127.0
4833750.0,-2745499.999999999,68.0,309.0,107.0,212.0
-5275250.0,-770499.9999999991,51.0,341.0,234.0,161.0
5795750.0,5995500.000000001,68.0,535.0,479.0,408.0
9505750.0,6835500.000000001,60.0,663.0,1346.0,465.0
18785750.0,-4307499.999999999,50.0,426.0,590.0,280.0
9216750.0,6714500.000000001,58.0,657.0,1053.0,492.0
10604750.0,5144500.000000001,77.0,368.0,439.0,243.0
5624750.0,5279500.000000001,79.0,349.0,328.0,221.0
5787750.0,2636500.000000001,78.0,250.0,75.0,51.0
2163750.0,-2722499.999999999,86.0,317.0,53.0,146.0
11526750.0,1245500.000000001,56.0,389.0,241.0,179.0
2444750.0,-2183499.999999999,67.0,320.0,72.0,90.0
11874750.0,6970500.000000001,57.0,608.0,569.0,499.0
7507750.0,7086500.000000001,54.0,637.0,770.0,375.0
27750.0,7302500.000000001,58.0,450.0,707.0,313.0
-11343250.0,4067500.000000001,75.0,331.0,138.0,156.0
14102750.0,-2363499.999999999,77.0,292.0,50.0,230.0
5167750.0,3775500.000000001,77.0,338.0,166.0,235.0
-12451250.0,6071500.000000001,63.0,454.0,286.0,266.0
18669750.0,-3896499.999999999,58.0,378.0,444.0,224.0
8634750.0,3018500.000000001,61.0,358.0,173.0,140.0
619750.0,1790500.000000001,71.0,279.0,51.0,103.0
104750.0,1833500.000000001,75.0,289.0,48.0,76.0
7012750.0,6391500.000000001,56.0,618.0,663.0,419.0
10463750.0,3890500.000000001,81.0,403.0,271.0,207.0
2515750.0,-1349499.999999999,59.0,304.0,155.0,109.0
1518750.0,655500.0000000009,56.0,344.0,259.0,133.0
7123750.0,4641500.000000001,71.0,386.0,385.0,257.0
5401750.0,-1694499.999999999,54.0,409.0,411.0,196.0
-6067250.0,-1158499.999999999,47.0,356.0,312.0,124.0
8182750.0,4327500.000000001,76.0,321.0,184.0,218.0
12425750.0,227500.00000000093,46.0,416.0,458.0,227.0
11203750.0,2656500.000000001,59.0,410.0,327.0,184.0
5904750.0,5187500.000000001,79.0,339.0,225.0,256.0
6847750.0,4246500.000000001,69.0,327.0,370.0,239.0
-9365250.0,4807500.000000001,63.0,333.0,861.0,230.0
1623750.0,-681499.9999999991,51.0,351.0,240.0,119.0
-12094250.0,4648500.000000001,64.0,392.0,783.0,289.0
5154750.0,5588500.000000001,74.0,462.0,459.0,258.0
-11324250.0,4634500.000000001,74.0,323.0,202.0,157.0
6430750.0,3554500.000000001,83.0,304.0,69.0,117.0
5185750.0,5485500.000000001,77.0,419.0,462.0,249.0
8214750.0,2768500.000000001,74.0,389.0,127.0,304.0
-10996250.0,6920500.000000001,61.0,617.0,827.0,574.0
1654750.0,2301500.000000001,83.0,304.0,71.0,180.0
12312750.0,-792499.9999999991,53.0,448.0,337.0,200.0
9254750.0,5497500.000000001,65.0,503.0,1091.0,315.0
5069750.0,-2332499.999999999,48.0,373.0,312.0,202.0
-260250.0,3600500.000000001,75.0,353.0,141.0,213.0
2601750.0,-2661499.999999999,66.0,307.0,97.0,64.0
15611750.0,-774499.9999999991,53.0,409.0,416.0,287.0
9464750.0,3929500.000000001,75.0,370.0,360.0,282.0
754750.0,3117500.000000001,84.0,311.0,63.0,225.0
8752750.0,1818500.000000001,66.0,379.0,163.0,219.0
13208750.0,-3010499.999999999,75.0,339.0,59.0,213.0
6552750.0,4706500.000000001,73.0,342.0,203.0,396.0
7164750.0,6562500.000000001,50.0,605.0,877.0,452.0
-8067250.0,-1676499.999999999,64.0,395.0,266.0,301.0
8923750.0,2076500.000000001,60.0,406.0,227.0,189.0
1817750.0,5263500.000000001,54.0,445.0,1115.0,440.0
-1150250.0,2608500.000000001,81.0,282.0,124.0,148.0
3605750.0,-1491499.999999999,62.0,305.0,99.0,69.0
-616250.0,2065500.000000001,78.0,283.0,47.0,133.0
-15371250.0,7044500.000000001,57.0,464.0,1030.0,603.0
-10527250.0,4677500.000000001,65.0,396.0,451.0,217.0
3747750.0,1133500.000000001,68.0,308.0,112.0,270.0
10870750.0,5087500.000000001,78.0,371.0,416.0,241.0
9480750.0,3350500.000000001,67.0,377.0,455.0,228.0
8884750.0,5320500.000000001,72.0,423.0,451.0,279.0
7578750.0,5181500.000000001,78.0,364.0,223.0,221.0
-11451250.0,5508500.000000001,68.0,430.0,427.0,296.0
10896750.0,1033500.0000000009,52.0,430.0,417.0,172.0
7176750.0,7260500.000000001,56.0,637.0,761.0,439.0
3181750.0,1708500.000000001,83.0,301.0,40.0,220.0
1090750.0,4002500.000000001,74.0,371.0,207.0,190.0
-6542250.0,-3560499.999999999,66.0,379.0,234.0,261.0
13355750.0,-3737499.999999999,60.0,379.0,258.0,188.0
-5783250.0,-1408499.999999999,49.0,342.0,182.0,106.0
-5258250.0,-2432499.999999999,50.0,393.0,275.0,139.0
5645750.0,3259500.000000001,80.0,314.0,216.0,252.0
15105750.0,-1745499.999999999,64.0,314.0,47.0,154.0
14281750.0,-2877499.999999999,77.0,328.0,33.0,253.0
-12319250.0,4750500.000000001,75.0,327.0,149.0,240.0
-10996250.0,5932500.000000001,63.0,409.0,407.0,422.0
3288750.0,934500.0000000009,63.0,318.0,333.0,180.0
-6154250.0,-172499.99999999907,48.0,387.0,253.0,191.0
10478750.0,3111500.000000001,59.0,442.0,659.0,307.0
16004750.0,-3450499.999999999,78.0,404.0,86.0,217.0
15086750.0,-2790499.999999999,79.0,345.0,36.0,318.0
-12591250.0,4641500.000000001,69.0,362.0,284.0,228.0
2638750.0,1237500.000000001,65.0,312.0,133.0,176.0
-12312250.0,3917500.000000001,76.0,331.0,122.0,161.0
3850750.0,5992500.000000001,60.0,603.0,983.0,375.0
10396750.0,4323500.000000001,80.0,371.0,286.0,228.0
2798750.0,1811500.000000001,83.0,298.0,38.0,199.0
13740750.0,-2662499.999999999,80.0,305.0,46.0,238.0
-5024250.0,-1354499.999999999,58.0,311.0,138.0,89.0
158750.0,4635500.000000001,54.0,404.0,499.0,298.0
3120750.0,5543500.000000001,66.0,465.0,999.0,290.0
3291750.0,2398500.000000001,81.0,285.0,101.0,177.0
945750.0,3061500.000000001,81.0,295.0,59.0,260.0
7525750.0,5093500.000000001,80.0,350.0,178.0,216.0
-11697250.0,3954500.000000001,79.0,286.0,86.0,124.0
10201750.0,6918500.000000001,55.0,604.0,1196.0,464.0
3415750.0,-236499.99999999907,63.0,372.0,237.0,163.0
12817750.0,3923500.000000001,49.0,445.0,672.0,276.0
8573750.0,2925500.000000001,75.0,365.0,130.0,208.0
-6116250.0,-424499.99999999907,42.0,388.0,231.0,133.0
16003750.0,-3904499.999999999,67.0,374.0,204.0,195.0
14021750.0,-1816499.999999999,66.0,348.0,65.0,192.0
1107750.0,2459500.000000001,81.0,305.0,125.0,268.0
-9959250.0,3443500.000000001,49.0,314.0,682.0,209.0
6451750.0,7312500.000000001,52.0,564.0,1397.0,534.0
6227750.0,2588500.000000001,80.0,305.0,125.0,134.0
487750.0,7397500.000000001,59.0,426.0,749.0,268.0
1376750.0,1020500.0000000009,64.0,332.0,190.0,102.0
8257750.0,7515500.000000001,57.0,647.0,765.0,586.0
-168250.0,2413500.000000001,80.0,250.0,129.0,241.0
8929750.0,6476500.000000001,52.0,628.0,777.0,408.0
-10513250.0,4011500.000000001,59.0,398.0,307.0,157.0
5445750.0,1872500.000000001,81.0,295.0,58.0,173.0
252750.0,3623500.000000001,76.0,291.0,121.0,169.0
3324750.0,-1781499.999999999,65.0,295.0,113.0,120.0
15393750.0,-3807499.999999999,78.0,377.0,142.0,200.0
-11293250.0,2912500.000000001,85.0,323.0,128.0,185.0
-14208250.0,7181500.000000001,54.0,442.0,1127.0,596.0
-7774250.0,-439499.99999999907,42.0,352.0,337.0,191.0
8104750.0,2689500.000000001,74.0,400.0,154.0,276.0
1126750.0,1432500.000000001,66.0,316.0,90.0,101.0
-4963250.0,-1979499.999999999,54.0,366.0,180.0,101.0
-11989250.0,6957500.000000001,60.0,621.0,362.0,622.0
2512750.0,-650499.9999999991,53.0,309.0,186.0,92.0
2781750.0,503500.00000000093,54.0,388.0,244.0,111.0
2835750.0,-1339499.999999999,53.0,360.0,179.0,74.0
-5361250.0,-1970499.999999999,52.0,396.0,205.0,125.0
-7569250.0,-2860499.999999999,80.0,309.0,170.0,207.0
1761750.0,2220500.000000001,83.0,303.0,39.0,168.0
8443750.0,4644500.000000001,81.0,331.0,167.0,197.0
9367750.0,3879500.000000001,75.0,362.0,418.0,311.0
9932750.0,3523500.000000001,66.0,372.0,552.0,238.0
2499750.0,602500.0000000009,57.0,400.0,197.0,166.0
13452750.0,-2539499.999999999,71.0,327.0,55.0,279.0
7796750.0,2353500.000000001,69.0,386.0,178.0,279.0
-11704250.0,4092500.000000001,61.0,380.0,410.0,283.0
2199750.0,399500.00000000093,54.0,382.0,243.0,104.0
8401750.0,3641500.000000001,85.0,312.0,89.0,152.0
-10641250.0,3521500.000000001,53.0,331.0,268.0,137.0
3415750.0,-2275499.999999999,63.0,332.0,118.0,165.0
5955750.0,4160500.000000001,78.0,343.0,178.0,231.0
10703750.0,5169500.000000001,76.0,390.0,435.0,228.0
-78250.0,2188500.000000001,77.0,277.0,46.0,156.0
3817750.0,-951499.9999999991,60.0,313.0,89.0,168.0
284750.0,1183500.000000001,62.0,300.0,149.0,116.0
1431750.0,-72499.99999999907,47.0,405.0,261.0,156.0
11035750.0,1491500.000000001,60.0,386.0,154.0,161.0
8337750.0,6113500.000000001,63.0,614.0,753.0,398.0
-5316250.0,-862499.9999999991,51.0,316.0,173.0,107.0
15640750.0,-4013499.999999999,73.0,377.0,146.0,198.0
-12308250.0,4904500.000000001,65.0,388.0,459.0,280.0
-15091250.0,6692500.000000001,50.0,477.0,1248.0,705.0
5344750.0,1940500.000000001,82.0,292.0,95.0,155.0
-609250.0,1867500.000000001,76.0,252.0,52.0,107.0
-5048250.0,-1868499.999999999,55.0,354.0,158.0,80.0
1428750.0,2921500.000000001,85.0,314.0,91.0,163.0
6296750.0,4521500.000000001,77.0,349.0,130.0,335.0
-7142250.0,-190499.99999999907,41.0,387.0,251.0,195.0
12364750.0,-793499.9999999991,55.0,421.0,233.0,197.0
-9263250.0,6533500.000000001,58.0,598.0,709.0,447.0
8031750.0,4075500.000000001,78.0,324.0,182.0,203.0
3694750.0,4613500.000000001,67.0,366.0,445.0,243.0
-5261250.0,-1547499.999999999,60.0,367.0,156.0,111.0
3507750.0,2057500.000000001,79.0,269.0,88.0,192.0
16536750.0,-3190499.999999999,73.0,393.0,97.0,287.0
3293750.0,791500.0000000009,62.0,302.0,173.0,153.0
8605750.0,2576500.000000001,74.0,408.0,147.0,438.0
-8124250.0,1232500.000000001,58.0,394.0,299.0,197.0
-11889250.0,6200500.000000001,60.0,441.0,274.0,354.0
-11621250.0,3019500.000000001,80.0,347.0,165.0,231.0
2820750.0,-2821499.999999999,63.0,289.0,107.0,180.0
4968750.0,-2539499.999999999,59.0,366.0,193.0,129.0
-8020250.0,833500.0000000009,53.0,415.0,284.0,160.0
-7061250.0,-4182499.999999999,71.0,367.0,179.0,215.0
-7315250.0,-1199499.999999999,47.0,362.0,266.0,113.0
-21250.0,1357500.000000001,64.0,327.0,55.0,77.0
-9727250.0,4177500.000000001,50.0,394.0,451.0,228.0
9705750.0,6984500.000000001,51.0,665.0,1320.0,538.0
-5756250.0,-2574499.999999999,55.0,389.0,363.0,237.0
-5273250.0,-345499.99999999907,46.0,398.0,246.0,123.0
3136750.0,-1135499.999999999,53.0,326.0,126.0,94.0
151750.0,1065500.000000001,61.0,333.0,128.0,132.0
947750.0,2081500.000000001,84.0,287.0,38.0,162.0
-603250.0,3017500.000000001,83.0,311.0,187.0,174.0
15100750.0,-1686499.999999999,63.0,355.0,101.0,191.0
4806750.0,327500.00000000093,76.0,326.0,136.0,168.0
5196750.0,5840500.000000001,70.0,486.0,549.0,387.0
2026750.0,5279500.000000001,53.0,467.0,961.0,333.0
-13080250.0,6201500.000000001,54.0,565.0,844.0,407.0
8132750.0,3228500.000000001,62.0,364.0,198.0,136.0
9029750.0,5813500.000000001,63.0,402.0,916.0,344.0
15663750.0,-2112499.999999999,75.0,355.0,54.0,226.0
3043750.0,5711500.000000001,55.0,510.0,1339.0,286.0
-7563250.0,-144499.99999999907,44.0,347.0,527.0,250.0
14083750.0,-2444499.999999999,77.0,323.0,38.0,289.0
-9467250.0,4871500.000000001,67.0,380.0,732.0,261.0
-988250.0,756500.0000000009,53.0,339.0,329.0,149.0
94750.0,816500.0000000009,54.0,372.0,473.0,298.0
1263750.0,3171500.000000001,82.0,322.0,87.0,138.0
-472250.0,982500.0000000009,60.0,331.0,202.0,178.0
-9538250.0,7236500.000000001,60.0,602.0,573.0,445.0
9764750.0,6431500.000000001,60.0,635.0,851.0,358.0
11788750.0,2772500.000000001,59.0,388.0,291.0,180.0
3497750.0,6337500.000000001,50.0,574.0,1269.0,377.0
4929750.0,3394500.000000001,79.0,324.0,66.0,167.0
3142750.0,-2151499.999999999,62.0,257.0,89.0,187.0
-5655250.0,-2461499.999999999,56.0,361.0,215.0,115.0
9536750.0,3929500.000000001,75.0,383.0,418.0,259.0
-10883250.0,4401500.000000001,62.0,405.0,243.0,212.0
16097750.0,-2644499.999999999,77.0,326.0,53.0,274.0
18412750.0,-4666499.999999999,58.0,405.0,506.0,293.0
8421750.0,2891500.000000001,75.0,340.0,130.0,150.0
8928750.0,2104500.000000001,59.0,406.0,249.0,171.0
7230750.0,7530500.000000001,58.0,604.0,987.0,465.0
2753750.0,-1667499.999999999,60.0,268.0,93.0,71.0
-12539250.0,6350500.000000001,61.0,572.0,198.0,227.0
9140750.0,6189500.000000001,55.0,536.0,913.0,419.0
16671750.0,-667499.9999999991,52.0,415.0,447.0,229.0
6039750.0,6263500.000000001,62.0,626.0,674.0,433.0
5618750.0,3292500.000000001,80.0,316.0,171.0,251.0
3532750.0,5603500.000000001,60.0,530.0,1005.0,358.0
1831750.0,174500.00000000093,46.0,334.0,216.0,106.0
10098750.0,6460500.000000001,62.0,610.0,1048.0,375.0
15864750.0,-3817499.999999999,78.0,385.0,199.0,205.0
12894750.0,-377499.99999999907,48.0,406.0,284.0,191.0
3102750.0,361500.00000000093,53.0,375.0,254.0,115.0
8024750.0,6264500.000000001,63.0,628.0,713.0,460.0
4086750.0,-534499.9999999991,70.0,380.0,127.0,209.0
-11269250.0,1956500.000000001,63.0,394.0,208.0,195.0
-5236250.0,-1456499.999999999,58.0,354.0,165.0,90.0
11160750.0,5521500.000000001,62.0,498.0,1125.0,305.0
4812750.0,829500.0000000009,79.0,375.0,137.0,310.0
2113750.0,-2292499.999999999,75.0,273.0,68.0,118.0
3427750.0,3362500.000000001,80.0,314.0,230.0,171.0
-9385250.0,5069500.000000001,51.0,408.0,612.0,256.0
5594750.0,6346500.000000001,56.0,608.0,643.0,450.0
-5651250.0,-1472499.999999999,53.0,347.0,159.0,107.0
12720750.0,464500.00000000093,48.0,426.0,392.0,184.0
1084750.0,7779500.000000001,62.0,503.0,940.0,385.0
-11465250.0,2685500.000000001,71.0,345.0,180.0,269.0
9119750.0,3013500.000000001,53.0,412.0,639.0,206.0
1877750.0,-1550499.999999999,57.0,302.0,77.0,82.0
7420750.0,7671500.000000001,63.0,570.0,1072.0,397.0
-11978250.0,4360500.000000001,66.0,366.0,558.0,216.0
-11395250.0,2018500.000000001,62.0,387.0,370.0,246.0
-9439250.0,4401500.000000001,55.0,409.0,888.0,355.0
-9765250.0,4690500.000000001,66.0,387.0,999.0,211.0
2122750.0,260500.00000000093,50.0,339.0,276.0,119.0
8517750.0,6422500.000000001,61.0,613.0,674.0,395.0
3452750.0,-201499.99999999907,59.0,334.0,242.0,158.0
3309750.0,-255499.99999999907,54.0,391.0,281.0,150.0
-7420250.0,-725499.9999999991,40.0,380.0,267.0,279.0
10918750.0,1727500.000000001,59.0,336.0,137.0,288.0
6359750.0,7763500.000000001,62.0,567.0,1603.0,614.0
3334750.0,5298500.000000001,73.0,398.0,486.0,326.0
3930750.0,2189500.000000001,81.0,292.0,74.0,198.0
-906250.0,1263500.000000001,59.0,310.0,138.0,90.0
7475750.0,3736500.000000001,62.0,383.0,506.0,300.0
-14143250.0,6843500.000000001,50.0,459.0,989.0,472.0
-10475250.0,4712500.000000001,63.0,354.0,518.0,222.0
-14159250.0,6823500.000000001,46.0,504.0,951.0,358.0
5842750.0,5223500.000000001,79.0,343.0,259.0,261.0
-7275250.0,-3046499.999999999,64.0,357.0,386.0,184.0
-9382250.0,4610500.000000001,44.0,409.0,894.0,382.0
4519750.0,186500.00000000093,75.0,346.0,118.0,232.0
634750.0,2947500.000000001,83.0,299.0,95.0,220.0
11786750.0,3694500.000000001,75.0,353.0,270.0,217.0
-11098250.0,6633500.000000001,59.0,624.0,530.0,461.0
3176750.0,-2121499.999999999,60.0,264.0,83.0,154.0
4559750.0,3305500.000000001,79.0,332.0,61.0,143.0
7159750.0,6036500.000000001,60.0,492.0,398.0,419.0
3854750.0,-922499.9999999991,56.0,277.0,82.0,102.0
4845750.0,2586500.000000001,80.0,321.0,87.0,202.0
2125750.0,-2622499.999999999,85.0,312.0,61.0,115.0
-7428250.0,-2879499.999999999,80.0,303.0,107.0,147.0
4078750.0,1537500.000000001,73.0,350.0,145.0,498.0
7351750.0,4493500.000000001,78.0,343.0,195.0,206.0
1790750.0,3384500.000000001,81.0,298.0,64.0,161.0
-9091250.0,2481500.000000001,67.0,420.0,337.0,321.0
4715750.0,6783500.000000001,47.0,624.0,1056.0,665.0
1566750.0,-842499.9999999991,56.0,378.0,220.0,213.0
4723750.0,3491500.000000001,80.0,321.0,47.0,155.0
10813750.0,5809500.000000001,55.0,532.0,1266.0,313.0
6533750.0,2944500.000000001,79.0,318.0,74.0,150.0
2209750.0,-2042499.999999999,75.0,255.0,78.0,207.0
1662750.0,1121500.000000001,65.0,302.0,95.0,122.0
4613750.0,282500.00000000093,72.0,351.0,143.0,273.0
10719750.0,6075500.000000001,51.0,542.0,707.0,350.0
-7710250.0,-5576499.999999999,49.0,456.0,1335.0,456.0
2038750.0,-2098499.999999999,83.0,302.0,85.0,143.0
1859750.0,-443499.99999999907,52.0,367.0,155.0,61.0
2235750.0,2454500.000000001,81.0,285.0,141.0,176.0
13170750.0,-2527499.999999999,77.0,341.0,57.0,283.0
9460750.0,3252500.000000001,71.0,375.0,388.0,249.0
5329750.0,7437500.000000001,55.0,656.0,1544.0,716.0
-13720250.0,7235500.000000001,59.0,445.0,992.0,642.0
-13072250.0,6831500.000000001,54.0,569.0,549.0,392.0
12406750.0,-77499.99999999907,46.0,425.0,427.0,161.0
1403750.0,-2074499.999999999,81.0,321.0,127.0,146.0
15864750.0,-1770499.999999999,65.0,364.0,55.0,155.0
-6813250.0,-1226499.999999999,46.0,363.0,261.0,161.0
-290250.0,2791500.000000001,83.0,286.0,92.0,244.0
-7649250.0,-985499.9999999991,43.0,359.0,310.0,135.0
16345750.0,-816499.9999999991,52.0,451.0,548.0,246.0
-10917250.0,2061500.000000001,67.0,348.0,201.0,229.0
7768750.0,4529500.000000001,66.0,352.0,263.0,182.0
-7072250.0,-1072499.999999999,42.0,388.0,243.0,124.0
2879750.0,-811499.9999999991,53.0,333.0,146.0,101.0
5152750.0,6645500.000000001,47.0,608.0,1160.0,523.0
14483750.0,-2424499.999999999,74.0,327.0,37.0,244.0
5764750.0,1910500.000000001,80.0,311.0,125.0,234.0
9300750.0,7262500.000000001,52.0,643.0,1369.0,500.0
5607750.0,6686500.000000001,50.0,606.0,746.0,568.0
-5703250.0,410500.00000000093,49.0,381.0,568.0,259.0
-7103250.0,-761499.9999999991,40.0,395.0,280.0,140.0
-6479250.0,-554499.9999999991,41.0,373.0,270.0,152.0
-6773250.0,-2771499.999999999,63.0,319.0,220.0,209.0
-13144250.0,7271500.000000001,54.0,573.0,615.0,402.0
3814750.0,-901499.9999999991,58.0,268.0,87.0,104.0
-13319250.0,6402500.000000001,51.0,465.0,909.0,503.0
13383750.0,-2332499.999999999,78.0,327.0,41.0,264.0
11799750.0,2216500.000000001,57.0,452.0,241.0,172.0
11937750.0,3297500.000000001,57.0,412.0,260.0,197.0
-11173250.0,4530500.000000001,68.0,344.0,242.0,182.0
-4928250.0,-685499.9999999991,52.0,356.0,243.0,96.0
-9594250.0,1701500.000000001,59.0,393.0,503.0,264.0
496750.0,1002500.0000000009,62.0,300.0,200.0,117.0
14369750.0,-3531499.999999999,81.0,384.0,98.0,240.0
-9622250.0,7222500.000000001,61.0,558.0,769.0,523.0
9735750.0,3619500.000000001,67.0,445.0,536.0,292.0
8510750.0,6983500.000000001,59.0,647.0,858.0,534.0
1121750.0,1659500.000000001,77.0,287.0,71.0,134.0
769750.0,2218500.000000001,81.0,294.0,44.0,211.0
2647750.0,2734500.000000001,82.0,296.0,65.0,162.0
-5398250.0,-1735499.999999999,52.0,394.0,180.0,103.0
7502750.0,3603500.000000001,77.0,365.0,141.0,209.0
-10425250.0,4272500.000000001,61.0,414.0,375.0,193.0
1225750.0,571500.0000000009,53.0,352.0,218.0,106.0
-7635250.0,5414500.000000001,44.0,507.0,475.0,343.0
12067750.0,2966500.000000001,52.0,384.0,260.0,189.0
1895750.0,5637500.000000001,69.0,492.0,871.0,324.0
4628750.0,2643500.000000001,81.0,296.0,107.0,151.0
-12951250.0,5162500.000000001,55.0,340.0,737.0,235.0
-8353250.0,1177500.000000001,60.0,385.0,502.0,226.0
7947750.0,5881500.000000001,60.0,481.0,493.0,371.0
1868750.0,3206500.000000001,82.0,320.0,62.0,171.0
4254750.0,-1416499.999999999,60.0,336.0,130.0,115.0
6993750.0,6316500.000000001,59.0,611.0,516.0,372.0
1232750.0,3783500.000000001,82.0,340.0,80.0,116.0
-10534250.0,7633500.000000001,65.0,573.0,545.0,450.0
-12129250.0,6913500.000000001,64.0,626.0,370.0,643.0
2149750.0,-3490499.999999999,76.0,370.0,93.0,180.0
-10300250.0,2043500.000000001,67.0,402.0,816.0,333.0
-8144250.0,-1727499.999999999,72.0,340.0,201.0,167.0
-7558250.0,-5738499.999999999,62.0,434.0,725.0,347.0
7844750.0,6514500.000000001,57.0,651.0,672.0,411.0
-12030250.0,6882500.000000001,60.0,595.0,375.0,690.0
13579750.0,-2732499.999999999,77.0,326.0,43.0,239.0
-11238250.0,4355500.000000001,71.0,389.0,190.0,200.0
5108750.0,-1767499.999999999,60.0,339.0,128.0,201.0
-10555250.0,3982500.000000001,53.0,389.0,382.0,191.0
-6669250.0,744500.0000000009,47.0,403.0,303.0,184.0
5815750.0,5560500.000000001,77.0,411.0,325.0,211.0
3980750.0,3267500.000000001,81.0,281.0,62.0,160.0
3802750.0,-1927499.999999999,64.0,325.0,123.0,138.0
-9460250.0,7035500.000000001,59.0,633.0,752.0,453.0
-4181250.0,-1044499.9999999991,63.0,382.0,247.0,274.0
183750.0,3710500.000000001,80.0,310.0,93.0,104.0
2920750.0,3373500.000000001,80.0,281.0,77.0,148.0
4546750.0,3663500.000000001,79.0,348.0,58.0,160.0
9253750.0,6392500.000000001,57.0,619.0,1167.0,434.0
2535750.0,2878500.000000001,80.0,295.0,125.0,140.0
1404750.0,2897500.000000001,83.0,313.0,99.0,154.0
8732750.0,3712500.000000001,81.0,362.0,234.0,198.0
8465750.0,7505500.000000001,60.0,589.0,908.0,532.0
-10461250.0,5248500.000000001,53.0,378.0,585.0,319.0
10254750.0,2537500.000000001,58.0,398.0,270.0,207.0
3432750.0,6843500.000000001,47.0,636.0,1044.0,510.0
5410750.0,4732500.000000001,77.0,369.0,285.0,241.0
8012750.0,2228500.000000001,73.0,355.0,148.0,436.0
2122750.0,2312500.000000001,82.0,308.0,78.0,171.0
2628750.0,-4499.999999999069,44.0,343.0,208.0,86.0
9832750.0,4619500.000000001,82.0,339.0,169.0,165.0
11507750.0,2554500.000000001,58.0,393.0,226.0,153.0
13575750.0,-2517499.999999999,77.0,325.0,42.0,312.0
-5083250.0,-250499.99999999907,48.0,380.0,212.0,118.0
-14298250.0,6586500.000000001,51.0,476.0,825.0,363.0
-9916250.0,7425500.000000001,64.0,577.0,464.0,472.0
3503750.0,5658500.000000001,69.0,549.0,1190.0,359.0
4423750.0,3306500.000000001,80.0,328.0,63.0,128.0
10214750.0,4492500.000000001,82.0,371.0,233.0,227.0
16057750.0,-740499.9999999991,53.0,434.0,616.0,252.0
7328750.0,3702500.000000001,77.0,335.0,162.0,169.0
10356750.0,5205500.000000001,74.0,376.0,446.0,290.0
9208750.0,6732500.000000001,62.0,626.0,864.0,473.0
1306750.0,1921500.000000001,82.0,287.0,46.0,155.0
16260750.0,-4194499.999999999,53.0,358.0,342.0,251.0
-9420250.0,6504500.000000001,52.0,621.0,711.0,477.0
-7745250.0,-3975499.999999999,62.0,397.0,344.0,226.0
13790750.0,914500.0000000009,54.0,439.0,459.0,218.0
13572750.0,899500.0000000009,54.0,424.0,316.0,175.0
8230750.0,6541500.000000001,60.0,653.0,717.0,423.0
5248750.0,4860500.000000001,79.0,386.0,241.0,255.0
2538750.0,-205499.99999999907,46.0,371.0,248.0,145.0
3658750.0,4340500.000000001,75.0,334.0,328.0,225.0
-5515250.0,-1720499.999999999,54.0,384.0,179.0,109.0
3192750.0,7219500.000000001,48.0,626.0,1009.0,406.0
14657750.0,-1774499.999999999,65.0,285.0,61.0,174.0
2201750.0,525500.0000000009,54.0,409.0,217.0,133.0
-8669250.0,6349500.000000001,57.0,569.0,762.0,369.0
8854750.0,6918500.000000001,60.0,658.0,812.0,450.0
15067750.0,-3590499.999999999,83.0,358.0,108.0,206.0
5524750.0,6460500.000000001,55.0,536.0,726.0,516.0
3576750.0,-1230499.999999999,60.0,322.0,109.0,65.0
1083750.0,2142500.000000001,81.0,292.0,96.0,211.0
-9493250.0,3902500.000000001,56.0,362.0,276.0,124.0
2370750.0,1769500.000000001,81.0,316.0,70.0,152.0
-6514250.0,-1088499.999999999,46.0,346.0,194.0,138.0
7970750.0,7450500.000000001,55.0,621.0,669.0,636.0
4066750.0,4351500.000000001,71.0,348.0,354.0,290.0
11148750.0,1732500.000000001,59.0,347.0,127.0,198.0
-11393250.0,6191500.000000001,57.0,545.0,182.0,266.0
-1289250.0,1571500.000000001,62.0,313.0,64.0,105.0
3009750.0,2221500.000000001,84.0,284.0,129.0,226.0
-7742250.0,-627499.9999999991,42.0,383.0,265.0,168.0
13959750.0,-1987499.999999999,70.0,335.0,71.0,218.0
-5494250.0,-1132499.999999999,51.0,359.0,158.0,114.0
-7137250.0,-2971499.999999999,70.0,386.0,168.0,255.0
10326750.0,5124500.000000001,78.0,345.0,340.0,255.0
-6893250.0,-2552499.999999999,69.0,389.0,168.0,285.0
2624750.0,3444500.000000001,78.0,275.0,63.0,126.0
16541750.0,-3011499.999999999,71.0,352.0,122.0,227.0
4995750.0,6733500.000000001,51.0,624.0,1279.0,553.0
-6552250.0,-1134499.999999999,47.0,368.0,207.0,152.0
5412750.0,1734500.000000001,80.0,305.0,113.0,174.0
3066750.0,-965499.9999999991,55.0,308.0,118.0,94.0
-5217250.0,-2017499.999999999,55.0,369.0,160.0,105.0
10036750.0,4525500.000000001,81.0,372.0,200.0,199.0
16583750.0,-3566499.999999999,66.0,398.0,231.0,243.0
-8430250.0,-829499.9999999991,49.0,417.0,461.0,178.0
11165750.0,5793500.000000001,65.0,519.0,1359.0,337.0
2939750.0,5700500.000000001,55.0,506.0,1232.0,294.0
-12119250.0,4630500.000000001,70.0,386.0,491.0,245.0
2491750.0,2153500.000000001,82.0,287.0,87.0,163.0
-13187250.0,7220500.000000001,56.0,572.0,573.0,416.0
18047750.0,-4970499.999999999,62.0,348.0,381.0,303.0
-12146250.0,3599500.000000001,69.0,329.0,165.0,171.0
-8147250.0,431500.00000000093,51.0,360.0,282.0,123.0
-12053250.0,3013500.000000001,76.0,334.0,169.0,201.0
-6423250.0,-1441499.999999999,44.0,344.0,167.0,93.0
8737750.0,2292500.000000001,67.0,379.0,181.0,212.0
-246250.0,2218500.000000001,78.0,273.0,64.0,147.0
1557750.0,344500.00000000093,50.0,364.0,310.0,131.0
3856750.0,5976500.000000001,57.0,580.0,1057.0,331.0
643750.0,4425500.000000001,76.0,374.0,303.0,226.0
10838750.0,5870500.000000001,53.0,563.0,1173.0,357.0
-12234250.0,6636500.000000001,71.0,602.0,156.0,416.0
-8723250.0,178500.00000000093,48.0,394.0,451.0,200.0
-7380250.0,-2358499.999999999,78.0,313.0,169.0,167.0
10364750.0,3582500.000000001,61.0,411.0,533.0,268.0
-6030250.0,-2198499.999999999,53.0,375.0,209.0,125.0
8956750.0,7133500.000000001,51.0,656.0,759.0,484.0
2452750.0,823500.0000000009,55.0,351.0,188.0,119.0
14060750.0,-2142499.999999999,73.0,343.0,54.0,245.0
5767750.0,5519500.000000001,78.0,378.0,339.0,221.0
-10152250.0,4152500.000000001,56.0,421.0,362.0,245.0
-5984250.0,-372499.99999999907,44.0,398.0,269.0,127.0
-6216250.0,-2525499.999999999,53.0,380.0,238.0,157.0
8833750.0,7272500.000000001,51.0,650.0,1051.0,499.0
1430750.0,2692500.000000001,84.0,313.0,106.0,212.0
4846750.0,4124500.000000001,75.0,357.0,182.0,229.0
5719750.0,6125500.000000001,64.0,587.0,536.0,440.0
3221750.0,-87499.99999999907,51.0,412.0,573.0,230.0
-9142250.0,4613500.000000001,45.0,409.0,857.0,454.0
2708750.0,-3437499.999999999,73.0,367.0,99.0,296.0
-11390250.0,6979500.000000001,60.0,628.0,519.0,573.0
6108750.0,7262500.000000001,51.0,677.0,1390.0,512.0
2795750.0,4934500.000000001,64.0,414.0,507.0,276.0
5324750.0,2951500.000000001,77.0,280.0,57.0,142.0
5059750.0,1005500.0000000009,81.0,336.0,127.0,201.0
-639250.0,1895500.000000001,79.0,293.0,42.0,96.0
10590750.0,3633500.000000001,62.0,421.0,531.0,231.0
-12572250.0,6772500.000000001,59.0,654.0,536.0,361.0
-6913250.0,-3709499.999999999,67.0,347.0,177.0,219.0
6517750.0,5992500.000000001,65.0,585.0,582.0,426.0
2046750.0,880500.0000000009,59.0,312.0,113.0,109.0
3180750.0,1673500.000000001,82.0,312.0,57.0,225.0
-1159250.0,1119500.000000001,51.0,409.0,213.0,190.0
4874750.0,709500.0000000009,80.0,370.0,184.0,292.0
4524750.0,6771500.000000001,46.0,638.0,949.0,623.0
667750.0,1514500.000000001,64.0,283.0,55.0,110.0
8130750.0,6053500.000000001,55.0,625.0,920.0,383.0
2846750.0,-3533499.999999999,72.0,363.0,150.0,185.0
11926750.0,1344500.000000001,57.0,407.0,423.0,241.0
-15129250.0,6551500.000000001,52.0,474.0,1241.0,723.0
-12114250.0,5193500.000000001,59.0,371.0,488.0,183.0
14667750.0,-2172499.999999999,75.0,363.0,49.0,255.0
14771750.0,-3245499.999999999,77.0,323.0,55.0,211.0
10686750.0,5923500.000000001,52.0,572.0,1153.0,361.0
3975750.0,2409500.000000001,81.0,292.0,100.0,137.0
6599750.0,3084500.000000001,81.0,304.0,53.0,143.0
3507750.0,542500.0000000009,63.0,357.0,204.0,213.0
1473750.0,3632500.000000001,81.0,306.0,71.0,133.0
-9431250.0,5736500.000000001,55.0,593.0,796.0,426.0
8223750.0,4128500.000000001,78.0,336.0,248.0,197.0
-742250.0,2567500.000000001,79.0,282.0,125.0,204.0
8240750.0,2269500.000000001,70.0,345.0,136.0,441.0
11396750.0,1266500.000000001,51.0,413.0,275.0,190.0
225750.0,2456500.000000001,83.0,279.0,92.0,262.0
-11429250.0,2518500.000000001,68.0,368.0,171.0,274.0
9944750.0,2739500.000000001,55.0,398.0,221.0,224.0
1854750.0,2688500.000000001,85.0,320.0,110.0,166.0
-10951250.0,2583500.000000001,71.0,364.0,411.0,244.0
-6252250.0,425500.00000000093,45.0,402.0,251.0,156.0
3329750.0,3392500.000000001,80.0,287.0,56.0,135.0
541750.0,2786500.000000001,82.0,293.0,131.0,230.0
10039750.0,6103500.000000001,47.0,602.0,1128.0,307.0
6448750.0,5123500.000000001,80.0,354.0,271.0,311.0
14562750.0,-3002499.999999999,77.0,337.0,40.0,308.0
15074750.0,-2499499.999999999,76.0,354.0,37.0,347.0
4046750.0,-1709499.999999999,54.0,361.0,205.0,130.0
10860750.0,1891500.000000001,58.0,366.0,218.0,148.0
-5624250.0,-770499.9999999991,47.0,409.0,273.0,141.0
-6069250.0,-3154499.999999999,51.0,386.0,417.0,296.0
1733750.0,880500.0000000009,63.0,358.0,301.0,138.0
1116750.0,1652500.000000001,76.0,260.0,85.0,156.0
-10981250.0,6260500.000000001,61.0,577.0,327.0,377.0
-10254250.0,5187500.000000001,52.0,410.0,363.0,202.0
11144750.0,6545500.000000001,43.0,609.0,949.0,416.0
2237750.0,4519500.000000001,75.0,377.0,307.0,274.0
3990750.0,344500.00000000093,82.0,321.0,77.0,141.0
-11984250.0,5699500.000000001,71.0,414.0,277.0,166.0
-8068250.0,657500.0000000009,48.0,443.0,528.0,204.0
6169750.0,5101500.000000001,78.0,353.0,222.0,341.0
5305750.0,-1982499.999999999,50.0,394.0,351.0,160.0
-10861250.0,2269500.000000001,63.0,397.0,315.0,173.0
16098750.0,-3293499.999999999,75.0,384.0,71.0,290.0
4574750.0,4335500.000000001,70.0,352.0,290.0,229.0
6221750.0,4651500.000000001,79.0,349.0,130.0,356.0
603750.0,3781500.000000001,80.0,343.0,87.0,137.0
9570750.0,3958500.000000001,77.0,379.0,373.0,307.0
9591750.0,3808500.000000001,73.0,370.0,426.0,296.0
15241750.0,-2861499.999999999,78.0,306.0,28.0,265.0
-7043250.0,-3406499.999999999,68.0,383.0,163.0,240.0
13850750.0,-3116499.999999999,75.0,364.0,36.0,220.0
-7687250.0,-319499.99999999907,43.0,339.0,568.0,255.0
6549750.0,3015500.000000001,81.0,303.0,51.0,152.0
11333750.0,5084500.000000001,62.0,437.0,931.0,272.0
-11852250.0,7730500.000000001,75.0,478.0,617.0,267.0
-6813250.0,-3547499.999999999,67.0,346.0,177.0,230.0
15471750.0,-3702499.999999999,70.0,392.0,231.0,248.0
-6875250.0,701500.0000000009,51.0,397.0,250.0,217.0
-7489250.0,892500.0000000009,57.0,375.0,189.0,175.0
10532750.0,1950500.000000001,58.0,377.0,418.0,222.0
595750.0,1761500.000000001,67.0,294.0,48.0,105.0
10171750.0,4877500.000000001,81.0,335.0,210.0,185.0
-8731250.0,6366500.000000001,55.0,565.0,750.0,431.0
2755750.0,7288500.000000001,56.0,462.0,964.0,412.0
13779750.0,755500.0000000009,53.0,410.0,318.0,126.0
3261750.0,-1554499.999999999,61.0,326.0,101.0,69.0
8050750.0,2675500.000000001,72.0,398.0,115.0,309.0
10433750.0,6664500.000000001,56.0,630.0,949.0,373.0
4905750.0,6414500.000000001,52.0,570.0,946.0,567.0
6968750.0,4716500.000000001,64.0,407.0,472.0,277.0
-7958250.0,803500.0000000009,51.0,392.0,285.0,154.0
2783750.0,5715500.000000001,54.0,482.0,608.0,236.0
4071750.0,3275500.000000001,82.0,295.0,59.0,172.0
-11737250.0,2723500.000000001,55.0,373.0,538.0,263.0
-6234250.0,-450499.99999999907,41.0,395.0,226.0,123.0
4587750.0,3402500.000000001,80.0,322.0,49.0,157.0
13791750.0,-3394499.999999999,76.0,364.0,61.0,227.0
10155750.0,5617500.000000001,58.0,519.0,1399.0,279.0
3996750.0,-716499.9999999991,68.0,310.0,96.0,191.0
1559750.0,2994500.000000001,83.0,310.0,105.0,136.0
16415750.0,-2356499.999999999,68.0,333.0,91.0,190.0
-9425250.0,4937500.000000001,68.0,343.0,757.0,296.0
13591750.0,-3502499.999999999,64.0,354.0,91.0,132.0
1613750.0,2387500.000000001,83.0,303.0,72.0,159.0
14868750.0,-2946499.999999999,76.0,346.0,43.0,288.0
10193750.0,5892500.000000001,57.0,611.0,1341.0,344.0
4559750.0,2143500.000000001,80.0,313.0,131.0,252.0
188750.0,4351500.000000001,65.0,362.0,211.0,175.0
-6895250.0,212500.00000000093,47.0,399.0,175.0,150.0
1851750.0,-2491499.999999999,83.0,345.0,79.0,101.0
8903750.0,3916500.000000001,76.0,363.0,224.0,225.0
5525750.0,928500.0000000009,79.0,310.0,136.0,154.0
1780750.0,433500.00000000093,56.0,349.0,272.0,142.0
1163750.0,5042500.000000001,61.0,391.0,804.0,342.0
-290250.0,1671500.000000001,65.0,296.0,52.0,79.0
3526750.0,-810499.9999999991,59.0,330.0,129.0,120.0
-10533250.0,5909500.000000001,57.0,516.0,385.0,221.0
8392750.0,5595500.000000001,63.0,549.0,1033.0,349.0
1445750.0,3991500.000000001,74.0,322.0,255.0,214.0
6064750.0,5352500.000000001,79.0,365.0,294.0,228.0
-12486250.0,6199500.000000001,59.0,575.0,214.0,190.0
11898750.0,4160500.000000001,59.0,380.0,335.0,166.0
12066750.0,6588500.000000001,52.0,673.0,747.0,448.0
-13157250.0,5580500.000000001,48.0,486.0,604.0,353.0
13013750.0,548500.0000000009,51.0,394.0,488.0,241.0
2108750.0,5180500.000000001,64.0,396.0,753.0,250.0
2057750.0,1664500.000000001,77.0,316.0,88.0,137.0
-7447250.0,-5508499.999999999,74.0,464.0,113.0,256.0
-6369250.0,-3737499.999999999,62.0,402.0,370.0,257.0
3974750.0,4084500.000000001,72.0,325.0,224.0,223.0
-4645250.0,-530499.9999999991,52.0,348.0,126.0,131.0
7339750.0,6980500.000000001,50.0,653.0,838.0,443.0
13273750.0,-3219499.999999999,68.0,336.0,68.0,184.0
-10095250.0,4053500.000000001,57.0,400.0,310.0,159.0
1398750.0,2550500.000000001,81.0,303.0,164.0,203.0
-6661250.0,-3890499.999999999,69.0,365.0,259.0,250.0
15161750.0,-3245499.999999999,74.0,329.0,33.0,201.0
9655750.0,5611500.000000001,70.0,522.0,818.0,290.0
687750.0,3769500.000000001,78.0,344.0,98.0,173.0
3268750.0,3219500.000000001,80.0,285.0,91.0,134.0
1584750.0,5652500.000000001,65.0,472.0,483.0,234.0
5509750.0,6369500.000000001,55.0,582.0,637.0,474.0
-7266250.0,-1653499.999999999,54.0,360.0,247.0,157.0
940750.0,3822500.000000001,81.0,308.0,64.0,130.0
12897750.0,-351499.99999999907,48.0,399.0,368.0,181.0
7457750.0,4638500.000000001,71.0,398.0,481.0,254.0
2093750.0,5528500.000000001,57.0,501.0,678.0,286.0
-1273250.0,2606500.000000001,82.0,292.0,90.0,115.0
4810750.0,-2795499.999999999,69.0,325.0,107.0,200.0
-12509250.0,5750500.000000001,55.0,398.0,780.0,263.0
7437750.0,4161500.000000001,78.0,332.0,285.0,164.0
4995750.0,1097500.000000001,79.0,357.0,250.0,246.0
6329750.0,5288500.000000001,78.0,377.0,332.0,249.0
-12052250.0,6240500.000000001,60.0,514.0,181.0,233.0
4865750.0,6997500.000000001,48.0,668.0,1287.0,650.0
-10397250.0,6068500.000000001,60.0,542.0,701.0,349.0
9056750.0,6457500.000000001,56.0,646.0,1071.0,429.0
3271750.0,6130500.000000001,50.0,583.0,1180.0,397.0
1732750.0,5189500.000000001,49.0,441.0,997.0,345.0
3451750.0,6793500.000000001,46.0,616.0,1246.0,734.0
-12178250.0,7209500.000000001,58.0,558.0,373.0,484.0
3500750.0,-2704499.999999999,67.0,317.0,122.0,203.0
7763750.0,7067500.000000001,52.0,646.0,800.0,401.0
-10966250.0,3591500.000000001,69.0,354.0,314.0,165.0
45750.0,3564500.000000001,82.0,278.0,69.0,132.0
3539750.0,5388500.000000001,66.0,360.0,1087.0,301.0
9663750.0,3363500.000000001,63.0,403.0,576.0,248.0
3516750.0,-2217499.999999999,71.0,330.0,104.0,191.0
7059750.0,6120500.000000001,62.0,534.0,568.0,399.0
-10311250.0,3374500.000000001,61.0,446.0,732.0,312.0
1223750.0,1104500.000000001,65.0,309.0,167.0,115.0
5752750.0,3952500.000000001,78.0,325.0,145.0,206.0
650750.0,4292500.000000001,77.0,381.0,206.0,236.0
2530750.0,5083500.000000001,74.0,379.0,465.0,287.0
-7367250.0,-2893499.999999999,76.0,343.0,188.0,226.0
1882750.0,200500.00000000093,48.0,343.0,273.0,134.0
-8603250.0,5163500.000000001,47.0,394.0,845.0,459.0
1820750.0,-1755499.999999999,58.0,319.0,78.0,138.0
9855750.0,5192500.000000001,78.0,344.0,393.0,193.0
-6032250.0,-347499.99999999907,44.0,396.0,205.0,152.0
8440750.0,2317500.000000001,72.0,374.0,147.0,474.0
-9702250.0,1371500.000000001,65.0,412.0,384.0,259.0
-9199250.0,5256500.000000001,52.0,462.0,783.0,376.0
8720750.0,3539500.000000001,85.0,355.0,147.0,212.0
15618750.0,-3892499.999999999,76.0,369.0,209.0,177.0
5206750.0,1928500.000000001,82.0,292.0,54.0,143.0
14973750.0,-1380499.999999999,60.0,350.0,101.0,177.0
5970750.0,2002500.000000001,82.0,292.0,70.0,223.0
5180750.0,716500.0000000009,79.0,327.0,161.0,176.0
-11558250.0,3505500.000000001,79.0,335.0,150.0,193.0
-625250.0,1813500.000000001,77.0,328.0,54.0,100.0
10593750.0,1879500.000000001,58.0,362.0,295.0,248.0
13093750.0,1999500.000000001,53.0,445.0,486.0,223.0
-13087250.0,6372500.000000001,55.0,577.0,630.0,480.0
7251750.0,4558500.000000001,71.0,367.0,361.0,253.0
1269750.0,-38499.99999999907,48.0,390.0,306.0,161.0
8415750.0,2197500.000000001,70.0,370.0,122.0,357.0
-12701250.0,6165500.000000001,60.0,499.0,744.0,308.0
8655750.0,4806500.000000001,77.0,330.0,188.0,216.0
5501750.0,6618500.000000001,54.0,613.0,762.0,590.0
-12499250.0,7054500.000000001,59.0,623.0,420.0,599.0
-8373250.0,741500.0000000009,50.0,433.0,513.0,223.0
9662750.0,7089500.000000001,52.0,628.0,806.0,395.0
1775750.0,6547500.000000001,46.0,460.0,662.0,364.0
3468750.0,-440499.99999999907,56.0,254.0,198.0,101.0
607750.0,4240500.000000001,78.0,370.0,218.0,181.0
1875750.0,2236500.000000001,83.0,307.0,50.0,184.0
-1054250.0,1029500.0000000009,55.0,345.0,275.0,191.0
1054750.0,543500.0000000009,48.0,375.0,355.0,205.0
16073750.0,-3322499.999999999,75.0,408.0,69.0,265.0
2513750.0,-6499.999999999069,45.0,346.0,234.0,86.0
-6263250.0,-2535499.999999999,55.0,367.0,226.0,164.0
9577750.0,6259500.000000001,48.0,593.0,882.0,305.0
-14647250.0,6996500.000000001,50.0,462.0,1288.0,683.0
-7072250.0,-3173499.999999999,71.0,346.0,152.0,204.0
7363750.0,5934500.000000001,57.0,447.0,308.0,327.0
581750.0,5936500.000000001,53.0,438.0,926.0,315.0
-6842250.0,-2635499.999999999,64.0,326.0,192.0,213.0
6301750.0,7226500.000000001,52.0,672.0,1593.0,519.0
265750.0,3194500.000000001,83.0,304.0,59.0,251.0
1605750.0,2666500.000000001,84.0,304.0,93.0,159.0
3815750.0,4196500.000000001,69.0,350.0,369.0,253.0
-9512250.0,3463500.000000001,50.0,289.0,930.0,109.0
2272750.0,108500.00000000093,47.0,330.0,221.0,80.0
14368750.0,-2841499.999999999,71.0,329.0,34.0,248.0
-13767250.0,6999500.000000001,50.0,464.0,1264.0,618.0
14912750.0,-2517499.999999999,77.0,383.0,35.0,322.0
10805750.0,3990500.000000001,74.0,378.0,328.0,212.0
-533250.0,3077500.000000001,83.0,309.0,81.0,201.0
-14310250.0,7346500.000000001,55.0,445.0,1284.0,667.0
3963750.0,1120500.000000001,59.0,386.0,302.0,275.0
4737750.0,-2387499.999999999,64.0,291.0,122.0,159.0
1792750.0,-2674499.999999999,87.0,291.0,153.0,150.0
14277750.0,-2427499.999999999,78.0,338.0,40.0,288.0
8119750.0,6487500.000000001,59.0,626.0,743.0,398.0
4136750.0,6319500.000000001,54.0,560.0,1167.0,461.0
11564750.0,1445500.000000001,56.0,386.0,231.0,220.0
2804750.0,34500.00000000093,46.0,357.0,242.0,119.0
-4507250.0,-1966499.999999999,53.0,385.0,368.0,226.0
-11330250.0,5286500.000000001,68.0,369.0,386.0,246.0
-7753250.0,-755499.9999999991,42.0,365.0,320.0,173.0
10243750.0,6292500.000000001,53.0,642.0,1173.0,361.0
-10999250.0,6173500.000000001,61.0,548.0,354.0,390.0
5218750.0,6030500.000000001,57.0,551.0,993.0,400.0
-10689250.0,4754500.000000001,67.0,412.0,303.0,240.0
16109750.0,-1744499.999999999,62.0,354.0,163.0,125.0
8507750.0,4433500.000000001,80.0,338.0,192.0,215.0
4448750.0,7160500.000000001,47.0,663.0,1271.0,649.0
-9684250.0,5506500.000000001,53.0,507.0,534.0,143.0
6064750.0,7331500.000000001,56.0,662.0,1249.0,573.0
4381750.0,5888500.000000001,58.0,613.0,798.0,376.0
14242750.0,-2343499.999999999,77.0,341.0,37.0,297.0
6300750.0,5587500.000000001,75.0,430.0,451.0,228.0
4326750.0,3196500.000000001,81.0,309.0,67.0,138.0
-9996250.0,3815500.000000001,54.0,376.0,278.0,182.0
2610750.0,-476499.99999999907,48.0,326.0,234.0,121.0
4546750.0,3976500.000000001,77.0,321.0,147.0,254.0
5771750.0,3627500.000000001,79.0,287.0,88.0,118.0
2923750.0,1243500.000000001,70.0,375.0,98.0,144.0
-11565250.0,3631500.000000001,78.0,335.0,149.0,157.0
13573750.0,-2898499.999999999,65.0,360.0,41.0,267.0
-7042250.0,-3442499.999999999,67.0,365.0,165.0,193.0
4480750.0,1182500.000000001,77.0,321.0,85.0,291.0
-6830250.0,32500.00000000093,47.0,403.0,261.0,162.0
-12285250.0,5000500.000000001,64.0,392.0,681.0,236.0
9331750.0,5355500.000000001,70.0,511.0,951.0,337.0
11871750.0,4808500.000000001,54.0,524.0,661.0,338.0
4697750.0,6118500.000000001,60.0,573.0,816.0,341.0
3656750.0,-776499.9999999991,57.0,293.0,112.0,104.0
-12245250.0,6440500.000000001,64.0,588.0,158.0,308.0
7510750.0,4172500.000000001,75.0,324.0,270.0,205.0
2517750.0,2808500.000000001,80.0,296.0,117.0,158.0
8440750.0,3970500.000000001,77.0,342.0,180.0,222.0
178750.0,3409500.000000001,81.0,275.0,55.0,151.0
-12911250.0,4715500.000000001,62.0,347.0,588.0,255.0
2173750.0,2046500.000000001,81.0,287.0,132.0,180.0
5764750.0,4467500.000000001,77.0,348.0,168.0,200.0
925750.0,1549500.000000001,69.0,279.0,63.0,93.0
-6892250.0,-927499.9999999991,40.0,396.0,224.0,181.0
2075750.0,1100500.000000001,64.0,291.0,135.0,130.0
15610750.0,-2303499.999999999,68.0,378.0,70.0,370.0
15503750.0,-2825499.999999999,76.0,298.0,23.0,216.0
4360750.0,3926500.000000001,79.0,338.0,104.0,154.0
2801750.0,-214499.99999999907,49.0,373.0,241.0,123.0
9225750.0,5753500.000000001,70.0,543.0,1013.0,275.0
4338750.0,-24499.99999999907,83.0,294.0,72.0,152.0
3842750.0,5795500.000000001,62.0,548.0,1033.0,410.0
-6663250.0,-2703499.999999999,60.0,329.0,276.0,203.0
-6602250.0,179500.00000000093,47.0,412.0,221.0,118.0
4270750.0,2734500.000000001,81.0,299.0,60.0,132.0
8632750.0,2121500.000000001,62.0,383.0,266.0,299.0
-12883250.0,6855500.000000001,54.0,585.0,653.0,467.0
1699750.0,3193500.000000001,82.0,312.0,104.0,156.0
14365750.0,-1786499.999999999,66.0,370.0,88.0,183.0
10856750.0,3105500.000000001,59.0,438.0,365.0,222.0
7322750.0,3030500.000000001,80.0,298.0,47.0,95.0
10718750.0,489500.00000000093,48.0,472.0,551.0,227.0
-12709250.0,4748500.000000001,78.0,377.0,159.0,199.0
11609750.0,5742500.000000001,59.0,491.0,932.0,347.0
1812750.0,-1119499.999999999,58.0,306.0,100.0,93.0
5760750.0,6435500.000000001,56.0,638.0,810.0,542.0
-8846250.0,5388500.000000001,46.0,470.0,721.0,405.0
1843750.0,-2279499.999999999,75.0,324.0,67.0,126.0
10091750.0,2484500.000000001,67.0,365.0,187.0,203.0
5420750.0,5469500.000000001,75.0,424.0,344.0,231.0
-9563250.0,4844500.000000001,69.0,329.0,708.0,283.0
15531750.0,-2264499.999999999,69.0,339.0,67.0,336.0
10019750.0,6731500.000000001,54.0,612.0,1202.0,440.0
2628750.0,1501500.000000001,69.0,344.0,88.0,132.0
-7162250.0,-480499.99999999907,37.0,365.0,251.0,182.0
11796750.0,5082500.000000001,50.0,461.0,1062.0,304.0
-19250.0,2905500.000000001,83.0,304.0,143.0,275.0
808750.0,1821500.000000001,78.0,312.0,49.0,146.0
18426750.0,-4584499.999999999,52.0,417.0,514.0,276.0
2888750.0,2156500.000000001,82.0,283.0,130.0,227.0
-7485250.0,-5079499.999999999,82.0,347.0,84.0,203.0
1756750.0,3427500.000000001,81.0,300.0,93.0,173.0
-4560250.0,-599499.9999999991,56.0,342.0,153.0,148.0
6374750.0,4612500.000000001,76.0,346.0,158.0,345.0
7245750.0,5779500.000000001,67.0,486.0,500.0,297.0
11683750.0,-438499.99999999907,54.0,416.0,323.0,202.0
-12761250.0,5485500.000000001,60.0,375.0,735.0,238.0
3746750.0,5169500.000000001,69.0,398.0,628.0,261.0
7094750.0,6257500.000000001,58.0,596.0,466.0,336.0
12549750.0,268500.00000000093,48.0,421.0,531.0,181.0
2891750.0,2327500.000000001,82.0,296.0,63.0,201.0
4964750.0,5625500.000000001,73.0,436.0,457.0,287.0
4104750.0,1737500.000000001,72.0,320.0,102.0,299.0
5872750.0,3900500.000000001,79.0,322.0,141.0,204.0
16075750.0,-4277499.999999999,61.0,382.0,391.0,267.0
-1477250.0,1964500.000000001,77.0,277.0,40.0,77.0
-10284250.0,5396500.000000001,53.0,452.0,514.0,285.0
7147750.0,3766500.000000001,73.0,350.0,341.0,194.0
-8525250.0,55500.00000000093,49.0,367.0,438.0,243.0
-10306250.0,4856500.000000001,62.0,349.0,735.0,165.0
-9639250.0,7369500.000000001,60.0,587.0,557.0,504.0
-998250.0,2313500.000000001,82.0,290.0,33.0,264.0
6618750.0,4521500.000000001,76.0,339.0,305.0,190.0
-6749250.0,751500.0000000009,48.0,405.0,365.0,180.0
1341750.0,3556500.000000001,82.0,320.0,60.0,163.0
-1256250.0,2700500.000000001,82.0,292.0,250.0,133.0
815750.0,1278500.000000001,61.0,324.0,131.0,67.0
7513750.0,6102500.000000001,62.0,562.0,474.0,405.0
2494750.0,-2733499.999999999,72.0,287.0,63.0,100.0
5515750.0,6682500.000000001,52.0,595.0,826.0,532.0
4458750.0,1274500.000000001,75.0,327.0,111.0,346.0
5816750.0,3611500.000000001,78.0,296.0,94.0,123.0
-12082250.0,3198500.000000001,71.0,348.0,218.0,224.0
2601750.0,7219500.000000001,54.0,505.0,831.0,359.0
4225750.0,3147500.000000001,81.0,306.0,64.0,163.0
1801750.0,-775499.9999999991,52.0,311.0,150.0,118.0
-6557250.0,225500.00000000093,47.0,398.0,205.0,122.0
60750.0,4478500.000000001,67.0,357.0,380.0,200.0
4717750.0,1185500.000000001,79.0,324.0,64.0,212.0
1834750.0,3339500.000000001,80.0,302.0,64.0,154.0
9722750.0,3625500.000000001,66.0,440.0,505.0,287.0
2259750.0,1148500.000000001,64.0,369.0,119.0,191.0
5240750.0,7098500.000000001,50.0,606.0,1221.0,535.0
3455750.0,978500.0000000009,65.0,303.0,219.0,198.0
7875750.0,5033500.000000001,84.0,340.0,283.0,205.0
-6832250.0,-1659499.999999999,53.0,334.0,205.0,92.0
11745750.0,1586500.000000001,59.0,404.0,202.0,182.0
2552750.0,7130500.000000001,55.0,482.0,820.0,417.0
4855750.0,-2485499.999999999,61.0,256.0,102.0,122.0
-11580250.0,4555500.000000001,70.0,352.0,219.0,224.0
-11676250.0,6814500.000000001,60.0,644.0,518.0,625.0
7435750.0,7266500.000000001,58.0,633.0,731.0,425.0
9339750.0,5949500.000000001,58.0,611.0,1062.0,334.0
-12147250.0,4215500.000000001,78.0,292.0,143.0,116.0
10152750.0,2945500.000000001,54.0,393.0,1094.0,205.0
3434750.0,6418500.000000001,58.0,619.0,1375.0,345.0
-531250.0,1649500.000000001,64.0,320.0,63.0,111.0
-11918250.0,7711500.000000001,76.0,484.0,604.0,284.0
15598750.0,-3442499.999999999,78.0,348.0,39.0,167.0
-12414250.0,4229500.000000001,74.0,325.0,256.0,185.0
-6894250.0,-3696499.999999999,66.0,351.0,176.0,236.0
993750.0,2281500.000000001,83.0,291.0,93.0,215.0
9426750.0,5161500.000000001,82.0,347.0,293.0,138.0
2195750.0,2301500.000000001,81.0,297.0,110.0,164.0
-12046250.0,5177500.000000001,69.0,374.0,312.0,195.0
8598750.0,2898500.000000001,75.0,367.0,167.0,241.0
-10959250.0,5144500.000000001,72.0,390.0,387.0,284.0
-8482250.0,5224500.000000001,44.0,406.0,780.0,407.0
3351750.0,5578500.000000001,65.0,552.0,1019.0,295.0
-305250.0,703500.0000000009,56.0,351.0,354.0,283.0
-194250.0,2036500.000000001,77.0,299.0,39.0,124.0
2990750.0,-2668499.999999999,63.0,295.0,98.0,168.0
-12139250.0,3152500.000000001,77.0,333.0,105.0,206.0
6058750.0,7831500.000000001,62.0,486.0,1297.0,605.0
7483750.0,3293500.000000001,78.0,316.0,181.0,176.0
-12888250.0,6207500.000000001,55.0,610.0,802.0,358.0
8924750.0,668500.0000000009,54.0,399.0,375.0,236.0
4415750.0,1236500.000000001,67.0,401.0,301.0,337.0
2326750.0,3159500.000000001,81.0,312.0,102.0,151.0
3761750.0,4445500.000000001,70.0,357.0,460.0,240.0
1137750.0,6428500.000000001,51.0,457.0,1126.0,308.0
4817750.0,7108500.000000001,49.0,654.0,1398.0,573.0
5157750.0,6479500.000000001,52.0,624.0,1021.0,477.0
3447750.0,-3034499.999999999,62.0,339.0,157.0,174.0
-9983250.0,8308500.000000001,68.0,490.0,1099.0,424.0
10272750.0,6694500.000000001,59.0,595.0,1114.0,453.0
2262750.0,97500.00000000093,46.0,358.0,223.0,108.0
16176750.0,-2784499.999999999,76.0,345.0,74.0,369.0
15638750.0,-657499.9999999991,52.0,401.0,641.0,255.0
15446750.0,-2517499.999999999,88.0,326.0,36.0,299.0
-9881250.0,5375500.000000001,51.0,480.0,387.0,164.0
-6555250.0,248500.00000000093,47.0,406.0,186.0,136.0
8450750.0,7226500.000000001,57.0,659.0,993.0,458.0
1624750.0,258500.00000000093,52.0,370.0,322.0,163.0
2181750.0,5017500.000000001,63.0,412.0,723.0,299.0
6933750.0,7474500.000000001,59.0,589.0,1268.0,482.0
-8855250.0,5003500.000000001,45.0,435.0,1124.0,428.0
-7305250.0,-3939499.999999999,76.0,335.0,63.0,170.0
8719750.0,5532500.000000001,71.0,464.0,932.0,322.0
6589750.0,6713500.000000001,51.0,633.0,1041.0,493.0
5791750.0,5599500.000000001,76.0,427.0,371.0,229.0
2336750.0,4925500.000000001,61.0,414.0,823.0,339.0
-13629250.0,6512500.000000001,55.0,403.0,693.0,282.0
-10628250.0,5288500.000000001,54.0,403.0,520.0,335.0
-5517250.0,-898499.9999999991,50.0,340.0,226.0,123.0
2807750.0,5574500.000000001,65.0,480.0,627.0,274.0
2609750.0,4489500.000000001,73.0,399.0,363.0,255.0
-11665250.0,6554500.000000001,65.0,639.0,334.0,414.0
7526750.0,6856500.000000001,55.0,640.0,732.0,451.0
-8958250.0,5052500.000000001,61.0,389.0,608.0,380.0
-388250.0,1243500.000000001,63.0,285.0,138.0,88.0
13963750.0,-2493499.999999999,76.0,302.0,42.0,275.0
-6426250.0,-563499.9999999991,41.0,397.0,370.0,178.0
2194750.0,-3309499.999999999,79.0,316.0,50.0,149.0
3877750.0,-323499.99999999907,75.0,401.0,190.0,240.0
11057750.0,2529500.000000001,54.0,416.0,361.0,192.0
-6964250.0,-1087499.999999999,47.0,376.0,218.0,164.0
2575750.0,-1799499.999999999,64.0,264.0,167.0,106.0
3554750.0,1078500.000000001,65.0,307.0,233.0,188.0
15789750.0,-701499.9999999991,52.0,393.0,475.0,255.0
15984750.0,-3864499.999999999,70.0,386.0,178.0,204.0
-719250.0,822500.0000000009,58.0,313.0,256.0,143.0
7962750.0,6255500.000000001,56.0,635.0,521.0,350.0
3684750.0,5184500.000000001,69.0,412.0,571.0,293.0
10058750.0,2994500.000000001,52.0,376.0,498.0,208.0
2157750.0,-2578499.999999999,85.0,318.0,67.0,144.0
-11567250.0,6843500.000000001,57.0,621.0,568.0,593.0
-10915250.0,2134500.000000001,65.0,344.0,324.0,258.0
-11423250.0,3055500.000000001,80.0,343.0,175.0,186.0
4123750.0,-1209499.999999999,58.0,343.0,113.0,101.0
10599750.0,3368500.000000001,74.0,407.0,349.0,286.0
11616750.0,5497500.000000001,52.0,540.0,828.0,311.0
4379750.0,4355500.000000001,69.0,353.0,462.0,299.0
-13129250.0,7174500.000000001,54.0,623.0,509.0,339.0
523750.0,1365500.000000001,63.0,297.0,121.0,105.0
2034750.0,1061500.000000001,64.0,327.0,160.0,130.0
-13341250.0,6130500.000000001,43.0,454.0,369.0,330.0
13165750.0,1849500.000000001,54.0,449.0,550.0,314.0
259750.0,4688500.000000001,56.0,372.0,623.0,302.0
4964750.0,6316500.000000001,58.0,611.0,844.0,445.0
15642750.0,-3383499.999999999,77.0,375.0,39.0,224.0
4605750.0,2476500.000000001,82.0,303.0,67.0,185.0
902750.0,3317500.000000001,84.0,313.0,58.0,144.0
10233750.0,7386500.000000001,58.0,490.0,765.0,453.0
2681750.0,-814499.9999999991,55.0,327.0,154.0,75.0
12293750.0,-301499.99999999907,50.0,420.0,287.0,285.0
4633750.0,6373500.000000001,52.0,574.0,1075.0,428.0
-5947250.0,-360499.99999999907,45.0,400.0,229.0,137.0
5143750.0,5587500.000000001,73.0,454.0,487.0,264.0
-7250250.0,-1817499.999999999,52.0,349.0,370.0,190.0
14683750.0,-3454499.999999999,80.0,379.0,64.0,202.0
-5694250.0,-2016499.999999999,54.0,352.0,157.0,120.0
-11786250.0,7352500.000000001,67.0,520.0,546.0,367.0
1193750.0,4073500.000000001,58.0,397.0,677.0,298.0
-15029250.0,6308500.000000001,54.0,471.0,1066.0,485.0
5060750.0,7100500.000000001,49.0,661.0,1186.0,507.0
-15250.0,2109500.000000001,77.0,287.0,36.0,130.0
-7632250.0,-5918499.999999999,50.0,430.0,1378.0,364.0
1658750.0,1324500.000000001,67.0,403.0,111.0,195.0
11068750.0,6641500.000000001,49.0,661.0,713.0,455.0
-11305250.0,6773500.000000001,60.0,632.0,643.0,577.0
-6528250.0,-1989499.999999999,56.0,367.0,255.0,101.0
3261750.0,5928500.000000001,56.0,581.0,1459.0,367.0
-1583250.0,1523500.000000001,60.0,165.0,61.0,81.0
4326750.0,3860500.000000001,80.0,335.0,116.0,149.0
4625750.0,4243500.000000001,74.0,344.0,193.0,196.0
-6061250.0,-508499.99999999907,43.0,406.0,229.0,129.0
4600750.0,3769500.000000001,79.0,312.0,71.0,163.0
16559750.0,-1093499.999999999,53.0,433.0,482.0,266.0
2881750.0,4780500.000000001,60.0,385.0,690.0,264.0
4114750.0,976500.0000000009,56.0,407.0,484.0,307.0
8752750.0,2311500.000000001,68.0,388.0,177.0,223.0
215750.0,2191500.000000001,81.0,295.0,34.0,194.0
1902750.0,-2907499.999999999,82.0,298.0,124.0,143.0
15814750.0,-540499.9999999991,49.0,449.0,713.0,328.0
4990750.0,2071500.000000001,81.0,308.0,99.0,225.0
8482750.0,1432500.000000001,65.0,395.0,178.0,130.0
-11582250.0,2992500.000000001,83.0,340.0,150.0,201.0
-6449250.0,-2765499.999999999,62.0,377.0,176.0,221.0
4286750.0,856500.0000000009,76.0,397.0,200.0,460.0
-7048250.0,-1769499.999999999,53.0,342.0,256.0,127.0
-13009250.0,6421500.000000001,54.0,558.0,752.0,425.0
5494750.0,6465500.000000001,55.0,618.0,793.0,521.0
4839750.0,1836500.000000001,82.0,342.0,128.0,214.0
2202750.0,3176500.000000001,82.0,325.0,110.0,137.0
4141750.0,5958500.000000001,60.0,597.0,1008.0,354.0
-11453250.0,4453500.000000001,70.0,360.0,163.0,170.0
10466750.0,3533500.000000001,70.0,441.0,515.0,286.0
8080750.0,3836500.000000001,76.0,354.0,285.0,216.0
-590250.0,3047500.000000001,83.0,307.0,163.0,190.0
7577750.0,7603500.000000001,62.0,583.0,826.0,478.0
-10704250.0,3473500.000000001,52.0,321.0,342.0,133.0
8996750.0,4506500.000000001,82.0,345.0,201.0,182.0
-12746250.0,4513500.000000001,77.0,351.0,99.0,216.0
1708750.0,1634500.000000001,77.0,260.0,93.0,139.0
11008750.0,5942500.000000001,58.0,539.0,798.0,398.0
-13351250.0,7359500.000000001,58.0,447.0,1014.0,580.0
5940750.0,4294500.000000001,76.0,338.0,136.0,218.0
8928750.0,5515500.000000001,63.0,504.0,1342.0,348.0
-5643250.0,-1312499.999999999,51.0,347.0,259.0,151.0
11889750.0,3044500.000000001,55.0,378.0,200.0,193.0
3141750.0,-283499.99999999907,49.0,413.0,328.0,174.0
11431750.0,291500.00000000093,51.0,388.0,403.0,156.0
10982750.0,6703500.000000001,49.0,646.0,837.0,444.0
10408750.0,5285500.000000001,62.0,449.0,793.0,353.0
10462750.0,5196500.000000001,68.0,400.0,582.0,353.0
10682750.0,2623500.000000001,56.0,371.0,396.0,164.0
7571750.0,6596500.000000001,52.0,652.0,708.0,513.0
1745750.0,-1066499.999999999,61.0,320.0,132.0,98.0
5226750.0,5689500.000000001,72.0,465.0,319.0,279.0
-1540250.0,1841500.000000001,67.0,290.0,75.0,95.0
6065750.0,5183500.000000001,83.0,341.0,138.0,305.0
9241750.0,4638500.000000001,79.0,340.0,192.0,176.0
2690750.0,3306500.000000001,79.0,272.0,137.0,163.0
-6703250.0,-2727499.999999999,61.0,323.0,212.0,182.0
1634750.0,-2294499.999999999,87.0,306.0,90.0,123.0
5494750.0,7144500.000000001,51.0,644.0,911.0,446.0
-11699250.0,5554500.000000001,70.0,416.0,292.0,283.0
7476750.0,2726500.000000001,76.0,342.0,110.0,211.0
4942750.0,877500.0000000009,79.0,356.0,149.0,222.0
9411750.0,6237500.000000001,56.0,624.0,1138.0,368.0
-5708250.0,-3172499.999999999,53.0,381.0,417.0,239.0
-10659250.0,5114500.000000001,56.0,362.0,447.0,222.0
10449750.0,5264500.000000001,63.0,460.0,969.0,317.0
6124750.0,4799500.000000001,78.0,346.0,151.0,334.0
-9727250.0,1578500.000000001,64.0,399.0,475.0,296.0
3836750.0,-1791499.999999999,54.0,372.0,244.0,121.0
2002750.0,-1632499.999999999,56.0,297.0,129.0,93.0
4866750.0,-1977499.999999999,62.0,361.0,204.0,154.0
1579750.0,2782500.000000001,82.0,300.0,100.0,153.0
2626750.0,4568500.000000001,72.0,388.0,336.0,234.0
-8401250.0,5419500.000000001,46.0,444.0,481.0,310.0
-10106250.0,1959500.000000001,67.0,426.0,485.0,247.0
-5556250.0,-614499.9999999991,47.0,398.0,326.0,133.0
2793750.0,2486500.000000001,79.0,299.0,158.0,187.0
12021750.0,6807500.000000001,53.0,622.0,583.0,452.0
4059750.0,-261499.99999999907,66.0,401.0,215.0,206.0
11179750.0,2483500.000000001,54.0,417.0,279.0,200.0
910750.0,1575500.000000001,64.0,282.0,45.0,82.0
-12673250.0,3438500.000000001,73.0,337.0,197.0,200.0
-11463250.0,6030500.000000001,60.0,433.0,214.0,230.0
4879750.0,3690500.000000001,77.0,342.0,209.0,292.0
3557750.0,6301500.000000001,49.0,603.0,1165.0,432.0
-13360250.0,6571500.000000001,61.0,573.0,554.0,457.0
2476750.0,6533500.000000001,47.0,554.0,931.0,351.0
8564750.0,2404500.000000001,62.0,397.0,240.0,321.0
-153250.0,3545500.000000001,76.0,355.0,165.0,227.0
-9451250.0,5509500.000000001,52.0,515.0,500.0,234.0
4053750.0,1817500.000000001,78.0,333.0,70.0,430.0
10573750.0,7266500.000000001,53.0,555.0,663.0,415.0
-12828250.0,5165500.000000001,54.0,379.0,679.0,256.0
-10109250.0,6956500.000000001,62.0,571.0,564.0,441.0
977750.0,4070500.000000001,67.0,370.0,254.0,247.0
4448750.0,4378500.000000001,72.0,343.0,345.0,278.0
1587750.0,3647500.000000001,80.0,328.0,70.0,134.0
5455750.0,4201500.000000001,77.0,339.0,353.0,263.0
3753750.0,2052500.000000001,79.0,300.0,41.0,232.0
-4715250.0,-1905499.999999999,57.0,393.0,224.0,135.0
9563750.0,5395500.000000001,70.0,409.0,589.0,301.0
3845750.0,-780499.9999999991,62.0,276.0,72.0,154.0
4141750.0,3794500.000000001,78.0,320.0,94.0,131.0
4895750.0,-1912499.999999999,63.0,350.0,179.0,176.0
8690750.0,6451500.000000001,58.0,621.0,769.0,415.0
9704750.0,7429500.000000001,62.0,521.0,752.0,433.0
7433750.0,7049500.000000001,54.0,645.0,853.0,457.0
3454750.0,-218499.99999999907,60.0,338.0,202.0,175.0
-12829250.0,5239500.000000001,52.0,371.0,840.0,268.0
15479750.0,-746499.9999999991,53.0,414.0,390.0,266.0
5090750.0,1579500.000000001,79.0,337.0,202.0,249.0
2592750.0,-1808499.999999999,60.0,274.0,78.0,57.0
-11641250.0,6501500.000000001,62.0,617.0,261.0,337.0
14192750.0,-3202499.999999999,75.0,358.0,37.0,222.0
-10561250.0,3685500.000000001,54.0,350.0,209.0,154.0
3758750.0,-320499.99999999907,67.0,314.0,103.0,209.0
4776750.0,-2356499.999999999,64.0,286.0,114.0,147.0
-5941250.0,-1013499.9999999991,49.0,364.0,260.0,133.0
10287750.0,3052500.000000001,66.0,433.0,558.0,290.0
3474750.0,2407500.000000001,80.0,284.0,62.0,192.0
1026750.0,4078500.000000001,62.0,394.0,389.0,238.0
3964750.0,6453500.000000001,50.0,617.0,1071.0,545.0
10117750.0,7199500.000000001,59.0,606.0,979.0,592.0
-458250.0,2023500.000000001,77.0,293.0,47.0,136.0
3633750.0,209500.00000000093,61.0,360.0,257.0,234.0
8460750.0,5182500.000000001,79.0,351.0,398.0,213.0
9404750.0,3358500.000000001,64.0,381.0,476.0,272.0
1454750.0,4962500.000000001,61.0,397.0,537.0,303.0
-4007250.0,-738499.9999999991,64.0,378.0,154.0,229.0
-9482250.0,1225500.000000001,56.0,400.0,683.0,160.0
8883750.0,3060500.000000001,56.0,383.0,345.0,215.0
-9916250.0,1599500.000000001,60.0,417.0,537.0,278.0
15369750.0,-2409499.999999999,78.0,385.0,54.0,355.0
6269750.0,5823500.000000001,63.0,479.0,559.0,413.0
3381750.0,6283500.000000001,61.0,565.0,1413.0,355.0
3613750.0,515500.00000000093,62.0,349.0,280.0,230.0
-7529250.0,-274499.99999999907,42.0,359.0,475.0,251.0
601750.0,3797500.000000001,79.0,343.0,88.0,140.0
8942750.0,2767500.000000001,71.0,387.0,166.0,206.0
-10895250.0,2205500.000000001,61.0,383.0,466.0,218.0
7534750.0,3677500.000000001,58.0,356.0,528.0,279.0
4999750.0,6951500.000000001,48.0,652.0,1255.0,794.0
-11249250.0,8081500.000000001,68.0,528.0,1158.0,499.0
7788750.0,4383500.000000001,57.0,342.0,239.0,188.0
-10070250.0,5691500.000000001,57.0,498.0,797.0,273.0
-6367250.0,-1582499.999999999,51.0,398.0,232.0,101.0
10326750.0,4379500.000000001,83.0,358.0,141.0,172.0
5141750.0,-2192499.999999999,48.0,380.0,426.0,220.0
8284750.0,3933500.000000001,81.0,331.0,97.0,177.0
11718750.0,2787500.000000001,59.0,381.0,322.0,249.0
15244750.0,-2726499.999999999,81.0,322.0,35.0,268.0
-8469250.0,316500.00000000093,56.0,449.0,620.0,322.0
14002750.0,-2274499.999999999,77.0,335.0,47.0,282.0
-7012250.0,-3044499.999999999,68.0,320.0,169.0,181.0
10211750.0,5996500.000000001,50.0,564.0,1082.0,278.0
370750.0,4731500.000000001,68.0,388.0,378.0,279.0
-30250.0,1722500.000000001,65.0,302.0,51.0,84.0
9746750.0,4494500.000000001,81.0,329.0,114.0,191.0
1005750.0,2350500.000000001,82.0,282.0,88.0,276.0
-9830250.0,7496500.000000001,62.0,576.0,676.0,467.0
-9592250.0,7092500.000000001,61.0,599.0,589.0,375.0
9848750.0,3789500.000000001,68.0,451.0,491.0,328.0
12931750.0,4306500.000000001,47.0,467.0,718.0,380.0
5962750.0,7425500.000000001,55.0,673.0,1345.0,577.0
-1280250.0,1966500.000000001,77.0,315.0,40.0,134.0
10412750.0,4499500.000000001,79.0,352.0,279.0,223.0
1357750.0,5582500.000000001,66.0,475.0,528.0,268.0
2490750.0,-471499.99999999907,47.0,353.0,241.0,124.0
-13386250.0,6993500.000000001,51.0,491.0,577.0,454.0
4244750.0,5785500.000000001,63.0,563.0,1205.0,320.0
2498750.0,1606500.000000001,74.0,325.0,115.0,150.0
3578750.0,6779500.000000001,46.0,531.0,1153.0,596.0
9452750.0,6374500.000000001,54.0,637.0,866.0,296.0
13418750.0,-3827499.999999999,62.0,380.0,236.0,217.0
-11225250.0,6284500.000000001,61.0,593.0,408.0,434.0
-7815250.0,406500.00000000093,46.0,338.0,301.0,125.0
1701750.0,1230500.000000001,65.0,338.0,130.0,161.0
4072750.0,1532500.000000001,73.0,352.0,153.0,534.0
-5331250.0,-483499.99999999907,50.0,399.0,265.0,107.0
-9922250.0,4848500.000000001,51.0,251.0,715.0,169.0
-11250250.0,4321500.000000001,73.0,370.0,175.0,205.0
3445750.0,4537500.000000001,60.0,360.0,592.0,258.0
3757750.0,-880499.9999999991,56.0,302.0,127.0,94.0
1246750.0,1116500.000000001,65.0,332.0,119.0,93.0
-11191250.0,4128500.000000001,73.0,317.0,124.0,122.0
8413750.0,1782500.000000001,72.0,336.0,127.0,316.0
-305250.0,3034500.000000001,82.0,299.0,107.0,170.0
3924750.0,1778500.000000001,80.0,349.0,91.0,416.0
14534750.0,-2684499.999999999,74.0,339.0,59.0,264.0
9362750.0,5014500.000000001,79.0,359.0,250.0,191.0
6608750.0,3523500.000000001,79.0,333.0,67.0,162.0
8981750.0,2664500.000000001,66.0,398.0,194.0,301.0
-10321250.0,6894500.000000001,64.0,584.0,860.0,520.0
8620750.0,6394500.000000001,58.0,627.0,725.0,368.0
-7246250.0,-3226499.999999999,76.0,351.0,97.0,210.0
3282750.0,2820500.000000001,82.0,291.0,139.0,164.0
-11583250.0,4468500.000000001,64.0,365.0,369.0,179.0
8892750.0,6448500.000000001,53.0,613.0,734.0,464.0
1881750.0,-431499.99999999907,51.0,380.0,175.0,81.0
3085750.0,-1994499.999999999,63.0,300.0,92.0,120.0
-10910250.0,1912500.000000001,56.0,393.0,561.0,237.0
-6171250.0,-2401499.999999999,54.0,342.0,258.0,201.0
8361750.0,1352500.000000001,59.0,397.0,206.0,231.0
1909750.0,6587500.000000001,58.0,446.0,798.0,380.0
-11687250.0,5196500.000000001,74.0,361.0,159.0,179.0
4333750.0,-74499.99999999907,77.0,334.0,111.0,210.0
-8262250.0,-336499.99999999907,44.0,347.0,566.0,283.0
-7377250.0,-1703499.999999999,56.0,359.0,309.0,155.0
-7670250.0,-3624499.999999999,71.0,364.0,303.0,218.0
-9338250.0,7168500.000000001,57.0,600.0,620.0,445.0
5928750.0,6896500.000000001,53.0,675.0,1099.0,514.0
2790750.0,5800500.000000001,57.0,535.0,677.0,300.0
4280750.0,1015500.0000000009,63.0,428.0,285.0,431.0
1568750.0,-389499.99999999907,50.0,388.0,239.0,118.0
-10042250.0,3961500.000000001,52.0,383.0,321.0,156.0
12830750.0,249500.00000000093,50.0,468.0,478.0,234.0
476750.0,7059500.000000001,62.0,483.0,595.0,240.0
5519750.0,6205500.000000001,61.0,617.0,588.0,477.0
9331750.0,6882500.000000001,60.0,648.0,1303.0,494.0
-7006250.0,-2261499.999999999,60.0,361.0,182.0,185.0
4541750.0,3151500.000000001,79.0,301.0,84.0,152.0
7421750.0,3683500.000000001,74.0,379.0,186.0,145.0
15762750.0,-1566499.999999999,60.0,321.0,116.0,152.0
6613750.0,2884500.000000001,81.0,305.0,70.0,161.0
2111750.0,432500.00000000093,55.0,377.0,225.0,102.0
9228750.0,6280500.000000001,56.0,614.0,1215.0,464.0
-4301250.0,-1378499.999999999,53.0,367.0,243.0,155.0
8550750.0,7456500.000000001,56.0,596.0,745.0,489.0
-6155250.0,-674499.9999999991,41.0,400.0,342.0,170.0
3864750.0,2549500.000000001,81.0,295.0,76.0,156.0
4139750.0,2754500.000000001,79.0,298.0,88.0,136.0
-12323250.0,4404500.000000001,83.0,327.0,64.0,118.0
7616750.0,3685500.000000001,61.0,357.0,595.0,247.0
-8723250.0,5117500.000000001,48.0,418.0,1253.0,700.0
-106250.0,1714500.000000001,69.0,265.0,65.0,88.0
2457750.0,2478500.000000001,81.0,295.0,109.0,184.0
12201750.0,-50499.99999999907,48.0,420.0,391.0,234.0
-7024250.0,-4359499.999999999,78.0,373.0,116.0,183.0
4445750.0,5586500.000000001,68.0,525.0,563.0,309.0
6725750.0,7007500.000000001,50.0,623.0,1117.0,563.0
-13336250.0,6190500.000000001,46.0,442.0,646.0,473.0
2118750.0,5965500.000000001,67.0,455.0,710.0,317.0
4933750.0,5690500.000000001,73.0,447.0,509.0,315.0
2902750.0,-734499.9999999991,54.0,338.0,181.0,98.0
438750.0,1697500.000000001,62.0,281.0,44.0,85.0
2152750.0,-2000499.999999999,68.0,256.0,85.0,129.0
1586750.0,-170499.99999999907,54.0,388.0,151.0,170.0
3138750.0,338500.00000000093,53.0,384.0,263.0,123.0
8234750.0,2908500.000000001,79.0,336.0,138.0,163.0
5020750.0,-1887499.999999999,63.0,307.0,177.0,124.0
5794750.0,4461500.000000001,75.0,356.0,175.0,203.0
1198750.0,1890500.000000001,83.0,288.0,31.0,138.0
8793750.0,4039500.000000001,72.0,350.0,186.0,203.0
8944750.0,4864500.000000001,80.0,333.0,162.0,207.0
11045750.0,6547500.000000001,51.0,625.0,1070.0,401.0
3150750.0,2104500.000000001,83.0,290.0,97.0,233.0
3031750.0,-1282499.999999999,56.0,358.0,143.0,87.0
10390750.0,7129500.000000001,56.0,598.0,716.0,484.0
5585750.0,5361500.000000001,78.0,369.0,310.0,214.0
14161750.0,-1554499.999999999,61.0,351.0,226.0,231.0
3631750.0,-1348499.999999999,59.0,326.0,104.0,83.0
2745750.0,-1281499.999999999,53.0,364.0,157.0,78.0
2000750.0,-2359499.999999999,72.0,281.0,59.0,136.0
8855750.0,3271500.000000001,78.0,351.0,214.0,238.0
9492750.0,6329500.000000001,51.0,623.0,934.0,350.0
-7182250.0,-2800499.999999999,70.0,318.0,141.0,171.0
-6722250.0,-2307499.999999999,63.0,326.0,239.0,184.0
-6348250.0,-920499.9999999991,42.0,409.0,240.0,147.0
-12238250.0,4319500.000000001,82.0,352.0,119.0,142.0
13756750.0,-2691499.999999999,79.0,309.0,47.0,227.0
9660750.0,4090500.000000001,78.0,360.0,383.0,191.0
1084750.0,1244500.000000001,67.0,342.0,93.0,103.0
-11974250.0,3094500.000000001,60.0,364.0,534.0,243.0
3448750.0,-829499.9999999991,56.0,332.0,105.0,127.0
5327750.0,2932500.000000001,78.0,270.0,61.0,130.0
11583750.0,1467500.000000001,57.0,389.0,214.0,149.0
2930750.0,-1282499.999999999,54.0,346.0,142.0,78.0
1668750.0,1491500.000000001,66.0,307.0,112.0,132.0
1922750.0,753500.0000000009,61.0,368.0,165.0,130.0
1379750.0,3826500.000000001,83.0,320.0,60.0,116.0
-11131250.0,2381500.000000001,69.0,388.0,231.0,216.0
1882750.0,5163500.000000001,61.0,414.0,739.0,311.0
-221250.0,1156500.000000001,64.0,276.0,120.0,128.0
2835750.0,2758500.000000001,81.0,309.0,94.0,160.0
7238750.0,6994500.000000001,50.0,634.0,783.0,482.0
-5861250.0,-850499.9999999991,48.0,353.0,328.0,178.0
-1544250.0,1907500.000000001,75.0,274.0,57.0,79.0
2566750.0,1677500.000000001,78.0,319.0,57.0,122.0
18787750.0,-4345499.999999999,52.0,395.0,429.0,251.0
-5853250.0,-1293499.999999999,46.0,354.0,205.0,106.0
-1261250.0,2320500.000000001,81.0,296.0,30.0,144.0
1103750.0,3346500.000000001,83.0,314.0,89.0,140.0
10898750.0,6985500.000000001,59.0,570.0,738.0,425.0
8263750.0,4631500.000000001,80.0,341.0,155.0,189.0
-11658250.0,2386500.000000001,57.0,371.0,331.0,226.0
6936750.0,5064500.000000001,77.0,356.0,419.0,198.0
3390750.0,3346500.000000001,81.0,285.0,87.0,145.0
10075750.0,6478500.000000001,62.0,625.0,1047.0,404.0
-8563250.0,5201500.000000001,44.0,402.0,889.0,588.0
-10902250.0,3830500.000000001,63.0,360.0,399.0,189.0
3684750.0,5973500.000000001,51.0,562.0,983.0,302.0
9767750.0,4020500.000000001,82.0,344.0,297.0,130.0
10323750.0,5780500.000000001,55.0,511.0,1417.0,313.0
-6600250.0,-4222499.999999999,70.0,398.0,348.0,260.0
-12932250.0,6733500.000000001,53.0,556.0,776.0,491.0
5209750.0,6179500.000000001,54.0,583.0,698.0,385.0
16418750.0,-3233499.999999999,76.0,401.0,68.0,270.0
5207750.0,1196500.000000001,80.0,345.0,242.0,203.0
5624750.0,7459500.000000001,56.0,610.0,1343.0,591.0
5383750.0,2300500.000000001,81.0,305.0,73.0,195.0
12313750.0,6683500.000000001,56.0,562.0,705.0,340.0
11291750.0,7112500.000000001,56.0,595.0,758.0,531.0
1923750.0,2710500.000000001,82.0,303.0,103.0,134.0
2493750.0,-1095499.999999999,55.0,344.0,138.0,103.0
-1354250.0,1324500.000000001,57.0,397.0,214.0,175.0
-10209250.0,1873500.000000001,61.0,419.0,485.0,219.0
-7390250.0,-5699499.999999999,68.0,451.0,279.0,265.0
1797750.0,-2580499.999999999,82.0,306.0,48.0,127.0
-11976250.0,6312500.000000001,60.0,586.0,184.0,191.0
10179750.0,4112500.000000001,81.0,361.0,239.0,224.0
-12653250.0,3542500.000000001,69.0,332.0,146.0,165.0
1433750.0,1168500.000000001,63.0,298.0,115.0,103.0
4710750.0,3737500.000000001,78.0,341.0,111.0,192.0
2870750.0,2742500.000000001,81.0,303.0,60.0,152.0
3266750.0,445500.00000000093,58.0,363.0,297.0,145.0
5141750.0,547500.0000000009,80.0,359.0,145.0,227.0
10585750.0,2607500.000000001,56.0,399.0,360.0,202.0
3537750.0,1123500.000000001,66.0,315.0,169.0,262.0
4348750.0,5762500.000000001,67.0,563.0,829.0,308.0
5618750.0,7327500.000000001,57.0,621.0,1524.0,619.0
11798750.0,1461500.000000001,56.0,417.0,227.0,213.0
1286750.0,3309500.000000001,82.0,341.0,93.0,160.0
1157750.0,7845500.000000001,62.0,467.0,1109.0,349.0
-10804250.0,7169500.000000001,62.0,579.0,566.0,452.0
3092750.0,-2499499.999999999,68.0,252.0,89.0,129.0
4169750.0,-1242499.999999999,59.0,329.0,128.0,107.0
4562750.0,2352500.000000001,83.0,304.0,66.0,214.0
10061750.0,2138500.000000001,63.0,352.0,495.0,290.0
-11974250.0,7738500.000000001,69.0,507.0,671.0,312.0
-8989250.0,4519500.000000001,54.0,394.0,893.0,334.0
8042750.0,4684500.000000001,80.0,336.0,244.0,161.0
-4821250.0,-2363499.999999999,55.0,390.0,226.0,135.0
-8226250.0,5565500.000000001,56.0,553.0,504.0,368.0
14439750.0,-2749499.999999999,68.0,346.0,60.0,311.0
-5878250.0,-3001499.999999999,51.0,387.0,480.0,255.0
2628750.0,-1681499.999999999,57.0,281.0,220.0,63.0
-75250.0,1261500.000000001,63.0,304.0,145.0,100.0
6140750.0,4928500.000000001,78.0,348.0,164.0,353.0
731750.0,5989500.000000001,58.0,448.0,877.0,329.0
-12153250.0,4048500.000000001,80.0,297.0,42.0,63.0
-12686250.0,6845500.000000001,53.0,656.0,556.0,420.0
393750.0,1272500.000000001,64.0,304.0,154.0,97.0
5078750.0,674500.0000000009,78.0,346.0,164.0,252.0
960750.0,3251500.000000001,84.0,305.0,81.0,137.0
-12808250.0,4033500.000000001,57.0,317.0,386.0,223.0
-7556250.0,-803499.9999999991,40.0,374.0,258.0,151.0
9240750.0,7330500.000000001,54.0,647.0,1051.0,509.0
14759750.0,-2424499.999999999,77.0,338.0,40.0,304.0
11583750.0,1669500.000000001,54.0,398.0,365.0,195.0
6191750.0,4368500.000000001,77.0,329.0,187.0,163.0
12372750.0,6179500.000000001,54.0,634.0,881.0,348.0
-4185250.0,-1138499.999999999,64.0,393.0,211.0,213.0
-426250.0,2139500.000000001,78.0,263.0,45.0,133.0
4541750.0,971500.0000000009,73.0,381.0,278.0,389.0
8440750.0,5177500.000000001,76.0,362.0,472.0,231.0
-11532250.0,4563500.000000001,68.0,340.0,218.0,190.0
8745750.0,5644500.000000001,56.0,575.0,1129.0,398.0
8882750.0,7025500.000000001,55.0,666.0,903.0,465.0
8072750.0,6030500.000000001,54.0,591.0,1003.0,412.0
6770750.0,6606500.000000001,48.0,599.0,916.0,454.0
-12822250.0,6104500.000000001,58.0,587.0,860.0,353.0
15730750.0,-3641499.999999999,82.0,369.0,79.0,189.0
-7343250.0,-3334499.999999999,77.0,352.0,80.0,155.0
-11851250.0,2795500.000000001,64.0,376.0,402.0,181.0
8407750.0,7020500.000000001,60.0,650.0,829.0,541.0
12685750.0,-904499.9999999991,52.0,436.0,389.0,244.0
10707750.0,4791500.000000001,80.0,366.0,278.0,229.0
1257750.0,2906500.000000001,82.0,307.0,105.0,175.0
-11197250.0,5210500.000000001,69.0,389.0,315.0,214.0
-6509250.0,-1436499.999999999,47.0,354.0,156.0,97.0
1189750.0,3703500.000000001,82.0,319.0,134.0,144.0
2393750.0,-2125499.999999999,68.0,285.0,66.0,123.0
6570750.0,3563500.000000001,79.0,287.0,72.0,160.0
15182750.0,-1782499.999999999,65.0,328.0,55.0,282.0
11912750.0,6453500.000000001,52.0,618.0,844.0,495.0
2892750.0,1436500.000000001,76.0,338.0,69.0,129.0
-8105250.0,-376499.99999999907,46.0,395.0,379.0,205.0
3158750.0,-2212499.999999999,65.0,266.0,98.0,158.0
2589750.0,1095500.000000001,62.0,301.0,109.0,91.0
-7114250.0,-936499.9999999991,43.0,378.0,246.0,149.0
9565750.0,6370500.000000001,56.0,650.0,736.0,383.0
-9726250.0,4585500.000000001,65.0,377.0,826.0,277.0
4210750.0,3715500.000000001,80.0,328.0,76.0,129.0
5706750.0,3873500.000000001,76.0,312.0,115.0,173.0
4940750.0,5716500.000000001,71.0,473.0,443.0,283.0
11224750.0,5679500.000000001,54.0,562.0,993.0,342.0
7575750.0,5810500.000000001,53.0,424.0,622.0,339.0
11157750.0,2306500.000000001,55.0,403.0,313.0,207.0
10536750.0,6855500.000000001,53.0,609.0,728.0,498.0
15305750.0,-3067499.999999999,76.0,314.0,50.0,178.0
3779750.0,2407500.000000001,81.0,296.0,108.0,231.0
1137750.0,-95499.99999999907,50.0,377.0,228.0,174.0
1868750.0,318500.00000000093,55.0,378.0,290.0,135.0
-10129250.0,5639500.000000001,56.0,470.0,624.0,262.0
2919750.0,5435500.000000001,58.0,355.0,892.0,263.0
-6800250.0,-3162499.999999999,68.0,328.0,163.0,214.0
3374750.0,910500.0000000009,62.0,296.0,207.0,174.0
11066750.0,6793500.000000001,53.0,649.0,817.0,458.0
5027750.0,493500.00000000093,79.0,358.0,144.0,163.0
16481750.0,-3484499.999999999,67.0,391.0,204.0,219.0
7599750.0,3463500.000000001,79.0,345.0,138.0,163.0
9479750.0,5619500.000000001,59.0,516.0,1117.0,318.0
4559750.0,4076500.000000001,71.0,345.0,279.0,330.0
-1083250.0,1559500.000000001,65.0,353.0,119.0,124.0
10396750.0,3399500.000000001,67.0,452.0,410.0,261.0
3462750.0,-656499.9999999991,54.0,263.0,161.0,108.0
2913750.0,4581500.000000001,71.0,391.0,379.0,297.0
-9015250.0,6242500.000000001,51.0,612.0,770.0,414.0
10773750.0,1969500.000000001,57.0,348.0,172.0,163.0
-10995250.0,3795500.000000001,71.0,377.0,297.0,191.0
3189750.0,-3408499.999999999,62.0,369.0,253.0,187.0
15782750.0,-3719499.999999999,80.0,386.0,176.0,183.0
1071750.0,117500.00000000093,50.0,362.0,336.0,163.0
7752750.0,5950500.000000001,69.0,516.0,639.0,401.0
2785750.0,-1700499.999999999,58.0,229.0,117.0,62.0
8966750.0,895500.0000000009,62.0,400.0,597.0,234.0
3600750.0,-2569499.999999999,67.0,319.0,125.0,194.0
16574750.0,-3100499.999999999,67.0,319.0,149.0,153.0
3262750.0,2257500.000000001,82.0,283.0,130.0,198.0
11528750.0,3283500.000000001,58.0,398.0,404.0,182.0
6489750.0,4592500.000000001,74.0,371.0,189.0,364.0
9828750.0,6187500.000000001,47.0,605.0,960.0,288.0
3245750.0,5703500.000000001,56.0,532.0,906.0,268.0
4421750.0,2280500.000000001,80.0,296.0,171.0,154.0
-12841250.0,6201500.000000001,54.0,578.0,891.0,390.0
6402750.0,7043500.000000001,55.0,650.0,1237.0,544.0
10265750.0,3867500.000000001,76.0,397.0,349.0,264.0
2756750.0,278500.00000000093,51.0,351.0,240.0,100.0
3783750.0,1364500.000000001,70.0,355.0,120.0,167.0
2820750.0,-3379499.999999999,73.0,364.0,117.0,216.0
8695750.0,5465500.000000001,73.0,402.0,862.0,335.0
2610750.0,-3514499.999999999,75.0,362.0,130.0,202.0
1156750.0,2537500.000000001,85.0,303.0,61.0,276.0
11769750.0,4898500.000000001,55.0,454.0,967.0,290.0
9378750.0,4349500.000000001,77.0,356.0,297.0,205.0
1319750.0,2394500.000000001,82.0,291.0,141.0,256.0
11367750.0,3035500.000000001,61.0,402.0,466.0,240.0
1465750.0,5654500.000000001,52.0,467.0,417.0,252.0
-8698250.0,-864499.9999999991,61.0,386.0,379.0,246.0
-10326250.0,7256500.000000001,60.0,569.0,478.0,477.0
14864750.0,-2379499.999999999,75.0,361.0,58.0,357.0
-8617250.0,279500.00000000093,48.0,418.0,480.0,262.0
4209750.0,1756500.000000001,75.0,346.0,173.0,360.0
7996750.0,7293500.000000001,55.0,649.0,772.0,655.0
1722750.0,-397499.99999999907,51.0,416.0,142.0,130.0
3103750.0,6770500.000000001,45.0,563.0,1244.0,595.0
2001750.0,562500.0000000009,55.0,397.0,216.0,161.0
-9218250.0,5135500.000000001,57.0,416.0,517.0,255.0
-8540250.0,-376499.99999999907,46.0,354.0,524.0,283.0
-11777250.0,5632500.000000001,73.0,400.0,219.0,247.0
511750.0,1930500.000000001,81.0,306.0,35.0,93.0
-12145250.0,5246500.000000001,62.0,408.0,453.0,282.0
-6737250.0,-1757499.999999999,54.0,359.0,181.0,111.0
2021750.0,4716500.000000001,75.0,383.0,368.0,276.0
-12081250.0,7157500.000000001,56.0,612.0,364.0,632.0
4654750.0,5795500.000000001,69.0,568.0,789.0,298.0
2185750.0,5186500.000000001,60.0,396.0,796.0,263.0
10594750.0,5279500.000000001,70.0,397.0,454.0,270.0
10897750.0,5199500.000000001,78.0,423.0,446.0,293.0
-9269250.0,4039500.000000001,52.0,382.0,250.0,154.0
14603750.0,-2999499.999999999,75.0,338.0,47.0,274.0
-958250.0,2559500.000000001,81.0,307.0,43.0,140.0
-12289250.0,4209500.000000001,79.0,339.0,119.0,145.0
-29250.0,2185500.000000001,77.0,274.0,79.0,165.0
7194750.0,4795500.000000001,68.0,392.0,541.0,226.0
-7628250.0,-2065499.999999999,67.0,340.0,176.0,115.0
9306750.0,6895500.000000001,61.0,647.0,1230.0,441.0
3535750.0,39500.00000000093,58.0,338.0,358.0,257.0
-10363250.0,4688500.000000001,65.0,403.0,522.0,198.0
4362750.0,978500.0000000009,70.0,409.0,233.0,471.0
3105750.0,1773500.000000001,83.0,301.0,38.0,199.0
14940750.0,-2325499.999999999,73.0,345.0,30.0,267.0
434750.0,7368500.000000001,57.0,508.0,850.0,406.0
-5707250.0,-2415499.999999999,56.0,356.0,226.0,106.0
4183750.0,5123500.000000001,71.0,417.0,590.0,338.0
1899750.0,3537500.000000001,78.0,338.0,104.0,200.0
2106750.0,3440500.000000001,79.0,314.0,78.0,148.0
6090750.0,2889500.000000001,80.0,304.0,154.0,168.0
5332750.0,7472500.000000001,56.0,621.0,1467.0,706.0
4557750.0,4640500.000000001,63.0,390.0,551.0,242.0
3081750.0,6622500.000000001,46.0,624.0,1244.0,551.0
-10792250.0,7865500.000000001,65.0,514.0,684.0,345.0
3252750.0,6808500.000000001,45.0,634.0,1246.0,616.0
-10589250.0,5275500.000000001,53.0,381.0,542.0,285.0
12742750.0,4856500.000000001,51.0,492.0,883.0,283.0
-7008250.0,-565499.9999999991,42.0,373.0,314.0,207.0
243750.0,1198500.000000001,62.0,337.0,157.0,97.0
1298750.0,2837500.000000001,81.0,296.0,70.0,202.0
5149750.0,7364500.000000001,57.0,602.0,1738.0,647.0
15941750.0,-2125499.999999999,64.0,328.0,64.0,167.0
11426750.0,5455500.000000001,61.0,446.0,1055.0,309.0
14028750.0,-1008499.9999999991,57.0,394.0,200.0,202.0
1838750.0,507500.00000000093,55.0,387.0,259.0,155.0
-11033250.0,3992500.000000001,71.0,360.0,291.0,143.0
11499750.0,264500.00000000093,47.0,416.0,389.0,144.0
832750.0,4593500.000000001,77.0,387.0,301.0,226.0
6290750.0,7148500.000000001,51.0,660.0,1175.0,533.0
-7860250.0,-983499.9999999991,49.0,364.0,327.0,163.0
15051750.0,-2320499.999999999,69.0,348.0,74.0,282.0
-11832250.0,5132500.000000001,71.0,366.0,282.0,182.0
8844750.0,2329500.000000001,66.0,416.0,172.0,266.0
-9656250.0,4117500.000000001,52.0,397.0,360.0,164.0
-7548250.0,-3135499.999999999,79.0,355.0,128.0,216.0
3141750.0,1032500.0000000009,64.0,327.0,228.0,195.0
9419750.0,5854500.000000001,63.0,541.0,867.0,274.0
11495750.0,6823500.000000001,56.0,619.0,552.0,471.0
10453750.0,2680500.000000001,56.0,372.0,489.0,235.0
3454750.0,-386499.99999999907,58.0,313.0,260.0,100.0
-9966250.0,2312500.000000001,72.0,429.0,549.0,292.0
-7507250.0,-2160499.999999999,79.0,361.0,162.0,386.0
6158750.0,3269500.000000001,81.0,296.0,56.0,163.0
10212750.0,6880500.000000001,52.0,655.0,832.0,413.0
1601750.0,5084500.000000001,59.0,408.0,730.0,271.0
-10861250.0,2087500.000000001,74.0,363.0,254.0,210.0
7494750.0,7061500.000000001,54.0,634.0,871.0,435.0
4784750.0,2542500.000000001,82.0,312.0,92.0,191.0
6465750.0,3366500.000000001,81.0,316.0,56.0,186.0
-1267250.0,871500.0000000009,53.0,346.0,261.0,191.0
-11183250.0,5639500.000000001,65.0,433.0,404.0,265.0
7100750.0,6364500.000000001,53.0,604.0,417.0,302.0
4902750.0,193500.00000000093,78.0,383.0,152.0,298.0
10734750.0,3170500.000000001,58.0,406.0,372.0,268.0
4500750.0,633500.0000000009,69.0,379.0,178.0,282.0
1184750.0,1694500.000000001,78.0,278.0,151.0,169.0
-11485250.0,7328500.000000001,69.0,529.0,529.0,341.0
11267750.0,3843500.000000001,81.0,355.0,76.0,186.0
1933750.0,5420500.000000001,56.0,483.0,490.0,309.0
13332750.0,-377499.99999999907,49.0,481.0,465.0,242.0
13765750.0,-3428499.999999999,75.0,347.0,81.0,172.0
-13088250.0,4637500.000000001,61.0,389.0,624.0,271.0
2360750.0,5051500.000000001,57.0,374.0,620.0,283.0
2630750.0,3156500.000000001,79.0,281.0,288.0,144.0
3624750.0,1072500.000000001,67.0,333.0,138.0,273.0
4669750.0,5157500.000000001,77.0,418.0,439.0,284.0
-6080250.0,-2728499.999999999,55.0,367.0,293.0,188.0
8273750.0,3160500.000000001,66.0,357.0,229.0,154.0
-9810250.0,3628500.000000001,53.0,319.0,276.0,197.0
9147750.0,4842500.000000001,77.0,315.0,182.0,193.0
5111750.0,1565500.000000001,79.0,324.0,199.0,188.0
1810750.0,1362500.000000001,70.0,379.0,130.0,203.0
4008750.0,-750499.9999999991,68.0,331.0,111.0,236.0
4293750.0,2678500.000000001,81.0,297.0,68.0,128.0
3436750.0,2160500.000000001,80.0,272.0,91.0,218.0
13855750.0,-1917499.999999999,65.0,301.0,55.0,171.0
-7628250.0,241500.00000000093,45.0,333.0,396.0,191.0
9475750.0,2655500.000000001,55.0,400.0,156.0,172.0
9125750.0,7344500.000000001,54.0,620.0,890.0,407.0
-21250.0,3422500.000000001,82.0,278.0,55.0,139.0
-8964250.0,5522500.000000001,51.0,535.0,649.0,229.0
798750.0,2442500.000000001,83.0,286.0,136.0,260.0
10616750.0,4486500.000000001,77.0,378.0,194.0,161.0
-5748250.0,-2500499.999999999,54.0,362.0,205.0,118.0
4456750.0,6225500.000000001,53.0,604.0,921.0,393.0
11336750.0,1633500.000000001,58.0,394.0,146.0,173.0
-7076250.0,-3795499.999999999,65.0,366.0,193.0,221.0
3511750.0,-173499.99999999907,55.0,404.0,226.0,181.0
-12327250.0,5103500.000000001,57.0,400.0,633.0,253.0
8517750.0,7418500.000000001,54.0,629.0,714.0,378.0
337750.0,2007500.000000001,82.0,303.0,34.0,129.0
5091750.0,4979500.000000001,79.0,389.0,368.0,256.0
11703750.0,2521500.000000001,55.0,390.0,329.0,162.0
1723750.0,5480500.000000001,51.0,472.0,619.0,241.0
-320250.0,3473500.000000001,77.0,349.0,218.0,197.0
9013750.0,2982500.000000001,63.0,366.0,164.0,167.0
4405750.0,4701500.000000001,51.0,409.0,508.0,307.0
-7491250.0,-2467499.999999999,82.0,324.0,191.0,184.0
2393750.0,5316500.000000001,77.0,342.0,463.0,239.0
-6946250.0,-1251499.999999999,48.0,364.0,253.0,119.0
12139750.0,2724500.000000001,55.0,406.0,292.0,188.0
10079750.0,3072500.000000001,55.0,428.0,618.0,224.0
6522750.0,3098500.000000001,81.0,305.0,105.0,152.0
-12865250.0,4537500.000000001,64.0,382.0,281.0,270.0
-7980250.0,573500.0000000009,52.0,365.0,269.0,126.0
-1319250.0,1980500.000000001,78.0,287.0,41.0,102.0
4994750.0,7352500.000000001,62.0,535.0,1886.0,599.0
-7136250.0,-1341499.999999999,47.0,351.0,221.0,135.0
16500750.0,-3994499.999999999,52.0,368.0,332.0,281.0
1705750.0,1864500.000000001,81.0,295.0,33.0,136.0
10833750.0,4452500.000000001,76.0,372.0,165.0,197.0
-7532250.0,-3596499.999999999,79.0,344.0,136.0,214.0
11350750.0,3981500.000000001,69.0,357.0,138.0,266.0
-12300250.0,5945500.000000001,55.0,408.0,190.0,158.0
9474750.0,5723500.000000001,65.0,572.0,839.0,296.0
2749750.0,-896499.9999999991,53.0,334.0,105.0,82.0
10135750.0,7137500.000000001,59.0,606.0,979.0,651.0
10821750.0,1910500.000000001,60.0,363.0,151.0,195.0
1665750.0,1840500.000000001,79.0,272.0,31.0,135.0
-11910250.0,7706500.000000001,75.0,473.0,566.0,248.0
4049750.0,-51499.99999999907,65.0,383.0,310.0,246.0
8064750.0,4083500.000000001,78.0,350.0,190.0,222.0
-6492250.0,-844499.9999999991,41.0,392.0,304.0,159.0
-11043250.0,4375500.000000001,70.0,391.0,312.0,229.0
6717750.0,4164500.000000001,77.0,339.0,237.0,180.0
11286750.0,4358500.000000001,67.0,352.0,190.0,199.0
4407750.0,-602499.9999999991,57.0,372.0,252.0,194.0
-875250.0,565500.0000000009,48.0,340.0,308.0,128.0
10935750.0,408500.00000000093,51.0,403.0,290.0,226.0
-8941250.0,5945500.000000001,55.0,598.0,820.0,419.0
-10360250.0,3409500.000000001,62.0,402.0,472.0,195.0
286750.0,3071500.000000001,83.0,294.0,89.0,233.0
2618750.0,-749499.9999999991,55.0,290.0,166.0,79.0
5408750.0,6098500.000000001,56.0,599.0,695.0,362.0
8806750.0,3793500.000000001,74.0,366.0,379.0,245.0
10408750.0,3073500.000000001,57.0,447.0,627.0,226.0
1687750.0,-905499.9999999991,52.0,371.0,196.0,173.0
11731750.0,3576500.000000001,67.0,330.0,171.0,173.0
3610750.0,5209500.000000001,71.0,414.0,493.0,279.0
986750.0,3127500.000000001,84.0,310.0,98.0,177.0
10047750.0,2605500.000000001,61.0,382.0,212.0,190.0
1913750.0,-418499.99999999907,52.0,369.0,142.0,100.0
-14569250.0,7026500.000000001,54.0,461.0,1359.0,632.0
760750.0,2772500.000000001,84.0,307.0,114.0,231.0
-9628250.0,1549500.000000001,65.0,405.0,413.0,256.0
14787750.0,-1829499.999999999,67.0,344.0,103.0,242.0
2841750.0,-1915499.999999999,62.0,220.0,86.0,97.0
-11648250.0,3932500.000000001,71.0,360.0,182.0,196.0
13043750.0,124500.00000000093,48.0,410.0,328.0,176.0
13431750.0,-2298499.999999999,80.0,321.0,45.0,267.0
2350750.0,150500.00000000093,46.0,331.0,253.0,89.0
665750.0,6979500.000000001,59.0,431.0,845.0,348.0
-6334250.0,206500.00000000093,44.0,400.0,239.0,121.0
1604750.0,788500.0000000009,56.0,353.0,208.0,122.0
6379750.0,5211500.000000001,81.0,366.0,306.0,234.0
1864750.0,4216500.000000001,74.0,375.0,270.0,235.0
-10581250.0,5834500.000000001,56.0,510.0,426.0,208.0
14153750.0,-2698499.999999999,79.0,321.0,32.0,291.0
9319750.0,4993500.000000001,81.0,340.0,248.0,190.0
7918750.0,3249500.000000001,84.0,301.0,113.0,125.0
10261750.0,2863500.000000001,55.0,394.0,619.0,246.0
-10491250.0,8099500.000000001,63.0,529.0,804.0,392.0
-10597250.0,3368500.000000001,49.0,361.0,360.0,127.0
3531750.0,-813499.9999999991,58.0,325.0,109.0,118.0
-9924250.0,4917500.000000001,51.0,342.0,982.0,178.0
-6387250.0,-2364499.999999999,59.0,390.0,183.0,208.0
-7361250.0,-3419499.999999999,72.0,335.0,98.0,173.0
1865750.0,2636500.000000001,83.0,317.0,71.0,150.0
-5258250.0,-1007499.9999999991,53.0,372.0,158.0,124.0
4248750.0,3057500.000000001,80.0,295.0,82.0,137.0
-8572250.0,2258500.000000001,64.0,385.0,484.0,342.0
-11913250.0,2870500.000000001,68.0,351.0,475.0,227.0
4419750.0,-203499.99999999907,71.0,342.0,122.0,194.0
13550750.0,-3020499.999999999,70.0,355.0,39.0,220.0
6947750.0,5984500.000000001,63.0,521.0,778.0,405.0
16153750.0,-871499.9999999991,48.0,405.0,270.0,226.0
-12893250.0,3982500.000000001,77.0,369.0,153.0,246.0
10833750.0,2775500.000000001,56.0,406.0,337.0,184.0
-1092250.0,1793500.000000001,73.0,303.0,48.0,67.0
880750.0,523500.00000000093,52.0,362.0,333.0,184.0
8190750.0,6117500.000000001,62.0,613.0,793.0,417.0
6852750.0,2962500.000000001,81.0,316.0,49.0,153.0
982750.0,4954500.000000001,61.0,385.0,745.0,308.0
2886750.0,-3167499.999999999,69.0,356.0,130.0,241.0
4282750.0,6316500.000000001,52.0,565.0,1115.0,512.0
-15167250.0,6611500.000000001,55.0,477.0,1146.0,741.0
15596750.0,-2311499.999999999,70.0,361.0,62.0,372.0
2080750.0,6510500.000000001,46.0,532.0,634.0,319.0
4345750.0,3307500.000000001,81.0,315.0,65.0,130.0
2022750.0,1166500.000000001,62.0,307.0,95.0,143.0
5543750.0,2509500.000000001,80.0,260.0,62.0,161.0
16172750.0,-2700499.999999999,71.0,336.0,63.0,261.0
6154750.0,6858500.000000001,52.0,668.0,988.0,551.0
-10998250.0,6935500.000000001,59.0,619.0,734.0,583.0
-12786250.0,5920500.000000001,58.0,546.0,660.0,308.0
-673250.0,993500.0000000009,60.0,353.0,175.0,135.0
-12200250.0,5766500.000000001,64.0,412.0,596.0,271.0
4232750.0,3671500.000000001,80.0,341.0,65.0,145.0
5462750.0,4821500.000000001,78.0,343.0,278.0,219.0
10918750.0,989500.0000000009,54.0,416.0,397.0,132.0
-9087250.0,6119500.000000001,51.0,611.0,873.0,391.0
8738750.0,1982500.000000001,68.0,348.0,179.0,187.0
10995750.0,5595500.000000001,57.0,473.0,1194.0,308.0
-7010250.0,-1004499.9999999991,39.0,386.0,213.0,164.0
4315750.0,4978500.000000001,64.0,406.0,435.0,307.0
8718750.0,4197500.000000001,82.0,327.0,104.0,202.0
1508750.0,2890500.000000001,83.0,314.0,52.0,129.0
3167750.0,2084500.000000001,83.0,291.0,93.0,233.0
10961750.0,322500.00000000093,54.0,463.0,420.0,206.0
-10671250.0,6296500.000000001,64.0,579.0,670.0,424.0
2147750.0,6858500.000000001,48.0,509.0,884.0,310.0
-11910250.0,4803500.000000001,66.0,384.0,535.0,317.0
11694750.0,5110500.000000001,57.0,456.0,1062.0,269.0
3661750.0,5757500.000000001,54.0,507.0,1334.0,259.0
11325750.0,7259500.000000001,56.0,472.0,796.0,509.0
6647750.0,3939500.000000001,74.0,346.0,375.0,224.0
-7964250.0,503500.00000000093,51.0,353.0,218.0,112.0
-6181250.0,-3736499.999999999,60.0,407.0,327.0,217.0
9834750.0,3189500.000000001,64.0,400.0,472.0,261.0
4667750.0,470500.00000000093,81.0,381.0,130.0,203.0
1664750.0,-2601499.999999999,81.0,290.0,127.0,144.0
-11252250.0,4803500.000000001,68.0,331.0,347.0,232.0
3781750.0,1200500.000000001,68.0,313.0,140.0,300.0
6628750.0,4965500.000000001,80.0,348.0,143.0,320.0
10658750.0,6336500.000000001,52.0,637.0,974.0,358.0
4561750.0,4528500.000000001,66.0,349.0,524.0,278.0
-9010250.0,5779500.000000001,52.0,624.0,745.0,363.0
3421750.0,-961499.9999999991,61.0,359.0,159.0,117.0
9996750.0,5874500.000000001,57.0,530.0,1258.0,282.0
7365750.0,5917500.000000001,58.0,436.0,436.0,303.0
6963750.0,7324500.000000001,53.0,540.0,917.0,406.0
2234750.0,-1663499.999999999,59.0,317.0,99.0,78.0
15183750.0,-323499.99999999907,49.0,391.0,469.0,260.0
-6754250.0,925500.0000000009,45.0,383.0,456.0,395.0
-4397250.0,-974499.9999999991,66.0,373.0,90.0,247.0
3607750.0,1864500.000000001,83.0,277.0,39.0,300.0
11252750.0,4403500.000000001,64.0,362.0,241.0,242.0
5742750.0,7721500.000000001,60.0,496.0,1364.0,597.0
7314750.0,4006500.000000001,71.0,372.0,325.0,234.0
5625750.0,4401500.000000001,77.0,352.0,186.0,205.0
-5222250.0,-347499.99999999907,49.0,387.0,244.0,93.0
4450750.0,5474500.000000001,69.0,480.0,507.0,287.0
4196750.0,6196500.000000001,58.0,582.0,988.0,422.0
3744750.0,4415500.000000001,73.0,348.0,255.0,236.0
1790750.0,3125500.000000001,80.0,312.0,59.0,142.0
3020750.0,-3614499.999999999,62.0,380.0,324.0,180.0
-9054250.0,5770500.000000001,52.0,623.0,718.0,364.0
3404750.0,4284500.000000001,70.0,352.0,281.0,227.0
10691750.0,3175500.000000001,53.0,408.0,349.0,253.0
-11505250.0,7267500.000000001,64.0,519.0,465.0,344.0
-10338250.0,4480500.000000001,63.0,409.0,392.0,187.0
1991750.0,2295500.000000001,83.0,295.0,74.0,169.0
16501750.0,-2589499.999999999,76.0,316.0,111.0,260.0
6571750.0,6786500.000000001,56.0,629.0,990.0,437.0
9689750.0,2684500.000000001,51.0,399.0,243.0,173.0
14671750.0,-2204499.999999999,76.0,353.0,41.0,208.0
11499750.0,300500.00000000093,48.0,428.0,370.0,159.0
8029750.0,3515500.000000001,68.0,372.0,394.0,293.0
-7397250.0,-924499.9999999991,38.0,374.0,299.0,150.0
7444750.0,7171500.000000001,57.0,636.0,828.0,417.0
8190750.0,2952500.000000001,82.0,381.0,144.0,205.0
15904750.0,-2011499.999999999,61.0,288.0,33.0,156.0
6451750.0,5527500.000000001,74.0,442.0,431.0,264.0
-8101250.0,5625500.000000001,46.0,528.0,408.0,404.0
-8694250.0,87500.00000000093,56.0,406.0,563.0,289.0
1355750.0,1992500.000000001,81.0,276.0,99.0,157.0
-7553250.0,-2559499.999999999,82.0,291.0,166.0,175.0
7931750.0,4825500.000000001,73.0,381.0,536.0,230.0
11289750.0,5570500.000000001,54.0,524.0,1091.0,302.0
-6439250.0,401500.00000000093,45.0,386.0,235.0,149.0
-8797250.0,7438500.000000001,57.0,581.0,745.0,400.0
-11872250.0,5102500.000000001,70.0,351.0,180.0,214.0
13112750.0,3794500.000000001,50.0,455.0,457.0,262.0
12018750.0,3038500.000000001,48.0,379.0,248.0,150.0
3152750.0,-2871499.999999999,60.0,322.0,141.0,200.0
-7077250.0,642500.0000000009,47.0,426.0,296.0,143.0
-9189250.0,4199500.000000001,57.0,345.0,289.0,154.0
5273750.0,-2001499.999999999,49.0,375.0,358.0,209.0
7532750.0,5702500.000000001,58.0,409.0,634.0,356.0
14193750.0,-3193499.999999999,75.0,347.0,34.0,187.0
-9934250.0,4877500.000000001,54.0,349.0,898.0,222.0
10869750.0,1150500.000000001,53.0,363.0,401.0,182.0
-9295250.0,6374500.000000001,56.0,622.0,790.0,447.0
-5696250.0,-2581499.999999999,56.0,404.0,296.0,190.0
7818750.0,4055500.000000001,79.0,314.0,194.0,198.0
15458750.0,-411499.99999999907,53.0,440.0,351.0,235.0
11963750.0,5536500.000000001,53.0,564.0,989.0,302.0
8367750.0,4076500.000000001,75.0,359.0,205.0,238.0
14320750.0,-1963499.999999999,68.0,338.0,57.0,226.0
-11330250.0,2540500.000000001,79.0,354.0,161.0,245.0
5022750.0,5308500.000000001,76.0,416.0,753.0,266.0
-6422250.0,-3248499.999999999,54.0,381.0,267.0,221.0
